solid PARTassembly
   facet normal 0.0000 0.0000 -1.0000
      outer loop
         vertex 0.3110 -0.6628 -0.6340
         vertex 0.3110 -0.4500 -0.6670
         vertex 0.3110 -0.4700 -0.6269
      endloop
   endfacet
   facet normal 0.0000 0.0000 -1.0000
      outer loop
         vertex 0.3110 -0.6628 -0.6340
         vertex 0.3110 -0.4700 -0.6269
         vertex 0.3110 -0.5362 -0.6111
      endloop
   endfacet
   facet normal 0.0000 0.0000 -1.0000
      outer loop
         vertex 0.3110 -0.6628 -0.6340
         vertex 0.3110 -0.5362 -0.6111
         vertex 0.3110 -0.7567 -0.6111
      endloop
   endfacet
   facet normal 0.0000 0.0000 -1.0000
      outer loop
         vertex 0.3110 -0.6628 -0.6340
         vertex 0.3110 -0.7567 -0.6111
         vertex 0.3110 -0.7302 -0.6340
      endloop
   endfacet
   facet normal 0.0000 0.0000 -1.0000
      outer loop
         vertex 0.3110 -0.2174 -0.7620
         vertex 0.3110 -0.1929 -0.7684
         vertex 0.3110 -0.2024 -0.7329
      endloop
   endfacet
   facet normal 0.0000 0.0000 -1.0000
      outer loop
         vertex 0.3110 -0.2174 -0.7620
         vertex 0.3110 -0.2024 -0.7329
         vertex 0.3110 -0.4700 -0.6269
      endloop
   endfacet
   facet normal 0.0000 0.0000 -1.0000
      outer loop
         vertex 0.3110 -0.2174 -0.7620
         vertex 0.3110 -0.4700 -0.6269
         vertex 0.3110 -0.4500 -0.6670
      endloop
   endfacet
   facet normal 0.0000 0.0000 -1.0000
      outer loop
         vertex 0.3110 -0.2024 -0.7329
         vertex 0.3110 -0.1929 -0.7684
         vertex 0.3110 -0.1849 -0.7678
      endloop
   endfacet
   facet normal 0.0000 0.0000 -1.0000
      outer loop
         vertex 0.3110 -0.2024 -0.7329
         vertex 0.3110 -0.1849 -0.7678
         vertex 0.3110 -0.0349 -0.7437
      endloop
   endfacet
   facet normal 0.0000 0.0000 -1.0000
      outer loop
         vertex 0.3110 -0.2024 -0.7329
         vertex 0.3110 -0.0349 -0.7437
         vertex 0.3110 -0.0349 -0.7329
      endloop
   endfacet
   facet normal 0.0000 0.0000 -1.0000
      outer loop
         vertex 0.3110 -0.6628 0.6340
         vertex 0.3110 -0.7302 0.6340
         vertex 0.3110 -0.7567 0.6111
      endloop
   endfacet
   facet normal 0.0000 0.0000 -1.0000
      outer loop
         vertex 0.3110 -0.6628 0.6340
         vertex 0.3110 -0.7567 0.6111
         vertex 0.3110 -0.5362 0.6111
      endloop
   endfacet
   facet normal 0.0000 0.0000 -1.0000
      outer loop
         vertex 0.3110 -0.6628 0.6340
         vertex 0.3110 -0.5362 0.6111
         vertex 0.3110 -0.4700 0.6269
      endloop
   endfacet
   facet normal 0.0000 0.0000 -1.0000
      outer loop
         vertex 0.3110 -0.6628 0.6340
         vertex 0.3110 -0.4700 0.6269
         vertex 0.3110 -0.4500 0.6670
      endloop
   endfacet
   facet normal 0.0000 0.0000 -1.0000
      outer loop
         vertex 0.3110 -0.1849 0.7678
         vertex 0.3110 -0.1929 0.7684
         vertex 0.3110 -0.2024 0.7329
      endloop
   endfacet
   facet normal 0.0000 0.0000 -1.0000
      outer loop
         vertex 0.3110 -0.2024 0.7329
         vertex 0.3110 -0.1929 0.7684
         vertex 0.3110 -0.2174 0.7620
      endloop
   endfacet
   facet normal 0.0000 0.0000 -1.0000
      outer loop
         vertex 0.3110 -0.2024 0.7329
         vertex 0.3110 -0.2174 0.7620
         vertex 0.3110 -0.4700 0.6269
      endloop
   endfacet
   facet normal 0.0000 0.0000 -1.0000
      outer loop
         vertex 0.3110 -0.4700 0.6269
         vertex 0.3110 -0.2174 0.7620
         vertex 0.3110 -0.4500 0.6670
      endloop
   endfacet
   facet normal 0.0000 0.0000 -1.0000
      outer loop
         vertex 0.3110 -0.0349 0.7329
         vertex 0.3110 -0.0349 0.7437
         vertex 0.3110 -0.1849 0.7678
      endloop
   endfacet
   facet normal 0.0000 0.0000 -1.0000
      outer loop
         vertex 0.3110 -0.0349 0.7329
         vertex 0.3110 -0.1849 0.7678
         vertex 0.3110 -0.2024 0.7329
      endloop
   endfacet
   facet normal 0.0000 0.0000 -1.0000
      outer loop
         vertex 0.3110 -0.3952 -0.6111
         vertex 0.3110 -0.3868 -0.6111
         vertex 0.3110 -0.3952 0.6111
      endloop
   endfacet
   facet normal 0.0000 0.0000 -1.0000
      outer loop
         vertex 0.3110 -0.3952 0.6111
         vertex 0.3110 -0.3868 -0.6111
         vertex 0.3110 -0.3868 -0.5579
      endloop
   endfacet
   facet normal 0.0000 0.0000 -1.0000
      outer loop
         vertex 0.3110 -0.3952 0.6111
         vertex 0.3110 -0.3868 -0.5579
         vertex 0.3110 -0.3868 0.5579
      endloop
   endfacet
   facet normal 0.0000 0.0000 -1.0000
      outer loop
         vertex 0.3110 -0.3868 0.5579
         vertex 0.3110 -0.3868 -0.5579
         vertex 0.3110 -0.0265 -0.5579
      endloop
   endfacet
   facet normal 0.0000 0.0000 -1.0000
      outer loop
         vertex 0.3110 -0.3868 0.5579
         vertex 0.3110 -0.0265 -0.5579
         vertex 0.3110 -0.0265 0.5579
      endloop
   endfacet
   facet normal 0.0000 0.0000 -1.0000
      outer loop
         vertex 0.3110 -0.8008 0.5670
         vertex 0.3110 -0.9495 0.3100
         vertex 0.3110 -0.8008 -0.5670
      endloop
   endfacet
   facet normal 0.0000 0.0000 -1.0000
      outer loop
         vertex 0.3110 -0.8008 -0.5670
         vertex 0.3110 -0.9495 0.3100
         vertex 0.3110 -0.9495 0.2039
      endloop
   endfacet
   facet normal 0.0000 0.0000 -1.0000
      outer loop
         vertex 0.3110 -0.8008 -0.5670
         vertex 0.3110 -0.9495 0.2039
         vertex 0.3110 -0.9495 -0.2039
      endloop
   endfacet
   facet normal 0.0000 0.0000 -1.0000
      outer loop
         vertex 0.3110 -0.9495 -0.2039
         vertex 0.3110 -0.9495 0.2039
         vertex 0.3110 -1.0556 0.2039
      endloop
   endfacet
   facet normal 0.0000 0.0000 -1.0000
      outer loop
         vertex 0.3110 -0.9495 -0.2039
         vertex 0.3110 -1.0556 0.2039
         vertex 0.3110 -1.0556 -0.2039
      endloop
   endfacet
   facet normal 0.0000 0.0000 -1.0000
      outer loop
         vertex 0.3110 -1.0556 -0.2039
         vertex 0.3110 -1.0556 0.2039
         vertex 0.3110 -1.2050 0.5670
      endloop
   endfacet
   facet normal 0.0000 0.0000 -1.0000
      outer loop
         vertex 0.3110 -1.0556 -0.2039
         vertex 0.3110 -1.2050 0.5670
         vertex 0.3110 -1.0556 -0.3100
      endloop
   endfacet
   facet normal 0.0000 0.0000 -1.0000
      outer loop
         vertex 0.3110 -1.0556 -0.3100
         vertex 0.3110 -1.2050 0.5670
         vertex 0.3110 -1.2050 0.0000
      endloop
   endfacet
   facet normal 0.0000 0.0000 -1.0000
      outer loop
         vertex 0.3110 -1.0556 -0.3100
         vertex 0.3110 -1.2050 0.0000
         vertex 0.3110 -1.2050 -0.5670
      endloop
   endfacet
   facet normal 0.0000 0.0000 -1.0000
      outer loop
         vertex 0.3110 -0.9495 -0.3100
         vertex 0.3110 -1.0556 -0.3100
         vertex 0.3110 -1.2050 -0.5670
      endloop
   endfacet
   facet normal 0.0000 0.0000 -1.0000
      outer loop
         vertex 0.3110 -0.9495 -0.3100
         vertex 0.3110 -1.2050 -0.5670
         vertex 0.3110 -0.8008 -0.5670
      endloop
   endfacet
   facet normal 0.0000 0.0000 -1.0000
      outer loop
         vertex 0.3110 -0.9495 -0.3100
         vertex 0.3110 -0.8008 -0.5670
         vertex 0.3110 -0.9495 -0.2039
      endloop
   endfacet
   facet normal 0.0000 0.0000 -1.0000
      outer loop
         vertex 0.3110 -1.2050 0.5670
         vertex 0.3110 -1.0556 0.2039
         vertex 0.3110 -1.0556 0.3100
      endloop
   endfacet
   facet normal 0.0000 0.0000 -1.0000
      outer loop
         vertex 0.3110 -1.2050 0.5670
         vertex 0.3110 -1.0556 0.3100
         vertex 0.3110 -0.9495 0.3100
      endloop
   endfacet
   facet normal 0.0000 0.0000 -1.0000
      outer loop
         vertex 0.3110 -1.2050 0.5670
         vertex 0.3110 -0.9495 0.3100
         vertex 0.3110 -0.8008 0.5670
      endloop
   endfacet
   facet normal 0.0000 0.0000 -1.0000
      outer loop
         vertex 0.3110 -0.3952 -0.6111
         vertex 0.3110 -0.5362 0.6111
         vertex 0.3110 -0.5362 -0.6111
      endloop
   endfacet
   facet normal 0.0000 0.0000 -1.0000
      outer loop
         vertex 0.3110 -0.5362 -0.6111
         vertex 0.3110 -0.5362 0.6111
         vertex 0.3110 -0.7567 0.6111
      endloop
   endfacet
   facet normal 0.0000 0.0000 -1.0000
      outer loop
         vertex 0.3110 -0.5362 -0.6111
         vertex 0.3110 -0.7567 0.6111
         vertex 0.3110 -0.7567 -0.6111
      endloop
   endfacet
   facet normal 0.0000 0.0000 -1.0000
      outer loop
         vertex 0.3110 -0.7567 -0.6111
         vertex 0.3110 -0.7567 0.6111
         vertex 0.3110 -0.8008 0.5670
      endloop
   endfacet
   facet normal 0.0000 0.0000 -1.0000
      outer loop
         vertex 0.3110 -0.7567 -0.6111
         vertex 0.3110 -0.8008 0.5670
         vertex 0.3110 -0.8008 -0.5670
      endloop
   endfacet
   facet normal 0.0000 0.0000 -1.0000
      outer loop
         vertex 0.3110 -0.3952 0.6111
         vertex 0.3110 -0.3868 0.5579
         vertex 0.3110 -0.3868 0.6111
      endloop
   endfacet
   facet normal 0.0000 0.0000 -1.0000
      outer loop
         vertex 0.3110 -0.3952 -0.6111
         vertex 0.3110 -0.3952 0.6111
         vertex 0.3110 -0.5362 0.6111
      endloop
   endfacet
   facet normal 0.0000 0.0000 1.0000
      outer loop
         vertex -0.3110 -0.6628 -0.6340
         vertex -0.3110 -0.7302 -0.6340
         vertex -0.3110 -0.7567 -0.6111
      endloop
   endfacet
   facet normal 0.0000 0.0000 1.0000
      outer loop
         vertex -0.3110 -0.6628 -0.6340
         vertex -0.3110 -0.7567 -0.6111
         vertex -0.3110 -0.5362 -0.6111
      endloop
   endfacet
   facet normal 0.0000 0.0000 1.0000
      outer loop
         vertex -0.3110 -0.6628 -0.6340
         vertex -0.3110 -0.5362 -0.6111
         vertex -0.3110 -0.4700 -0.6269
      endloop
   endfacet
   facet normal 0.0000 0.0000 1.0000
      outer loop
         vertex -0.3110 -0.6628 -0.6340
         vertex -0.3110 -0.4700 -0.6269
         vertex -0.3110 -0.4500 -0.6670
      endloop
   endfacet
   facet normal 0.0000 0.0000 1.0000
      outer loop
         vertex -0.3110 -0.1849 -0.7678
         vertex -0.3110 -0.1929 -0.7684
         vertex -0.3110 -0.2024 -0.7329
      endloop
   endfacet
   facet normal 0.0000 0.0000 1.0000
      outer loop
         vertex -0.3110 -0.2024 -0.7329
         vertex -0.3110 -0.1929 -0.7684
         vertex -0.3110 -0.2174 -0.7620
      endloop
   endfacet
   facet normal 0.0000 0.0000 1.0000
      outer loop
         vertex -0.3110 -0.2024 -0.7329
         vertex -0.3110 -0.2174 -0.7620
         vertex -0.3110 -0.4700 -0.6269
      endloop
   endfacet
   facet normal 0.0000 0.0000 1.0000
      outer loop
         vertex -0.3110 -0.4700 -0.6269
         vertex -0.3110 -0.2174 -0.7620
         vertex -0.3110 -0.4500 -0.6670
      endloop
   endfacet
   facet normal 0.0000 0.0000 1.0000
      outer loop
         vertex -0.3110 -0.0349 -0.7329
         vertex -0.3110 -0.0349 -0.7437
         vertex -0.3110 -0.1849 -0.7678
      endloop
   endfacet
   facet normal 0.0000 0.0000 1.0000
      outer loop
         vertex -0.3110 -0.0349 -0.7329
         vertex -0.3110 -0.1849 -0.7678
         vertex -0.3110 -0.2024 -0.7329
      endloop
   endfacet
   facet normal 0.0000 0.0000 1.0000
      outer loop
         vertex -0.3110 -0.6628 0.6340
         vertex -0.3110 -0.4500 0.6670
         vertex -0.3110 -0.4700 0.6269
      endloop
   endfacet
   facet normal 0.0000 0.0000 1.0000
      outer loop
         vertex -0.3110 -0.6628 0.6340
         vertex -0.3110 -0.4700 0.6269
         vertex -0.3110 -0.5362 0.6111
      endloop
   endfacet
   facet normal 0.0000 0.0000 1.0000
      outer loop
         vertex -0.3110 -0.6628 0.6340
         vertex -0.3110 -0.5362 0.6111
         vertex -0.3110 -0.7567 0.6111
      endloop
   endfacet
   facet normal 0.0000 0.0000 1.0000
      outer loop
         vertex -0.3110 -0.6628 0.6340
         vertex -0.3110 -0.7567 0.6111
         vertex -0.3110 -0.7302 0.6340
      endloop
   endfacet
   facet normal 0.0000 0.0000 1.0000
      outer loop
         vertex -0.3110 -0.2174 0.7620
         vertex -0.3110 -0.1929 0.7684
         vertex -0.3110 -0.2024 0.7329
      endloop
   endfacet
   facet normal 0.0000 0.0000 1.0000
      outer loop
         vertex -0.3110 -0.2174 0.7620
         vertex -0.3110 -0.2024 0.7329
         vertex -0.3110 -0.4700 0.6269
      endloop
   endfacet
   facet normal 0.0000 0.0000 1.0000
      outer loop
         vertex -0.3110 -0.2174 0.7620
         vertex -0.3110 -0.4700 0.6269
         vertex -0.3110 -0.4500 0.6670
      endloop
   endfacet
   facet normal 0.0000 0.0000 1.0000
      outer loop
         vertex -0.3110 -0.2024 0.7329
         vertex -0.3110 -0.1929 0.7684
         vertex -0.3110 -0.1849 0.7678
      endloop
   endfacet
   facet normal 0.0000 0.0000 1.0000
      outer loop
         vertex -0.3110 -0.2024 0.7329
         vertex -0.3110 -0.1849 0.7678
         vertex -0.3110 -0.0349 0.7437
      endloop
   endfacet
   facet normal 0.0000 0.0000 1.0000
      outer loop
         vertex -0.3110 -0.2024 0.7329
         vertex -0.3110 -0.0349 0.7437
         vertex -0.3110 -0.0349 0.7329
      endloop
   endfacet
   facet normal 0.0000 0.0000 1.0000
      outer loop
         vertex -0.3110 -0.3952 0.6111
         vertex -0.3110 -0.3868 0.6111
         vertex -0.3110 -0.3952 -0.6111
      endloop
   endfacet
   facet normal 0.0000 0.0000 1.0000
      outer loop
         vertex -0.3110 -0.3952 -0.6111
         vertex -0.3110 -0.3868 0.6111
         vertex -0.3110 -0.3868 0.5579
      endloop
   endfacet
   facet normal 0.0000 0.0000 1.0000
      outer loop
         vertex -0.3110 -0.3952 -0.6111
         vertex -0.3110 -0.3868 0.5579
         vertex -0.3110 -0.3868 -0.5579
      endloop
   endfacet
   facet normal 0.0000 0.0000 1.0000
      outer loop
         vertex -0.3110 -0.3868 -0.5579
         vertex -0.3110 -0.3868 0.5579
         vertex -0.3110 -0.0265 0.5579
      endloop
   endfacet
   facet normal 0.0000 0.0000 1.0000
      outer loop
         vertex -0.3110 -0.3868 -0.5579
         vertex -0.3110 -0.0265 0.5579
         vertex -0.3110 -0.0265 -0.5579
      endloop
   endfacet
   facet normal 0.0000 0.0000 1.0000
      outer loop
         vertex -0.3110 -0.8008 -0.5670
         vertex -0.3110 -0.9495 -0.3100
         vertex -0.3110 -0.8008 0.5670
      endloop
   endfacet
   facet normal 0.0000 0.0000 1.0000
      outer loop
         vertex -0.3110 -0.8008 0.5670
         vertex -0.3110 -0.9495 -0.3100
         vertex -0.3110 -0.9495 -0.2039
      endloop
   endfacet
   facet normal 0.0000 0.0000 1.0000
      outer loop
         vertex -0.3110 -0.8008 0.5670
         vertex -0.3110 -0.9495 -0.2039
         vertex -0.3110 -0.9495 0.2039
      endloop
   endfacet
   facet normal 0.0000 0.0000 1.0000
      outer loop
         vertex -0.3110 -0.9495 0.2039
         vertex -0.3110 -0.9495 -0.2039
         vertex -0.3110 -1.0556 -0.2039
      endloop
   endfacet
   facet normal 0.0000 0.0000 1.0000
      outer loop
         vertex -0.3110 -0.9495 0.2039
         vertex -0.3110 -1.0556 -0.2039
         vertex -0.3110 -1.0556 0.2039
      endloop
   endfacet
   facet normal 0.0000 0.0000 1.0000
      outer loop
         vertex -0.3110 -1.0556 0.2039
         vertex -0.3110 -1.0556 -0.2039
         vertex -0.3110 -1.2050 -0.5670
      endloop
   endfacet
   facet normal 0.0000 0.0000 1.0000
      outer loop
         vertex -0.3110 -1.0556 0.2039
         vertex -0.3110 -1.2050 -0.5670
         vertex -0.3110 -1.0556 0.3100
      endloop
   endfacet
   facet normal 0.0000 0.0000 1.0000
      outer loop
         vertex -0.3110 -1.0556 0.3100
         vertex -0.3110 -1.2050 -0.5670
         vertex -0.3110 -1.2050 0.0000
      endloop
   endfacet
   facet normal 0.0000 0.0000 1.0000
      outer loop
         vertex -0.3110 -1.0556 0.3100
         vertex -0.3110 -1.2050 0.0000
         vertex -0.3110 -1.2050 0.5670
      endloop
   endfacet
   facet normal 0.0000 0.0000 1.0000
      outer loop
         vertex -0.3110 -0.9495 0.3100
         vertex -0.3110 -1.0556 0.3100
         vertex -0.3110 -1.2050 0.5670
      endloop
   endfacet
   facet normal 0.0000 0.0000 1.0000
      outer loop
         vertex -0.3110 -0.9495 0.3100
         vertex -0.3110 -1.2050 0.5670
         vertex -0.3110 -0.8008 0.5670
      endloop
   endfacet
   facet normal 0.0000 0.0000 1.0000
      outer loop
         vertex -0.3110 -0.9495 0.3100
         vertex -0.3110 -0.8008 0.5670
         vertex -0.3110 -0.9495 0.2039
      endloop
   endfacet
   facet normal 0.0000 0.0000 1.0000
      outer loop
         vertex -0.3110 -1.2050 -0.5670
         vertex -0.3110 -1.0556 -0.2039
         vertex -0.3110 -1.0556 -0.3100
      endloop
   endfacet
   facet normal 0.0000 0.0000 1.0000
      outer loop
         vertex -0.3110 -1.2050 -0.5670
         vertex -0.3110 -1.0556 -0.3100
         vertex -0.3110 -0.9495 -0.3100
      endloop
   endfacet
   facet normal 0.0000 0.0000 1.0000
      outer loop
         vertex -0.3110 -1.2050 -0.5670
         vertex -0.3110 -0.9495 -0.3100
         vertex -0.3110 -0.8008 -0.5670
      endloop
   endfacet
   facet normal 0.0000 0.0000 1.0000
      outer loop
         vertex -0.3110 -0.3952 0.6111
         vertex -0.3110 -0.5362 -0.6111
         vertex -0.3110 -0.5362 0.6111
      endloop
   endfacet
   facet normal 0.0000 0.0000 1.0000
      outer loop
         vertex -0.3110 -0.5362 0.6111
         vertex -0.3110 -0.5362 -0.6111
         vertex -0.3110 -0.7567 -0.6111
      endloop
   endfacet
   facet normal 0.0000 0.0000 1.0000
      outer loop
         vertex -0.3110 -0.5362 0.6111
         vertex -0.3110 -0.7567 -0.6111
         vertex -0.3110 -0.7567 0.6111
      endloop
   endfacet
   facet normal 0.0000 0.0000 1.0000
      outer loop
         vertex -0.3110 -0.7567 0.6111
         vertex -0.3110 -0.7567 -0.6111
         vertex -0.3110 -0.8008 -0.5670
      endloop
   endfacet
   facet normal 0.0000 0.0000 1.0000
      outer loop
         vertex -0.3110 -0.7567 0.6111
         vertex -0.3110 -0.8008 -0.5670
         vertex -0.3110 -0.8008 0.5670
      endloop
   endfacet
   facet normal 0.0000 0.0000 1.0000
      outer loop
         vertex -0.3110 -0.3952 -0.6111
         vertex -0.3110 -0.3868 -0.5579
         vertex -0.3110 -0.3868 -0.6111
      endloop
   endfacet
   facet normal 0.0000 0.0000 1.0000
      outer loop
         vertex -0.3110 -0.3952 0.6111
         vertex -0.3110 -0.3952 -0.6111
         vertex -0.3110 -0.5362 -0.6111
      endloop
   endfacet
   facet normal 0.5509 0.8346 0.0000
      outer loop
         vertex -0.0464 -0.1229 0.6555
         vertex 0.0464 -0.1229 0.6555
         vertex 0.0464 -0.0964 0.6730
      endloop
   endfacet
   facet normal 0.5509 0.8346 0.0000
      outer loop
         vertex -0.0464 -0.1229 0.6555
         vertex 0.0464 -0.0964 0.6730
         vertex -0.0464 -0.0964 0.6730
      endloop
   endfacet
   facet normal 0.5509 -0.8346 0.0000
      outer loop
         vertex -0.0464 -0.0964 -0.6730
         vertex 0.0464 -0.0964 -0.6730
         vertex 0.0464 -0.1229 -0.6555
      endloop
   endfacet
   facet normal 0.5509 -0.8346 0.0000
      outer loop
         vertex -0.0464 -0.0964 -0.6730
         vertex 0.0464 -0.1229 -0.6555
         vertex -0.0464 -0.1229 -0.6555
      endloop
   endfacet
   facet normal -1.0000 0.0000 0.0000
      outer loop
         vertex 0.2390 0.0000 -0.5905
         vertex -0.2465 -0.0000 -0.5885
         vertex 0.2465 0.0000 -0.5885
      endloop
   endfacet
   facet normal -1.0000 0.0000 0.0000
      outer loop
         vertex 0.2465 0.0000 -0.5885
         vertex -0.2465 -0.0000 -0.5885
         vertex -0.2520 -0.0000 -0.5830
      endloop
   endfacet
   facet normal -1.0000 0.0000 0.0000
      outer loop
         vertex 0.2465 0.0000 -0.5885
         vertex -0.2520 -0.0000 -0.5830
         vertex 0.2520 0.0000 -0.5830
      endloop
   endfacet
   facet normal -1.0000 0.0000 0.0000
      outer loop
         vertex 0.2520 0.0000 -0.5830
         vertex -0.2520 -0.0000 -0.5830
         vertex -0.2540 -0.0000 -0.5755
      endloop
   endfacet
   facet normal -1.0000 0.0000 0.0000
      outer loop
         vertex 0.2520 0.0000 -0.5830
         vertex -0.2540 -0.0000 -0.5755
         vertex 0.2540 0.0000 -0.5755
      endloop
   endfacet
   facet normal -1.0000 0.0000 0.0000
      outer loop
         vertex 0.2540 0.0000 -0.5755
         vertex -0.2540 -0.0000 -0.5755
         vertex -0.2540 -0.0000 0.5755
      endloop
   endfacet
   facet normal -1.0000 0.0000 0.0000
      outer loop
         vertex 0.2540 0.0000 -0.5755
         vertex -0.2540 -0.0000 0.5755
         vertex 0.2540 0.0000 0.5755
      endloop
   endfacet
   facet normal -1.0000 0.0000 0.0000
      outer loop
         vertex 0.2540 0.0000 0.5755
         vertex -0.2540 -0.0000 0.5755
         vertex -0.2520 -0.0000 0.5830
      endloop
   endfacet
   facet normal -1.0000 0.0000 0.0000
      outer loop
         vertex 0.2540 0.0000 0.5755
         vertex -0.2520 -0.0000 0.5830
         vertex 0.2520 0.0000 0.5830
      endloop
   endfacet
   facet normal -1.0000 0.0000 0.0000
      outer loop
         vertex 0.2520 0.0000 0.5830
         vertex -0.2520 -0.0000 0.5830
         vertex -0.2465 -0.0000 0.5885
      endloop
   endfacet
   facet normal -1.0000 0.0000 0.0000
      outer loop
         vertex 0.2520 0.0000 0.5830
         vertex -0.2465 -0.0000 0.5885
         vertex 0.2465 0.0000 0.5885
      endloop
   endfacet
   facet normal -1.0000 0.0000 0.0000
      outer loop
         vertex 0.2465 0.0000 0.5885
         vertex -0.2465 -0.0000 0.5885
         vertex -0.2390 -0.0000 0.5905
      endloop
   endfacet
   facet normal -1.0000 0.0000 0.0000
      outer loop
         vertex 0.2465 0.0000 0.5885
         vertex -0.2390 -0.0000 0.5905
         vertex 0.2390 0.0000 0.5905
      endloop
   endfacet
   facet normal -1.0000 0.0000 0.0000
      outer loop
         vertex -0.2465 -0.0000 -0.5885
         vertex 0.2390 0.0000 -0.5905
         vertex -0.2390 -0.0000 -0.5905
      endloop
   endfacet
   facet normal 0.0000 1.0000 0.0000
      outer loop
         vertex 0.0464 -0.0964 0.6730
         vertex 0.0464 -0.0265 0.6730
         vertex -0.0464 -0.0265 0.6730
      endloop
   endfacet
   facet normal 0.0000 1.0000 0.0000
      outer loop
         vertex 0.0464 -0.0964 0.6730
         vertex -0.0464 -0.0265 0.6730
         vertex -0.0464 -0.0964 0.6730
      endloop
   endfacet
   facet normal 0.0000 -1.0000 0.0000
      outer loop
         vertex -0.0464 -0.0964 -0.6730
         vertex -0.0464 -0.0265 -0.6730
         vertex 0.0464 -0.0265 -0.6730
      endloop
   endfacet
   facet normal 0.0000 -1.0000 0.0000
      outer loop
         vertex -0.0464 -0.0964 -0.6730
         vertex 0.0464 -0.0265 -0.6730
         vertex 0.0464 -0.0964 -0.6730
      endloop
   endfacet
   facet normal 0.0000 0.0000 1.0000
      outer loop
         vertex -0.0464 -0.1229 -0.6555
         vertex -0.0464 -0.0265 -0.6555
         vertex -0.0464 -0.0265 -0.6730
      endloop
   endfacet
   facet normal 0.0000 0.0000 1.0000
      outer loop
         vertex -0.0464 -0.1229 -0.6555
         vertex -0.0464 -0.0265 -0.6730
         vertex -0.0464 -0.0964 -0.6730
      endloop
   endfacet
   facet normal 0.0000 0.0000 1.0000
      outer loop
         vertex -0.0464 -0.0964 0.6730
         vertex -0.0464 -0.0265 0.6730
         vertex -0.0464 -0.0265 0.6555
      endloop
   endfacet
   facet normal 0.0000 0.0000 1.0000
      outer loop
         vertex -0.0464 -0.0964 0.6730
         vertex -0.0464 -0.0265 0.6555
         vertex -0.0464 -0.1229 0.6555
      endloop
   endfacet
   facet normal 0.0000 0.0000 -1.0000
      outer loop
         vertex 0.0464 -0.0964 -0.6730
         vertex 0.0464 -0.0265 -0.6730
         vertex 0.0464 -0.0265 -0.6555
      endloop
   endfacet
   facet normal 0.0000 0.0000 -1.0000
      outer loop
         vertex 0.0464 -0.0964 -0.6730
         vertex 0.0464 -0.0265 -0.6555
         vertex 0.0464 -0.1229 -0.6555
      endloop
   endfacet
   facet normal 0.0000 0.0000 -1.0000
      outer loop
         vertex 0.0464 -0.1229 0.6555
         vertex 0.0464 -0.0265 0.6555
         vertex 0.0464 -0.0265 0.6730
      endloop
   endfacet
   facet normal 0.0000 0.0000 -1.0000
      outer loop
         vertex 0.0464 -0.1229 0.6555
         vertex 0.0464 -0.0265 0.6730
         vertex 0.0464 -0.0964 0.6730
      endloop
   endfacet
   facet normal 0.0000 1.0000 0.0000
      outer loop
         vertex 0.1188 -0.1229 0.6555
         vertex 0.1188 -0.0265 0.6555
         vertex 0.0464 -0.0265 0.6555
      endloop
   endfacet
   facet normal 0.0000 1.0000 0.0000
      outer loop
         vertex 0.1188 -0.1229 0.6555
         vertex 0.0464 -0.0265 0.6555
         vertex 0.0464 -0.1229 0.6555
      endloop
   endfacet
   facet normal 0.0000 -1.0000 0.0000
      outer loop
         vertex 0.0464 -0.1229 -0.6555
         vertex 0.0464 -0.0265 -0.6555
         vertex 0.1188 -0.0265 -0.6555
      endloop
   endfacet
   facet normal 0.0000 -1.0000 0.0000
      outer loop
         vertex 0.0464 -0.1229 -0.6555
         vertex 0.1188 -0.0265 -0.6555
         vertex 0.1188 -0.1229 -0.6555
      endloop
   endfacet
   facet normal 0.0000 0.0000 -1.0000
      outer loop
         vertex 0.1188 -0.3952 -0.6111
         vertex 0.1188 -0.3519 -0.6555
         vertex 0.1188 -0.1229 -0.6555
      endloop
   endfacet
   facet normal 0.0000 0.0000 -1.0000
      outer loop
         vertex 0.1188 -0.3952 -0.6111
         vertex 0.1188 -0.1229 -0.6555
         vertex 0.1188 -0.0265 -0.6555
      endloop
   endfacet
   facet normal 0.0000 0.0000 -1.0000
      outer loop
         vertex 0.1188 -0.3952 -0.6111
         vertex 0.1188 -0.0265 -0.6555
         vertex 0.1188 -0.0265 -0.6111
      endloop
   endfacet
   facet normal 0.0000 0.0000 -1.0000
      outer loop
         vertex 0.1188 -0.1229 0.6555
         vertex 0.1188 -0.3519 0.6555
         vertex 0.1188 -0.3952 0.6111
      endloop
   endfacet
   facet normal 0.0000 0.0000 -1.0000
      outer loop
         vertex 0.1188 -0.1229 0.6555
         vertex 0.1188 -0.3952 0.6111
         vertex 0.1188 -0.0265 0.6111
      endloop
   endfacet
   facet normal 0.0000 0.0000 -1.0000
      outer loop
         vertex 0.1188 -0.1229 0.6555
         vertex 0.1188 -0.0265 0.6111
         vertex 0.1188 -0.0265 0.6555
      endloop
   endfacet
   facet normal 0.0000 1.0000 0.0000
      outer loop
         vertex 0.1188 -0.0265 0.6111
         vertex 0.1188 -0.3952 0.6111
         vertex 0.3110 -0.3952 0.6111
      endloop
   endfacet
   facet normal 0.0000 1.0000 0.0000
      outer loop
         vertex 0.1188 -0.0265 0.6111
         vertex 0.3110 -0.3952 0.6111
         vertex 0.3110 -0.3868 0.6111
      endloop
   endfacet
   facet normal 0.0000 1.0000 0.0000
      outer loop
         vertex 0.1188 -0.0265 0.6111
         vertex 0.3110 -0.3868 0.6111
         vertex 0.3110 -0.0265 0.6111
      endloop
   endfacet
   facet normal 0.0000 -1.0000 0.0000
      outer loop
         vertex 0.1188 -0.3952 -0.6111
         vertex 0.1188 -0.0265 -0.6111
         vertex 0.3110 -0.0265 -0.6111
      endloop
   endfacet
   facet normal 0.0000 -1.0000 0.0000
      outer loop
         vertex 0.1188 -0.3952 -0.6111
         vertex 0.3110 -0.0265 -0.6111
         vertex 0.3110 -0.3868 -0.6111
      endloop
   endfacet
   facet normal 0.0000 -1.0000 0.0000
      outer loop
         vertex 0.1188 -0.3952 -0.6111
         vertex 0.3110 -0.3868 -0.6111
         vertex 0.3110 -0.3952 -0.6111
      endloop
   endfacet
   facet normal 0.0000 1.0000 0.0000
      outer loop
         vertex -0.0464 -0.1229 0.6555
         vertex -0.0464 -0.0265 0.6555
         vertex -0.1188 -0.0265 0.6555
      endloop
   endfacet
   facet normal 0.0000 1.0000 0.0000
      outer loop
         vertex -0.0464 -0.1229 0.6555
         vertex -0.1188 -0.0265 0.6555
         vertex -0.1188 -0.1229 0.6555
      endloop
   endfacet
   facet normal 0.0000 -1.0000 0.0000
      outer loop
         vertex -0.1188 -0.1229 -0.6555
         vertex -0.1188 -0.0265 -0.6555
         vertex -0.0464 -0.0265 -0.6555
      endloop
   endfacet
   facet normal 0.0000 -1.0000 0.0000
      outer loop
         vertex -0.1188 -0.1229 -0.6555
         vertex -0.0464 -0.0265 -0.6555
         vertex -0.0464 -0.1229 -0.6555
      endloop
   endfacet
   facet normal 0.0000 0.0000 1.0000
      outer loop
         vertex -0.1188 -0.1229 -0.6555
         vertex -0.1188 -0.3519 -0.6555
         vertex -0.1188 -0.3952 -0.6111
      endloop
   endfacet
   facet normal 0.0000 0.0000 1.0000
      outer loop
         vertex -0.1188 -0.1229 -0.6555
         vertex -0.1188 -0.3952 -0.6111
         vertex -0.1188 -0.0265 -0.6111
      endloop
   endfacet
   facet normal 0.0000 0.0000 1.0000
      outer loop
         vertex -0.1188 -0.1229 -0.6555
         vertex -0.1188 -0.0265 -0.6111
         vertex -0.1188 -0.0265 -0.6555
      endloop
   endfacet
   facet normal 0.0000 0.0000 1.0000
      outer loop
         vertex -0.1188 -0.3952 0.6111
         vertex -0.1188 -0.3519 0.6555
         vertex -0.1188 -0.1229 0.6555
      endloop
   endfacet
   facet normal 0.0000 0.0000 1.0000
      outer loop
         vertex -0.1188 -0.3952 0.6111
         vertex -0.1188 -0.1229 0.6555
         vertex -0.1188 -0.0265 0.6555
      endloop
   endfacet
   facet normal 0.0000 0.0000 1.0000
      outer loop
         vertex -0.1188 -0.3952 0.6111
         vertex -0.1188 -0.0265 0.6555
         vertex -0.1188 -0.0265 0.6111
      endloop
   endfacet
   facet normal 0.0000 1.0000 0.0000
      outer loop
         vertex -0.1188 -0.3952 0.6111
         vertex -0.1188 -0.0265 0.6111
         vertex -0.3110 -0.0265 0.6111
      endloop
   endfacet
   facet normal 0.0000 1.0000 0.0000
      outer loop
         vertex -0.1188 -0.3952 0.6111
         vertex -0.3110 -0.0265 0.6111
         vertex -0.3110 -0.3868 0.6111
      endloop
   endfacet
   facet normal 0.0000 1.0000 0.0000
      outer loop
         vertex -0.1188 -0.3952 0.6111
         vertex -0.3110 -0.3868 0.6111
         vertex -0.3110 -0.3952 0.6111
      endloop
   endfacet
   facet normal 0.0000 -1.0000 0.0000
      outer loop
         vertex -0.1188 -0.0265 -0.6111
         vertex -0.1188 -0.3952 -0.6111
         vertex -0.3110 -0.3952 -0.6111
      endloop
   endfacet
   facet normal 0.0000 -1.0000 0.0000
      outer loop
         vertex -0.1188 -0.0265 -0.6111
         vertex -0.3110 -0.3952 -0.6111
         vertex -0.3110 -0.3868 -0.6111
      endloop
   endfacet
   facet normal 0.0000 -1.0000 0.0000
      outer loop
         vertex -0.1188 -0.0265 -0.6111
         vertex -0.3110 -0.3868 -0.6111
         vertex -0.3110 -0.0265 -0.6111
      endloop
   endfacet
   facet normal -1.0000 0.0000 0.0000
      outer loop
         vertex -0.4489 0.0980 0.7834
         vertex 0.4489 0.0980 0.7834
         vertex 0.2390 0.0980 0.5905
      endloop
   endfacet
   facet normal -1.0000 0.0000 0.0000
      outer loop
         vertex -0.4489 0.0980 0.7834
         vertex 0.2390 0.0980 0.5905
         vertex -0.2390 0.0980 0.5905
      endloop
   endfacet
   facet normal -1.0000 0.0000 0.0000
      outer loop
         vertex -0.4489 0.0980 0.7834
         vertex -0.2390 0.0980 0.5905
         vertex -0.2465 0.0980 0.5885
      endloop
   endfacet
   facet normal -1.0000 0.0000 0.0000
      outer loop
         vertex -0.4489 0.0980 0.7834
         vertex -0.2465 0.0980 0.5885
         vertex -0.2520 0.0980 0.5830
      endloop
   endfacet
   facet normal -1.0000 0.0000 0.0000
      outer loop
         vertex -0.4489 0.0980 0.7834
         vertex -0.2520 0.0980 0.5830
         vertex -0.2540 0.0980 0.5755
      endloop
   endfacet
   facet normal -1.0000 0.0000 0.0000
      outer loop
         vertex -0.4489 0.0980 0.7834
         vertex -0.2540 0.0980 0.5755
         vertex -0.2540 0.0980 -0.5755
      endloop
   endfacet
   facet normal -1.0000 0.0000 0.0000
      outer loop
         vertex -0.4489 0.0980 0.7834
         vertex -0.2540 0.0980 -0.5755
         vertex -0.4489 0.0980 -0.7834
      endloop
   endfacet
   facet normal -1.0000 0.0000 0.0000
      outer loop
         vertex 0.4489 0.0980 0.7834
         vertex 0.4489 0.0980 -0.7834
         vertex 0.2540 0.0980 -0.5755
      endloop
   endfacet
   facet normal -1.0000 0.0000 0.0000
      outer loop
         vertex 0.4489 0.0980 0.7834
         vertex 0.2540 0.0980 -0.5755
         vertex 0.2540 0.0980 0.5755
      endloop
   endfacet
   facet normal -1.0000 0.0000 0.0000
      outer loop
         vertex 0.4489 0.0980 0.7834
         vertex 0.2540 0.0980 0.5755
         vertex 0.2520 0.0980 0.5830
      endloop
   endfacet
   facet normal -1.0000 0.0000 0.0000
      outer loop
         vertex 0.4489 0.0980 0.7834
         vertex 0.2520 0.0980 0.5830
         vertex 0.2465 0.0980 0.5885
      endloop
   endfacet
   facet normal -1.0000 0.0000 0.0000
      outer loop
         vertex 0.4489 0.0980 0.7834
         vertex 0.2465 0.0980 0.5885
         vertex 0.2390 0.0980 0.5905
      endloop
   endfacet
   facet normal -1.0000 0.0000 0.0000
      outer loop
         vertex 0.4489 0.0980 -0.7834
         vertex -0.4489 0.0980 -0.7834
         vertex -0.2465 0.0980 -0.5885
      endloop
   endfacet
   facet normal -1.0000 0.0000 0.0000
      outer loop
         vertex 0.4489 0.0980 -0.7834
         vertex -0.2465 0.0980 -0.5885
         vertex -0.2390 0.0980 -0.5905
      endloop
   endfacet
   facet normal -1.0000 0.0000 0.0000
      outer loop
         vertex 0.4489 0.0980 -0.7834
         vertex -0.2390 0.0980 -0.5905
         vertex 0.2390 0.0980 -0.5905
      endloop
   endfacet
   facet normal -1.0000 0.0000 0.0000
      outer loop
         vertex 0.4489 0.0980 -0.7834
         vertex 0.2390 0.0980 -0.5905
         vertex 0.2465 0.0980 -0.5885
      endloop
   endfacet
   facet normal -1.0000 0.0000 0.0000
      outer loop
         vertex 0.4489 0.0980 -0.7834
         vertex 0.2465 0.0980 -0.5885
         vertex 0.2520 0.0980 -0.5830
      endloop
   endfacet
   facet normal -1.0000 0.0000 0.0000
      outer loop
         vertex 0.4489 0.0980 -0.7834
         vertex 0.2520 0.0980 -0.5830
         vertex 0.2540 0.0980 -0.5755
      endloop
   endfacet
   facet normal -1.0000 0.0000 0.0000
      outer loop
         vertex -0.2520 0.0980 -0.5830
         vertex -0.2465 0.0980 -0.5885
         vertex -0.4489 0.0980 -0.7834
      endloop
   endfacet
   facet normal -1.0000 0.0000 0.0000
      outer loop
         vertex -0.2520 0.0980 -0.5830
         vertex -0.4489 0.0980 -0.7834
         vertex -0.2540 0.0980 -0.5755
      endloop
   endfacet
   facet normal -0.6654 0.7465 0.0000
      outer loop
         vertex 0.4489 0.0980 0.7834
         vertex -0.4489 0.0980 0.7834
         vertex -0.4725 0.0715 0.8070
      endloop
   endfacet
   facet normal -0.6654 0.7465 0.0000
      outer loop
         vertex 0.4489 0.0980 0.7834
         vertex -0.4725 0.0715 0.8070
         vertex 0.4725 0.0715 0.8070
      endloop
   endfacet
   facet normal -0.6654 -0.7465 0.0000
      outer loop
         vertex -0.4489 0.0980 -0.7834
         vertex 0.4489 0.0980 -0.7834
         vertex 0.4725 0.0715 -0.8070
      endloop
   endfacet
   facet normal -0.6654 -0.7465 0.0000
      outer loop
         vertex -0.4489 0.0980 -0.7834
         vertex 0.4725 0.0715 -0.8070
         vertex -0.4725 0.0715 -0.8070
      endloop
   endfacet
   facet normal 0.0000 -0.7672 -0.6414
      outer loop
         vertex -0.2520 0.0980 0.5830
         vertex -0.2465 0.0980 0.5885
         vertex -0.2465 -0.0000 0.5885
      endloop
   endfacet
   facet normal 0.0000 -0.6414 -0.7672
      outer loop
         vertex -0.2520 0.0980 0.5830
         vertex -0.2465 -0.0000 0.5885
         vertex -0.2520 -0.0000 0.5830
      endloop
   endfacet
   facet normal 0.0000 -0.9405 -0.3399
      outer loop
         vertex -0.2465 0.0980 0.5885
         vertex -0.2390 0.0980 0.5905
         vertex -0.2390 -0.0000 0.5905
      endloop
   endfacet
   facet normal 0.0000 -0.9071 -0.4210
      outer loop
         vertex -0.2465 0.0980 0.5885
         vertex -0.2390 -0.0000 0.5905
         vertex -0.2465 -0.0000 0.5885
      endloop
   endfacet
   facet normal 0.0000 -1.0000 0.0000
      outer loop
         vertex -0.2390 0.0980 0.5905
         vertex 0.2390 0.0980 0.5905
         vertex 0.2390 0.0000 0.5905
      endloop
   endfacet
   facet normal 0.0000 -1.0000 0.0000
      outer loop
         vertex -0.2390 0.0980 0.5905
         vertex 0.2390 0.0000 0.5905
         vertex -0.2390 -0.0000 0.5905
      endloop
   endfacet
   facet normal 0.0000 -0.9071 0.4210
      outer loop
         vertex 0.2390 0.0980 0.5905
         vertex 0.2465 0.0980 0.5885
         vertex 0.2465 0.0000 0.5885
      endloop
   endfacet
   facet normal 0.0000 -0.9405 0.3399
      outer loop
         vertex 0.2390 0.0980 0.5905
         vertex 0.2465 0.0000 0.5885
         vertex 0.2390 0.0000 0.5905
      endloop
   endfacet
   facet normal 0.0000 -0.4210 -0.9071
      outer loop
         vertex -0.2540 0.0980 0.5755
         vertex -0.2520 0.0980 0.5830
         vertex -0.2520 -0.0000 0.5830
      endloop
   endfacet
   facet normal 0.0000 -0.3399 -0.9405
      outer loop
         vertex -0.2540 0.0980 0.5755
         vertex -0.2520 -0.0000 0.5830
         vertex -0.2540 -0.0000 0.5755
      endloop
   endfacet
   facet normal 0.0000 -0.6414 0.7672
      outer loop
         vertex 0.2465 0.0980 0.5885
         vertex 0.2520 0.0980 0.5830
         vertex 0.2520 0.0000 0.5830
      endloop
   endfacet
   facet normal 0.0000 -0.7672 0.6414
      outer loop
         vertex 0.2465 0.0980 0.5885
         vertex 0.2520 0.0000 0.5830
         vertex 0.2465 0.0000 0.5885
      endloop
   endfacet
   facet normal 0.0000 -0.3399 0.9405
      outer loop
         vertex 0.2520 0.0980 0.5830
         vertex 0.2540 0.0980 0.5755
         vertex 0.2540 0.0000 0.5755
      endloop
   endfacet
   facet normal 0.0000 -0.4210 0.9071
      outer loop
         vertex 0.2520 0.0980 0.5830
         vertex 0.2540 0.0000 0.5755
         vertex 0.2520 0.0000 0.5830
      endloop
   endfacet
   facet normal 0.0000 0.0000 1.0000
      outer loop
         vertex 0.2540 0.0980 0.5755
         vertex 0.2540 0.0980 -0.5755
         vertex 0.2540 0.0000 -0.5755
      endloop
   endfacet
   facet normal 0.0000 0.0000 1.0000
      outer loop
         vertex 0.2540 0.0980 0.5755
         vertex 0.2540 0.0000 -0.5755
         vertex 0.2540 0.0000 0.5755
      endloop
   endfacet
   facet normal 0.0000 0.4210 0.9071
      outer loop
         vertex 0.2540 0.0980 -0.5755
         vertex 0.2520 0.0980 -0.5830
         vertex 0.2520 0.0000 -0.5830
      endloop
   endfacet
   facet normal 0.0000 0.3399 0.9405
      outer loop
         vertex 0.2540 0.0980 -0.5755
         vertex 0.2520 0.0000 -0.5830
         vertex 0.2540 0.0000 -0.5755
      endloop
   endfacet
   facet normal 0.0000 0.7672 0.6414
      outer loop
         vertex 0.2520 0.0980 -0.5830
         vertex 0.2465 0.0980 -0.5885
         vertex 0.2465 0.0000 -0.5885
      endloop
   endfacet
   facet normal 0.0000 0.6414 0.7672
      outer loop
         vertex 0.2520 0.0980 -0.5830
         vertex 0.2465 0.0000 -0.5885
         vertex 0.2520 0.0000 -0.5830
      endloop
   endfacet
   facet normal 0.0000 0.9405 0.3399
      outer loop
         vertex 0.2465 0.0980 -0.5885
         vertex 0.2390 0.0980 -0.5905
         vertex 0.2390 0.0000 -0.5905
      endloop
   endfacet
   facet normal 0.0000 0.9071 0.4210
      outer loop
         vertex 0.2465 0.0980 -0.5885
         vertex 0.2390 0.0000 -0.5905
         vertex 0.2465 0.0000 -0.5885
      endloop
   endfacet
   facet normal 0.0000 1.0000 0.0000
      outer loop
         vertex 0.2390 0.0980 -0.5905
         vertex -0.2390 0.0980 -0.5905
         vertex -0.2390 -0.0000 -0.5905
      endloop
   endfacet
   facet normal 0.0000 1.0000 0.0000
      outer loop
         vertex 0.2390 0.0980 -0.5905
         vertex -0.2390 -0.0000 -0.5905
         vertex 0.2390 0.0000 -0.5905
      endloop
   endfacet
   facet normal 0.0000 0.0000 -1.0000
      outer loop
         vertex -0.2540 0.0980 -0.5755
         vertex -0.2540 0.0980 0.5755
         vertex -0.2540 -0.0000 0.5755
      endloop
   endfacet
   facet normal 0.0000 0.0000 -1.0000
      outer loop
         vertex -0.2540 0.0980 -0.5755
         vertex -0.2540 -0.0000 0.5755
         vertex -0.2540 -0.0000 -0.5755
      endloop
   endfacet
   facet normal 0.0000 0.9071 -0.4210
      outer loop
         vertex -0.2390 0.0980 -0.5905
         vertex -0.2465 0.0980 -0.5885
         vertex -0.2465 -0.0000 -0.5885
      endloop
   endfacet
   facet normal 0.0000 0.9405 -0.3399
      outer loop
         vertex -0.2390 0.0980 -0.5905
         vertex -0.2465 -0.0000 -0.5885
         vertex -0.2390 -0.0000 -0.5905
      endloop
   endfacet
   facet normal 0.0000 0.6414 -0.7672
      outer loop
         vertex -0.2465 0.0980 -0.5885
         vertex -0.2520 0.0980 -0.5830
         vertex -0.2520 -0.0000 -0.5830
      endloop
   endfacet
   facet normal 0.0000 0.7672 -0.6414
      outer loop
         vertex -0.2465 0.0980 -0.5885
         vertex -0.2520 -0.0000 -0.5830
         vertex -0.2465 -0.0000 -0.5885
      endloop
   endfacet
   facet normal 0.0000 0.3399 -0.9405
      outer loop
         vertex -0.2520 0.0980 -0.5830
         vertex -0.2540 0.0980 -0.5755
         vertex -0.2540 -0.0000 -0.5755
      endloop
   endfacet
   facet normal 0.0000 0.4210 -0.9071
      outer loop
         vertex -0.2520 0.0980 -0.5830
         vertex -0.2540 -0.0000 -0.5755
         vertex -0.2520 -0.0000 -0.5830
      endloop
   endfacet
   facet normal 0.0000 -1.0000 0.0000
      outer loop
         vertex -0.3110 -0.5362 -0.6111
         vertex -0.3110 -0.3952 -0.6111
         vertex -0.1560 -0.5362 -0.6111
      endloop
   endfacet
   facet normal 0.0000 -1.0000 0.0000
      outer loop
         vertex -0.1560 -0.5362 -0.6111
         vertex -0.3110 -0.3952 -0.6111
         vertex -0.1188 -0.3952 -0.6111
      endloop
   endfacet
   facet normal 0.0000 -1.0000 0.0000
      outer loop
         vertex -0.1560 -0.5362 -0.6111
         vertex -0.1188 -0.3952 -0.6111
         vertex -0.1560 -0.7567 -0.6111
      endloop
   endfacet
   facet normal 0.0000 -1.0000 0.0000
      outer loop
         vertex -0.1560 -0.7567 -0.6111
         vertex -0.1188 -0.3952 -0.6111
         vertex 0.1188 -0.3952 -0.6111
      endloop
   endfacet
   facet normal 0.0000 -1.0000 0.0000
      outer loop
         vertex -0.1560 -0.7567 -0.6111
         vertex 0.1188 -0.3952 -0.6111
         vertex 0.1560 -0.5362 -0.6111
      endloop
   endfacet
   facet normal 0.0000 -1.0000 0.0000
      outer loop
         vertex 0.1560 -0.5362 -0.6111
         vertex 0.1188 -0.3952 -0.6111
         vertex 0.3110 -0.3952 -0.6111
      endloop
   endfacet
   facet normal 0.0000 -1.0000 0.0000
      outer loop
         vertex 0.1560 -0.5362 -0.6111
         vertex 0.3110 -0.3952 -0.6111
         vertex 0.3110 -0.5362 -0.6111
      endloop
   endfacet
   facet normal 0.0000 -1.0000 0.0000
      outer loop
         vertex -0.1560 -0.7567 -0.6111
         vertex 0.1560 -0.5362 -0.6111
         vertex 0.1560 -0.7567 -0.6111
      endloop
   endfacet
   facet normal 0.0000 -1.0000 0.0000
      outer loop
         vertex -0.3110 -1.2050 -0.5670
         vertex -0.3110 -0.8008 -0.5670
         vertex -0.2376 -1.0026 -0.5670
      endloop
   endfacet
   facet normal 0.0000 -1.0000 0.0000
      outer loop
         vertex -0.3110 -1.2050 -0.5670
         vertex -0.2376 -1.0026 -0.5670
         vertex -0.2376 -1.0905 -0.5670
      endloop
   endfacet
   facet normal 0.0000 -1.0000 0.0000
      outer loop
         vertex -0.3110 -1.2050 -0.5670
         vertex -0.2376 -1.0905 -0.5670
         vertex -0.1550 -1.0905 -0.5670
      endloop
   endfacet
   facet normal 0.0000 -1.0000 0.0000
      outer loop
         vertex -0.3110 -1.2050 -0.5670
         vertex -0.1550 -1.0905 -0.5670
         vertex 0.1550 -1.0026 -0.5670
      endloop
   endfacet
   facet normal 0.0000 -1.0000 0.0000
      outer loop
         vertex -0.3110 -1.2050 -0.5670
         vertex 0.1550 -1.0026 -0.5670
         vertex 0.1550 -1.0905 -0.5670
      endloop
   endfacet
   facet normal 0.0000 -1.0000 0.0000
      outer loop
         vertex -0.3110 -1.2050 -0.5670
         vertex 0.1550 -1.0905 -0.5670
         vertex 0.2376 -1.0905 -0.5670
      endloop
   endfacet
   facet normal 0.0000 -1.0000 0.0000
      outer loop
         vertex -0.3110 -1.2050 -0.5670
         vertex 0.2376 -1.0905 -0.5670
         vertex 0.3110 -1.2050 -0.5670
      endloop
   endfacet
   facet normal 0.0000 -1.0000 0.0000
      outer loop
         vertex -0.3110 -0.8008 -0.5670
         vertex 0.3110 -0.8008 -0.5670
         vertex 0.2376 -1.0026 -0.5670
      endloop
   endfacet
   facet normal 0.0000 -1.0000 0.0000
      outer loop
         vertex -0.3110 -0.8008 -0.5670
         vertex 0.2376 -1.0026 -0.5670
         vertex 0.1550 -1.0026 -0.5670
      endloop
   endfacet
   facet normal 0.0000 -1.0000 0.0000
      outer loop
         vertex -0.3110 -0.8008 -0.5670
         vertex 0.1550 -1.0026 -0.5670
         vertex -0.1550 -1.0026 -0.5670
      endloop
   endfacet
   facet normal 0.0000 -1.0000 0.0000
      outer loop
         vertex -0.3110 -0.8008 -0.5670
         vertex -0.1550 -1.0026 -0.5670
         vertex -0.2376 -1.0026 -0.5670
      endloop
   endfacet
   facet normal 0.0000 -1.0000 0.0000
      outer loop
         vertex 0.3110 -0.8008 -0.5670
         vertex 0.3110 -1.2050 -0.5670
         vertex 0.2376 -1.0905 -0.5670
      endloop
   endfacet
   facet normal 0.0000 -1.0000 0.0000
      outer loop
         vertex 0.3110 -0.8008 -0.5670
         vertex 0.2376 -1.0905 -0.5670
         vertex 0.2376 -1.0026 -0.5670
      endloop
   endfacet
   facet normal 0.0000 -1.0000 0.0000
      outer loop
         vertex -0.1550 -1.0026 -0.5670
         vertex 0.1550 -1.0026 -0.5670
         vertex -0.1550 -1.0905 -0.5670
      endloop
   endfacet
   facet normal 1.0000 -0.0000 0.0000
      outer loop
         vertex -0.1760 -1.2050 -0.1239
         vertex -0.1760 -1.2050 0.0000
         vertex -0.3110 -1.2050 0.0000
      endloop
   endfacet
   facet normal 1.0000 -0.0000 0.0000
      outer loop
         vertex -0.1760 -1.2050 -0.1239
         vertex -0.3110 -1.2050 0.0000
         vertex -0.1029 -1.2050 -0.2300
      endloop
   endfacet
   facet normal 1.0000 -0.0000 0.0000
      outer loop
         vertex -0.1760 -1.2050 -0.1239
         vertex -0.1029 -1.2050 -0.2300
         vertex -0.0594 -1.2050 -0.1865
      endloop
   endfacet
   facet normal 1.0000 -0.0000 0.0000
      outer loop
         vertex -0.1760 -1.2050 -0.1239
         vertex -0.0594 -1.2050 -0.1865
         vertex 0.0000 -1.2050 -0.1706
      endloop
   endfacet
   facet normal 1.0000 -0.0000 0.0000
      outer loop
         vertex -0.1760 -1.2050 -0.1239
         vertex 0.0000 -1.2050 -0.1706
         vertex 0.0831 -1.2050 -0.1675
      endloop
   endfacet
   facet normal 1.0000 -0.0000 0.0000
      outer loop
         vertex -0.1760 -1.2050 -0.1239
         vertex 0.0831 -1.2050 -0.1675
         vertex 0.0917 -1.2050 -0.1589
      endloop
   endfacet
   facet normal 1.0000 -0.0000 0.0000
      outer loop
         vertex -0.1760 -1.2050 -0.1239
         vertex 0.0917 -1.2050 -0.1589
         vertex 0.0948 -1.2050 -0.1472
      endloop
   endfacet
   facet normal 1.0000 -0.0000 0.0000
      outer loop
         vertex -0.1760 -1.2050 -0.1239
         vertex 0.0948 -1.2050 -0.1472
         vertex 0.0917 -1.2050 -0.1356
      endloop
   endfacet
   facet normal 1.0000 -0.0000 0.0000
      outer loop
         vertex -0.1760 -1.2050 -0.1239
         vertex 0.0917 -1.2050 -0.1356
         vertex 0.0831 -1.2050 -0.1270
      endloop
   endfacet
   facet normal 1.0000 -0.0000 0.0000
      outer loop
         vertex -0.1760 -1.2050 -0.1239
         vertex 0.0831 -1.2050 -0.1270
         vertex 0.0714 -1.2050 -0.1239
      endloop
   endfacet
   facet normal 1.0000 -0.0000 0.0000
      outer loop
         vertex 0.3110 -1.2050 -0.5670
         vertex 0.1757 -1.2050 -0.4807
         vertex -0.3110 -1.2050 -0.5670
      endloop
   endfacet
   facet normal 1.0000 -0.0000 0.0000
      outer loop
         vertex -0.3110 -1.2050 -0.5670
         vertex 0.1757 -1.2050 -0.4807
         vertex -0.1188 -1.2050 -0.4807
      endloop
   endfacet
   facet normal 1.0000 -0.0000 0.0000
      outer loop
         vertex -0.3110 -1.2050 -0.5670
         vertex -0.1188 -1.2050 -0.4807
         vertex -0.3110 -1.2050 0.0000
      endloop
   endfacet
   facet normal 1.0000 -0.0000 0.0000
      outer loop
         vertex -0.3110 -1.2050 0.0000
         vertex -0.1188 -1.2050 -0.4807
         vertex -0.1188 -1.2050 -0.2894
      endloop
   endfacet
   facet normal 1.0000 -0.0000 0.0000
      outer loop
         vertex -0.3110 -1.2050 0.0000
         vertex -0.1188 -1.2050 -0.2894
         vertex -0.1029 -1.2050 -0.2300
      endloop
   endfacet
   facet normal 1.0000 -0.0000 0.0000
      outer loop
         vertex 0.1757 -1.2050 -0.4807
         vertex 0.3110 -1.2050 -0.5670
         vertex 0.3110 -1.2050 0.0000
      endloop
   endfacet
   facet normal 1.0000 -0.0000 0.0000
      outer loop
         vertex 0.1757 -1.2050 -0.4807
         vertex 0.3110 -1.2050 0.0000
         vertex 0.1757 -1.2050 0.0000
      endloop
   endfacet
   facet normal 1.0000 -0.0000 0.0000
      outer loop
         vertex 0.0831 -1.2050 -0.1675
         vertex 0.0000 -1.2050 -0.1706
         vertex 0.0714 -1.2050 -0.1706
      endloop
   endfacet
   facet normal 0.0000 1.0000 0.0000
      outer loop
         vertex -0.2050 -0.9495 -0.3100
         vertex -0.3110 -0.9495 -0.3100
         vertex -0.3110 -1.0556 -0.3100
      endloop
   endfacet
   facet normal 0.0000 1.0000 0.0000
      outer loop
         vertex 0.3110 -1.0556 -0.3100
         vertex 0.3110 -0.9495 -0.3100
         vertex 0.2050 -0.9495 -0.3100
      endloop
   endfacet
   facet normal 0.0000 1.0000 0.0000
      outer loop
         vertex 0.1757 -1.1820 -0.4807
         vertex -0.1188 -1.1820 -0.4807
         vertex -0.1188 -1.2050 -0.4807
      endloop
   endfacet
   facet normal 0.0000 1.0000 0.0000
      outer loop
         vertex 0.1757 -1.1820 -0.4807
         vertex -0.1188 -1.2050 -0.4807
         vertex 0.1757 -1.2050 -0.4807
      endloop
   endfacet
   facet normal 0.0000 0.0000 -1.0000
      outer loop
         vertex -0.1188 -1.2050 -0.2894
         vertex -0.1188 -1.2050 -0.4807
         vertex -0.1188 -1.1820 -0.4807
      endloop
   endfacet
   facet normal 0.0000 0.0000 -1.0000
      outer loop
         vertex -0.1188 -1.2050 -0.2894
         vertex -0.1188 -1.1820 -0.4807
         vertex -0.1188 -1.1820 -0.2894
      endloop
   endfacet
   facet normal 0.0000 -1.0000 0.0000
      outer loop
         vertex -0.3110 -0.9495 -0.2039
         vertex -0.2050 -0.9495 -0.2039
         vertex -0.3110 -1.0556 -0.2039
      endloop
   endfacet
   facet normal 0.0000 -1.0000 0.0000
      outer loop
         vertex 0.3110 -1.0556 -0.2039
         vertex 0.2050 -0.9495 -0.2039
         vertex 0.3110 -0.9495 -0.2039
      endloop
   endfacet
   facet normal 0.0000 0.0000 -1.0000
      outer loop
         vertex -0.1760 -1.2050 0.0000
         vertex -0.1760 -1.2050 -0.1239
         vertex -0.1760 -1.1820 -0.1239
      endloop
   endfacet
   facet normal 0.0000 0.0000 -1.0000
      outer loop
         vertex -0.1760 -1.2050 0.0000
         vertex -0.1760 -1.1820 -0.1239
         vertex -0.1760 -1.1820 0.0000
      endloop
   endfacet
   facet normal 0.0000 1.0000 0.0000
      outer loop
         vertex -0.1760 -1.2050 -0.1239
         vertex 0.0714 -1.2050 -0.1239
         vertex 0.0714 -1.1820 -0.1239
      endloop
   endfacet
   facet normal 0.0000 1.0000 0.0000
      outer loop
         vertex -0.1760 -1.2050 -0.1239
         vertex 0.0714 -1.1820 -0.1239
         vertex -0.1760 -1.1820 -0.1239
      endloop
   endfacet
   facet normal 0.0000 -1.0000 0.0000
      outer loop
         vertex 0.0000 -1.1820 -0.1706
         vertex 0.0714 -1.1820 -0.1706
         vertex 0.0714 -1.2050 -0.1706
      endloop
   endfacet
   facet normal 0.0000 -1.0000 0.0000
      outer loop
         vertex 0.0000 -1.1820 -0.1706
         vertex 0.0714 -1.2050 -0.1706
         vertex 0.0000 -1.2050 -0.1706
      endloop
   endfacet
   facet normal 0.0000 0.3437 -0.9391
      outer loop
         vertex 0.0948 -1.1820 -0.1472
         vertex 0.0917 -1.1820 -0.1356
         vertex 0.0917 -1.2050 -0.1356
      endloop
   endfacet
   facet normal 0.0000 0.1719 -0.9851
      outer loop
         vertex 0.0948 -1.1820 -0.1472
         vertex 0.0917 -1.2050 -0.1356
         vertex 0.0948 -1.2050 -0.1472
      endloop
   endfacet
   facet normal 0.0000 -0.9071 -0.4210
      outer loop
         vertex 0.0714 -1.1820 -0.1706
         vertex 0.0831 -1.1820 -0.1675
         vertex 0.0831 -1.2050 -0.1675
      endloop
   endfacet
   facet normal 0.0000 -0.9405 -0.3399
      outer loop
         vertex 0.0714 -1.1820 -0.1706
         vertex 0.0831 -1.2050 -0.1675
         vertex 0.0714 -1.2050 -0.1706
      endloop
   endfacet
   facet normal 0.0000 0.9405 -0.3399
      outer loop
         vertex 0.0831 -1.1820 -0.1270
         vertex 0.0714 -1.1820 -0.1239
         vertex 0.0714 -1.2050 -0.1239
      endloop
   endfacet
   facet normal 0.0000 0.9071 -0.4210
      outer loop
         vertex 0.0831 -1.1820 -0.1270
         vertex 0.0714 -1.2050 -0.1239
         vertex 0.0831 -1.2050 -0.1270
      endloop
   endfacet
   facet normal 0.0000 -0.6414 -0.7672
      outer loop
         vertex 0.0831 -1.1820 -0.1675
         vertex 0.0917 -1.1820 -0.1589
         vertex 0.0917 -1.2050 -0.1589
      endloop
   endfacet
   facet normal 0.0000 -0.7672 -0.6414
      outer loop
         vertex 0.0831 -1.1820 -0.1675
         vertex 0.0917 -1.2050 -0.1589
         vertex 0.0831 -1.2050 -0.1675
      endloop
   endfacet
   facet normal 0.0000 -0.1719 -0.9851
      outer loop
         vertex 0.0917 -1.1820 -0.1589
         vertex 0.0948 -1.1820 -0.1472
         vertex 0.0948 -1.2050 -0.1472
      endloop
   endfacet
   facet normal 0.0000 -0.3437 -0.9391
      outer loop
         vertex 0.0917 -1.1820 -0.1589
         vertex 0.0948 -1.2050 -0.1472
         vertex 0.0917 -1.2050 -0.1589
      endloop
   endfacet
   facet normal 0.0000 0.7672 -0.6414
      outer loop
         vertex 0.0917 -1.1820 -0.1356
         vertex 0.0831 -1.1820 -0.1270
         vertex 0.0831 -1.2050 -0.1270
      endloop
   endfacet
   facet normal 0.0000 0.6414 -0.7672
      outer loop
         vertex 0.0917 -1.1820 -0.1356
         vertex 0.0831 -1.2050 -0.1270
         vertex 0.0917 -1.2050 -0.1356
      endloop
   endfacet
   facet normal 0.0000 0.0000 1.0000
      outer loop
         vertex 0.1757 -1.1820 0.0000
         vertex 0.1757 -1.1820 -0.4807
         vertex 0.1757 -1.2050 -0.4807
      endloop
   endfacet
   facet normal 0.0000 0.0000 1.0000
      outer loop
         vertex 0.1757 -1.1820 0.0000
         vertex 0.1757 -1.2050 -0.4807
         vertex 0.1757 -1.2050 0.0000
      endloop
   endfacet
   facet normal 0.0000 -0.6414 -0.7672
      outer loop
         vertex -0.0594 -1.2050 -0.1865
         vertex -0.1029 -1.2050 -0.2300
         vertex -0.1029 -1.1820 -0.2300
      endloop
   endfacet
   facet normal 0.0000 -0.7672 -0.6414
      outer loop
         vertex -0.0594 -1.2050 -0.1865
         vertex -0.1029 -1.1820 -0.2300
         vertex -0.0594 -1.1820 -0.1865
      endloop
   endfacet
   facet normal 0.0000 -0.9405 -0.3399
      outer loop
         vertex -0.0594 -1.1820 -0.1865
         vertex 0.0000 -1.1820 -0.1706
         vertex 0.0000 -1.2050 -0.1706
      endloop
   endfacet
   facet normal 0.0000 -0.9071 -0.4210
      outer loop
         vertex -0.0594 -1.1820 -0.1865
         vertex 0.0000 -1.2050 -0.1706
         vertex -0.0594 -1.2050 -0.1865
      endloop
   endfacet
   facet normal 1.0000 -0.0000 0.0000
      outer loop
         vertex -0.3110 -0.9495 -0.3100
         vertex -0.2050 -0.9495 -0.3100
         vertex -0.2050 -0.9495 -0.2039
      endloop
   endfacet
   facet normal 1.0000 -0.0000 0.0000
      outer loop
         vertex -0.3110 -0.9495 -0.3100
         vertex -0.2050 -0.9495 -0.2039
         vertex -0.3110 -0.9495 -0.2039
      endloop
   endfacet
   facet normal 1.0000 -0.0000 0.0000
      outer loop
         vertex 0.2050 -0.9495 -0.3100
         vertex 0.3110 -0.9495 -0.3100
         vertex 0.3110 -0.9495 -0.2039
      endloop
   endfacet
   facet normal 1.0000 -0.0000 0.0000
      outer loop
         vertex 0.2050 -0.9495 -0.3100
         vertex 0.3110 -0.9495 -0.2039
         vertex 0.2050 -0.9495 -0.2039
      endloop
   endfacet
   facet normal -0.7071 0.0000 -0.7071
      outer loop
         vertex 0.3110 -1.0556 -0.3100
         vertex 0.2050 -0.9495 -0.3100
         vertex 0.2050 -0.9495 -0.2039
      endloop
   endfacet
   facet normal -0.7071 0.0000 -0.7071
      outer loop
         vertex 0.3110 -1.0556 -0.3100
         vertex 0.2050 -0.9495 -0.2039
         vertex 0.3110 -1.0556 -0.2039
      endloop
   endfacet
   facet normal -0.7071 0.0000 0.7071
      outer loop
         vertex -0.2050 -0.9495 -0.3100
         vertex -0.3110 -1.0556 -0.3100
         vertex -0.3110 -1.0556 -0.2039
      endloop
   endfacet
   facet normal -0.7071 0.0000 0.7071
      outer loop
         vertex -0.2050 -0.9495 -0.3100
         vertex -0.3110 -1.0556 -0.2039
         vertex -0.2050 -0.9495 -0.2039
      endloop
   endfacet
   facet normal 0.0000 -0.4210 -0.9071
      outer loop
         vertex -0.1188 -1.1820 -0.2894
         vertex -0.1029 -1.1820 -0.2300
         vertex -0.1029 -1.2050 -0.2300
      endloop
   endfacet
   facet normal 0.0000 -0.3399 -0.9405
      outer loop
         vertex -0.1188 -1.1820 -0.2894
         vertex -0.1029 -1.2050 -0.2300
         vertex -0.1188 -1.2050 -0.2894
      endloop
   endfacet
   facet normal 0.7071 -0.7071 0.0000
      outer loop
         vertex 0.3110 -0.8008 -0.5670
         vertex -0.3110 -0.8008 -0.5670
         vertex -0.3110 -0.7567 -0.6111
      endloop
   endfacet
   facet normal 0.7071 -0.7071 0.0000
      outer loop
         vertex 0.3110 -0.8008 -0.5670
         vertex -0.3110 -0.7567 -0.6111
         vertex -0.1560 -0.7567 -0.6111
      endloop
   endfacet
   facet normal 0.7071 -0.7071 0.0000
      outer loop
         vertex 0.3110 -0.8008 -0.5670
         vertex -0.1560 -0.7567 -0.6111
         vertex 0.1560 -0.7567 -0.6111
      endloop
   endfacet
   facet normal 0.7071 -0.7071 0.0000
      outer loop
         vertex 0.3110 -0.8008 -0.5670
         vertex 0.1560 -0.7567 -0.6111
         vertex 0.3110 -0.7567 -0.6111
      endloop
   endfacet
   facet normal 0.0000 0.0000 -1.0000
      outer loop
         vertex -0.1550 -1.0905 -0.5670
         vertex -0.1550 -1.0026 -0.5939
         vertex -0.1550 -1.0026 -0.5670
      endloop
   endfacet
   facet normal 0.0000 0.0000 1.0000
      outer loop
         vertex -0.2376 -1.0905 -0.5670
         vertex -0.2376 -1.0026 -0.5670
         vertex -0.2376 -1.0026 -0.5939
      endloop
   endfacet
   facet normal -1.0000 0.0000 0.0000
      outer loop
         vertex -0.1550 -1.0026 -0.5670
         vertex -0.1550 -1.0026 -0.5939
         vertex -0.2376 -1.0026 -0.5939
      endloop
   endfacet
   facet normal -1.0000 0.0000 0.0000
      outer loop
         vertex -0.1550 -1.0026 -0.5670
         vertex -0.2376 -1.0026 -0.5939
         vertex -0.2376 -1.0026 -0.5670
      endloop
   endfacet
   facet normal 0.2926 -0.9562 0.0000
      outer loop
         vertex -0.1550 -1.0026 -0.5939
         vertex -0.1550 -1.0905 -0.5670
         vertex -0.2376 -1.0905 -0.5670
      endloop
   endfacet
   facet normal 0.2926 -0.9562 0.0000
      outer loop
         vertex -0.1550 -1.0026 -0.5939
         vertex -0.2376 -1.0905 -0.5670
         vertex -0.2376 -1.0026 -0.5939
      endloop
   endfacet
   facet normal 0.0000 0.0000 -1.0000
      outer loop
         vertex 0.2376 -1.0905 -0.5670
         vertex 0.2376 -1.0026 -0.5939
         vertex 0.2376 -1.0026 -0.5670
      endloop
   endfacet
   facet normal 0.0000 0.0000 1.0000
      outer loop
         vertex 0.1550 -1.0905 -0.5670
         vertex 0.1550 -1.0026 -0.5670
         vertex 0.1550 -1.0026 -0.5939
      endloop
   endfacet
   facet normal -1.0000 0.0000 0.0000
      outer loop
         vertex 0.2376 -1.0026 -0.5670
         vertex 0.2376 -1.0026 -0.5939
         vertex 0.1550 -1.0026 -0.5939
      endloop
   endfacet
   facet normal -1.0000 0.0000 0.0000
      outer loop
         vertex 0.2376 -1.0026 -0.5670
         vertex 0.1550 -1.0026 -0.5939
         vertex 0.1550 -1.0026 -0.5670
      endloop
   endfacet
   facet normal 0.2926 -0.9562 0.0000
      outer loop
         vertex 0.2376 -1.0026 -0.5939
         vertex 0.2376 -1.0905 -0.5670
         vertex 0.1550 -1.0905 -0.5670
      endloop
   endfacet
   facet normal 0.2926 -0.9562 0.0000
      outer loop
         vertex 0.2376 -1.0026 -0.5939
         vertex 0.1550 -1.0905 -0.5670
         vertex 0.1550 -1.0026 -0.5939
      endloop
   endfacet
   facet normal 0.7154 -0.6987 0.0000
      outer loop
         vertex -0.1188 -0.3519 -0.6555
         vertex 0.1188 -0.3519 -0.6555
         vertex 0.1188 -0.3952 -0.6111
      endloop
   endfacet
   facet normal 0.7154 -0.6987 0.0000
      outer loop
         vertex -0.1188 -0.3519 -0.6555
         vertex 0.1188 -0.3952 -0.6111
         vertex -0.1188 -0.3952 -0.6111
      endloop
   endfacet
   facet normal 0.0000 -1.0000 0.0000
      outer loop
         vertex -0.1188 -0.3519 -0.6555
         vertex -0.1188 -0.1229 -0.6555
         vertex -0.0464 -0.1229 -0.6555
      endloop
   endfacet
   facet normal 0.0000 -1.0000 0.0000
      outer loop
         vertex -0.1188 -0.3519 -0.6555
         vertex -0.0464 -0.1229 -0.6555
         vertex 0.0464 -0.1229 -0.6555
      endloop
   endfacet
   facet normal 0.0000 -1.0000 0.0000
      outer loop
         vertex -0.1188 -0.3519 -0.6555
         vertex 0.0464 -0.1229 -0.6555
         vertex 0.1188 -0.1229 -0.6555
      endloop
   endfacet
   facet normal 0.0000 -1.0000 0.0000
      outer loop
         vertex -0.1188 -0.3519 -0.6555
         vertex 0.1188 -0.1229 -0.6555
         vertex 0.1188 -0.3519 -0.6555
      endloop
   endfacet
   facet normal 0.0000 0.0000 -1.0000
      outer loop
         vertex -0.1560 -0.6628 -0.6340
         vertex -0.1560 -0.4500 -0.6670
         vertex -0.1560 -0.4700 -0.6269
      endloop
   endfacet
   facet normal 0.0000 0.0000 -1.0000
      outer loop
         vertex -0.1560 -0.6628 -0.6340
         vertex -0.1560 -0.4700 -0.6269
         vertex -0.1560 -0.5362 -0.6111
      endloop
   endfacet
   facet normal 0.0000 0.0000 -1.0000
      outer loop
         vertex -0.1560 -0.6628 -0.6340
         vertex -0.1560 -0.5362 -0.6111
         vertex -0.1560 -0.7567 -0.6111
      endloop
   endfacet
   facet normal 0.0000 0.0000 -1.0000
      outer loop
         vertex -0.1560 -0.6628 -0.6340
         vertex -0.1560 -0.7567 -0.6111
         vertex -0.1560 -0.7302 -0.6340
      endloop
   endfacet
   facet normal 0.0000 0.0000 -1.0000
      outer loop
         vertex -0.1560 -0.2174 -0.7620
         vertex -0.1560 -0.1929 -0.7684
         vertex -0.1560 -0.2024 -0.7329
      endloop
   endfacet
   facet normal 0.0000 0.0000 -1.0000
      outer loop
         vertex -0.1560 -0.2174 -0.7620
         vertex -0.1560 -0.2024 -0.7329
         vertex -0.1560 -0.4700 -0.6269
      endloop
   endfacet
   facet normal 0.0000 0.0000 -1.0000
      outer loop
         vertex -0.1560 -0.2174 -0.7620
         vertex -0.1560 -0.4700 -0.6269
         vertex -0.1560 -0.4500 -0.6670
      endloop
   endfacet
   facet normal 0.0000 0.0000 -1.0000
      outer loop
         vertex -0.1560 -0.2024 -0.7329
         vertex -0.1560 -0.1929 -0.7684
         vertex -0.1560 -0.1849 -0.7678
      endloop
   endfacet
   facet normal 0.0000 0.0000 -1.0000
      outer loop
         vertex -0.1560 -0.2024 -0.7329
         vertex -0.1560 -0.1849 -0.7678
         vertex -0.1560 -0.0349 -0.7437
      endloop
   endfacet
   facet normal 0.0000 0.0000 -1.0000
      outer loop
         vertex -0.1560 -0.2024 -0.7329
         vertex -0.1560 -0.0349 -0.7437
         vertex -0.1560 -0.0349 -0.7329
      endloop
   endfacet
   facet normal 0.0000 1.0000 0.0000
      outer loop
         vertex -0.1560 -0.2024 -0.7329
         vertex -0.1560 -0.0349 -0.7329
         vertex -0.3110 -0.0349 -0.7329
      endloop
   endfacet
   facet normal 0.0000 1.0000 0.0000
      outer loop
         vertex -0.1560 -0.2024 -0.7329
         vertex -0.3110 -0.0349 -0.7329
         vertex -0.3110 -0.2024 -0.7329
      endloop
   endfacet
   facet normal -1.0000 0.0000 0.0000
      outer loop
         vertex -0.1560 -0.0349 -0.7329
         vertex -0.1560 -0.0349 -0.7437
         vertex -0.3110 -0.0349 -0.7437
      endloop
   endfacet
   facet normal -1.0000 0.0000 0.0000
      outer loop
         vertex -0.1560 -0.0349 -0.7329
         vertex -0.3110 -0.0349 -0.7437
         vertex -0.3110 -0.0349 -0.7329
      endloop
   endfacet
   facet normal 0.3050 -0.9523 0.0000
      outer loop
         vertex -0.1560 -0.2174 -0.7620
         vertex -0.1560 -0.4500 -0.6670
         vertex -0.3110 -0.4500 -0.6670
      endloop
   endfacet
   facet normal 0.3419 -0.9397 0.0000
      outer loop
         vertex -0.1560 -0.2174 -0.7620
         vertex -0.3110 -0.4500 -0.6670
         vertex -0.3110 -0.2174 -0.7620
      endloop
   endfacet
   facet normal 0.2000 -0.9798 0.0000
      outer loop
         vertex -0.1560 -0.1929 -0.7684
         vertex -0.1560 -0.2174 -0.7620
         vertex -0.3110 -0.2174 -0.7620
      endloop
   endfacet
   facet normal 0.1446 -0.9895 0.0000
      outer loop
         vertex -0.1560 -0.1929 -0.7684
         vertex -0.3110 -0.2174 -0.7620
         vertex -0.3110 -0.1929 -0.7684
      endloop
   endfacet
   facet normal 0.0320 -0.9995 0.0000
      outer loop
         vertex -0.1560 -0.1849 -0.7678
         vertex -0.1560 -0.1929 -0.7684
         vertex -0.3110 -0.1929 -0.7684
      endloop
   endfacet
   facet normal -0.0242 -0.9997 0.0000
      outer loop
         vertex -0.1560 -0.1849 -0.7678
         vertex -0.3110 -0.1929 -0.7684
         vertex -0.3110 -0.1849 -0.7678
      endloop
   endfacet
   facet normal -0.1587 -0.9873 0.0000
      outer loop
         vertex -0.1560 -0.0349 -0.7437
         vertex -0.1560 -0.1849 -0.7678
         vertex -0.3110 -0.1849 -0.7678
      endloop
   endfacet
   facet normal -0.1587 -0.9873 0.0000
      outer loop
         vertex -0.1560 -0.0349 -0.7437
         vertex -0.3110 -0.1849 -0.7678
         vertex -0.3110 -0.0349 -0.7437
      endloop
   endfacet
   facet normal -0.3237 0.9462 0.0000
      outer loop
         vertex -0.3110 -0.2024 -0.7329
         vertex -0.3110 -0.4700 -0.6269
         vertex -0.1560 -0.4700 -0.6269
      endloop
   endfacet
   facet normal -0.3461 0.9382 0.0000
      outer loop
         vertex -0.3110 -0.2024 -0.7329
         vertex -0.1560 -0.4700 -0.6269
         vertex -0.1560 -0.2024 -0.7329
      endloop
   endfacet
   facet normal 0.0000 0.0000 1.0000
      outer loop
         vertex 0.1560 -0.6628 -0.6340
         vertex 0.1560 -0.7302 -0.6340
         vertex 0.1560 -0.7567 -0.6111
      endloop
   endfacet
   facet normal 0.0000 0.0000 1.0000
      outer loop
         vertex 0.1560 -0.6628 -0.6340
         vertex 0.1560 -0.7567 -0.6111
         vertex 0.1560 -0.5362 -0.6111
      endloop
   endfacet
   facet normal 0.0000 0.0000 1.0000
      outer loop
         vertex 0.1560 -0.6628 -0.6340
         vertex 0.1560 -0.5362 -0.6111
         vertex 0.1560 -0.4700 -0.6269
      endloop
   endfacet
   facet normal 0.0000 0.0000 1.0000
      outer loop
         vertex 0.1560 -0.6628 -0.6340
         vertex 0.1560 -0.4700 -0.6269
         vertex 0.1560 -0.4500 -0.6670
      endloop
   endfacet
   facet normal 0.0000 0.0000 1.0000
      outer loop
         vertex 0.1560 -0.1849 -0.7678
         vertex 0.1560 -0.1929 -0.7684
         vertex 0.1560 -0.2024 -0.7329
      endloop
   endfacet
   facet normal 0.0000 0.0000 1.0000
      outer loop
         vertex 0.1560 -0.2024 -0.7329
         vertex 0.1560 -0.1929 -0.7684
         vertex 0.1560 -0.2174 -0.7620
      endloop
   endfacet
   facet normal 0.0000 0.0000 1.0000
      outer loop
         vertex 0.1560 -0.2024 -0.7329
         vertex 0.1560 -0.2174 -0.7620
         vertex 0.1560 -0.4700 -0.6269
      endloop
   endfacet
   facet normal 0.0000 0.0000 1.0000
      outer loop
         vertex 0.1560 -0.4700 -0.6269
         vertex 0.1560 -0.2174 -0.7620
         vertex 0.1560 -0.4500 -0.6670
      endloop
   endfacet
   facet normal 0.0000 0.0000 1.0000
      outer loop
         vertex 0.1560 -0.0349 -0.7329
         vertex 0.1560 -0.0349 -0.7437
         vertex 0.1560 -0.1849 -0.7678
      endloop
   endfacet
   facet normal 0.0000 0.0000 1.0000
      outer loop
         vertex 0.1560 -0.0349 -0.7329
         vertex 0.1560 -0.1849 -0.7678
         vertex 0.1560 -0.2024 -0.7329
      endloop
   endfacet
   facet normal 0.0000 1.0000 0.0000
      outer loop
         vertex 0.3110 -0.2024 -0.7329
         vertex 0.3110 -0.0349 -0.7329
         vertex 0.1560 -0.0349 -0.7329
      endloop
   endfacet
   facet normal 0.0000 1.0000 0.0000
      outer loop
         vertex 0.3110 -0.2024 -0.7329
         vertex 0.1560 -0.0349 -0.7329
         vertex 0.1560 -0.2024 -0.7329
      endloop
   endfacet
   facet normal -1.0000 0.0000 0.0000
      outer loop
         vertex 0.3110 -0.0349 -0.7329
         vertex 0.3110 -0.0349 -0.7437
         vertex 0.1560 -0.0349 -0.7437
      endloop
   endfacet
   facet normal -1.0000 0.0000 0.0000
      outer loop
         vertex 0.3110 -0.0349 -0.7329
         vertex 0.1560 -0.0349 -0.7437
         vertex 0.1560 -0.0349 -0.7329
      endloop
   endfacet
   facet normal 0.3419 -0.9397 0.0000
      outer loop
         vertex 0.1560 -0.4500 -0.6670
         vertex 0.1560 -0.2174 -0.7620
         vertex 0.3110 -0.2174 -0.7620
      endloop
   endfacet
   facet normal 0.3050 -0.9523 0.0000
      outer loop
         vertex 0.1560 -0.4500 -0.6670
         vertex 0.3110 -0.2174 -0.7620
         vertex 0.3110 -0.4500 -0.6670
      endloop
   endfacet
   facet normal 0.2000 -0.9798 0.0000
      outer loop
         vertex 0.3110 -0.1929 -0.7684
         vertex 0.3110 -0.2174 -0.7620
         vertex 0.1560 -0.2174 -0.7620
      endloop
   endfacet
   facet normal 0.1446 -0.9895 0.0000
      outer loop
         vertex 0.3110 -0.1929 -0.7684
         vertex 0.1560 -0.2174 -0.7620
         vertex 0.1560 -0.1929 -0.7684
      endloop
   endfacet
   facet normal 0.0320 -0.9995 0.0000
      outer loop
         vertex 0.3110 -0.1849 -0.7678
         vertex 0.3110 -0.1929 -0.7684
         vertex 0.1560 -0.1929 -0.7684
      endloop
   endfacet
   facet normal -0.0242 -0.9997 0.0000
      outer loop
         vertex 0.3110 -0.1849 -0.7678
         vertex 0.1560 -0.1929 -0.7684
         vertex 0.1560 -0.1849 -0.7678
      endloop
   endfacet
   facet normal -0.1587 -0.9873 0.0000
      outer loop
         vertex 0.3110 -0.0349 -0.7437
         vertex 0.3110 -0.1849 -0.7678
         vertex 0.1560 -0.1849 -0.7678
      endloop
   endfacet
   facet normal -0.1587 -0.9873 0.0000
      outer loop
         vertex 0.3110 -0.0349 -0.7437
         vertex 0.1560 -0.1849 -0.7678
         vertex 0.1560 -0.0349 -0.7437
      endloop
   endfacet
   facet normal 0.0000 -1.0000 0.0000
      outer loop
         vertex -0.3135 -0.0000 -0.7423
         vertex 0.3135 0.0000 -0.7423
         vertex 0.3135 -0.0265 -0.7423
      endloop
   endfacet
   facet normal 0.0000 -1.0000 0.0000
      outer loop
         vertex -0.3135 -0.0000 -0.7423
         vertex 0.3135 -0.0265 -0.7423
         vertex -0.3135 -0.0265 -0.7423
      endloop
   endfacet
   facet normal 0.0000 -1.0000 0.0000
      outer loop
         vertex 0.4725 0.0000 -0.8070
         vertex -0.4725 -0.0000 -0.8070
         vertex -0.4725 0.0715 -0.8070
      endloop
   endfacet
   facet normal 0.0000 -1.0000 0.0000
      outer loop
         vertex 0.4725 0.0000 -0.8070
         vertex -0.4725 0.0715 -0.8070
         vertex 0.4725 0.0715 -0.8070
      endloop
   endfacet
   facet normal -0.3237 0.9462 0.0000
      outer loop
         vertex 0.1560 -0.2024 -0.7329
         vertex 0.1560 -0.4700 -0.6269
         vertex 0.3110 -0.4700 -0.6269
      endloop
   endfacet
   facet normal -0.3461 0.9382 0.0000
      outer loop
         vertex 0.1560 -0.2024 -0.7329
         vertex 0.3110 -0.4700 -0.6269
         vertex 0.3110 -0.2024 -0.7329
      endloop
   endfacet
   facet normal 0.1915 -0.9815 0.0000
      outer loop
         vertex -0.1560 -0.4500 -0.6670
         vertex -0.1560 -0.6628 -0.6340
         vertex -0.3110 -0.6628 -0.6340
      endloop
   endfacet
   facet normal 0.2296 -0.9733 0.0000
      outer loop
         vertex -0.1560 -0.4500 -0.6670
         vertex -0.3110 -0.6628 -0.6340
         vertex -0.3110 -0.4500 -0.6670
      endloop
   endfacet
   facet normal -0.2783 0.9605 0.0000
      outer loop
         vertex -0.1560 -0.5362 -0.6111
         vertex -0.1560 -0.4700 -0.6269
         vertex -0.3110 -0.4700 -0.6269
      endloop
   endfacet
   facet normal -0.2554 0.9668 0.0000
      outer loop
         vertex -0.1560 -0.5362 -0.6111
         vertex -0.3110 -0.4700 -0.6269
         vertex -0.3110 -0.5362 -0.6111
      endloop
   endfacet
   facet normal 0.6534 -0.7570 0.0000
      outer loop
         vertex -0.1560 -0.7302 -0.6340
         vertex -0.1560 -0.7567 -0.6111
         vertex -0.3110 -0.7567 -0.6111
      endloop
   endfacet
   facet normal 0.6534 -0.7570 0.0000
      outer loop
         vertex -0.1560 -0.7302 -0.6340
         vertex -0.3110 -0.7567 -0.6111
         vertex -0.3110 -0.7302 -0.6340
      endloop
   endfacet
   facet normal 0.0000 -1.0000 0.0000
      outer loop
         vertex -0.3110 -0.7302 -0.6340
         vertex -0.3110 -0.6628 -0.6340
         vertex -0.1560 -0.6628 -0.6340
      endloop
   endfacet
   facet normal 0.0000 -1.0000 0.0000
      outer loop
         vertex -0.3110 -0.7302 -0.6340
         vertex -0.1560 -0.6628 -0.6340
         vertex -0.1560 -0.7302 -0.6340
      endloop
   endfacet
   facet normal 0.1915 -0.9815 0.0000
      outer loop
         vertex 0.3110 -0.4500 -0.6670
         vertex 0.3110 -0.6628 -0.6340
         vertex 0.1560 -0.6628 -0.6340
      endloop
   endfacet
   facet normal 0.2296 -0.9733 0.0000
      outer loop
         vertex 0.3110 -0.4500 -0.6670
         vertex 0.1560 -0.6628 -0.6340
         vertex 0.1560 -0.4500 -0.6670
      endloop
   endfacet
   facet normal -0.2783 0.9605 0.0000
      outer loop
         vertex 0.3110 -0.5362 -0.6111
         vertex 0.3110 -0.4700 -0.6269
         vertex 0.1560 -0.4700 -0.6269
      endloop
   endfacet
   facet normal -0.2554 0.9668 0.0000
      outer loop
         vertex 0.3110 -0.5362 -0.6111
         vertex 0.1560 -0.4700 -0.6269
         vertex 0.1560 -0.5362 -0.6111
      endloop
   endfacet
   facet normal 0.6534 -0.7570 0.0000
      outer loop
         vertex 0.1560 -0.7567 -0.6111
         vertex 0.1560 -0.7302 -0.6340
         vertex 0.3110 -0.7302 -0.6340
      endloop
   endfacet
   facet normal 0.6534 -0.7570 0.0000
      outer loop
         vertex 0.1560 -0.7567 -0.6111
         vertex 0.3110 -0.7302 -0.6340
         vertex 0.3110 -0.7567 -0.6111
      endloop
   endfacet
   facet normal 0.0000 -1.0000 0.0000
      outer loop
         vertex 0.1560 -0.7302 -0.6340
         vertex 0.1560 -0.6628 -0.6340
         vertex 0.3110 -0.6628 -0.6340
      endloop
   endfacet
   facet normal 0.0000 -1.0000 0.0000
      outer loop
         vertex 0.1560 -0.7302 -0.6340
         vertex 0.3110 -0.6628 -0.6340
         vertex 0.3110 -0.7302 -0.6340
      endloop
   endfacet
   facet normal 0.0000 1.0000 0.0000
      outer loop
         vertex -0.3110 -0.8008 0.5670
         vertex -0.3110 -1.2050 0.5670
         vertex -0.2376 -1.0905 0.5670
      endloop
   endfacet
   facet normal 0.0000 1.0000 0.0000
      outer loop
         vertex -0.3110 -0.8008 0.5670
         vertex -0.2376 -1.0905 0.5670
         vertex -0.2376 -1.0026 0.5670
      endloop
   endfacet
   facet normal 0.0000 1.0000 0.0000
      outer loop
         vertex -0.3110 -0.8008 0.5670
         vertex -0.2376 -1.0026 0.5670
         vertex -0.1550 -1.0026 0.5670
      endloop
   endfacet
   facet normal 0.0000 1.0000 0.0000
      outer loop
         vertex -0.3110 -0.8008 0.5670
         vertex -0.1550 -1.0026 0.5670
         vertex 0.1550 -1.0905 0.5670
      endloop
   endfacet
   facet normal 0.0000 1.0000 0.0000
      outer loop
         vertex -0.3110 -0.8008 0.5670
         vertex 0.1550 -1.0905 0.5670
         vertex 0.1550 -1.0026 0.5670
      endloop
   endfacet
   facet normal 0.0000 1.0000 0.0000
      outer loop
         vertex -0.3110 -0.8008 0.5670
         vertex 0.1550 -1.0026 0.5670
         vertex 0.2376 -1.0026 0.5670
      endloop
   endfacet
   facet normal 0.0000 1.0000 0.0000
      outer loop
         vertex -0.3110 -0.8008 0.5670
         vertex 0.2376 -1.0026 0.5670
         vertex 0.3110 -0.8008 0.5670
      endloop
   endfacet
   facet normal 0.0000 1.0000 0.0000
      outer loop
         vertex -0.3110 -1.2050 0.5670
         vertex 0.3110 -1.2050 0.5670
         vertex 0.2376 -1.0905 0.5670
      endloop
   endfacet
   facet normal 0.0000 1.0000 0.0000
      outer loop
         vertex -0.3110 -1.2050 0.5670
         vertex 0.2376 -1.0905 0.5670
         vertex 0.1550 -1.0905 0.5670
      endloop
   endfacet
   facet normal 0.0000 1.0000 0.0000
      outer loop
         vertex -0.3110 -1.2050 0.5670
         vertex 0.1550 -1.0905 0.5670
         vertex -0.1550 -1.0905 0.5670
      endloop
   endfacet
   facet normal 0.0000 1.0000 0.0000
      outer loop
         vertex -0.3110 -1.2050 0.5670
         vertex -0.1550 -1.0905 0.5670
         vertex -0.2376 -1.0905 0.5670
      endloop
   endfacet
   facet normal 0.0000 1.0000 0.0000
      outer loop
         vertex 0.3110 -1.2050 0.5670
         vertex 0.3110 -0.8008 0.5670
         vertex 0.2376 -1.0026 0.5670
      endloop
   endfacet
   facet normal 0.0000 1.0000 0.0000
      outer loop
         vertex 0.3110 -1.2050 0.5670
         vertex 0.2376 -1.0026 0.5670
         vertex 0.2376 -1.0905 0.5670
      endloop
   endfacet
   facet normal 0.0000 1.0000 0.0000
      outer loop
         vertex -0.1550 -1.0905 0.5670
         vertex 0.1550 -1.0905 0.5670
         vertex -0.1550 -1.0026 0.5670
      endloop
   endfacet
   facet normal 1.0000 -0.0000 0.0000
      outer loop
         vertex -0.3110 -1.2050 0.5670
         vertex -0.3110 -1.2050 0.0000
         vertex -0.1760 -1.2050 0.1239
      endloop
   endfacet
   facet normal 1.0000 -0.0000 0.0000
      outer loop
         vertex -0.3110 -1.2050 0.5670
         vertex -0.1760 -1.2050 0.1239
         vertex -0.1029 -1.2050 0.2300
      endloop
   endfacet
   facet normal 1.0000 -0.0000 0.0000
      outer loop
         vertex -0.3110 -1.2050 0.5670
         vertex -0.1029 -1.2050 0.2300
         vertex -0.1188 -1.2050 0.2894
      endloop
   endfacet
   facet normal 1.0000 -0.0000 0.0000
      outer loop
         vertex -0.3110 -1.2050 0.5670
         vertex -0.1188 -1.2050 0.2894
         vertex -0.1188 -1.2050 0.4807
      endloop
   endfacet
   facet normal 1.0000 -0.0000 0.0000
      outer loop
         vertex -0.3110 -1.2050 0.5670
         vertex -0.1188 -1.2050 0.4807
         vertex 0.3110 -1.2050 0.5670
      endloop
   endfacet
   facet normal 1.0000 -0.0000 0.0000
      outer loop
         vertex 0.0000 -1.2050 0.1706
         vertex -0.0594 -1.2050 0.1865
         vertex 0.0917 -1.2050 0.1356
      endloop
   endfacet
   facet normal 1.0000 -0.0000 0.0000
      outer loop
         vertex 0.0000 -1.2050 0.1706
         vertex 0.0917 -1.2050 0.1356
         vertex 0.0948 -1.2050 0.1472
      endloop
   endfacet
   facet normal 1.0000 -0.0000 0.0000
      outer loop
         vertex 0.0000 -1.2050 0.1706
         vertex 0.0948 -1.2050 0.1472
         vertex 0.0917 -1.2050 0.1589
      endloop
   endfacet
   facet normal 1.0000 -0.0000 0.0000
      outer loop
         vertex 0.0000 -1.2050 0.1706
         vertex 0.0917 -1.2050 0.1589
         vertex 0.0831 -1.2050 0.1675
      endloop
   endfacet
   facet normal 1.0000 -0.0000 0.0000
      outer loop
         vertex 0.0000 -1.2050 0.1706
         vertex 0.0831 -1.2050 0.1675
         vertex 0.0714 -1.2050 0.1706
      endloop
   endfacet
   facet normal 1.0000 -0.0000 0.0000
      outer loop
         vertex -0.0594 -1.2050 0.1865
         vertex -0.1029 -1.2050 0.2300
         vertex -0.1760 -1.2050 0.1239
      endloop
   endfacet
   facet normal 1.0000 -0.0000 0.0000
      outer loop
         vertex -0.0594 -1.2050 0.1865
         vertex -0.1760 -1.2050 0.1239
         vertex 0.0831 -1.2050 0.1270
      endloop
   endfacet
   facet normal 1.0000 -0.0000 0.0000
      outer loop
         vertex -0.0594 -1.2050 0.1865
         vertex 0.0831 -1.2050 0.1270
         vertex 0.0917 -1.2050 0.1356
      endloop
   endfacet
   facet normal 1.0000 -0.0000 0.0000
      outer loop
         vertex 0.3110 -1.2050 0.5670
         vertex -0.1188 -1.2050 0.4807
         vertex 0.1757 -1.2050 0.4807
      endloop
   endfacet
   facet normal 1.0000 -0.0000 0.0000
      outer loop
         vertex 0.3110 -1.2050 0.5670
         vertex 0.1757 -1.2050 0.4807
         vertex 0.1757 -1.2050 0.0000
      endloop
   endfacet
   facet normal 1.0000 -0.0000 0.0000
      outer loop
         vertex 0.3110 -1.2050 0.5670
         vertex 0.1757 -1.2050 0.0000
         vertex 0.3110 -1.2050 0.0000
      endloop
   endfacet
   facet normal 1.0000 -0.0000 0.0000
      outer loop
         vertex 0.0831 -1.2050 0.1270
         vertex -0.1760 -1.2050 0.1239
         vertex 0.0714 -1.2050 0.1239
      endloop
   endfacet
   facet normal 1.0000 -0.0000 0.0000
      outer loop
         vertex -0.1760 -1.2050 0.1239
         vertex -0.3110 -1.2050 0.0000
         vertex -0.1760 -1.2050 0.0000
      endloop
   endfacet
   facet normal 0.0000 1.0000 0.0000
      outer loop
         vertex -0.2050 -0.9495 0.2039
         vertex -0.3110 -0.9495 0.2039
         vertex -0.3110 -1.0556 0.2039
      endloop
   endfacet
   facet normal 0.0000 1.0000 0.0000
      outer loop
         vertex 0.3110 -1.0556 0.2039
         vertex 0.3110 -0.9495 0.2039
         vertex 0.2050 -0.9495 0.2039
      endloop
   endfacet
   facet normal 0.0000 -0.6414 -0.7672
      outer loop
         vertex 0.0831 -1.1820 0.1270
         vertex 0.0917 -1.1820 0.1356
         vertex 0.0917 -1.2050 0.1356
      endloop
   endfacet
   facet normal 0.0000 -0.7672 -0.6414
      outer loop
         vertex 0.0831 -1.1820 0.1270
         vertex 0.0917 -1.2050 0.1356
         vertex 0.0831 -1.2050 0.1270
      endloop
   endfacet
   facet normal 0.0000 1.0000 0.0000
      outer loop
         vertex 0.0714 -1.1820 0.1706
         vertex 0.0000 -1.1820 0.1706
         vertex 0.0000 -1.2050 0.1706
      endloop
   endfacet
   facet normal 0.0000 1.0000 0.0000
      outer loop
         vertex 0.0714 -1.1820 0.1706
         vertex 0.0000 -1.2050 0.1706
         vertex 0.0714 -1.2050 0.1706
      endloop
   endfacet
   facet normal 0.0000 -1.0000 0.0000
      outer loop
         vertex -0.1760 -1.1820 0.1239
         vertex 0.0714 -1.1820 0.1239
         vertex 0.0714 -1.2050 0.1239
      endloop
   endfacet
   facet normal 0.0000 -1.0000 0.0000
      outer loop
         vertex -0.1760 -1.1820 0.1239
         vertex 0.0714 -1.2050 0.1239
         vertex -0.1760 -1.2050 0.1239
      endloop
   endfacet
   facet normal 0.0000 -0.9071 -0.4210
      outer loop
         vertex 0.0714 -1.1820 0.1239
         vertex 0.0831 -1.1820 0.1270
         vertex 0.0831 -1.2050 0.1270
      endloop
   endfacet
   facet normal 0.0000 -0.9405 -0.3399
      outer loop
         vertex 0.0714 -1.1820 0.1239
         vertex 0.0831 -1.2050 0.1270
         vertex 0.0714 -1.2050 0.1239
      endloop
   endfacet
   facet normal 0.0000 -0.1719 -0.9851
      outer loop
         vertex 0.0917 -1.1820 0.1356
         vertex 0.0948 -1.1820 0.1472
         vertex 0.0948 -1.2050 0.1472
      endloop
   endfacet
   facet normal 0.0000 -0.3437 -0.9391
      outer loop
         vertex 0.0917 -1.1820 0.1356
         vertex 0.0948 -1.2050 0.1472
         vertex 0.0917 -1.2050 0.1356
      endloop
   endfacet
   facet normal 0.0000 0.3437 -0.9391
      outer loop
         vertex 0.0948 -1.1820 0.1472
         vertex 0.0917 -1.1820 0.1589
         vertex 0.0917 -1.2050 0.1589
      endloop
   endfacet
   facet normal 0.0000 0.1719 -0.9851
      outer loop
         vertex 0.0948 -1.1820 0.1472
         vertex 0.0917 -1.2050 0.1589
         vertex 0.0948 -1.2050 0.1472
      endloop
   endfacet
   facet normal 0.0000 0.7672 -0.6414
      outer loop
         vertex 0.0917 -1.1820 0.1589
         vertex 0.0831 -1.1820 0.1675
         vertex 0.0831 -1.2050 0.1675
      endloop
   endfacet
   facet normal 0.0000 0.6414 -0.7672
      outer loop
         vertex 0.0917 -1.1820 0.1589
         vertex 0.0831 -1.2050 0.1675
         vertex 0.0917 -1.2050 0.1589
      endloop
   endfacet
   facet normal 0.0000 0.9405 -0.3399
      outer loop
         vertex 0.0831 -1.1820 0.1675
         vertex 0.0714 -1.1820 0.1706
         vertex 0.0714 -1.2050 0.1706
      endloop
   endfacet
   facet normal 0.0000 0.9071 -0.4210
      outer loop
         vertex 0.0831 -1.1820 0.1675
         vertex 0.0714 -1.2050 0.1706
         vertex 0.0831 -1.2050 0.1675
      endloop
   endfacet
   facet normal 0.0000 0.0000 -1.0000
      outer loop
         vertex -0.1760 -1.1820 0.0000
         vertex -0.1760 -1.1820 0.1239
         vertex -0.1760 -1.2050 0.1239
      endloop
   endfacet
   facet normal 0.0000 0.0000 -1.0000
      outer loop
         vertex -0.1760 -1.1820 0.0000
         vertex -0.1760 -1.2050 0.1239
         vertex -0.1760 -1.2050 0.0000
      endloop
   endfacet
   facet normal 0.0000 0.7672 -0.6414
      outer loop
         vertex -0.1029 -1.2050 0.2300
         vertex -0.0594 -1.2050 0.1865
         vertex -0.0594 -1.1820 0.1865
      endloop
   endfacet
   facet normal 0.0000 0.6414 -0.7672
      outer loop
         vertex -0.1029 -1.2050 0.2300
         vertex -0.0594 -1.1820 0.1865
         vertex -0.1029 -1.1820 0.2300
      endloop
   endfacet
   facet normal 0.0000 0.9071 -0.4210
      outer loop
         vertex 0.0000 -1.1820 0.1706
         vertex -0.0594 -1.1820 0.1865
         vertex -0.0594 -1.2050 0.1865
      endloop
   endfacet
   facet normal 0.0000 0.9405 -0.3399
      outer loop
         vertex 0.0000 -1.1820 0.1706
         vertex -0.0594 -1.2050 0.1865
         vertex 0.0000 -1.2050 0.1706
      endloop
   endfacet
   facet normal 0.0000 -1.0000 0.0000
      outer loop
         vertex -0.3110 -0.9495 0.3100
         vertex -0.2050 -0.9495 0.3100
         vertex -0.3110 -1.0556 0.3100
      endloop
   endfacet
   facet normal 0.0000 -1.0000 0.0000
      outer loop
         vertex 0.3110 -1.0556 0.3100
         vertex 0.2050 -0.9495 0.3100
         vertex 0.3110 -0.9495 0.3100
      endloop
   endfacet
   facet normal 1.0000 -0.0000 0.0000
      outer loop
         vertex 0.0000 -1.1820 -0.1706
         vertex -0.0594 -1.1820 -0.1865
         vertex 0.0714 -1.1820 -0.1706
      endloop
   endfacet
   facet normal 1.0000 -0.0000 0.0000
      outer loop
         vertex 0.0714 -1.1820 -0.1706
         vertex -0.0594 -1.1820 -0.1865
         vertex -0.1029 -1.1820 -0.2300
      endloop
   endfacet
   facet normal 1.0000 -0.0000 0.0000
      outer loop
         vertex 0.0714 -1.1820 -0.1706
         vertex -0.1029 -1.1820 -0.2300
         vertex 0.0831 -1.1820 -0.1675
      endloop
   endfacet
   facet normal 1.0000 -0.0000 0.0000
      outer loop
         vertex 0.0831 -1.1820 -0.1675
         vertex -0.1029 -1.1820 -0.2300
         vertex -0.1188 -1.1820 -0.2894
      endloop
   endfacet
   facet normal 1.0000 -0.0000 0.0000
      outer loop
         vertex 0.0831 -1.1820 -0.1675
         vertex -0.1188 -1.1820 -0.2894
         vertex -0.1188 -1.1820 -0.4807
      endloop
   endfacet
   facet normal 1.0000 -0.0000 0.0000
      outer loop
         vertex 0.0948 -1.1820 0.1472
         vertex 0.0917 -1.1820 0.1356
         vertex 0.1757 -1.1820 0.0000
      endloop
   endfacet
   facet normal 1.0000 -0.0000 0.0000
      outer loop
         vertex 0.1757 -1.1820 0.0000
         vertex 0.0917 -1.1820 0.1356
         vertex 0.0831 -1.1820 0.1270
      endloop
   endfacet
   facet normal 1.0000 -0.0000 0.0000
      outer loop
         vertex 0.1757 -1.1820 0.0000
         vertex 0.0831 -1.1820 0.1270
         vertex -0.1760 -1.1820 0.0000
      endloop
   endfacet
   facet normal 1.0000 -0.0000 0.0000
      outer loop
         vertex -0.1760 -1.1820 0.0000
         vertex 0.0831 -1.1820 0.1270
         vertex 0.0714 -1.1820 0.1239
      endloop
   endfacet
   facet normal 1.0000 -0.0000 0.0000
      outer loop
         vertex -0.1760 -1.1820 0.0000
         vertex 0.0714 -1.1820 0.1239
         vertex -0.1760 -1.1820 0.1239
      endloop
   endfacet
   facet normal 1.0000 -0.0000 0.0000
      outer loop
         vertex 0.1757 -1.1820 0.4807
         vertex -0.1188 -1.1820 0.4807
         vertex -0.1188 -1.1820 0.2894
      endloop
   endfacet
   facet normal 1.0000 -0.0000 0.0000
      outer loop
         vertex 0.1757 -1.1820 0.4807
         vertex -0.1188 -1.1820 0.2894
         vertex -0.1029 -1.1820 0.2300
      endloop
   endfacet
   facet normal 1.0000 -0.0000 0.0000
      outer loop
         vertex 0.1757 -1.1820 0.4807
         vertex -0.1029 -1.1820 0.2300
         vertex -0.0594 -1.1820 0.1865
      endloop
   endfacet
   facet normal 1.0000 -0.0000 0.0000
      outer loop
         vertex 0.1757 -1.1820 0.4807
         vertex -0.0594 -1.1820 0.1865
         vertex 0.0000 -1.1820 0.1706
      endloop
   endfacet
   facet normal 1.0000 -0.0000 0.0000
      outer loop
         vertex 0.1757 -1.1820 0.4807
         vertex 0.0000 -1.1820 0.1706
         vertex 0.0714 -1.1820 0.1706
      endloop
   endfacet
   facet normal 1.0000 -0.0000 0.0000
      outer loop
         vertex 0.1757 -1.1820 0.4807
         vertex 0.0714 -1.1820 0.1706
         vertex 0.0831 -1.1820 0.1675
      endloop
   endfacet
   facet normal 1.0000 -0.0000 0.0000
      outer loop
         vertex 0.1757 -1.1820 0.4807
         vertex 0.0831 -1.1820 0.1675
         vertex 0.0917 -1.1820 0.1589
      endloop
   endfacet
   facet normal 1.0000 -0.0000 0.0000
      outer loop
         vertex 0.1757 -1.1820 0.4807
         vertex 0.0917 -1.1820 0.1589
         vertex 0.0948 -1.1820 0.1472
      endloop
   endfacet
   facet normal 1.0000 -0.0000 0.0000
      outer loop
         vertex 0.1757 -1.1820 0.4807
         vertex 0.0948 -1.1820 0.1472
         vertex 0.1757 -1.1820 0.0000
      endloop
   endfacet
   facet normal 1.0000 -0.0000 0.0000
      outer loop
         vertex 0.1757 -1.1820 0.0000
         vertex -0.1760 -1.1820 0.0000
         vertex -0.1760 -1.1820 -0.1239
      endloop
   endfacet
   facet normal 1.0000 -0.0000 0.0000
      outer loop
         vertex 0.1757 -1.1820 0.0000
         vertex -0.1760 -1.1820 -0.1239
         vertex 0.0714 -1.1820 -0.1239
      endloop
   endfacet
   facet normal 1.0000 -0.0000 0.0000
      outer loop
         vertex 0.1757 -1.1820 0.0000
         vertex 0.0714 -1.1820 -0.1239
         vertex 0.0831 -1.1820 -0.1270
      endloop
   endfacet
   facet normal 1.0000 -0.0000 0.0000
      outer loop
         vertex 0.1757 -1.1820 0.0000
         vertex 0.0831 -1.1820 -0.1270
         vertex 0.0917 -1.1820 -0.1356
      endloop
   endfacet
   facet normal 1.0000 -0.0000 0.0000
      outer loop
         vertex 0.1757 -1.1820 0.0000
         vertex 0.0917 -1.1820 -0.1356
         vertex 0.0948 -1.1820 -0.1472
      endloop
   endfacet
   facet normal 1.0000 -0.0000 0.0000
      outer loop
         vertex 0.1757 -1.1820 0.0000
         vertex 0.0948 -1.1820 -0.1472
         vertex 0.0917 -1.1820 -0.1589
      endloop
   endfacet
   facet normal 1.0000 -0.0000 0.0000
      outer loop
         vertex 0.1757 -1.1820 0.0000
         vertex 0.0917 -1.1820 -0.1589
         vertex 0.1757 -1.1820 -0.4807
      endloop
   endfacet
   facet normal 1.0000 -0.0000 0.0000
      outer loop
         vertex -0.1188 -1.1820 -0.4807
         vertex 0.1757 -1.1820 -0.4807
         vertex 0.0917 -1.1820 -0.1589
      endloop
   endfacet
   facet normal 1.0000 -0.0000 0.0000
      outer loop
         vertex -0.1188 -1.1820 -0.4807
         vertex 0.0917 -1.1820 -0.1589
         vertex 0.0831 -1.1820 -0.1675
      endloop
   endfacet
   facet normal 0.0000 0.0000 -1.0000
      outer loop
         vertex -0.1188 -1.2050 0.4807
         vertex -0.1188 -1.2050 0.2894
         vertex -0.1188 -1.1820 0.2894
      endloop
   endfacet
   facet normal 0.0000 0.0000 -1.0000
      outer loop
         vertex -0.1188 -1.2050 0.4807
         vertex -0.1188 -1.1820 0.2894
         vertex -0.1188 -1.1820 0.4807
      endloop
   endfacet
   facet normal 0.0000 -1.0000 0.0000
      outer loop
         vertex -0.1188 -1.1820 0.4807
         vertex 0.1757 -1.1820 0.4807
         vertex 0.1757 -1.2050 0.4807
      endloop
   endfacet
   facet normal 0.0000 -1.0000 0.0000
      outer loop
         vertex -0.1188 -1.1820 0.4807
         vertex 0.1757 -1.2050 0.4807
         vertex -0.1188 -1.2050 0.4807
      endloop
   endfacet
   facet normal 0.0000 0.0000 1.0000
      outer loop
         vertex 0.1757 -1.1820 0.4807
         vertex 0.1757 -1.1820 0.0000
         vertex 0.1757 -1.2050 0.0000
      endloop
   endfacet
   facet normal 0.0000 0.0000 1.0000
      outer loop
         vertex 0.1757 -1.1820 0.4807
         vertex 0.1757 -1.2050 0.0000
         vertex 0.1757 -1.2050 0.4807
      endloop
   endfacet
   facet normal 1.0000 -0.0000 0.0000
      outer loop
         vertex -0.3110 -0.9495 0.2039
         vertex -0.2050 -0.9495 0.2039
         vertex -0.2050 -0.9495 0.3100
      endloop
   endfacet
   facet normal 1.0000 -0.0000 0.0000
      outer loop
         vertex -0.3110 -0.9495 0.2039
         vertex -0.2050 -0.9495 0.3100
         vertex -0.3110 -0.9495 0.3100
      endloop
   endfacet
   facet normal 1.0000 -0.0000 0.0000
      outer loop
         vertex 0.2050 -0.9495 0.2039
         vertex 0.3110 -0.9495 0.2039
         vertex 0.3110 -0.9495 0.3100
      endloop
   endfacet
   facet normal 1.0000 -0.0000 0.0000
      outer loop
         vertex 0.2050 -0.9495 0.2039
         vertex 0.3110 -0.9495 0.3100
         vertex 0.2050 -0.9495 0.3100
      endloop
   endfacet
   facet normal -0.7071 0.0000 -0.7071
      outer loop
         vertex 0.3110 -1.0556 0.2039
         vertex 0.2050 -0.9495 0.2039
         vertex 0.2050 -0.9495 0.3100
      endloop
   endfacet
   facet normal -0.7071 0.0000 -0.7071
      outer loop
         vertex 0.3110 -1.0556 0.2039
         vertex 0.2050 -0.9495 0.3100
         vertex 0.3110 -1.0556 0.3100
      endloop
   endfacet
   facet normal -0.7071 0.0000 0.7071
      outer loop
         vertex -0.2050 -0.9495 0.2039
         vertex -0.3110 -1.0556 0.2039
         vertex -0.3110 -1.0556 0.3100
      endloop
   endfacet
   facet normal -0.7071 0.0000 0.7071
      outer loop
         vertex -0.2050 -0.9495 0.2039
         vertex -0.3110 -1.0556 0.3100
         vertex -0.2050 -0.9495 0.3100
      endloop
   endfacet
   facet normal 0.0000 0.3399 -0.9405
      outer loop
         vertex -0.1029 -1.1820 0.2300
         vertex -0.1188 -1.1820 0.2894
         vertex -0.1188 -1.2050 0.2894
      endloop
   endfacet
   facet normal 0.0000 0.4210 -0.9071
      outer loop
         vertex -0.1029 -1.1820 0.2300
         vertex -0.1188 -1.2050 0.2894
         vertex -0.1029 -1.2050 0.2300
      endloop
   endfacet
   facet normal 0.7154 0.6987 0.0000
      outer loop
         vertex -0.1188 -0.3952 0.6111
         vertex 0.1188 -0.3952 0.6111
         vertex 0.1188 -0.3519 0.6555
      endloop
   endfacet
   facet normal 0.7154 0.6987 0.0000
      outer loop
         vertex -0.1188 -0.3952 0.6111
         vertex 0.1188 -0.3519 0.6555
         vertex -0.1188 -0.3519 0.6555
      endloop
   endfacet
   facet normal 0.0000 1.0000 0.0000
      outer loop
         vertex -0.1188 -0.3519 0.6555
         vertex 0.1188 -0.3519 0.6555
         vertex 0.0464 -0.1229 0.6555
      endloop
   endfacet
   facet normal 0.0000 1.0000 0.0000
      outer loop
         vertex -0.1188 -0.3519 0.6555
         vertex 0.0464 -0.1229 0.6555
         vertex -0.0464 -0.1229 0.6555
      endloop
   endfacet
   facet normal 0.0000 1.0000 0.0000
      outer loop
         vertex -0.1188 -0.3519 0.6555
         vertex -0.0464 -0.1229 0.6555
         vertex -0.1188 -0.1229 0.6555
      endloop
   endfacet
   facet normal 0.0000 1.0000 0.0000
      outer loop
         vertex 0.0464 -0.1229 0.6555
         vertex 0.1188 -0.3519 0.6555
         vertex 0.1188 -0.1229 0.6555
      endloop
   endfacet
   facet normal 0.0000 0.0000 -1.0000
      outer loop
         vertex -0.1560 -0.6628 0.6340
         vertex -0.1560 -0.7302 0.6340
         vertex -0.1560 -0.7567 0.6111
      endloop
   endfacet
   facet normal 0.0000 0.0000 -1.0000
      outer loop
         vertex -0.1560 -0.6628 0.6340
         vertex -0.1560 -0.7567 0.6111
         vertex -0.1560 -0.5362 0.6111
      endloop
   endfacet
   facet normal 0.0000 0.0000 -1.0000
      outer loop
         vertex -0.1560 -0.6628 0.6340
         vertex -0.1560 -0.5362 0.6111
         vertex -0.1560 -0.4700 0.6269
      endloop
   endfacet
   facet normal 0.0000 0.0000 -1.0000
      outer loop
         vertex -0.1560 -0.6628 0.6340
         vertex -0.1560 -0.4700 0.6269
         vertex -0.1560 -0.4500 0.6670
      endloop
   endfacet
   facet normal 0.0000 0.0000 -1.0000
      outer loop
         vertex -0.1560 -0.1849 0.7678
         vertex -0.1560 -0.1929 0.7684
         vertex -0.1560 -0.2024 0.7329
      endloop
   endfacet
   facet normal 0.0000 0.0000 -1.0000
      outer loop
         vertex -0.1560 -0.2024 0.7329
         vertex -0.1560 -0.1929 0.7684
         vertex -0.1560 -0.2174 0.7620
      endloop
   endfacet
   facet normal 0.0000 0.0000 -1.0000
      outer loop
         vertex -0.1560 -0.2024 0.7329
         vertex -0.1560 -0.2174 0.7620
         vertex -0.1560 -0.4700 0.6269
      endloop
   endfacet
   facet normal 0.0000 0.0000 -1.0000
      outer loop
         vertex -0.1560 -0.4700 0.6269
         vertex -0.1560 -0.2174 0.7620
         vertex -0.1560 -0.4500 0.6670
      endloop
   endfacet
   facet normal 0.0000 0.0000 -1.0000
      outer loop
         vertex -0.1560 -0.0349 0.7329
         vertex -0.1560 -0.0349 0.7437
         vertex -0.1560 -0.1849 0.7678
      endloop
   endfacet
   facet normal 0.0000 0.0000 -1.0000
      outer loop
         vertex -0.1560 -0.0349 0.7329
         vertex -0.1560 -0.1849 0.7678
         vertex -0.1560 -0.2024 0.7329
      endloop
   endfacet
   facet normal 0.0000 -1.0000 0.0000
      outer loop
         vertex -0.3110 -0.2024 0.7329
         vertex -0.3110 -0.0349 0.7329
         vertex -0.1560 -0.0349 0.7329
      endloop
   endfacet
   facet normal 0.0000 -1.0000 0.0000
      outer loop
         vertex -0.3110 -0.2024 0.7329
         vertex -0.1560 -0.0349 0.7329
         vertex -0.1560 -0.2024 0.7329
      endloop
   endfacet
   facet normal -1.0000 0.0000 0.0000
      outer loop
         vertex -0.1560 -0.0349 0.7437
         vertex -0.1560 -0.0349 0.7329
         vertex -0.3110 -0.0349 0.7329
      endloop
   endfacet
   facet normal -1.0000 0.0000 0.0000
      outer loop
         vertex -0.1560 -0.0349 0.7437
         vertex -0.3110 -0.0349 0.7329
         vertex -0.3110 -0.0349 0.7437
      endloop
   endfacet
   facet normal -0.1587 0.9873 0.0000
      outer loop
         vertex -0.1560 -0.1849 0.7678
         vertex -0.1560 -0.0349 0.7437
         vertex -0.3110 -0.0349 0.7437
      endloop
   endfacet
   facet normal -0.1587 0.9873 0.0000
      outer loop
         vertex -0.1560 -0.1849 0.7678
         vertex -0.3110 -0.0349 0.7437
         vertex -0.3110 -0.1849 0.7678
      endloop
   endfacet
   facet normal -0.0242 0.9997 0.0000
      outer loop
         vertex -0.1560 -0.1929 0.7684
         vertex -0.1560 -0.1849 0.7678
         vertex -0.3110 -0.1849 0.7678
      endloop
   endfacet
   facet normal 0.0320 0.9995 0.0000
      outer loop
         vertex -0.1560 -0.1929 0.7684
         vertex -0.3110 -0.1849 0.7678
         vertex -0.3110 -0.1929 0.7684
      endloop
   endfacet
   facet normal 0.1446 0.9895 0.0000
      outer loop
         vertex -0.1560 -0.2174 0.7620
         vertex -0.1560 -0.1929 0.7684
         vertex -0.3110 -0.1929 0.7684
      endloop
   endfacet
   facet normal 0.2000 0.9798 0.0000
      outer loop
         vertex -0.1560 -0.2174 0.7620
         vertex -0.3110 -0.1929 0.7684
         vertex -0.3110 -0.2174 0.7620
      endloop
   endfacet
   facet normal 0.3419 0.9397 0.0000
      outer loop
         vertex -0.1560 -0.4500 0.6670
         vertex -0.1560 -0.2174 0.7620
         vertex -0.3110 -0.2174 0.7620
      endloop
   endfacet
   facet normal 0.3050 0.9523 0.0000
      outer loop
         vertex -0.1560 -0.4500 0.6670
         vertex -0.3110 -0.2174 0.7620
         vertex -0.3110 -0.4500 0.6670
      endloop
   endfacet
   facet normal -0.3237 -0.9462 0.0000
      outer loop
         vertex -0.1560 -0.2024 0.7329
         vertex -0.1560 -0.4700 0.6269
         vertex -0.3110 -0.4700 0.6269
      endloop
   endfacet
   facet normal -0.3461 -0.9382 0.0000
      outer loop
         vertex -0.1560 -0.2024 0.7329
         vertex -0.3110 -0.4700 0.6269
         vertex -0.3110 -0.2024 0.7329
      endloop
   endfacet
   facet normal 0.0000 0.0000 1.0000
      outer loop
         vertex 0.1560 -0.6628 0.6340
         vertex 0.1560 -0.4500 0.6670
         vertex 0.1560 -0.4700 0.6269
      endloop
   endfacet
   facet normal 0.0000 0.0000 1.0000
      outer loop
         vertex 0.1560 -0.6628 0.6340
         vertex 0.1560 -0.4700 0.6269
         vertex 0.1560 -0.5362 0.6111
      endloop
   endfacet
   facet normal 0.0000 0.0000 1.0000
      outer loop
         vertex 0.1560 -0.6628 0.6340
         vertex 0.1560 -0.5362 0.6111
         vertex 0.1560 -0.7567 0.6111
      endloop
   endfacet
   facet normal 0.0000 0.0000 1.0000
      outer loop
         vertex 0.1560 -0.6628 0.6340
         vertex 0.1560 -0.7567 0.6111
         vertex 0.1560 -0.7302 0.6340
      endloop
   endfacet
   facet normal 0.0000 0.0000 1.0000
      outer loop
         vertex 0.1560 -0.2174 0.7620
         vertex 0.1560 -0.1929 0.7684
         vertex 0.1560 -0.2024 0.7329
      endloop
   endfacet
   facet normal 0.0000 0.0000 1.0000
      outer loop
         vertex 0.1560 -0.2174 0.7620
         vertex 0.1560 -0.2024 0.7329
         vertex 0.1560 -0.4700 0.6269
      endloop
   endfacet
   facet normal 0.0000 0.0000 1.0000
      outer loop
         vertex 0.1560 -0.2174 0.7620
         vertex 0.1560 -0.4700 0.6269
         vertex 0.1560 -0.4500 0.6670
      endloop
   endfacet
   facet normal 0.0000 0.0000 1.0000
      outer loop
         vertex 0.1560 -0.2024 0.7329
         vertex 0.1560 -0.1929 0.7684
         vertex 0.1560 -0.1849 0.7678
      endloop
   endfacet
   facet normal 0.0000 0.0000 1.0000
      outer loop
         vertex 0.1560 -0.2024 0.7329
         vertex 0.1560 -0.1849 0.7678
         vertex 0.1560 -0.0349 0.7437
      endloop
   endfacet
   facet normal 0.0000 0.0000 1.0000
      outer loop
         vertex 0.1560 -0.2024 0.7329
         vertex 0.1560 -0.0349 0.7437
         vertex 0.1560 -0.0349 0.7329
      endloop
   endfacet
   facet normal 0.0000 -1.0000 0.0000
      outer loop
         vertex 0.1560 -0.2024 0.7329
         vertex 0.1560 -0.0349 0.7329
         vertex 0.3110 -0.0349 0.7329
      endloop
   endfacet
   facet normal 0.0000 -1.0000 0.0000
      outer loop
         vertex 0.1560 -0.2024 0.7329
         vertex 0.3110 -0.0349 0.7329
         vertex 0.3110 -0.2024 0.7329
      endloop
   endfacet
   facet normal -1.0000 0.0000 0.0000
      outer loop
         vertex 0.3110 -0.0349 0.7437
         vertex 0.3110 -0.0349 0.7329
         vertex 0.1560 -0.0349 0.7329
      endloop
   endfacet
   facet normal -1.0000 0.0000 0.0000
      outer loop
         vertex 0.3110 -0.0349 0.7437
         vertex 0.1560 -0.0349 0.7329
         vertex 0.1560 -0.0349 0.7437
      endloop
   endfacet
   facet normal -0.1587 0.9873 0.0000
      outer loop
         vertex 0.3110 -0.1849 0.7678
         vertex 0.3110 -0.0349 0.7437
         vertex 0.1560 -0.0349 0.7437
      endloop
   endfacet
   facet normal -0.1587 0.9873 0.0000
      outer loop
         vertex 0.3110 -0.1849 0.7678
         vertex 0.1560 -0.0349 0.7437
         vertex 0.1560 -0.1849 0.7678
      endloop
   endfacet
   facet normal -0.0242 0.9997 0.0000
      outer loop
         vertex 0.3110 -0.1929 0.7684
         vertex 0.3110 -0.1849 0.7678
         vertex 0.1560 -0.1849 0.7678
      endloop
   endfacet
   facet normal 0.0320 0.9995 0.0000
      outer loop
         vertex 0.3110 -0.1929 0.7684
         vertex 0.1560 -0.1849 0.7678
         vertex 0.1560 -0.1929 0.7684
      endloop
   endfacet
   facet normal 0.1446 0.9895 0.0000
      outer loop
         vertex 0.3110 -0.2174 0.7620
         vertex 0.3110 -0.1929 0.7684
         vertex 0.1560 -0.1929 0.7684
      endloop
   endfacet
   facet normal 0.2000 0.9798 0.0000
      outer loop
         vertex 0.3110 -0.2174 0.7620
         vertex 0.1560 -0.1929 0.7684
         vertex 0.1560 -0.2174 0.7620
      endloop
   endfacet
   facet normal 0.3050 0.9523 0.0000
      outer loop
         vertex 0.1560 -0.2174 0.7620
         vertex 0.1560 -0.4500 0.6670
         vertex 0.3110 -0.4500 0.6670
      endloop
   endfacet
   facet normal 0.3419 0.9397 0.0000
      outer loop
         vertex 0.1560 -0.2174 0.7620
         vertex 0.3110 -0.4500 0.6670
         vertex 0.3110 -0.2174 0.7620
      endloop
   endfacet
   facet normal 0.0000 1.0000 0.0000
      outer loop
         vertex -0.3135 -0.0265 0.7423
         vertex 0.3135 -0.0265 0.7423
         vertex 0.3135 0.0000 0.7423
      endloop
   endfacet
   facet normal 0.0000 1.0000 0.0000
      outer loop
         vertex -0.3135 -0.0265 0.7423
         vertex 0.3135 0.0000 0.7423
         vertex -0.3135 -0.0000 0.7423
      endloop
   endfacet
   facet normal 0.0000 1.0000 0.0000
      outer loop
         vertex -0.4725 -0.0000 0.8070
         vertex 0.4725 0.0000 0.8070
         vertex 0.4725 0.0715 0.8070
      endloop
   endfacet
   facet normal 0.0000 1.0000 0.0000
      outer loop
         vertex -0.4725 -0.0000 0.8070
         vertex 0.4725 0.0715 0.8070
         vertex -0.4725 0.0715 0.8070
      endloop
   endfacet
   facet normal -0.3461 -0.9382 0.0000
      outer loop
         vertex 0.1560 -0.4700 0.6269
         vertex 0.1560 -0.2024 0.7329
         vertex 0.3110 -0.2024 0.7329
      endloop
   endfacet
   facet normal -0.3237 -0.9462 0.0000
      outer loop
         vertex 0.1560 -0.4700 0.6269
         vertex 0.3110 -0.2024 0.7329
         vertex 0.3110 -0.4700 0.6269
      endloop
   endfacet
   facet normal 0.0000 1.0000 0.0000
      outer loop
         vertex 0.1560 -0.7567 0.6111
         vertex 0.1188 -0.3952 0.6111
         vertex -0.1560 -0.7567 0.6111
      endloop
   endfacet
   facet normal 0.0000 1.0000 0.0000
      outer loop
         vertex -0.1560 -0.7567 0.6111
         vertex 0.1188 -0.3952 0.6111
         vertex -0.1188 -0.3952 0.6111
      endloop
   endfacet
   facet normal 0.0000 1.0000 0.0000
      outer loop
         vertex -0.1560 -0.7567 0.6111
         vertex -0.1188 -0.3952 0.6111
         vertex -0.1560 -0.5362 0.6111
      endloop
   endfacet
   facet normal 0.0000 1.0000 0.0000
      outer loop
         vertex -0.1560 -0.5362 0.6111
         vertex -0.1188 -0.3952 0.6111
         vertex -0.3110 -0.3952 0.6111
      endloop
   endfacet
   facet normal 0.0000 1.0000 0.0000
      outer loop
         vertex -0.1560 -0.5362 0.6111
         vertex -0.3110 -0.3952 0.6111
         vertex -0.3110 -0.5362 0.6111
      endloop
   endfacet
   facet normal 0.0000 1.0000 0.0000
      outer loop
         vertex 0.1188 -0.3952 0.6111
         vertex 0.1560 -0.7567 0.6111
         vertex 0.1560 -0.5362 0.6111
      endloop
   endfacet
   facet normal 0.0000 1.0000 0.0000
      outer loop
         vertex 0.1188 -0.3952 0.6111
         vertex 0.1560 -0.5362 0.6111
         vertex 0.3110 -0.5362 0.6111
      endloop
   endfacet
   facet normal 0.0000 1.0000 0.0000
      outer loop
         vertex 0.1188 -0.3952 0.6111
         vertex 0.3110 -0.5362 0.6111
         vertex 0.3110 -0.3952 0.6111
      endloop
   endfacet
   facet normal 0.7071 0.7071 0.0000
      outer loop
         vertex -0.3110 -0.8008 0.5670
         vertex 0.3110 -0.8008 0.5670
         vertex 0.3110 -0.7567 0.6111
      endloop
   endfacet
   facet normal 0.7071 0.7071 0.0000
      outer loop
         vertex -0.3110 -0.8008 0.5670
         vertex 0.3110 -0.7567 0.6111
         vertex 0.1560 -0.7567 0.6111
      endloop
   endfacet
   facet normal 0.7071 0.7071 0.0000
      outer loop
         vertex -0.3110 -0.8008 0.5670
         vertex 0.1560 -0.7567 0.6111
         vertex -0.1560 -0.7567 0.6111
      endloop
   endfacet
   facet normal 0.7071 0.7071 0.0000
      outer loop
         vertex -0.3110 -0.8008 0.5670
         vertex -0.1560 -0.7567 0.6111
         vertex -0.3110 -0.7567 0.6111
      endloop
   endfacet
   facet normal 0.0000 0.0000 -1.0000
      outer loop
         vertex -0.1550 -1.0026 0.5670
         vertex -0.1550 -1.0026 0.5939
         vertex -0.1550 -1.0905 0.5670
      endloop
   endfacet
   facet normal 0.0000 0.0000 1.0000
      outer loop
         vertex -0.2376 -1.0026 0.5939
         vertex -0.2376 -1.0026 0.5670
         vertex -0.2376 -1.0905 0.5670
      endloop
   endfacet
   facet normal 0.2926 0.9562 0.0000
      outer loop
         vertex -0.1550 -1.0905 0.5670
         vertex -0.1550 -1.0026 0.5939
         vertex -0.2376 -1.0026 0.5939
      endloop
   endfacet
   facet normal 0.2926 0.9562 0.0000
      outer loop
         vertex -0.1550 -1.0905 0.5670
         vertex -0.2376 -1.0026 0.5939
         vertex -0.2376 -1.0905 0.5670
      endloop
   endfacet
   facet normal -1.0000 0.0000 0.0000
      outer loop
         vertex -0.1550 -1.0026 0.5939
         vertex -0.1550 -1.0026 0.5670
         vertex -0.2376 -1.0026 0.5670
      endloop
   endfacet
   facet normal -1.0000 0.0000 0.0000
      outer loop
         vertex -0.1550 -1.0026 0.5939
         vertex -0.2376 -1.0026 0.5670
         vertex -0.2376 -1.0026 0.5939
      endloop
   endfacet
   facet normal 0.0000 0.0000 -1.0000
      outer loop
         vertex 0.2376 -1.0026 0.5670
         vertex 0.2376 -1.0026 0.5939
         vertex 0.2376 -1.0905 0.5670
      endloop
   endfacet
   facet normal 0.0000 0.0000 1.0000
      outer loop
         vertex 0.1550 -1.0026 0.5939
         vertex 0.1550 -1.0026 0.5670
         vertex 0.1550 -1.0905 0.5670
      endloop
   endfacet
   facet normal 0.2926 0.9562 0.0000
      outer loop
         vertex 0.2376 -1.0905 0.5670
         vertex 0.2376 -1.0026 0.5939
         vertex 0.1550 -1.0026 0.5939
      endloop
   endfacet
   facet normal 0.2926 0.9562 0.0000
      outer loop
         vertex 0.2376 -1.0905 0.5670
         vertex 0.1550 -1.0026 0.5939
         vertex 0.1550 -1.0905 0.5670
      endloop
   endfacet
   facet normal -1.0000 0.0000 0.0000
      outer loop
         vertex 0.2376 -1.0026 0.5939
         vertex 0.2376 -1.0026 0.5670
         vertex 0.1550 -1.0026 0.5670
      endloop
   endfacet
   facet normal -1.0000 0.0000 0.0000
      outer loop
         vertex 0.2376 -1.0026 0.5939
         vertex 0.1550 -1.0026 0.5670
         vertex 0.1550 -1.0026 0.5939
      endloop
   endfacet
   facet normal 0.2296 0.9733 0.0000
      outer loop
         vertex -0.1560 -0.6628 0.6340
         vertex -0.1560 -0.4500 0.6670
         vertex -0.3110 -0.4500 0.6670
      endloop
   endfacet
   facet normal 0.1915 0.9815 0.0000
      outer loop
         vertex -0.1560 -0.6628 0.6340
         vertex -0.3110 -0.4500 0.6670
         vertex -0.3110 -0.6628 0.6340
      endloop
   endfacet
   facet normal 0.6534 0.7570 0.0000
      outer loop
         vertex -0.1560 -0.7567 0.6111
         vertex -0.1560 -0.7302 0.6340
         vertex -0.3110 -0.7302 0.6340
      endloop
   endfacet
   facet normal 0.6534 0.7570 0.0000
      outer loop
         vertex -0.1560 -0.7567 0.6111
         vertex -0.3110 -0.7302 0.6340
         vertex -0.3110 -0.7567 0.6111
      endloop
   endfacet
   facet normal -0.2554 -0.9668 0.0000
      outer loop
         vertex -0.1560 -0.4700 0.6269
         vertex -0.1560 -0.5362 0.6111
         vertex -0.3110 -0.5362 0.6111
      endloop
   endfacet
   facet normal -0.2783 -0.9605 0.0000
      outer loop
         vertex -0.1560 -0.4700 0.6269
         vertex -0.3110 -0.5362 0.6111
         vertex -0.3110 -0.4700 0.6269
      endloop
   endfacet
   facet normal 0.0000 1.0000 0.0000
      outer loop
         vertex -0.1560 -0.7302 0.6340
         vertex -0.1560 -0.6628 0.6340
         vertex -0.3110 -0.6628 0.6340
      endloop
   endfacet
   facet normal 0.0000 1.0000 0.0000
      outer loop
         vertex -0.1560 -0.7302 0.6340
         vertex -0.3110 -0.6628 0.6340
         vertex -0.3110 -0.7302 0.6340
      endloop
   endfacet
   facet normal 0.2296 0.9733 0.0000
      outer loop
         vertex 0.3110 -0.6628 0.6340
         vertex 0.3110 -0.4500 0.6670
         vertex 0.1560 -0.4500 0.6670
      endloop
   endfacet
   facet normal 0.1915 0.9815 0.0000
      outer loop
         vertex 0.3110 -0.6628 0.6340
         vertex 0.1560 -0.4500 0.6670
         vertex 0.1560 -0.6628 0.6340
      endloop
   endfacet
   facet normal 0.6534 0.7570 0.0000
      outer loop
         vertex 0.1560 -0.7302 0.6340
         vertex 0.1560 -0.7567 0.6111
         vertex 0.3110 -0.7567 0.6111
      endloop
   endfacet
   facet normal 0.6534 0.7570 0.0000
      outer loop
         vertex 0.1560 -0.7302 0.6340
         vertex 0.3110 -0.7567 0.6111
         vertex 0.3110 -0.7302 0.6340
      endloop
   endfacet
   facet normal -0.2554 -0.9668 0.0000
      outer loop
         vertex 0.3110 -0.4700 0.6269
         vertex 0.3110 -0.5362 0.6111
         vertex 0.1560 -0.5362 0.6111
      endloop
   endfacet
   facet normal -0.2783 -0.9605 0.0000
      outer loop
         vertex 0.3110 -0.4700 0.6269
         vertex 0.1560 -0.5362 0.6111
         vertex 0.1560 -0.4700 0.6269
      endloop
   endfacet
   facet normal 0.0000 1.0000 0.0000
      outer loop
         vertex 0.3110 -0.7302 0.6340
         vertex 0.3110 -0.6628 0.6340
         vertex 0.1560 -0.6628 0.6340
      endloop
   endfacet
   facet normal 0.0000 1.0000 0.0000
      outer loop
         vertex 0.3110 -0.7302 0.6340
         vertex 0.1560 -0.6628 0.6340
         vertex 0.1560 -0.7302 0.6340
      endloop
   endfacet
   facet normal 1.0000 -0.0000 0.0000
      outer loop
         vertex 0.4725 0.0000 0.8070
         vertex -0.4725 -0.0000 0.8070
         vertex -0.3135 -0.0000 0.7423
      endloop
   endfacet
   facet normal 1.0000 -0.0000 0.0000
      outer loop
         vertex 0.4725 0.0000 0.8070
         vertex -0.3135 -0.0000 0.7423
         vertex 0.3135 0.0000 0.7423
      endloop
   endfacet
   facet normal 1.0000 -0.0000 0.0000
      outer loop
         vertex 0.4725 0.0000 0.8070
         vertex 0.3135 0.0000 0.7423
         vertex 0.3260 0.0000 0.7390
      endloop
   endfacet
   facet normal 1.0000 -0.0000 0.0000
      outer loop
         vertex 0.4725 0.0000 0.8070
         vertex 0.3260 0.0000 0.7390
         vertex 0.3352 0.0000 0.7298
      endloop
   endfacet
   facet normal 1.0000 -0.0000 0.0000
      outer loop
         vertex 0.4725 0.0000 0.8070
         vertex 0.3352 0.0000 0.7298
         vertex 0.3385 0.0000 0.7173
      endloop
   endfacet
   facet normal 1.0000 -0.0000 0.0000
      outer loop
         vertex 0.4725 0.0000 0.8070
         vertex 0.3385 0.0000 0.7173
         vertex 0.3385 0.0000 -0.7173
      endloop
   endfacet
   facet normal 1.0000 -0.0000 0.0000
      outer loop
         vertex 0.4725 0.0000 0.8070
         vertex 0.3385 0.0000 -0.7173
         vertex 0.4725 0.0000 -0.8070
      endloop
   endfacet
   facet normal 1.0000 -0.0000 0.0000
      outer loop
         vertex -0.4725 -0.0000 0.8070
         vertex -0.4725 -0.0000 -0.8070
         vertex -0.3385 -0.0000 -0.7173
      endloop
   endfacet
   facet normal 1.0000 -0.0000 0.0000
      outer loop
         vertex -0.4725 -0.0000 0.8070
         vertex -0.3385 -0.0000 -0.7173
         vertex -0.3385 -0.0000 0.7173
      endloop
   endfacet
   facet normal 1.0000 -0.0000 0.0000
      outer loop
         vertex -0.4725 -0.0000 0.8070
         vertex -0.3385 -0.0000 0.7173
         vertex -0.3352 -0.0000 0.7298
      endloop
   endfacet
   facet normal 1.0000 -0.0000 0.0000
      outer loop
         vertex -0.4725 -0.0000 0.8070
         vertex -0.3352 -0.0000 0.7298
         vertex -0.3260 -0.0000 0.7390
      endloop
   endfacet
   facet normal 1.0000 -0.0000 0.0000
      outer loop
         vertex -0.4725 -0.0000 0.8070
         vertex -0.3260 -0.0000 0.7390
         vertex -0.3135 -0.0000 0.7423
      endloop
   endfacet
   facet normal 1.0000 -0.0000 0.0000
      outer loop
         vertex -0.4725 -0.0000 -0.8070
         vertex 0.4725 0.0000 -0.8070
         vertex 0.3135 0.0000 -0.7423
      endloop
   endfacet
   facet normal 1.0000 -0.0000 0.0000
      outer loop
         vertex -0.4725 -0.0000 -0.8070
         vertex 0.3135 0.0000 -0.7423
         vertex -0.3135 -0.0000 -0.7423
      endloop
   endfacet
   facet normal 1.0000 -0.0000 0.0000
      outer loop
         vertex -0.4725 -0.0000 -0.8070
         vertex -0.3135 -0.0000 -0.7423
         vertex -0.3260 -0.0000 -0.7390
      endloop
   endfacet
   facet normal 1.0000 -0.0000 0.0000
      outer loop
         vertex -0.4725 -0.0000 -0.8070
         vertex -0.3260 -0.0000 -0.7390
         vertex -0.3352 -0.0000 -0.7298
      endloop
   endfacet
   facet normal 1.0000 -0.0000 0.0000
      outer loop
         vertex -0.4725 -0.0000 -0.8070
         vertex -0.3352 -0.0000 -0.7298
         vertex -0.3385 -0.0000 -0.7173
      endloop
   endfacet
   facet normal 1.0000 -0.0000 0.0000
      outer loop
         vertex 0.4725 0.0000 -0.8070
         vertex 0.3385 0.0000 -0.7173
         vertex 0.3352 0.0000 -0.7298
      endloop
   endfacet
   facet normal 1.0000 -0.0000 0.0000
      outer loop
         vertex 0.4725 0.0000 -0.8070
         vertex 0.3352 0.0000 -0.7298
         vertex 0.3260 0.0000 -0.7390
      endloop
   endfacet
   facet normal 1.0000 -0.0000 0.0000
      outer loop
         vertex 0.4725 0.0000 -0.8070
         vertex 0.3260 0.0000 -0.7390
         vertex 0.3135 0.0000 -0.7423
      endloop
   endfacet
   facet normal 0.0000 0.0000 1.0000
      outer loop
         vertex -0.3385 -0.0265 -0.7173
         vertex -0.3385 -0.0265 0.7173
         vertex -0.3385 -0.0000 0.7173
      endloop
   endfacet
   facet normal 0.0000 0.0000 1.0000
      outer loop
         vertex -0.3385 -0.0265 -0.7173
         vertex -0.3385 -0.0000 0.7173
         vertex -0.3385 -0.0000 -0.7173
      endloop
   endfacet
   facet normal 0.0000 -0.9405 0.3399
      outer loop
         vertex -0.3260 -0.0000 -0.7390
         vertex -0.3135 -0.0000 -0.7423
         vertex -0.3135 -0.0265 -0.7423
      endloop
   endfacet
   facet normal 0.0000 -0.9071 0.4210
      outer loop
         vertex -0.3260 -0.0000 -0.7390
         vertex -0.3135 -0.0265 -0.7423
         vertex -0.3260 -0.0265 -0.7390
      endloop
   endfacet
   facet normal 0.0000 -0.7672 0.6414
      outer loop
         vertex -0.3352 -0.0000 -0.7298
         vertex -0.3260 -0.0000 -0.7390
         vertex -0.3260 -0.0265 -0.7390
      endloop
   endfacet
   facet normal 0.0000 -0.6414 0.7672
      outer loop
         vertex -0.3352 -0.0000 -0.7298
         vertex -0.3260 -0.0265 -0.7390
         vertex -0.3352 -0.0265 -0.7298
      endloop
   endfacet
   facet normal 0.0000 -0.4210 0.9071
      outer loop
         vertex -0.3385 -0.0000 -0.7173
         vertex -0.3352 -0.0000 -0.7298
         vertex -0.3352 -0.0265 -0.7298
      endloop
   endfacet
   facet normal 0.0000 -0.3399 0.9405
      outer loop
         vertex -0.3385 -0.0000 -0.7173
         vertex -0.3352 -0.0265 -0.7298
         vertex -0.3385 -0.0265 -0.7173
      endloop
   endfacet
   facet normal 0.0000 0.3399 0.9405
      outer loop
         vertex -0.3352 -0.0000 0.7298
         vertex -0.3385 -0.0000 0.7173
         vertex -0.3385 -0.0265 0.7173
      endloop
   endfacet
   facet normal 0.0000 0.4210 0.9071
      outer loop
         vertex -0.3352 -0.0000 0.7298
         vertex -0.3385 -0.0265 0.7173
         vertex -0.3352 -0.0265 0.7298
      endloop
   endfacet
   facet normal 0.0000 0.6414 0.7672
      outer loop
         vertex -0.3260 -0.0000 0.7390
         vertex -0.3352 -0.0000 0.7298
         vertex -0.3352 -0.0265 0.7298
      endloop
   endfacet
   facet normal 0.0000 0.7672 0.6414
      outer loop
         vertex -0.3260 -0.0000 0.7390
         vertex -0.3352 -0.0265 0.7298
         vertex -0.3260 -0.0265 0.7390
      endloop
   endfacet
   facet normal 0.0000 0.9071 0.4210
      outer loop
         vertex -0.3135 -0.0000 0.7423
         vertex -0.3260 -0.0000 0.7390
         vertex -0.3260 -0.0265 0.7390
      endloop
   endfacet
   facet normal 0.0000 0.9405 0.3399
      outer loop
         vertex -0.3135 -0.0000 0.7423
         vertex -0.3260 -0.0265 0.7390
         vertex -0.3135 -0.0265 0.7423
      endloop
   endfacet
   facet normal 0.0000 -1.0000 0.0000
      outer loop
         vertex -0.3110 -0.0265 0.5579
         vertex -0.3110 -0.3868 0.5579
         vertex -0.3260 -0.3507 0.5579
      endloop
   endfacet
   facet normal 0.0000 -1.0000 0.0000
      outer loop
         vertex -0.3110 -0.0265 0.5579
         vertex -0.3260 -0.3507 0.5579
         vertex -0.3330 -0.1928 0.5579
      endloop
   endfacet
   facet normal 0.0000 -1.0000 0.0000
      outer loop
         vertex -0.3110 -0.0265 0.5579
         vertex -0.3330 -0.1928 0.5579
         vertex -0.3330 -0.0265 0.5579
      endloop
   endfacet
   facet normal 0.0000 1.0000 0.0000
      outer loop
         vertex -0.3110 -0.3868 0.6111
         vertex -0.3110 -0.0265 0.6111
         vertex -0.3330 -0.0265 0.6111
      endloop
   endfacet
   facet normal 0.0000 1.0000 0.0000
      outer loop
         vertex -0.3110 -0.3868 0.6111
         vertex -0.3330 -0.0265 0.6111
         vertex -0.3330 -0.1928 0.6111
      endloop
   endfacet
   facet normal 0.0000 1.0000 0.0000
      outer loop
         vertex -0.3110 -0.3868 0.6111
         vertex -0.3330 -0.1928 0.6111
         vertex -0.3260 -0.3507 0.6111
      endloop
   endfacet
   facet normal 0.3833 0.0000 0.9236
      outer loop
         vertex -0.3260 -0.3507 0.5579
         vertex -0.3110 -0.3868 0.5579
         vertex -0.3110 -0.3868 0.6111
      endloop
   endfacet
   facet normal 0.3833 0.0000 0.9236
      outer loop
         vertex -0.3260 -0.3507 0.5579
         vertex -0.3110 -0.3868 0.6111
         vertex -0.3260 -0.3507 0.6111
      endloop
   endfacet
   facet normal 0.0443 0.0000 0.9990
      outer loop
         vertex -0.3330 -0.1928 0.5579
         vertex -0.3260 -0.3507 0.5579
         vertex -0.3260 -0.3507 0.6111
      endloop
   endfacet
   facet normal 0.0443 0.0000 0.9990
      outer loop
         vertex -0.3330 -0.1928 0.5579
         vertex -0.3260 -0.3507 0.6111
         vertex -0.3330 -0.1928 0.6111
      endloop
   endfacet
   facet normal 0.0000 0.0000 1.0000
      outer loop
         vertex -0.3330 -0.1928 0.6111
         vertex -0.3330 -0.0265 0.6111
         vertex -0.3330 -0.0265 0.5579
      endloop
   endfacet
   facet normal 0.0000 0.0000 1.0000
      outer loop
         vertex -0.3330 -0.1928 0.6111
         vertex -0.3330 -0.0265 0.5579
         vertex -0.3330 -0.1928 0.5579
      endloop
   endfacet
   facet normal 0.0000 -1.0000 0.0000
      outer loop
         vertex -0.3110 -0.0265 -0.6111
         vertex -0.3110 -0.3868 -0.6111
         vertex -0.3260 -0.3507 -0.6111
      endloop
   endfacet
   facet normal 0.0000 -1.0000 0.0000
      outer loop
         vertex -0.3110 -0.0265 -0.6111
         vertex -0.3260 -0.3507 -0.6111
         vertex -0.3330 -0.1928 -0.6111
      endloop
   endfacet
   facet normal 0.0000 -1.0000 0.0000
      outer loop
         vertex -0.3110 -0.0265 -0.6111
         vertex -0.3330 -0.1928 -0.6111
         vertex -0.3330 -0.0265 -0.6111
      endloop
   endfacet
   facet normal 0.0000 1.0000 0.0000
      outer loop
         vertex -0.3110 -0.3868 -0.5579
         vertex -0.3110 -0.0265 -0.5579
         vertex -0.3330 -0.0265 -0.5579
      endloop
   endfacet
   facet normal 0.0000 1.0000 0.0000
      outer loop
         vertex -0.3110 -0.3868 -0.5579
         vertex -0.3330 -0.0265 -0.5579
         vertex -0.3330 -0.1928 -0.5579
      endloop
   endfacet
   facet normal 0.0000 1.0000 0.0000
      outer loop
         vertex -0.3110 -0.3868 -0.5579
         vertex -0.3330 -0.1928 -0.5579
         vertex -0.3260 -0.3507 -0.5579
      endloop
   endfacet
   facet normal 0.3833 0.0000 0.9236
      outer loop
         vertex -0.3260 -0.3507 -0.6111
         vertex -0.3110 -0.3868 -0.6111
         vertex -0.3110 -0.3868 -0.5579
      endloop
   endfacet
   facet normal 0.3833 0.0000 0.9236
      outer loop
         vertex -0.3260 -0.3507 -0.6111
         vertex -0.3110 -0.3868 -0.5579
         vertex -0.3260 -0.3507 -0.5579
      endloop
   endfacet
   facet normal 0.0443 0.0000 0.9990
      outer loop
         vertex -0.3330 -0.1928 -0.6111
         vertex -0.3260 -0.3507 -0.6111
         vertex -0.3260 -0.3507 -0.5579
      endloop
   endfacet
   facet normal 0.0443 0.0000 0.9990
      outer loop
         vertex -0.3330 -0.1928 -0.6111
         vertex -0.3260 -0.3507 -0.5579
         vertex -0.3330 -0.1928 -0.5579
      endloop
   endfacet
   facet normal 0.0000 0.0000 1.0000
      outer loop
         vertex -0.3330 -0.1928 -0.5579
         vertex -0.3330 -0.0265 -0.5579
         vertex -0.3330 -0.0265 -0.6111
      endloop
   endfacet
   facet normal 0.0000 0.0000 1.0000
      outer loop
         vertex -0.3330 -0.1928 -0.5579
         vertex -0.3330 -0.0265 -0.6111
         vertex -0.3330 -0.1928 -0.6111
      endloop
   endfacet
   facet normal 0.0000 0.0000 1.0000
      outer loop
         vertex -0.4725 0.0715 0.8070
         vertex -0.4725 0.0715 -0.8070
         vertex -0.4725 -0.0000 -0.8070
      endloop
   endfacet
   facet normal 0.0000 0.0000 1.0000
      outer loop
         vertex -0.4725 0.0715 0.8070
         vertex -0.4725 -0.0000 -0.8070
         vertex -0.4725 -0.0000 0.8070
      endloop
   endfacet
   facet normal -0.6654 0.0000 0.7465
      outer loop
         vertex -0.4489 0.0980 -0.7834
         vertex -0.4725 0.0715 -0.8070
         vertex -0.4725 0.0715 0.8070
      endloop
   endfacet
   facet normal -0.6654 0.0000 0.7465
      outer loop
         vertex -0.4489 0.0980 -0.7834
         vertex -0.4725 0.0715 0.8070
         vertex -0.4489 0.0980 0.7834
      endloop
   endfacet
   facet normal 1.0000 -0.0000 0.0000
      outer loop
         vertex 0.0464 -0.0265 -0.6730
         vertex -0.0464 -0.0265 -0.6730
         vertex -0.3385 -0.0265 -0.7173
      endloop
   endfacet
   facet normal 1.0000 -0.0000 0.0000
      outer loop
         vertex 0.0464 -0.0265 -0.6730
         vertex -0.3385 -0.0265 -0.7173
         vertex 0.3385 -0.0265 -0.7173
      endloop
   endfacet
   facet normal 1.0000 -0.0000 0.0000
      outer loop
         vertex 0.0464 -0.0265 -0.6730
         vertex 0.3385 -0.0265 -0.7173
         vertex 0.3330 -0.0265 -0.6111
      endloop
   endfacet
   facet normal 1.0000 -0.0000 0.0000
      outer loop
         vertex 0.0464 -0.0265 -0.6730
         vertex 0.3330 -0.0265 -0.6111
         vertex 0.1188 -0.0265 -0.6555
      endloop
   endfacet
   facet normal 1.0000 -0.0000 0.0000
      outer loop
         vertex 0.0464 -0.0265 -0.6730
         vertex 0.1188 -0.0265 -0.6555
         vertex 0.0464 -0.0265 -0.6555
      endloop
   endfacet
   facet normal 1.0000 -0.0000 0.0000
      outer loop
         vertex 0.3110 -0.0265 -0.6111
         vertex 0.1188 -0.0265 -0.6111
         vertex 0.1188 -0.0265 -0.6555
      endloop
   endfacet
   facet normal 1.0000 -0.0000 0.0000
      outer loop
         vertex 0.3110 -0.0265 -0.6111
         vertex 0.1188 -0.0265 -0.6555
         vertex 0.3330 -0.0265 -0.6111
      endloop
   endfacet
   facet normal 1.0000 -0.0000 0.0000
      outer loop
         vertex 0.3110 -0.0265 0.6111
         vertex 0.3330 -0.0265 0.6111
         vertex 0.3385 -0.0265 0.7173
      endloop
   endfacet
   facet normal 1.0000 -0.0000 0.0000
      outer loop
         vertex 0.3385 -0.0265 0.7173
         vertex 0.3330 -0.0265 0.6111
         vertex 0.3330 -0.0265 0.5579
      endloop
   endfacet
   facet normal 1.0000 -0.0000 0.0000
      outer loop
         vertex 0.3385 -0.0265 0.7173
         vertex 0.3330 -0.0265 0.5579
         vertex 0.3110 -0.0265 -0.5579
      endloop
   endfacet
   facet normal 1.0000 -0.0000 0.0000
      outer loop
         vertex 0.3110 -0.0265 -0.5579
         vertex 0.3330 -0.0265 0.5579
         vertex 0.3110 -0.0265 0.5579
      endloop
   endfacet
   facet normal 1.0000 -0.0000 0.0000
      outer loop
         vertex -0.0464 -0.0265 0.6730
         vertex 0.3385 -0.0265 0.7173
         vertex -0.3385 -0.0265 0.7173
      endloop
   endfacet
   facet normal 1.0000 -0.0000 0.0000
      outer loop
         vertex -0.3385 -0.0265 0.7173
         vertex 0.3385 -0.0265 0.7173
         vertex 0.3352 -0.0265 0.7298
      endloop
   endfacet
   facet normal 1.0000 -0.0000 0.0000
      outer loop
         vertex -0.3385 -0.0265 0.7173
         vertex 0.3352 -0.0265 0.7298
         vertex -0.3352 -0.0265 0.7298
      endloop
   endfacet
   facet normal 1.0000 -0.0000 0.0000
      outer loop
         vertex -0.3352 -0.0265 0.7298
         vertex 0.3352 -0.0265 0.7298
         vertex 0.3260 -0.0265 0.7390
      endloop
   endfacet
   facet normal 1.0000 -0.0000 0.0000
      outer loop
         vertex -0.3352 -0.0265 0.7298
         vertex 0.3260 -0.0265 0.7390
         vertex -0.3260 -0.0265 0.7390
      endloop
   endfacet
   facet normal 1.0000 -0.0000 0.0000
      outer loop
         vertex -0.3260 -0.0265 0.7390
         vertex 0.3260 -0.0265 0.7390
         vertex 0.3135 -0.0265 0.7423
      endloop
   endfacet
   facet normal 1.0000 -0.0000 0.0000
      outer loop
         vertex -0.3260 -0.0265 0.7390
         vertex 0.3135 -0.0265 0.7423
         vertex -0.3135 -0.0265 0.7423
      endloop
   endfacet
   facet normal 1.0000 -0.0000 0.0000
      outer loop
         vertex -0.3385 -0.0265 0.7173
         vertex -0.3385 -0.0265 -0.7173
         vertex -0.3330 -0.0265 -0.6111
      endloop
   endfacet
   facet normal 1.0000 -0.0000 0.0000
      outer loop
         vertex -0.3385 -0.0265 0.7173
         vertex -0.3330 -0.0265 -0.6111
         vertex -0.3330 -0.0265 -0.5579
      endloop
   endfacet
   facet normal 1.0000 -0.0000 0.0000
      outer loop
         vertex -0.3385 -0.0265 0.7173
         vertex -0.3330 -0.0265 -0.5579
         vertex -0.3330 -0.0265 0.5579
      endloop
   endfacet
   facet normal 1.0000 -0.0000 0.0000
      outer loop
         vertex -0.3385 -0.0265 0.7173
         vertex -0.3330 -0.0265 0.5579
         vertex -0.3330 -0.0265 0.6111
      endloop
   endfacet
   facet normal 1.0000 -0.0000 0.0000
      outer loop
         vertex -0.3385 -0.0265 0.7173
         vertex -0.3330 -0.0265 0.6111
         vertex -0.1188 -0.0265 0.6555
      endloop
   endfacet
   facet normal 1.0000 -0.0000 0.0000
      outer loop
         vertex -0.3385 -0.0265 0.7173
         vertex -0.1188 -0.0265 0.6555
         vertex -0.0464 -0.0265 0.6730
      endloop
   endfacet
   facet normal 1.0000 -0.0000 0.0000
      outer loop
         vertex -0.3330 -0.0265 -0.5579
         vertex -0.3110 -0.0265 -0.5579
         vertex -0.3110 -0.0265 0.5579
      endloop
   endfacet
   facet normal 1.0000 -0.0000 0.0000
      outer loop
         vertex -0.3330 -0.0265 -0.5579
         vertex -0.3110 -0.0265 0.5579
         vertex -0.3330 -0.0265 0.5579
      endloop
   endfacet
   facet normal 1.0000 -0.0000 0.0000
      outer loop
         vertex -0.1188 -0.0265 -0.6555
         vertex -0.1188 -0.0265 -0.6111
         vertex -0.3110 -0.0265 -0.6111
      endloop
   endfacet
   facet normal 1.0000 -0.0000 0.0000
      outer loop
         vertex -0.1188 -0.0265 -0.6555
         vertex -0.3110 -0.0265 -0.6111
         vertex -0.3330 -0.0265 -0.6111
      endloop
   endfacet
   facet normal 1.0000 -0.0000 0.0000
      outer loop
         vertex -0.1188 -0.0265 -0.6555
         vertex -0.3330 -0.0265 -0.6111
         vertex -0.0464 -0.0265 -0.6730
      endloop
   endfacet
   facet normal 1.0000 -0.0000 0.0000
      outer loop
         vertex -0.1188 -0.0265 -0.6555
         vertex -0.0464 -0.0265 -0.6730
         vertex -0.0464 -0.0265 -0.6555
      endloop
   endfacet
   facet normal 1.0000 -0.0000 0.0000
      outer loop
         vertex 0.3385 -0.0265 0.7173
         vertex -0.0464 -0.0265 0.6730
         vertex 0.0464 -0.0265 0.6730
      endloop
   endfacet
   facet normal 1.0000 -0.0000 0.0000
      outer loop
         vertex 0.3385 -0.0265 0.7173
         vertex 0.0464 -0.0265 0.6730
         vertex 0.0464 -0.0265 0.6555
      endloop
   endfacet
   facet normal 1.0000 -0.0000 0.0000
      outer loop
         vertex 0.3385 -0.0265 0.7173
         vertex 0.0464 -0.0265 0.6555
         vertex 0.1188 -0.0265 0.6555
      endloop
   endfacet
   facet normal 1.0000 -0.0000 0.0000
      outer loop
         vertex 0.3385 -0.0265 0.7173
         vertex 0.1188 -0.0265 0.6555
         vertex 0.1188 -0.0265 0.6111
      endloop
   endfacet
   facet normal 1.0000 -0.0000 0.0000
      outer loop
         vertex 0.3385 -0.0265 0.7173
         vertex 0.1188 -0.0265 0.6111
         vertex 0.3110 -0.0265 0.6111
      endloop
   endfacet
   facet normal 1.0000 -0.0000 0.0000
      outer loop
         vertex 0.3385 -0.0265 0.7173
         vertex 0.3110 -0.0265 -0.5579
         vertex 0.3330 -0.0265 -0.5579
      endloop
   endfacet
   facet normal 1.0000 -0.0000 0.0000
      outer loop
         vertex 0.3385 -0.0265 0.7173
         vertex 0.3330 -0.0265 -0.5579
         vertex 0.3330 -0.0265 -0.6111
      endloop
   endfacet
   facet normal 1.0000 -0.0000 0.0000
      outer loop
         vertex 0.3385 -0.0265 0.7173
         vertex 0.3330 -0.0265 -0.6111
         vertex 0.3385 -0.0265 -0.7173
      endloop
   endfacet
   facet normal 1.0000 -0.0000 0.0000
      outer loop
         vertex -0.3135 -0.0265 -0.7423
         vertex 0.3260 -0.0265 -0.7390
         vertex -0.3260 -0.0265 -0.7390
      endloop
   endfacet
   facet normal 1.0000 -0.0000 0.0000
      outer loop
         vertex -0.3260 -0.0265 -0.7390
         vertex 0.3260 -0.0265 -0.7390
         vertex 0.3352 -0.0265 -0.7298
      endloop
   endfacet
   facet normal 1.0000 -0.0000 0.0000
      outer loop
         vertex -0.3260 -0.0265 -0.7390
         vertex 0.3352 -0.0265 -0.7298
         vertex -0.3352 -0.0265 -0.7298
      endloop
   endfacet
   facet normal 1.0000 -0.0000 0.0000
      outer loop
         vertex -0.3352 -0.0265 -0.7298
         vertex 0.3352 -0.0265 -0.7298
         vertex 0.3385 -0.0265 -0.7173
      endloop
   endfacet
   facet normal 1.0000 -0.0000 0.0000
      outer loop
         vertex -0.3352 -0.0265 -0.7298
         vertex 0.3385 -0.0265 -0.7173
         vertex -0.3385 -0.0265 -0.7173
      endloop
   endfacet
   facet normal 1.0000 -0.0000 0.0000
      outer loop
         vertex -0.3110 -0.0265 0.6111
         vertex -0.1188 -0.0265 0.6111
         vertex -0.1188 -0.0265 0.6555
      endloop
   endfacet
   facet normal 1.0000 -0.0000 0.0000
      outer loop
         vertex -0.3110 -0.0265 0.6111
         vertex -0.1188 -0.0265 0.6555
         vertex -0.3330 -0.0265 0.6111
      endloop
   endfacet
   facet normal 1.0000 -0.0000 0.0000
      outer loop
         vertex -0.0464 -0.0265 0.6730
         vertex -0.1188 -0.0265 0.6555
         vertex -0.0464 -0.0265 0.6555
      endloop
   endfacet
   facet normal 1.0000 -0.0000 0.0000
      outer loop
         vertex 0.3260 -0.0265 -0.7390
         vertex -0.3135 -0.0265 -0.7423
         vertex 0.3135 -0.0265 -0.7423
      endloop
   endfacet
   facet normal 1.0000 -0.0000 0.0000
      outer loop
         vertex -0.3330 -0.0265 -0.6111
         vertex -0.3385 -0.0265 -0.7173
         vertex -0.0464 -0.0265 -0.6730
      endloop
   endfacet
   facet normal 0.0000 -0.3399 -0.9405
      outer loop
         vertex 0.3352 0.0000 -0.7298
         vertex 0.3385 0.0000 -0.7173
         vertex 0.3385 -0.0265 -0.7173
      endloop
   endfacet
   facet normal 0.0000 -0.4210 -0.9071
      outer loop
         vertex 0.3352 0.0000 -0.7298
         vertex 0.3385 -0.0265 -0.7173
         vertex 0.3352 -0.0265 -0.7298
      endloop
   endfacet
   facet normal 0.0000 -0.6414 -0.7672
      outer loop
         vertex 0.3260 0.0000 -0.7390
         vertex 0.3352 0.0000 -0.7298
         vertex 0.3352 -0.0265 -0.7298
      endloop
   endfacet
   facet normal 0.0000 -0.7672 -0.6414
      outer loop
         vertex 0.3260 0.0000 -0.7390
         vertex 0.3352 -0.0265 -0.7298
         vertex 0.3260 -0.0265 -0.7390
      endloop
   endfacet
   facet normal 0.0000 -0.9071 -0.4210
      outer loop
         vertex 0.3135 0.0000 -0.7423
         vertex 0.3260 0.0000 -0.7390
         vertex 0.3260 -0.0265 -0.7390
      endloop
   endfacet
   facet normal 0.0000 -0.9405 -0.3399
      outer loop
         vertex 0.3135 0.0000 -0.7423
         vertex 0.3260 -0.0265 -0.7390
         vertex 0.3135 -0.0265 -0.7423
      endloop
   endfacet
   facet normal 0.0000 0.7672 -0.6414
      outer loop
         vertex 0.3352 0.0000 0.7298
         vertex 0.3260 0.0000 0.7390
         vertex 0.3260 -0.0265 0.7390
      endloop
   endfacet
   facet normal 0.0000 0.6414 -0.7672
      outer loop
         vertex 0.3352 0.0000 0.7298
         vertex 0.3260 -0.0265 0.7390
         vertex 0.3352 -0.0265 0.7298
      endloop
   endfacet
   facet normal 0.0000 0.4210 -0.9071
      outer loop
         vertex 0.3385 0.0000 0.7173
         vertex 0.3352 0.0000 0.7298
         vertex 0.3352 -0.0265 0.7298
      endloop
   endfacet
   facet normal 0.0000 0.3399 -0.9405
      outer loop
         vertex 0.3385 0.0000 0.7173
         vertex 0.3352 -0.0265 0.7298
         vertex 0.3385 -0.0265 0.7173
      endloop
   endfacet
   facet normal 0.0000 0.0000 -1.0000
      outer loop
         vertex 0.3385 -0.0265 0.7173
         vertex 0.3385 -0.0265 -0.7173
         vertex 0.3385 0.0000 -0.7173
      endloop
   endfacet
   facet normal 0.0000 0.0000 -1.0000
      outer loop
         vertex 0.3385 -0.0265 0.7173
         vertex 0.3385 0.0000 -0.7173
         vertex 0.3385 0.0000 0.7173
      endloop
   endfacet
   facet normal 0.0000 0.9405 -0.3399
      outer loop
         vertex 0.3260 0.0000 0.7390
         vertex 0.3135 0.0000 0.7423
         vertex 0.3135 -0.0265 0.7423
      endloop
   endfacet
   facet normal 0.0000 0.9071 -0.4210
      outer loop
         vertex 0.3260 0.0000 0.7390
         vertex 0.3135 -0.0265 0.7423
         vertex 0.3260 -0.0265 0.7390
      endloop
   endfacet
   facet normal 0.0000 -1.0000 0.0000
      outer loop
         vertex 0.3110 -0.3868 0.5579
         vertex 0.3110 -0.0265 0.5579
         vertex 0.3330 -0.0265 0.5579
      endloop
   endfacet
   facet normal 0.0000 -1.0000 0.0000
      outer loop
         vertex 0.3110 -0.3868 0.5579
         vertex 0.3330 -0.0265 0.5579
         vertex 0.3330 -0.1928 0.5579
      endloop
   endfacet
   facet normal 0.0000 -1.0000 0.0000
      outer loop
         vertex 0.3110 -0.3868 0.5579
         vertex 0.3330 -0.1928 0.5579
         vertex 0.3260 -0.3507 0.5579
      endloop
   endfacet
   facet normal 0.0000 1.0000 0.0000
      outer loop
         vertex 0.3110 -0.0265 0.6111
         vertex 0.3110 -0.3868 0.6111
         vertex 0.3260 -0.3507 0.6111
      endloop
   endfacet
   facet normal 0.0000 1.0000 0.0000
      outer loop
         vertex 0.3110 -0.0265 0.6111
         vertex 0.3260 -0.3507 0.6111
         vertex 0.3330 -0.1928 0.6111
      endloop
   endfacet
   facet normal 0.0000 1.0000 0.0000
      outer loop
         vertex 0.3110 -0.0265 0.6111
         vertex 0.3330 -0.1928 0.6111
         vertex 0.3330 -0.0265 0.6111
      endloop
   endfacet
   facet normal 0.0000 0.0000 -1.0000
      outer loop
         vertex 0.3330 -0.1928 0.5579
         vertex 0.3330 -0.0265 0.5579
         vertex 0.3330 -0.0265 0.6111
      endloop
   endfacet
   facet normal 0.0000 0.0000 -1.0000
      outer loop
         vertex 0.3330 -0.1928 0.5579
         vertex 0.3330 -0.0265 0.6111
         vertex 0.3330 -0.1928 0.6111
      endloop
   endfacet
   facet normal 0.0443 0.0000 -0.9990
      outer loop
         vertex 0.3260 -0.3507 0.5579
         vertex 0.3330 -0.1928 0.5579
         vertex 0.3330 -0.1928 0.6111
      endloop
   endfacet
   facet normal 0.0443 0.0000 -0.9990
      outer loop
         vertex 0.3260 -0.3507 0.5579
         vertex 0.3330 -0.1928 0.6111
         vertex 0.3260 -0.3507 0.6111
      endloop
   endfacet
   facet normal 0.3833 0.0000 -0.9236
      outer loop
         vertex 0.3110 -0.3868 0.5579
         vertex 0.3260 -0.3507 0.5579
         vertex 0.3260 -0.3507 0.6111
      endloop
   endfacet
   facet normal 0.3833 0.0000 -0.9236
      outer loop
         vertex 0.3110 -0.3868 0.5579
         vertex 0.3260 -0.3507 0.6111
         vertex 0.3110 -0.3868 0.6111
      endloop
   endfacet
   facet normal 0.0000 -1.0000 0.0000
      outer loop
         vertex 0.3110 -0.3868 -0.6111
         vertex 0.3110 -0.0265 -0.6111
         vertex 0.3330 -0.0265 -0.6111
      endloop
   endfacet
   facet normal 0.0000 -1.0000 0.0000
      outer loop
         vertex 0.3110 -0.3868 -0.6111
         vertex 0.3330 -0.0265 -0.6111
         vertex 0.3330 -0.1928 -0.6111
      endloop
   endfacet
   facet normal 0.0000 -1.0000 0.0000
      outer loop
         vertex 0.3110 -0.3868 -0.6111
         vertex 0.3330 -0.1928 -0.6111
         vertex 0.3260 -0.3507 -0.6111
      endloop
   endfacet
   facet normal 0.0000 1.0000 0.0000
      outer loop
         vertex 0.3330 -0.1928 -0.5579
         vertex 0.3330 -0.0265 -0.5579
         vertex 0.3110 -0.0265 -0.5579
      endloop
   endfacet
   facet normal 0.0000 1.0000 0.0000
      outer loop
         vertex 0.3330 -0.1928 -0.5579
         vertex 0.3110 -0.0265 -0.5579
         vertex 0.3110 -0.3868 -0.5579
      endloop
   endfacet
   facet normal 0.0000 1.0000 0.0000
      outer loop
         vertex 0.3330 -0.1928 -0.5579
         vertex 0.3110 -0.3868 -0.5579
         vertex 0.3260 -0.3507 -0.5579
      endloop
   endfacet
   facet normal 0.0000 0.0000 -1.0000
      outer loop
         vertex 0.3330 -0.1928 -0.6111
         vertex 0.3330 -0.0265 -0.6111
         vertex 0.3330 -0.0265 -0.5579
      endloop
   endfacet
   facet normal 0.0000 0.0000 -1.0000
      outer loop
         vertex 0.3330 -0.1928 -0.6111
         vertex 0.3330 -0.0265 -0.5579
         vertex 0.3330 -0.1928 -0.5579
      endloop
   endfacet
   facet normal 0.0443 0.0000 -0.9990
      outer loop
         vertex 0.3260 -0.3507 -0.6111
         vertex 0.3330 -0.1928 -0.6111
         vertex 0.3330 -0.1928 -0.5579
      endloop
   endfacet
   facet normal 0.0443 0.0000 -0.9990
      outer loop
         vertex 0.3260 -0.3507 -0.6111
         vertex 0.3330 -0.1928 -0.5579
         vertex 0.3260 -0.3507 -0.5579
      endloop
   endfacet
   facet normal 0.3833 0.0000 -0.9236
      outer loop
         vertex 0.3110 -0.3868 -0.6111
         vertex 0.3260 -0.3507 -0.6111
         vertex 0.3260 -0.3507 -0.5579
      endloop
   endfacet
   facet normal 0.3833 0.0000 -0.9236
      outer loop
         vertex 0.3110 -0.3868 -0.6111
         vertex 0.3260 -0.3507 -0.5579
         vertex 0.3110 -0.3868 -0.5579
      endloop
   endfacet
   facet normal 0.0000 0.0000 -1.0000
      outer loop
         vertex 0.4725 0.0000 0.8070
         vertex 0.4725 0.0000 -0.8070
         vertex 0.4725 0.0715 -0.8070
      endloop
   endfacet
   facet normal 0.0000 0.0000 -1.0000
      outer loop
         vertex 0.4725 0.0000 0.8070
         vertex 0.4725 0.0715 -0.8070
         vertex 0.4725 0.0715 0.8070
      endloop
   endfacet
   facet normal -0.6654 0.0000 -0.7465
      outer loop
         vertex 0.4725 0.0715 0.8070
         vertex 0.4725 0.0715 -0.8070
         vertex 0.4489 0.0980 -0.7834
      endloop
   endfacet
   facet normal -0.6654 0.0000 -0.7465
      outer loop
         vertex 0.4725 0.0715 0.8070
         vertex 0.4489 0.0980 -0.7834
         vertex 0.4489 0.0980 0.7834
      endloop
   endfacet
   facet normal -1.0000 0.0000 0.0000
      outer loop
         vertex 0.1757 -1.1750 0.4807
         vertex 0.1757 -1.1750 -0.0000
         vertex 0.0948 -1.1750 0.1472
      endloop
   endfacet
   facet normal -1.0000 0.0000 0.0000
      outer loop
         vertex 0.1757 -1.1750 0.4807
         vertex 0.0948 -1.1750 0.1472
         vertex 0.0917 -1.1750 0.1589
      endloop
   endfacet
   facet normal -1.0000 0.0000 0.0000
      outer loop
         vertex 0.1757 -1.1750 0.4807
         vertex 0.0917 -1.1750 0.1589
         vertex 0.0831 -1.1750 0.1675
      endloop
   endfacet
   facet normal -1.0000 0.0000 0.0000
      outer loop
         vertex 0.1757 -1.1750 0.4807
         vertex 0.0831 -1.1750 0.1675
         vertex 0.0714 -1.1750 0.1706
      endloop
   endfacet
   facet normal -1.0000 0.0000 0.0000
      outer loop
         vertex 0.1757 -1.1750 0.4807
         vertex 0.0714 -1.1750 0.1706
         vertex -0.0308 -1.1750 0.1747
      endloop
   endfacet
   facet normal -1.0000 0.0000 0.0000
      outer loop
         vertex 0.1757 -1.1750 0.4807
         vertex -0.0308 -1.1750 0.1747
         vertex -0.0594 -1.1750 0.1865
      endloop
   endfacet
   facet normal -1.0000 0.0000 0.0000
      outer loop
         vertex 0.1757 -1.1750 0.4807
         vertex -0.0594 -1.1750 0.1865
         vertex -0.0840 -1.1750 0.2054
      endloop
   endfacet
   facet normal -1.0000 0.0000 0.0000
      outer loop
         vertex 0.1757 -1.1750 0.4807
         vertex -0.0840 -1.1750 0.2054
         vertex -0.1029 -1.1750 0.2300
      endloop
   endfacet
   facet normal -1.0000 0.0000 0.0000
      outer loop
         vertex 0.1757 -1.1750 0.4807
         vertex -0.1029 -1.1750 0.2300
         vertex -0.1148 -1.1750 0.2587
      endloop
   endfacet
   facet normal -1.0000 0.0000 0.0000
      outer loop
         vertex 0.1757 -1.1750 0.4807
         vertex -0.1148 -1.1750 0.2587
         vertex -0.1188 -1.1750 0.2894
      endloop
   endfacet
   facet normal -1.0000 0.0000 0.0000
      outer loop
         vertex 0.1757 -1.1750 0.4807
         vertex -0.1188 -1.1750 0.2894
         vertex -0.1188 -1.1750 0.4807
      endloop
   endfacet
   facet normal -1.0000 0.0000 0.0000
      outer loop
         vertex 0.1757 -1.1750 -0.0000
         vertex 0.1757 -1.1750 -0.4807
         vertex 0.0917 -1.1750 -0.1589
      endloop
   endfacet
   facet normal -1.0000 0.0000 0.0000
      outer loop
         vertex 0.1757 -1.1750 -0.0000
         vertex 0.0917 -1.1750 -0.1589
         vertex 0.0948 -1.1750 -0.1472
      endloop
   endfacet
   facet normal -1.0000 0.0000 0.0000
      outer loop
         vertex 0.1757 -1.1750 -0.0000
         vertex 0.0948 -1.1750 -0.1472
         vertex 0.0917 -1.1750 -0.1356
      endloop
   endfacet
   facet normal -1.0000 0.0000 0.0000
      outer loop
         vertex 0.1757 -1.1750 -0.0000
         vertex 0.0917 -1.1750 -0.1356
         vertex 0.0831 -1.1750 -0.1270
      endloop
   endfacet
   facet normal -1.0000 0.0000 0.0000
      outer loop
         vertex 0.1757 -1.1750 -0.0000
         vertex 0.0831 -1.1750 -0.1270
         vertex 0.0714 -1.1750 -0.1239
      endloop
   endfacet
   facet normal -1.0000 0.0000 0.0000
      outer loop
         vertex 0.1757 -1.1750 -0.0000
         vertex 0.0714 -1.1750 -0.1239
         vertex -0.1760 -1.1750 -0.0000
      endloop
   endfacet
   facet normal -1.0000 0.0000 0.0000
      outer loop
         vertex 0.1757 -1.1750 -0.0000
         vertex -0.1760 -1.1750 -0.0000
         vertex -0.1760 -1.1750 0.1239
      endloop
   endfacet
   facet normal -1.0000 0.0000 0.0000
      outer loop
         vertex 0.1757 -1.1750 -0.0000
         vertex -0.1760 -1.1750 0.1239
         vertex 0.0714 -1.1750 0.1239
      endloop
   endfacet
   facet normal -1.0000 0.0000 0.0000
      outer loop
         vertex 0.1757 -1.1750 -0.0000
         vertex 0.0714 -1.1750 0.1239
         vertex 0.0831 -1.1750 0.1270
      endloop
   endfacet
   facet normal -1.0000 0.0000 0.0000
      outer loop
         vertex 0.1757 -1.1750 -0.0000
         vertex 0.0831 -1.1750 0.1270
         vertex 0.0917 -1.1750 0.1356
      endloop
   endfacet
   facet normal -1.0000 0.0000 0.0000
      outer loop
         vertex 0.1757 -1.1750 -0.0000
         vertex 0.0917 -1.1750 0.1356
         vertex 0.0948 -1.1750 0.1472
      endloop
   endfacet
   facet normal -1.0000 0.0000 0.0000
      outer loop
         vertex 0.0714 -1.1750 -0.1706
         vertex 0.0831 -1.1750 -0.1675
         vertex -0.1029 -1.1750 -0.2300
      endloop
   endfacet
   facet normal -1.0000 0.0000 0.0000
      outer loop
         vertex 0.0714 -1.1750 -0.1706
         vertex -0.1029 -1.1750 -0.2300
         vertex -0.0840 -1.1750 -0.2054
      endloop
   endfacet
   facet normal -1.0000 0.0000 0.0000
      outer loop
         vertex 0.0714 -1.1750 -0.1706
         vertex -0.0840 -1.1750 -0.2054
         vertex -0.0594 -1.1750 -0.1865
      endloop
   endfacet
   facet normal -1.0000 0.0000 0.0000
      outer loop
         vertex 0.0714 -1.1750 -0.1706
         vertex -0.0594 -1.1750 -0.1865
         vertex -0.0308 -1.1750 -0.1747
      endloop
   endfacet
   facet normal -1.0000 0.0000 0.0000
      outer loop
         vertex 0.0714 -1.1750 -0.1706
         vertex -0.0308 -1.1750 -0.1747
         vertex 0.0000 -1.1750 -0.1706
      endloop
   endfacet
   facet normal -1.0000 0.0000 0.0000
      outer loop
         vertex 0.0831 -1.1750 -0.1675
         vertex 0.0917 -1.1750 -0.1589
         vertex 0.1757 -1.1750 -0.4807
      endloop
   endfacet
   facet normal -1.0000 0.0000 0.0000
      outer loop
         vertex 0.0831 -1.1750 -0.1675
         vertex 0.1757 -1.1750 -0.4807
         vertex -0.1188 -1.1750 -0.2894
      endloop
   endfacet
   facet normal -1.0000 0.0000 0.0000
      outer loop
         vertex 0.0831 -1.1750 -0.1675
         vertex -0.1188 -1.1750 -0.2894
         vertex -0.1148 -1.1750 -0.2587
      endloop
   endfacet
   facet normal -1.0000 0.0000 0.0000
      outer loop
         vertex 0.0831 -1.1750 -0.1675
         vertex -0.1148 -1.1750 -0.2587
         vertex -0.1029 -1.1750 -0.2300
      endloop
   endfacet
   facet normal -1.0000 0.0000 0.0000
      outer loop
         vertex -0.1760 -1.1750 -0.0000
         vertex 0.0714 -1.1750 -0.1239
         vertex -0.1760 -1.1750 -0.1239
      endloop
   endfacet
   facet normal -1.0000 0.0000 0.0000
      outer loop
         vertex -0.0308 -1.1750 0.1747
         vertex 0.0714 -1.1750 0.1706
         vertex 0.0000 -1.1750 0.1706
      endloop
   endfacet
   facet normal -1.0000 0.0000 0.0000
      outer loop
         vertex -0.1188 -1.1750 -0.2894
         vertex 0.1757 -1.1750 -0.4807
         vertex -0.1188 -1.1750 -0.4807
      endloop
   endfacet
   facet normal 1.0000 0.0000 0.0000
      outer loop
         vertex 0.0714 -1.1800 -0.1706
         vertex 0.0000 -1.1800 -0.1706
         vertex -0.0308 -1.1800 -0.1747
      endloop
   endfacet
   facet normal 1.0000 0.0000 0.0000
      outer loop
         vertex 0.0714 -1.1800 -0.1706
         vertex -0.0308 -1.1800 -0.1747
         vertex -0.0594 -1.1800 -0.1865
      endloop
   endfacet
   facet normal 1.0000 0.0000 0.0000
      outer loop
         vertex 0.0714 -1.1800 -0.1706
         vertex -0.0594 -1.1800 -0.1865
         vertex -0.0840 -1.1800 -0.2054
      endloop
   endfacet
   facet normal 1.0000 0.0000 0.0000
      outer loop
         vertex 0.0714 -1.1800 -0.1706
         vertex -0.0840 -1.1800 -0.2054
         vertex 0.0000 -1.1800 -0.2210
      endloop
   endfacet
   facet normal 1.0000 0.0000 0.0000
      outer loop
         vertex 0.0714 -1.1800 -0.1706
         vertex 0.0000 -1.1800 -0.2210
         vertex 0.0831 -1.1800 -0.1675
      endloop
   endfacet
   facet normal 1.0000 0.0000 0.0000
      outer loop
         vertex 0.0948 -1.1800 0.1472
         vertex 0.0917 -1.1800 0.1356
         vertex 0.1757 -1.1800 -0.0000
      endloop
   endfacet
   facet normal 1.0000 0.0000 0.0000
      outer loop
         vertex 0.1757 -1.1800 -0.0000
         vertex 0.0917 -1.1800 0.1356
         vertex 0.0831 -1.1800 0.1270
      endloop
   endfacet
   facet normal 1.0000 0.0000 0.0000
      outer loop
         vertex 0.1757 -1.1800 -0.0000
         vertex 0.0831 -1.1800 0.1270
         vertex -0.1760 -1.1800 -0.0000
      endloop
   endfacet
   facet normal 1.0000 0.0000 0.0000
      outer loop
         vertex -0.1760 -1.1800 -0.0000
         vertex 0.0831 -1.1800 0.1270
         vertex 0.0714 -1.1800 0.1239
      endloop
   endfacet
   facet normal 1.0000 0.0000 0.0000
      outer loop
         vertex -0.1760 -1.1800 -0.0000
         vertex 0.0714 -1.1800 0.1239
         vertex -0.1760 -1.1800 0.1239
      endloop
   endfacet
   facet normal 1.0000 0.0000 0.0000
      outer loop
         vertex -0.0669 -1.1800 -0.2487
         vertex -0.0473 -1.1800 -0.2337
         vertex -0.1029 -1.1800 -0.2300
      endloop
   endfacet
   facet normal 1.0000 0.0000 0.0000
      outer loop
         vertex -0.1029 -1.1800 -0.2300
         vertex -0.0473 -1.1800 -0.2337
         vertex -0.0245 -1.1800 -0.2242
      endloop
   endfacet
   facet normal 1.0000 0.0000 0.0000
      outer loop
         vertex -0.1029 -1.1800 -0.2300
         vertex -0.0245 -1.1800 -0.2242
         vertex -0.0840 -1.1800 -0.2054
      endloop
   endfacet
   facet normal 1.0000 0.0000 0.0000
      outer loop
         vertex -0.0840 -1.1800 -0.2054
         vertex -0.0245 -1.1800 -0.2242
         vertex 0.0000 -1.1800 -0.2210
      endloop
   endfacet
   facet normal 1.0000 0.0000 0.0000
      outer loop
         vertex -0.0945 -1.1800 -0.3110
         vertex -0.0914 -1.1800 -0.2911
         vertex -0.1188 -1.1800 -0.2894
      endloop
   endfacet
   facet normal 1.0000 0.0000 0.0000
      outer loop
         vertex -0.1188 -1.1800 -0.2894
         vertex -0.0914 -1.1800 -0.2911
         vertex -0.0819 -1.1800 -0.2683
      endloop
   endfacet
   facet normal 1.0000 0.0000 0.0000
      outer loop
         vertex -0.1188 -1.1800 -0.2894
         vertex -0.0819 -1.1800 -0.2683
         vertex -0.1148 -1.1800 -0.2587
      endloop
   endfacet
   facet normal 1.0000 0.0000 0.0000
      outer loop
         vertex -0.1148 -1.1800 -0.2587
         vertex -0.0819 -1.1800 -0.2683
         vertex -0.0669 -1.1800 -0.2487
      endloop
   endfacet
   facet normal 1.0000 0.0000 0.0000
      outer loop
         vertex -0.1148 -1.1800 -0.2587
         vertex -0.0669 -1.1800 -0.2487
         vertex -0.1029 -1.1800 -0.2300
      endloop
   endfacet
   facet normal 1.0000 0.0000 0.0000
      outer loop
         vertex 0.1757 -1.1800 -0.4807
         vertex 0.0945 -1.1800 -0.4605
         vertex -0.1188 -1.1800 -0.4807
      endloop
   endfacet
   facet normal 1.0000 0.0000 0.0000
      outer loop
         vertex -0.1188 -1.1800 -0.4807
         vertex 0.0945 -1.1800 -0.4605
         vertex -0.0945 -1.1800 -0.4605
      endloop
   endfacet
   facet normal 1.0000 0.0000 0.0000
      outer loop
         vertex -0.1188 -1.1800 -0.4807
         vertex -0.0945 -1.1800 -0.4605
         vertex -0.1188 -1.1800 -0.2894
      endloop
   endfacet
   facet normal 1.0000 0.0000 0.0000
      outer loop
         vertex -0.1188 -1.1800 -0.2894
         vertex -0.0945 -1.1800 -0.4605
         vertex -0.0945 -1.1800 -0.4295
      endloop
   endfacet
   facet normal 1.0000 0.0000 0.0000
      outer loop
         vertex -0.1188 -1.1800 -0.2894
         vertex -0.0945 -1.1800 -0.4295
         vertex -0.0945 -1.1800 -0.3110
      endloop
   endfacet
   facet normal 1.0000 0.0000 0.0000
      outer loop
         vertex 0.1757 -1.1800 0.4807
         vertex -0.1188 -1.1800 0.4807
         vertex -0.0945 -1.1800 0.4605
      endloop
   endfacet
   facet normal 1.0000 0.0000 0.0000
      outer loop
         vertex 0.1757 -1.1800 0.4807
         vertex -0.0945 -1.1800 0.4605
         vertex 0.0945 -1.1800 0.4605
      endloop
   endfacet
   facet normal 1.0000 0.0000 0.0000
      outer loop
         vertex 0.1757 -1.1800 0.4807
         vertex 0.0945 -1.1800 0.4605
         vertex 0.0945 -1.1800 0.4295
      endloop
   endfacet
   facet normal 1.0000 0.0000 0.0000
      outer loop
         vertex 0.1757 -1.1800 0.4807
         vertex 0.0945 -1.1800 0.4295
         vertex 0.0945 -1.1800 0.3110
      endloop
   endfacet
   facet normal 1.0000 0.0000 0.0000
      outer loop
         vertex 0.1757 -1.1800 0.4807
         vertex 0.0945 -1.1800 0.3110
         vertex 0.0914 -1.1800 0.2911
      endloop
   endfacet
   facet normal 1.0000 0.0000 0.0000
      outer loop
         vertex 0.1757 -1.1800 0.4807
         vertex 0.0914 -1.1800 0.2911
         vertex 0.0819 -1.1800 0.2683
      endloop
   endfacet
   facet normal 1.0000 0.0000 0.0000
      outer loop
         vertex 0.1757 -1.1800 0.4807
         vertex 0.0819 -1.1800 0.2683
         vertex 0.0714 -1.1800 0.1706
      endloop
   endfacet
   facet normal 1.0000 0.0000 0.0000
      outer loop
         vertex 0.1757 -1.1800 0.4807
         vertex 0.0714 -1.1800 0.1706
         vertex 0.0831 -1.1800 0.1675
      endloop
   endfacet
   facet normal 1.0000 0.0000 0.0000
      outer loop
         vertex 0.1757 -1.1800 0.4807
         vertex 0.0831 -1.1800 0.1675
         vertex 0.0917 -1.1800 0.1589
      endloop
   endfacet
   facet normal 1.0000 0.0000 0.0000
      outer loop
         vertex 0.1757 -1.1800 0.4807
         vertex 0.0917 -1.1800 0.1589
         vertex 0.0948 -1.1800 0.1472
      endloop
   endfacet
   facet normal 1.0000 0.0000 0.0000
      outer loop
         vertex 0.1757 -1.1800 0.4807
         vertex 0.0948 -1.1800 0.1472
         vertex 0.1757 -1.1800 -0.0000
      endloop
   endfacet
   facet normal 1.0000 0.0000 0.0000
      outer loop
         vertex -0.0819 -1.1800 0.2683
         vertex -0.0914 -1.1800 0.2911
         vertex -0.1188 -1.1800 0.2894
      endloop
   endfacet
   facet normal 1.0000 0.0000 0.0000
      outer loop
         vertex -0.1188 -1.1800 0.2894
         vertex -0.0914 -1.1800 0.2911
         vertex -0.0945 -1.1800 0.3110
      endloop
   endfacet
   facet normal 1.0000 0.0000 0.0000
      outer loop
         vertex -0.1188 -1.1800 0.2894
         vertex -0.0945 -1.1800 0.3110
         vertex -0.1188 -1.1800 0.4807
      endloop
   endfacet
   facet normal 1.0000 0.0000 0.0000
      outer loop
         vertex -0.1188 -1.1800 0.4807
         vertex -0.0945 -1.1800 0.3110
         vertex -0.0945 -1.1800 0.4295
      endloop
   endfacet
   facet normal 1.0000 0.0000 0.0000
      outer loop
         vertex -0.1188 -1.1800 0.4807
         vertex -0.0945 -1.1800 0.4295
         vertex -0.0945 -1.1800 0.4605
      endloop
   endfacet
   facet normal 1.0000 0.0000 0.0000
      outer loop
         vertex -0.1148 -1.1800 0.2587
         vertex -0.1029 -1.1800 0.2300
         vertex -0.0473 -1.1800 0.2337
      endloop
   endfacet
   facet normal 1.0000 0.0000 0.0000
      outer loop
         vertex -0.1148 -1.1800 0.2587
         vertex -0.0473 -1.1800 0.2337
         vertex -0.0669 -1.1800 0.2487
      endloop
   endfacet
   facet normal 1.0000 0.0000 0.0000
      outer loop
         vertex -0.1148 -1.1800 0.2587
         vertex -0.0669 -1.1800 0.2487
         vertex -0.0819 -1.1800 0.2683
      endloop
   endfacet
   facet normal 1.0000 0.0000 0.0000
      outer loop
         vertex -0.1148 -1.1800 0.2587
         vertex -0.0819 -1.1800 0.2683
         vertex -0.1188 -1.1800 0.2894
      endloop
   endfacet
   facet normal 1.0000 0.0000 0.0000
      outer loop
         vertex -0.0308 -1.1800 0.1747
         vertex 0.0473 -1.1800 0.2337
         vertex -0.0594 -1.1800 0.1865
      endloop
   endfacet
   facet normal 1.0000 0.0000 0.0000
      outer loop
         vertex -0.0594 -1.1800 0.1865
         vertex 0.0473 -1.1800 0.2337
         vertex 0.0245 -1.1800 0.2242
      endloop
   endfacet
   facet normal 1.0000 0.0000 0.0000
      outer loop
         vertex -0.0594 -1.1800 0.1865
         vertex 0.0245 -1.1800 0.2242
         vertex -0.0840 -1.1800 0.2054
      endloop
   endfacet
   facet normal 1.0000 0.0000 0.0000
      outer loop
         vertex -0.0840 -1.1800 0.2054
         vertex 0.0245 -1.1800 0.2242
         vertex 0.0000 -1.1800 0.2210
      endloop
   endfacet
   facet normal 1.0000 0.0000 0.0000
      outer loop
         vertex -0.0840 -1.1800 0.2054
         vertex 0.0000 -1.1800 0.2210
         vertex -0.1029 -1.1800 0.2300
      endloop
   endfacet
   facet normal 1.0000 0.0000 0.0000
      outer loop
         vertex -0.1029 -1.1800 0.2300
         vertex 0.0000 -1.1800 0.2210
         vertex -0.0245 -1.1800 0.2242
      endloop
   endfacet
   facet normal 1.0000 0.0000 0.0000
      outer loop
         vertex -0.1029 -1.1800 0.2300
         vertex -0.0245 -1.1800 0.2242
         vertex -0.0473 -1.1800 0.2337
      endloop
   endfacet
   facet normal 1.0000 0.0000 0.0000
      outer loop
         vertex 0.0000 -1.1800 0.1706
         vertex 0.0714 -1.1800 0.1706
         vertex 0.0669 -1.1800 0.2487
      endloop
   endfacet
   facet normal 1.0000 0.0000 0.0000
      outer loop
         vertex 0.0000 -1.1800 0.1706
         vertex 0.0669 -1.1800 0.2487
         vertex 0.0473 -1.1800 0.2337
      endloop
   endfacet
   facet normal 1.0000 0.0000 0.0000
      outer loop
         vertex 0.0000 -1.1800 0.1706
         vertex 0.0473 -1.1800 0.2337
         vertex -0.0308 -1.1800 0.1747
      endloop
   endfacet
   facet normal 1.0000 0.0000 0.0000
      outer loop
         vertex 0.1757 -1.1800 -0.0000
         vertex -0.1760 -1.1800 -0.0000
         vertex -0.1760 -1.1800 -0.1239
      endloop
   endfacet
   facet normal 1.0000 0.0000 0.0000
      outer loop
         vertex 0.1757 -1.1800 -0.0000
         vertex -0.1760 -1.1800 -0.1239
         vertex 0.0714 -1.1800 -0.1239
      endloop
   endfacet
   facet normal 1.0000 0.0000 0.0000
      outer loop
         vertex 0.1757 -1.1800 -0.0000
         vertex 0.0714 -1.1800 -0.1239
         vertex 0.0831 -1.1800 -0.1270
      endloop
   endfacet
   facet normal 1.0000 0.0000 0.0000
      outer loop
         vertex 0.1757 -1.1800 -0.0000
         vertex 0.0831 -1.1800 -0.1270
         vertex 0.0917 -1.1800 -0.1356
      endloop
   endfacet
   facet normal 1.0000 0.0000 0.0000
      outer loop
         vertex 0.1757 -1.1800 -0.0000
         vertex 0.0917 -1.1800 -0.1356
         vertex 0.0948 -1.1800 -0.1472
      endloop
   endfacet
   facet normal 1.0000 0.0000 0.0000
      outer loop
         vertex 0.1757 -1.1800 -0.0000
         vertex 0.0948 -1.1800 -0.1472
         vertex 0.0917 -1.1800 -0.1589
      endloop
   endfacet
   facet normal 1.0000 0.0000 0.0000
      outer loop
         vertex 0.1757 -1.1800 -0.0000
         vertex 0.0917 -1.1800 -0.1589
         vertex 0.0669 -1.1800 -0.2487
      endloop
   endfacet
   facet normal 1.0000 0.0000 0.0000
      outer loop
         vertex 0.1757 -1.1800 -0.0000
         vertex 0.0669 -1.1800 -0.2487
         vertex 0.0819 -1.1800 -0.2683
      endloop
   endfacet
   facet normal 1.0000 0.0000 0.0000
      outer loop
         vertex 0.1757 -1.1800 -0.0000
         vertex 0.0819 -1.1800 -0.2683
         vertex 0.0914 -1.1800 -0.2911
      endloop
   endfacet
   facet normal 1.0000 0.0000 0.0000
      outer loop
         vertex 0.1757 -1.1800 -0.0000
         vertex 0.0914 -1.1800 -0.2911
         vertex 0.0945 -1.1800 -0.3110
      endloop
   endfacet
   facet normal 1.0000 0.0000 0.0000
      outer loop
         vertex 0.1757 -1.1800 -0.0000
         vertex 0.0945 -1.1800 -0.3110
         vertex 0.0945 -1.1800 -0.4295
      endloop
   endfacet
   facet normal 1.0000 0.0000 0.0000
      outer loop
         vertex 0.1757 -1.1800 -0.0000
         vertex 0.0945 -1.1800 -0.4295
         vertex 0.0945 -1.1800 -0.4605
      endloop
   endfacet
   facet normal 1.0000 0.0000 0.0000
      outer loop
         vertex 0.1757 -1.1800 -0.0000
         vertex 0.0945 -1.1800 -0.4605
         vertex 0.1757 -1.1800 -0.4807
      endloop
   endfacet
   facet normal 1.0000 0.0000 0.0000
      outer loop
         vertex 0.0669 -1.1800 -0.2487
         vertex 0.0917 -1.1800 -0.1589
         vertex 0.0473 -1.1800 -0.2337
      endloop
   endfacet
   facet normal 1.0000 0.0000 0.0000
      outer loop
         vertex 0.0473 -1.1800 -0.2337
         vertex 0.0917 -1.1800 -0.1589
         vertex 0.0831 -1.1800 -0.1675
      endloop
   endfacet
   facet normal 1.0000 0.0000 0.0000
      outer loop
         vertex 0.0473 -1.1800 -0.2337
         vertex 0.0831 -1.1800 -0.1675
         vertex 0.0245 -1.1800 -0.2242
      endloop
   endfacet
   facet normal 1.0000 0.0000 0.0000
      outer loop
         vertex 0.0245 -1.1800 -0.2242
         vertex 0.0831 -1.1800 -0.1675
         vertex 0.0000 -1.1800 -0.2210
      endloop
   endfacet
   facet normal 1.0000 0.0000 0.0000
      outer loop
         vertex 0.0714 -1.1800 0.1706
         vertex 0.0819 -1.1800 0.2683
         vertex 0.0669 -1.1800 0.2487
      endloop
   endfacet
   facet normal 0.0000 0.6414 0.7672
      outer loop
         vertex 0.0917 -1.1800 0.1356
         vertex 0.0917 -1.1750 0.1356
         vertex 0.0831 -1.1750 0.1270
      endloop
   endfacet
   facet normal 0.0000 0.7672 0.6414
      outer loop
         vertex 0.0917 -1.1800 0.1356
         vertex 0.0831 -1.1750 0.1270
         vertex 0.0831 -1.1800 0.1270
      endloop
   endfacet
   facet normal 0.0000 1.0000 -0.0000
      outer loop
         vertex 0.0000 -1.1800 -0.1706
         vertex 0.0714 -1.1800 -0.1706
         vertex 0.0714 -1.1750 -0.1706
      endloop
   endfacet
   facet normal 0.0000 1.0000 -0.0000
      outer loop
         vertex 0.0000 -1.1800 -0.1706
         vertex 0.0714 -1.1750 -0.1706
         vertex 0.0000 -1.1750 -0.1706
      endloop
   endfacet
   facet normal 0.0000 0.0000 -1.0000
      outer loop
         vertex 0.1757 -1.1800 -0.0000
         vertex 0.1757 -1.1800 -0.4807
         vertex 0.1757 -1.1750 -0.4807
      endloop
   endfacet
   facet normal 0.0000 0.0000 -1.0000
      outer loop
         vertex 0.1757 -1.1800 -0.0000
         vertex 0.1757 -1.1750 -0.4807
         vertex 0.1757 -1.1750 -0.0000
      endloop
   endfacet
   facet normal 0.0000 0.5734 0.8193
      outer loop
         vertex -0.0840 -1.1750 -0.2054
         vertex -0.1029 -1.1750 -0.2300
         vertex -0.1029 -1.1800 -0.2300
      endloop
   endfacet
   facet normal 0.0000 0.6430 0.7659
      outer loop
         vertex -0.0840 -1.1750 -0.2054
         vertex -0.1029 -1.1800 -0.2300
         vertex -0.0840 -1.1800 -0.2054
      endloop
   endfacet
   facet normal 0.0000 0.7659 0.6430
      outer loop
         vertex -0.0594 -1.1750 -0.1865
         vertex -0.0840 -1.1750 -0.2054
         vertex -0.0840 -1.1800 -0.2054
      endloop
   endfacet
   facet normal 0.0000 0.8193 0.5734
      outer loop
         vertex -0.0594 -1.1750 -0.1865
         vertex -0.0840 -1.1800 -0.2054
         vertex -0.0594 -1.1800 -0.1865
      endloop
   endfacet
   facet normal 0.0000 0.9398 0.3418
      outer loop
         vertex -0.0594 -1.1800 -0.1865
         vertex -0.0308 -1.1800 -0.1747
         vertex -0.0308 -1.1750 -0.1747
      endloop
   endfacet
   facet normal 0.0000 0.9062 0.4228
      outer loop
         vertex -0.0594 -1.1800 -0.1865
         vertex -0.0308 -1.1750 -0.1747
         vertex -0.0594 -1.1750 -0.1865
      endloop
   endfacet
   facet normal 0.0000 0.9849 0.1734
      outer loop
         vertex -0.0308 -1.1800 -0.1747
         vertex 0.0000 -1.1800 -0.1706
         vertex 0.0000 -1.1750 -0.1706
      endloop
   endfacet
   facet normal 0.0000 0.9763 0.2162
      outer loop
         vertex -0.0308 -1.1800 -0.1747
         vertex 0.0000 -1.1750 -0.1706
         vertex -0.0308 -1.1750 -0.1747
      endloop
   endfacet
   facet normal 0.0000 -1.0000 0.0000
      outer loop
         vertex -0.1188 -1.1750 -0.4807
         vertex 0.1757 -1.1750 -0.4807
         vertex 0.1757 -1.1800 -0.4807
      endloop
   endfacet
   facet normal 0.0000 -1.0000 0.0000
      outer loop
         vertex -0.1188 -1.1750 -0.4807
         vertex 0.1757 -1.1800 -0.4807
         vertex -0.1188 -1.1800 -0.4807
      endloop
   endfacet
   facet normal 0.0000 0.0000 1.0000
      outer loop
         vertex -0.1188 -1.1800 -0.4807
         vertex -0.1188 -1.1800 -0.2894
         vertex -0.1188 -1.1750 -0.2894
      endloop
   endfacet
   facet normal 0.0000 0.0000 1.0000
      outer loop
         vertex -0.1188 -1.1800 -0.4807
         vertex -0.1188 -1.1750 -0.2894
         vertex -0.1188 -1.1750 -0.4807
      endloop
   endfacet
   facet normal 0.0000 0.1734 0.9849
      outer loop
         vertex -0.1148 -1.1750 -0.2587
         vertex -0.1188 -1.1750 -0.2894
         vertex -0.1188 -1.1800 -0.2894
      endloop
   endfacet
   facet normal 0.0000 0.2162 0.9763
      outer loop
         vertex -0.1148 -1.1750 -0.2587
         vertex -0.1188 -1.1800 -0.2894
         vertex -0.1148 -1.1800 -0.2587
      endloop
   endfacet
   facet normal 0.0000 0.3418 0.9398
      outer loop
         vertex -0.1029 -1.1750 -0.2300
         vertex -0.1148 -1.1750 -0.2587
         vertex -0.1148 -1.1800 -0.2587
      endloop
   endfacet
   facet normal 0.0000 0.4228 0.9062
      outer loop
         vertex -0.1029 -1.1750 -0.2300
         vertex -0.1148 -1.1800 -0.2587
         vertex -0.1029 -1.1800 -0.2300
      endloop
   endfacet
   facet normal 0.0000 -0.1719 0.9851
      outer loop
         vertex 0.0917 -1.1750 -0.1356
         vertex 0.0948 -1.1750 -0.1472
         vertex 0.0948 -1.1800 -0.1472
      endloop
   endfacet
   facet normal 0.0000 -0.3437 0.9391
      outer loop
         vertex 0.0917 -1.1750 -0.1356
         vertex 0.0948 -1.1800 -0.1472
         vertex 0.0917 -1.1800 -0.1356
      endloop
   endfacet
   facet normal 0.0000 0.0000 -1.0000
      outer loop
         vertex 0.1757 -1.1750 -0.0000
         vertex 0.1757 -1.1750 0.4807
         vertex 0.1757 -1.1800 0.4807
      endloop
   endfacet
   facet normal 0.0000 0.0000 -1.0000
      outer loop
         vertex 0.1757 -1.1750 -0.0000
         vertex 0.1757 -1.1800 0.4807
         vertex 0.1757 -1.1800 -0.0000
      endloop
   endfacet
   facet normal 0.0000 0.6414 0.7672
      outer loop
         vertex 0.0917 -1.1800 -0.1589
         vertex 0.0917 -1.1750 -0.1589
         vertex 0.0831 -1.1750 -0.1675
      endloop
   endfacet
   facet normal 0.0000 0.7672 0.6414
      outer loop
         vertex 0.0917 -1.1800 -0.1589
         vertex 0.0831 -1.1750 -0.1675
         vertex 0.0831 -1.1800 -0.1675
      endloop
   endfacet
   facet normal 0.0000 0.3437 0.9391
      outer loop
         vertex 0.0948 -1.1750 -0.1472
         vertex 0.0917 -1.1750 -0.1589
         vertex 0.0917 -1.1800 -0.1589
      endloop
   endfacet
   facet normal 0.0000 0.1719 0.9851
      outer loop
         vertex 0.0948 -1.1750 -0.1472
         vertex 0.0917 -1.1800 -0.1589
         vertex 0.0948 -1.1800 -0.1472
      endloop
   endfacet
   facet normal 0.0000 -0.6414 0.7672
      outer loop
         vertex 0.0917 -1.1750 -0.1356
         vertex 0.0917 -1.1800 -0.1356
         vertex 0.0831 -1.1800 -0.1270
      endloop
   endfacet
   facet normal 0.0000 -0.7672 0.6414
      outer loop
         vertex 0.0917 -1.1750 -0.1356
         vertex 0.0831 -1.1800 -0.1270
         vertex 0.0831 -1.1750 -0.1270
      endloop
   endfacet
   facet normal 0.0000 0.9071 0.4210
      outer loop
         vertex 0.0831 -1.1800 -0.1675
         vertex 0.0831 -1.1750 -0.1675
         vertex 0.0714 -1.1750 -0.1706
      endloop
   endfacet
   facet normal 0.0000 0.9405 0.3399
      outer loop
         vertex 0.0831 -1.1800 -0.1675
         vertex 0.0714 -1.1750 -0.1706
         vertex 0.0714 -1.1800 -0.1706
      endloop
   endfacet
   facet normal 0.0000 -0.9071 0.4210
      outer loop
         vertex 0.0831 -1.1750 -0.1270
         vertex 0.0831 -1.1800 -0.1270
         vertex 0.0714 -1.1800 -0.1239
      endloop
   endfacet
   facet normal 0.0000 -0.9405 0.3399
      outer loop
         vertex 0.0831 -1.1750 -0.1270
         vertex 0.0714 -1.1800 -0.1239
         vertex 0.0714 -1.1750 -0.1239
      endloop
   endfacet
   facet normal 0.0000 -1.0000 0.0000
      outer loop
         vertex 0.0714 -1.1800 -0.1239
         vertex -0.1760 -1.1800 -0.1239
         vertex -0.1760 -1.1750 -0.1239
      endloop
   endfacet
   facet normal 0.0000 -1.0000 0.0000
      outer loop
         vertex 0.0714 -1.1800 -0.1239
         vertex -0.1760 -1.1750 -0.1239
         vertex 0.0714 -1.1750 -0.1239
      endloop
   endfacet
   facet normal 0.0000 -1.0000 0.0000
      outer loop
         vertex 0.0714 -1.1800 0.1706
         vertex 0.0000 -1.1800 0.1706
         vertex 0.0000 -1.1750 0.1706
      endloop
   endfacet
   facet normal 0.0000 -1.0000 0.0000
      outer loop
         vertex 0.0714 -1.1800 0.1706
         vertex 0.0000 -1.1750 0.1706
         vertex 0.0714 -1.1750 0.1706
      endloop
   endfacet
   facet normal 0.0000 -0.9763 0.2162
      outer loop
         vertex 0.0000 -1.1800 0.1706
         vertex -0.0308 -1.1800 0.1747
         vertex -0.0308 -1.1750 0.1747
      endloop
   endfacet
   facet normal 0.0000 -0.9849 0.1734
      outer loop
         vertex 0.0000 -1.1800 0.1706
         vertex -0.0308 -1.1750 0.1747
         vertex 0.0000 -1.1750 0.1706
      endloop
   endfacet
   facet normal 0.0000 -0.2162 0.9763
      outer loop
         vertex -0.1188 -1.1750 0.2894
         vertex -0.1148 -1.1750 0.2587
         vertex -0.1148 -1.1800 0.2587
      endloop
   endfacet
   facet normal 0.0000 -0.1734 0.9849
      outer loop
         vertex -0.1188 -1.1750 0.2894
         vertex -0.1148 -1.1800 0.2587
         vertex -0.1188 -1.1800 0.2894
      endloop
   endfacet
   facet normal 0.0000 0.0000 1.0000
      outer loop
         vertex -0.1188 -1.1800 0.2894
         vertex -0.1188 -1.1800 0.4807
         vertex -0.1188 -1.1750 0.4807
      endloop
   endfacet
   facet normal 0.0000 0.0000 1.0000
      outer loop
         vertex -0.1188 -1.1800 0.2894
         vertex -0.1188 -1.1750 0.4807
         vertex -0.1188 -1.1750 0.2894
      endloop
   endfacet
   facet normal 0.0000 1.0000 -0.0000
      outer loop
         vertex 0.1757 -1.1750 0.4807
         vertex -0.1188 -1.1750 0.4807
         vertex -0.1188 -1.1800 0.4807
      endloop
   endfacet
   facet normal 0.0000 1.0000 -0.0000
      outer loop
         vertex 0.1757 -1.1750 0.4807
         vertex -0.1188 -1.1800 0.4807
         vertex 0.1757 -1.1800 0.4807
      endloop
   endfacet
   facet normal 0.0000 -0.9398 0.3418
      outer loop
         vertex -0.0594 -1.1750 0.1865
         vertex -0.0308 -1.1750 0.1747
         vertex -0.0308 -1.1800 0.1747
      endloop
   endfacet
   facet normal 0.0000 -0.9062 0.4228
      outer loop
         vertex -0.0594 -1.1750 0.1865
         vertex -0.0308 -1.1800 0.1747
         vertex -0.0594 -1.1800 0.1865
      endloop
   endfacet
   facet normal 0.0000 -0.8193 0.5734
      outer loop
         vertex -0.0840 -1.1750 0.2054
         vertex -0.0594 -1.1750 0.1865
         vertex -0.0594 -1.1800 0.1865
      endloop
   endfacet
   facet normal 0.0000 -0.7659 0.6430
      outer loop
         vertex -0.0840 -1.1750 0.2054
         vertex -0.0594 -1.1800 0.1865
         vertex -0.0840 -1.1800 0.2054
      endloop
   endfacet
   facet normal 0.0000 -0.6430 0.7659
      outer loop
         vertex -0.1029 -1.1750 0.2300
         vertex -0.0840 -1.1750 0.2054
         vertex -0.0840 -1.1800 0.2054
      endloop
   endfacet
   facet normal 0.0000 -0.5734 0.8193
      outer loop
         vertex -0.1029 -1.1750 0.2300
         vertex -0.0840 -1.1800 0.2054
         vertex -0.1029 -1.1800 0.2300
      endloop
   endfacet
   facet normal 0.0000 -0.3418 0.9398
      outer loop
         vertex -0.1029 -1.1800 0.2300
         vertex -0.1148 -1.1800 0.2587
         vertex -0.1148 -1.1750 0.2587
      endloop
   endfacet
   facet normal 0.0000 -0.4228 0.9062
      outer loop
         vertex -0.1029 -1.1800 0.2300
         vertex -0.1148 -1.1750 0.2587
         vertex -0.1029 -1.1750 0.2300
      endloop
   endfacet
   facet normal 0.0000 1.0000 -0.0000
      outer loop
         vertex -0.1760 -1.1800 0.1239
         vertex 0.0714 -1.1800 0.1239
         vertex 0.0714 -1.1750 0.1239
      endloop
   endfacet
   facet normal 0.0000 1.0000 -0.0000
      outer loop
         vertex -0.1760 -1.1800 0.1239
         vertex 0.0714 -1.1750 0.1239
         vertex -0.1760 -1.1750 0.1239
      endloop
   endfacet
   facet normal 0.0000 0.0000 1.0000
      outer loop
         vertex -0.1760 -1.1750 -0.0000
         vertex -0.1760 -1.1750 -0.1239
         vertex -0.1760 -1.1800 -0.1239
      endloop
   endfacet
   facet normal 0.0000 0.0000 1.0000
      outer loop
         vertex -0.1760 -1.1750 -0.0000
         vertex -0.1760 -1.1800 -0.1239
         vertex -0.1760 -1.1800 -0.0000
      endloop
   endfacet
   facet normal 0.0000 0.0000 1.0000
      outer loop
         vertex -0.1760 -1.1750 0.1239
         vertex -0.1760 -1.1750 -0.0000
         vertex -0.1760 -1.1800 -0.0000
      endloop
   endfacet
   facet normal 0.0000 0.0000 1.0000
      outer loop
         vertex -0.1760 -1.1750 0.1239
         vertex -0.1760 -1.1800 -0.0000
         vertex -0.1760 -1.1800 0.1239
      endloop
   endfacet
   facet normal 0.0000 0.9071 0.4210
      outer loop
         vertex 0.0831 -1.1800 0.1270
         vertex 0.0831 -1.1750 0.1270
         vertex 0.0714 -1.1750 0.1239
      endloop
   endfacet
   facet normal 0.0000 0.9405 0.3399
      outer loop
         vertex 0.0831 -1.1800 0.1270
         vertex 0.0714 -1.1750 0.1239
         vertex 0.0714 -1.1800 0.1239
      endloop
   endfacet
   facet normal 0.0000 0.3437 0.9391
      outer loop
         vertex 0.0948 -1.1750 0.1472
         vertex 0.0917 -1.1750 0.1356
         vertex 0.0917 -1.1800 0.1356
      endloop
   endfacet
   facet normal 0.0000 0.1719 0.9851
      outer loop
         vertex 0.0948 -1.1750 0.1472
         vertex 0.0917 -1.1800 0.1356
         vertex 0.0948 -1.1800 0.1472
      endloop
   endfacet
   facet normal 0.0000 -0.1719 0.9851
      outer loop
         vertex 0.0917 -1.1750 0.1589
         vertex 0.0948 -1.1750 0.1472
         vertex 0.0948 -1.1800 0.1472
      endloop
   endfacet
   facet normal 0.0000 -0.3437 0.9391
      outer loop
         vertex 0.0917 -1.1750 0.1589
         vertex 0.0948 -1.1800 0.1472
         vertex 0.0917 -1.1800 0.1589
      endloop
   endfacet
   facet normal 0.0000 -0.6414 0.7672
      outer loop
         vertex 0.0917 -1.1750 0.1589
         vertex 0.0917 -1.1800 0.1589
         vertex 0.0831 -1.1800 0.1675
      endloop
   endfacet
   facet normal 0.0000 -0.7672 0.6414
      outer loop
         vertex 0.0917 -1.1750 0.1589
         vertex 0.0831 -1.1800 0.1675
         vertex 0.0831 -1.1750 0.1675
      endloop
   endfacet
   facet normal 0.0000 -0.9071 0.4210
      outer loop
         vertex 0.0831 -1.1750 0.1675
         vertex 0.0831 -1.1800 0.1675
         vertex 0.0714 -1.1800 0.1706
      endloop
   endfacet
   facet normal 0.0000 -0.9405 0.3399
      outer loop
         vertex 0.0831 -1.1750 0.1675
         vertex 0.0714 -1.1800 0.1706
         vertex 0.0714 -1.1750 0.1706
      endloop
   endfacet
   facet normal 0.0000 -1.0000 0.0000
      outer loop
         vertex -0.0945 -1.1878 0.4295
         vertex 0.0945 -1.1878 0.4295
         vertex 0.0235 -1.2588 0.4295
      endloop
   endfacet
   facet normal 0.0000 -1.0000 0.0000
      outer loop
         vertex -0.0945 -1.1878 0.4295
         vertex 0.0235 -1.2588 0.4295
         vertex 0.0122 -1.2541 0.4295
      endloop
   endfacet
   facet normal 0.0000 -1.0000 0.0000
      outer loop
         vertex -0.0945 -1.1878 0.4295
         vertex 0.0122 -1.2541 0.4295
         vertex 0.0000 -1.2525 0.4295
      endloop
   endfacet
   facet normal 0.0000 -1.0000 0.0000
      outer loop
         vertex -0.0945 -1.1878 0.4295
         vertex 0.0000 -1.2525 0.4295
         vertex -0.0122 -1.2541 0.4295
      endloop
   endfacet
   facet normal 0.0000 -1.0000 0.0000
      outer loop
         vertex -0.0945 -1.1878 0.4295
         vertex -0.0122 -1.2541 0.4295
         vertex -0.0235 -1.2588 0.4295
      endloop
   endfacet
   facet normal 0.0000 -1.0000 0.0000
      outer loop
         vertex -0.0945 -1.1878 0.4295
         vertex -0.0235 -1.2588 0.4295
         vertex -0.0332 -1.2663 0.4295
      endloop
   endfacet
   facet normal 0.0000 -1.0000 0.0000
      outer loop
         vertex -0.0945 -1.1878 0.4295
         vertex -0.0332 -1.2663 0.4295
         vertex -0.0407 -1.2760 0.4295
      endloop
   endfacet
   facet normal 0.0000 -1.0000 0.0000
      outer loop
         vertex -0.0945 -1.1878 0.4295
         vertex -0.0407 -1.2760 0.4295
         vertex -0.0454 -1.2873 0.4295
      endloop
   endfacet
   facet normal 0.0000 -1.0000 0.0000
      outer loop
         vertex -0.0945 -1.1878 0.4295
         vertex -0.0454 -1.2873 0.4295
         vertex -0.0470 -1.2995 0.4295
      endloop
   endfacet
   facet normal 0.0000 -1.0000 0.0000
      outer loop
         vertex -0.0945 -1.1878 0.4295
         vertex -0.0470 -1.2995 0.4295
         vertex -0.0473 -1.3813 0.4295
      endloop
   endfacet
   facet normal 0.0000 -1.0000 0.0000
      outer loop
         vertex -0.0945 -1.1878 0.4295
         vertex -0.0473 -1.3813 0.4295
         vertex -0.0669 -1.3663 0.4295
      endloop
   endfacet
   facet normal 0.0000 -1.0000 0.0000
      outer loop
         vertex -0.0945 -1.1878 0.4295
         vertex -0.0669 -1.3663 0.4295
         vertex -0.0819 -1.3467 0.4295
      endloop
   endfacet
   facet normal 0.0000 -1.0000 0.0000
      outer loop
         vertex -0.0945 -1.1878 0.4295
         vertex -0.0819 -1.3467 0.4295
         vertex -0.0914 -1.3239 0.4295
      endloop
   endfacet
   facet normal 0.0000 -1.0000 0.0000
      outer loop
         vertex -0.0945 -1.1878 0.4295
         vertex -0.0914 -1.3239 0.4295
         vertex -0.0945 -1.3040 0.4295
      endloop
   endfacet
   facet normal 0.0000 -1.0000 0.0000
      outer loop
         vertex 0.0235 -1.2588 0.4295
         vertex 0.0945 -1.1878 0.4295
         vertex 0.0332 -1.2663 0.4295
      endloop
   endfacet
   facet normal 0.0000 -1.0000 0.0000
      outer loop
         vertex 0.0332 -1.2663 0.4295
         vertex 0.0945 -1.1878 0.4295
         vertex 0.0914 -1.3239 0.4295
      endloop
   endfacet
   facet normal 0.0000 -1.0000 0.0000
      outer loop
         vertex 0.0332 -1.2663 0.4295
         vertex 0.0914 -1.3239 0.4295
         vertex 0.0407 -1.2760 0.4295
      endloop
   endfacet
   facet normal 0.0000 -1.0000 0.0000
      outer loop
         vertex 0.0407 -1.2760 0.4295
         vertex 0.0914 -1.3239 0.4295
         vertex 0.0819 -1.3467 0.4295
      endloop
   endfacet
   facet normal 0.0000 -1.0000 0.0000
      outer loop
         vertex 0.0407 -1.2760 0.4295
         vertex 0.0819 -1.3467 0.4295
         vertex 0.0454 -1.2873 0.4295
      endloop
   endfacet
   facet normal 0.0000 -1.0000 0.0000
      outer loop
         vertex 0.0454 -1.2873 0.4295
         vertex 0.0819 -1.3467 0.4295
         vertex 0.0669 -1.3663 0.4295
      endloop
   endfacet
   facet normal 0.0000 -1.0000 0.0000
      outer loop
         vertex 0.0454 -1.2873 0.4295
         vertex 0.0669 -1.3663 0.4295
         vertex 0.0470 -1.2995 0.4295
      endloop
   endfacet
   facet normal 0.0000 -1.0000 0.0000
      outer loop
         vertex 0.0470 -1.2995 0.4295
         vertex 0.0669 -1.3663 0.4295
         vertex 0.0473 -1.3813 0.4295
      endloop
   endfacet
   facet normal 0.0000 -1.0000 0.0000
      outer loop
         vertex 0.0470 -1.2995 0.4295
         vertex 0.0473 -1.3813 0.4295
         vertex 0.0454 -1.3117 0.4295
      endloop
   endfacet
   facet normal 0.0000 -1.0000 0.0000
      outer loop
         vertex 0.0454 -1.3117 0.4295
         vertex 0.0473 -1.3813 0.4295
         vertex 0.0245 -1.3908 0.4295
      endloop
   endfacet
   facet normal 0.0000 -1.0000 0.0000
      outer loop
         vertex 0.0454 -1.3117 0.4295
         vertex 0.0245 -1.3908 0.4295
         vertex 0.0407 -1.3230 0.4295
      endloop
   endfacet
   facet normal 0.0000 -1.0000 0.0000
      outer loop
         vertex 0.0407 -1.3230 0.4295
         vertex 0.0245 -1.3908 0.4295
         vertex 0.0332 -1.3327 0.4295
      endloop
   endfacet
   facet normal 0.0000 -1.0000 0.0000
      outer loop
         vertex -0.0473 -1.3813 0.4295
         vertex -0.0470 -1.2995 0.4295
         vertex -0.0454 -1.3117 0.4295
      endloop
   endfacet
   facet normal 0.0000 -1.0000 0.0000
      outer loop
         vertex -0.0473 -1.3813 0.4295
         vertex -0.0454 -1.3117 0.4295
         vertex -0.0407 -1.3230 0.4295
      endloop
   endfacet
   facet normal 0.0000 -1.0000 0.0000
      outer loop
         vertex -0.0473 -1.3813 0.4295
         vertex -0.0407 -1.3230 0.4295
         vertex -0.0332 -1.3327 0.4295
      endloop
   endfacet
   facet normal 0.0000 -1.0000 0.0000
      outer loop
         vertex -0.0473 -1.3813 0.4295
         vertex -0.0332 -1.3327 0.4295
         vertex -0.0245 -1.3908 0.4295
      endloop
   endfacet
   facet normal 0.0000 -1.0000 0.0000
      outer loop
         vertex -0.0332 -1.3327 0.4295
         vertex -0.0235 -1.3402 0.4295
         vertex -0.0245 -1.3908 0.4295
      endloop
   endfacet
   facet normal 0.0000 -1.0000 0.0000
      outer loop
         vertex -0.0245 -1.3908 0.4295
         vertex -0.0235 -1.3402 0.4295
         vertex -0.0122 -1.3449 0.4295
      endloop
   endfacet
   facet normal 0.0000 -1.0000 0.0000
      outer loop
         vertex -0.0245 -1.3908 0.4295
         vertex -0.0122 -1.3449 0.4295
         vertex 0.0000 -1.3940 0.4295
      endloop
   endfacet
   facet normal 0.0000 -1.0000 0.0000
      outer loop
         vertex 0.0000 -1.3940 0.4295
         vertex -0.0122 -1.3449 0.4295
         vertex 0.0000 -1.3465 0.4295
      endloop
   endfacet
   facet normal 0.0000 -1.0000 0.0000
      outer loop
         vertex 0.0000 -1.3940 0.4295
         vertex 0.0000 -1.3465 0.4295
         vertex 0.0122 -1.3449 0.4295
      endloop
   endfacet
   facet normal 0.0000 -1.0000 0.0000
      outer loop
         vertex 0.0235 -1.3402 0.4295
         vertex 0.0332 -1.3327 0.4295
         vertex 0.0245 -1.3908 0.4295
      endloop
   endfacet
   facet normal 0.0000 -1.0000 0.0000
      outer loop
         vertex 0.0235 -1.3402 0.4295
         vertex 0.0245 -1.3908 0.4295
         vertex 0.0000 -1.3940 0.4295
      endloop
   endfacet
   facet normal 0.0000 -1.0000 0.0000
      outer loop
         vertex 0.0235 -1.3402 0.4295
         vertex 0.0000 -1.3940 0.4295
         vertex 0.0122 -1.3449 0.4295
      endloop
   endfacet
   facet normal 0.0000 -1.0000 0.0000
      outer loop
         vertex 0.0914 -1.3239 0.4295
         vertex 0.0945 -1.1878 0.4295
         vertex 0.0945 -1.3040 0.4295
      endloop
   endfacet
   facet normal 0.0000 1.0000 -0.0000
      outer loop
         vertex -0.0473 -1.3813 0.4605
         vertex -0.0245 -1.3908 0.4605
         vertex -0.0332 -1.3327 0.4605
      endloop
   endfacet
   facet normal 0.0000 1.0000 -0.0000
      outer loop
         vertex -0.0473 -1.3813 0.4605
         vertex -0.0332 -1.3327 0.4605
         vertex -0.0407 -1.3230 0.4605
      endloop
   endfacet
   facet normal 0.0000 1.0000 -0.0000
      outer loop
         vertex -0.0473 -1.3813 0.4605
         vertex -0.0407 -1.3230 0.4605
         vertex -0.0454 -1.3117 0.4605
      endloop
   endfacet
   facet normal 0.0000 1.0000 -0.0000
      outer loop
         vertex -0.0473 -1.3813 0.4605
         vertex -0.0454 -1.3117 0.4605
         vertex -0.0470 -1.2995 0.4605
      endloop
   endfacet
   facet normal 0.0000 1.0000 -0.0000
      outer loop
         vertex -0.0473 -1.3813 0.4605
         vertex -0.0470 -1.2995 0.4605
         vertex -0.0945 -1.1800 0.4605
      endloop
   endfacet
   facet normal 0.0000 1.0000 -0.0000
      outer loop
         vertex -0.0473 -1.3813 0.4605
         vertex -0.0945 -1.1800 0.4605
         vertex -0.0669 -1.3663 0.4605
      endloop
   endfacet
   facet normal 0.0000 1.0000 -0.0000
      outer loop
         vertex 0.0122 -1.3449 0.4605
         vertex 0.0000 -1.3465 0.4605
         vertex 0.0000 -1.3940 0.4605
      endloop
   endfacet
   facet normal 0.0000 1.0000 -0.0000
      outer loop
         vertex 0.0000 -1.3940 0.4605
         vertex 0.0000 -1.3465 0.4605
         vertex -0.0122 -1.3449 0.4605
      endloop
   endfacet
   facet normal 0.0000 1.0000 -0.0000
      outer loop
         vertex 0.0000 -1.3940 0.4605
         vertex -0.0122 -1.3449 0.4605
         vertex -0.0245 -1.3908 0.4605
      endloop
   endfacet
   facet normal 0.0000 1.0000 -0.0000
      outer loop
         vertex -0.0245 -1.3908 0.4605
         vertex -0.0122 -1.3449 0.4605
         vertex -0.0235 -1.3402 0.4605
      endloop
   endfacet
   facet normal 0.0000 1.0000 -0.0000
      outer loop
         vertex -0.0245 -1.3908 0.4605
         vertex -0.0235 -1.3402 0.4605
         vertex -0.0332 -1.3327 0.4605
      endloop
   endfacet
   facet normal 0.0000 1.0000 -0.0000
      outer loop
         vertex 0.0407 -1.3230 0.4605
         vertex 0.0332 -1.3327 0.4605
         vertex 0.0245 -1.3908 0.4605
      endloop
   endfacet
   facet normal 0.0000 1.0000 -0.0000
      outer loop
         vertex 0.0245 -1.3908 0.4605
         vertex 0.0332 -1.3327 0.4605
         vertex 0.0235 -1.3402 0.4605
      endloop
   endfacet
   facet normal 0.0000 1.0000 -0.0000
      outer loop
         vertex 0.0245 -1.3908 0.4605
         vertex 0.0235 -1.3402 0.4605
         vertex 0.0000 -1.3940 0.4605
      endloop
   endfacet
   facet normal 0.0000 1.0000 -0.0000
      outer loop
         vertex 0.0000 -1.3940 0.4605
         vertex 0.0235 -1.3402 0.4605
         vertex 0.0122 -1.3449 0.4605
      endloop
   endfacet
   facet normal 0.0000 1.0000 -0.0000
      outer loop
         vertex 0.0000 -1.2525 0.4605
         vertex 0.0122 -1.2541 0.4605
         vertex -0.0945 -1.1800 0.4605
      endloop
   endfacet
   facet normal 0.0000 1.0000 -0.0000
      outer loop
         vertex -0.0945 -1.1800 0.4605
         vertex 0.0122 -1.2541 0.4605
         vertex 0.0235 -1.2588 0.4605
      endloop
   endfacet
   facet normal 0.0000 1.0000 -0.0000
      outer loop
         vertex -0.0945 -1.1800 0.4605
         vertex 0.0235 -1.2588 0.4605
         vertex 0.0945 -1.3040 0.4605
      endloop
   endfacet
   facet normal 0.0000 1.0000 -0.0000
      outer loop
         vertex 0.0945 -1.3040 0.4605
         vertex 0.0235 -1.2588 0.4605
         vertex 0.0332 -1.2663 0.4605
      endloop
   endfacet
   facet normal 0.0000 1.0000 -0.0000
      outer loop
         vertex 0.0945 -1.3040 0.4605
         vertex 0.0332 -1.2663 0.4605
         vertex 0.0914 -1.3239 0.4605
      endloop
   endfacet
   facet normal 0.0000 1.0000 -0.0000
      outer loop
         vertex 0.0914 -1.3239 0.4605
         vertex 0.0332 -1.2663 0.4605
         vertex 0.0407 -1.2760 0.4605
      endloop
   endfacet
   facet normal 0.0000 1.0000 -0.0000
      outer loop
         vertex 0.0914 -1.3239 0.4605
         vertex 0.0407 -1.2760 0.4605
         vertex 0.0819 -1.3467 0.4605
      endloop
   endfacet
   facet normal 0.0000 1.0000 -0.0000
      outer loop
         vertex 0.0819 -1.3467 0.4605
         vertex 0.0407 -1.2760 0.4605
         vertex 0.0454 -1.2873 0.4605
      endloop
   endfacet
   facet normal 0.0000 1.0000 -0.0000
      outer loop
         vertex 0.0819 -1.3467 0.4605
         vertex 0.0454 -1.2873 0.4605
         vertex 0.0669 -1.3663 0.4605
      endloop
   endfacet
   facet normal 0.0000 1.0000 -0.0000
      outer loop
         vertex 0.0669 -1.3663 0.4605
         vertex 0.0454 -1.2873 0.4605
         vertex 0.0470 -1.2995 0.4605
      endloop
   endfacet
   facet normal 0.0000 1.0000 -0.0000
      outer loop
         vertex 0.0669 -1.3663 0.4605
         vertex 0.0470 -1.2995 0.4605
         vertex 0.0473 -1.3813 0.4605
      endloop
   endfacet
   facet normal 0.0000 1.0000 -0.0000
      outer loop
         vertex 0.0473 -1.3813 0.4605
         vertex 0.0470 -1.2995 0.4605
         vertex 0.0454 -1.3117 0.4605
      endloop
   endfacet
   facet normal 0.0000 1.0000 -0.0000
      outer loop
         vertex 0.0473 -1.3813 0.4605
         vertex 0.0454 -1.3117 0.4605
         vertex 0.0245 -1.3908 0.4605
      endloop
   endfacet
   facet normal 0.0000 1.0000 -0.0000
      outer loop
         vertex 0.0245 -1.3908 0.4605
         vertex 0.0454 -1.3117 0.4605
         vertex 0.0407 -1.3230 0.4605
      endloop
   endfacet
   facet normal 0.0000 1.0000 -0.0000
      outer loop
         vertex -0.0945 -1.1800 0.4605
         vertex -0.0945 -1.3040 0.4605
         vertex -0.0914 -1.3239 0.4605
      endloop
   endfacet
   facet normal 0.0000 1.0000 -0.0000
      outer loop
         vertex -0.0945 -1.1800 0.4605
         vertex -0.0914 -1.3239 0.4605
         vertex -0.0819 -1.3467 0.4605
      endloop
   endfacet
   facet normal 0.0000 1.0000 -0.0000
      outer loop
         vertex -0.0945 -1.1800 0.4605
         vertex -0.0819 -1.3467 0.4605
         vertex -0.0669 -1.3663 0.4605
      endloop
   endfacet
   facet normal 0.0000 1.0000 -0.0000
      outer loop
         vertex -0.0945 -1.1800 0.4605
         vertex -0.0470 -1.2995 0.4605
         vertex -0.0454 -1.2873 0.4605
      endloop
   endfacet
   facet normal 0.0000 1.0000 -0.0000
      outer loop
         vertex -0.0945 -1.1800 0.4605
         vertex -0.0454 -1.2873 0.4605
         vertex -0.0407 -1.2760 0.4605
      endloop
   endfacet
   facet normal 0.0000 1.0000 -0.0000
      outer loop
         vertex -0.0945 -1.1800 0.4605
         vertex -0.0407 -1.2760 0.4605
         vertex -0.0332 -1.2663 0.4605
      endloop
   endfacet
   facet normal 0.0000 1.0000 -0.0000
      outer loop
         vertex -0.0945 -1.1800 0.4605
         vertex -0.0332 -1.2663 0.4605
         vertex -0.0235 -1.2588 0.4605
      endloop
   endfacet
   facet normal 0.0000 1.0000 -0.0000
      outer loop
         vertex -0.0945 -1.1800 0.4605
         vertex -0.0235 -1.2588 0.4605
         vertex -0.0122 -1.2541 0.4605
      endloop
   endfacet
   facet normal 0.0000 1.0000 -0.0000
      outer loop
         vertex -0.0945 -1.1800 0.4605
         vertex -0.0122 -1.2541 0.4605
         vertex 0.0000 -1.2525 0.4605
      endloop
   endfacet
   facet normal 0.0000 1.0000 -0.0000
      outer loop
         vertex -0.0945 -1.1800 0.4605
         vertex 0.0945 -1.3040 0.4605
         vertex 0.0945 -1.1800 0.4605
      endloop
   endfacet
   facet normal -0.9848 0.0000 -0.1739
      outer loop
         vertex 0.0000 -1.3465 0.4295
         vertex -0.0122 -1.3449 0.4295
         vertex -0.0122 -1.3449 0.4605
      endloop
   endfacet
   facet normal -0.9962 0.0000 -0.0869
      outer loop
         vertex 0.0000 -1.3465 0.4295
         vertex -0.0122 -1.3449 0.4605
         vertex 0.0000 -1.3465 0.4605
      endloop
   endfacet
   facet normal 0.5734 0.0000 -0.8193
      outer loop
         vertex 0.0669 -1.3663 0.4295
         vertex 0.0819 -1.3467 0.4295
         vertex 0.0819 -1.3467 0.4605
      endloop
   endfacet
   facet normal 0.6430 0.0000 -0.7659
      outer loop
         vertex 0.0669 -1.3663 0.4295
         vertex 0.0819 -1.3467 0.4605
         vertex 0.0669 -1.3663 0.4605
      endloop
   endfacet
   facet normal 0.9398 0.0000 0.3418
      outer loop
         vertex -0.0473 -1.3813 0.4295
         vertex -0.0245 -1.3908 0.4295
         vertex -0.0245 -1.3908 0.4605
      endloop
   endfacet
   facet normal 0.9062 0.0000 0.4228
      outer loop
         vertex -0.0473 -1.3813 0.4295
         vertex -0.0245 -1.3908 0.4605
         vertex -0.0473 -1.3813 0.4605
      endloop
   endfacet
   facet normal 0.8193 0.0000 0.5734
      outer loop
         vertex -0.0669 -1.3663 0.4295
         vertex -0.0473 -1.3813 0.4295
         vertex -0.0473 -1.3813 0.4605
      endloop
   endfacet
   facet normal 0.7659 0.0000 0.6430
      outer loop
         vertex -0.0669 -1.3663 0.4295
         vertex -0.0473 -1.3813 0.4605
         vertex -0.0669 -1.3663 0.4605
      endloop
   endfacet
   facet normal 0.6430 0.0000 0.7659
      outer loop
         vertex -0.0819 -1.3467 0.4295
         vertex -0.0669 -1.3663 0.4295
         vertex -0.0669 -1.3663 0.4605
      endloop
   endfacet
   facet normal 0.5734 0.0000 0.8193
      outer loop
         vertex -0.0819 -1.3467 0.4295
         vertex -0.0669 -1.3663 0.4605
         vertex -0.0819 -1.3467 0.4605
      endloop
   endfacet
   facet normal 0.3494 0.0000 0.9370
      outer loop
         vertex -0.0819 -1.3467 0.4605
         vertex -0.0914 -1.3239 0.4605
         vertex -0.0914 -1.3239 0.4295
      endloop
   endfacet
   facet normal 0.4264 0.0000 0.9045
      outer loop
         vertex -0.0819 -1.3467 0.4605
         vertex -0.0914 -1.3239 0.4295
         vertex -0.0819 -1.3467 0.4295
      endloop
   endfacet
   facet normal 0.7659 0.0000 -0.6430
      outer loop
         vertex 0.0473 -1.3813 0.4295
         vertex 0.0669 -1.3663 0.4295
         vertex 0.0669 -1.3663 0.4605
      endloop
   endfacet
   facet normal 0.8193 0.0000 -0.5734
      outer loop
         vertex 0.0473 -1.3813 0.4295
         vertex 0.0669 -1.3663 0.4605
         vertex 0.0473 -1.3813 0.4605
      endloop
   endfacet
   facet normal 0.9062 0.0000 -0.4228
      outer loop
         vertex 0.0245 -1.3908 0.4295
         vertex 0.0473 -1.3813 0.4295
         vertex 0.0473 -1.3813 0.4605
      endloop
   endfacet
   facet normal 0.9398 0.0000 -0.3418
      outer loop
         vertex 0.0245 -1.3908 0.4295
         vertex 0.0473 -1.3813 0.4605
         vertex 0.0245 -1.3908 0.4605
      endloop
   endfacet
   facet normal 0.9848 0.0000 -0.1739
      outer loop
         vertex 0.0000 -1.3940 0.4295
         vertex 0.0245 -1.3908 0.4295
         vertex 0.0245 -1.3908 0.4605
      endloop
   endfacet
   facet normal 0.9962 0.0000 -0.0869
      outer loop
         vertex 0.0000 -1.3940 0.4295
         vertex 0.0245 -1.3908 0.4605
         vertex 0.0000 -1.3940 0.4605
      endloop
   endfacet
   facet normal 0.9962 0.0000 0.0869
      outer loop
         vertex -0.0245 -1.3908 0.4295
         vertex 0.0000 -1.3940 0.4295
         vertex 0.0000 -1.3940 0.4605
      endloop
   endfacet
   facet normal 0.9848 0.0000 0.1739
      outer loop
         vertex -0.0245 -1.3908 0.4295
         vertex 0.0000 -1.3940 0.4605
         vertex -0.0245 -1.3908 0.4605
      endloop
   endfacet
   facet normal 0.3418 0.0000 0.9398
      outer loop
         vertex 0.0407 -1.2760 0.4295
         vertex 0.0454 -1.2873 0.4295
         vertex 0.0454 -1.2873 0.4605
      endloop
   endfacet
   facet normal 0.4228 0.0000 0.9062
      outer loop
         vertex 0.0407 -1.2760 0.4295
         vertex 0.0454 -1.2873 0.4605
         vertex 0.0407 -1.2760 0.4605
      endloop
   endfacet
   facet normal 0.0000 0.0000 -1.0000
      outer loop
         vertex 0.0945 -1.1878 0.4295
         vertex 0.0945 -1.1800 0.4295
         vertex 0.0945 -1.1800 0.4605
      endloop
   endfacet
   facet normal 0.0000 0.0000 -1.0000
      outer loop
         vertex 0.0945 -1.1878 0.4295
         vertex 0.0945 -1.1800 0.4605
         vertex 0.0945 -1.3040 0.4605
      endloop
   endfacet
   facet normal 0.0000 0.0000 -1.0000
      outer loop
         vertex 0.0945 -1.1878 0.4295
         vertex 0.0945 -1.3040 0.4605
         vertex 0.0945 -1.3040 0.4295
      endloop
   endfacet
   facet normal 0.1934 0.0000 -0.9811
      outer loop
         vertex 0.0914 -1.3239 0.4295
         vertex 0.0945 -1.3040 0.4295
         vertex 0.0945 -1.3040 0.4605
      endloop
   endfacet
   facet normal 0.2321 0.0000 -0.9727
      outer loop
         vertex 0.0914 -1.3239 0.4295
         vertex 0.0945 -1.3040 0.4605
         vertex 0.0914 -1.3239 0.4605
      endloop
   endfacet
   facet normal 0.3494 0.0000 -0.9370
      outer loop
         vertex 0.0819 -1.3467 0.4295
         vertex 0.0914 -1.3239 0.4295
         vertex 0.0914 -1.3239 0.4605
      endloop
   endfacet
   facet normal 0.4264 0.0000 -0.9045
      outer loop
         vertex 0.0819 -1.3467 0.4295
         vertex 0.0914 -1.3239 0.4605
         vertex 0.0819 -1.3467 0.4605
      endloop
   endfacet
   facet normal 0.6430 0.0000 -0.7659
      outer loop
         vertex -0.0407 -1.2760 0.4295
         vertex -0.0332 -1.2663 0.4295
         vertex -0.0332 -1.2663 0.4605
      endloop
   endfacet
   facet normal 0.5734 0.0000 -0.8193
      outer loop
         vertex -0.0407 -1.2760 0.4295
         vertex -0.0332 -1.2663 0.4605
         vertex -0.0407 -1.2760 0.4605
      endloop
   endfacet
   facet normal 0.2321 0.0000 0.9727
      outer loop
         vertex -0.0945 -1.3040 0.4295
         vertex -0.0914 -1.3239 0.4295
         vertex -0.0914 -1.3239 0.4605
      endloop
   endfacet
   facet normal 0.1934 0.0000 0.9811
      outer loop
         vertex -0.0945 -1.3040 0.4295
         vertex -0.0914 -1.3239 0.4605
         vertex -0.0945 -1.3040 0.4605
      endloop
   endfacet
   facet normal 0.0000 0.0000 1.0000
      outer loop
         vertex -0.0945 -1.1878 0.4295
         vertex -0.0945 -1.3040 0.4295
         vertex -0.0945 -1.3040 0.4605
      endloop
   endfacet
   facet normal 0.0000 0.0000 1.0000
      outer loop
         vertex -0.0945 -1.1878 0.4295
         vertex -0.0945 -1.3040 0.4605
         vertex -0.0945 -1.1800 0.4605
      endloop
   endfacet
   facet normal 0.0000 0.0000 1.0000
      outer loop
         vertex -0.0945 -1.1878 0.4295
         vertex -0.0945 -1.1800 0.4605
         vertex -0.0945 -1.1800 0.4295
      endloop
   endfacet
   facet normal 0.8193 0.0000 -0.5734
      outer loop
         vertex -0.0332 -1.2663 0.4295
         vertex -0.0235 -1.2588 0.4295
         vertex -0.0235 -1.2588 0.4605
      endloop
   endfacet
   facet normal 0.7659 0.0000 -0.6430
      outer loop
         vertex -0.0332 -1.2663 0.4295
         vertex -0.0235 -1.2588 0.4605
         vertex -0.0332 -1.2663 0.4605
      endloop
   endfacet
   facet normal 0.4228 0.0000 -0.9062
      outer loop
         vertex -0.0454 -1.2873 0.4295
         vertex -0.0407 -1.2760 0.4295
         vertex -0.0407 -1.2760 0.4605
      endloop
   endfacet
   facet normal 0.3418 0.0000 -0.9398
      outer loop
         vertex -0.0454 -1.2873 0.4295
         vertex -0.0407 -1.2760 0.4605
         vertex -0.0454 -1.2873 0.4605
      endloop
   endfacet
   facet normal 0.1739 0.0000 -0.9848
      outer loop
         vertex -0.0470 -1.2995 0.4295
         vertex -0.0454 -1.2873 0.4295
         vertex -0.0454 -1.2873 0.4605
      endloop
   endfacet
   facet normal 0.0869 0.0000 -0.9962
      outer loop
         vertex -0.0470 -1.2995 0.4295
         vertex -0.0454 -1.2873 0.4605
         vertex -0.0470 -1.2995 0.4605
      endloop
   endfacet
   facet normal -0.0869 0.0000 -0.9962
      outer loop
         vertex -0.0454 -1.3117 0.4295
         vertex -0.0470 -1.2995 0.4295
         vertex -0.0470 -1.2995 0.4605
      endloop
   endfacet
   facet normal -0.1739 0.0000 -0.9848
      outer loop
         vertex -0.0454 -1.3117 0.4295
         vertex -0.0470 -1.2995 0.4605
         vertex -0.0454 -1.3117 0.4605
      endloop
   endfacet
   facet normal -0.3418 0.0000 -0.9398
      outer loop
         vertex -0.0407 -1.3230 0.4295
         vertex -0.0454 -1.3117 0.4295
         vertex -0.0454 -1.3117 0.4605
      endloop
   endfacet
   facet normal -0.4228 0.0000 -0.9062
      outer loop
         vertex -0.0407 -1.3230 0.4295
         vertex -0.0454 -1.3117 0.4605
         vertex -0.0407 -1.3230 0.4605
      endloop
   endfacet
   facet normal 0.9398 0.0000 -0.3418
      outer loop
         vertex -0.0235 -1.2588 0.4295
         vertex -0.0122 -1.2541 0.4295
         vertex -0.0122 -1.2541 0.4605
      endloop
   endfacet
   facet normal 0.9062 0.0000 -0.4228
      outer loop
         vertex -0.0235 -1.2588 0.4295
         vertex -0.0122 -1.2541 0.4605
         vertex -0.0235 -1.2588 0.4605
      endloop
   endfacet
   facet normal -0.5734 0.0000 -0.8193
      outer loop
         vertex -0.0332 -1.3327 0.4295
         vertex -0.0407 -1.3230 0.4295
         vertex -0.0407 -1.3230 0.4605
      endloop
   endfacet
   facet normal -0.6430 0.0000 -0.7659
      outer loop
         vertex -0.0332 -1.3327 0.4295
         vertex -0.0407 -1.3230 0.4605
         vertex -0.0332 -1.3327 0.4605
      endloop
   endfacet
   facet normal -0.7659 0.0000 -0.6430
      outer loop
         vertex -0.0235 -1.3402 0.4295
         vertex -0.0332 -1.3327 0.4295
         vertex -0.0332 -1.3327 0.4605
      endloop
   endfacet
   facet normal -0.8193 0.0000 -0.5734
      outer loop
         vertex -0.0235 -1.3402 0.4295
         vertex -0.0332 -1.3327 0.4605
         vertex -0.0235 -1.3402 0.4605
      endloop
   endfacet
   facet normal -0.9062 0.0000 -0.4228
      outer loop
         vertex -0.0122 -1.3449 0.4295
         vertex -0.0235 -1.3402 0.4295
         vertex -0.0235 -1.3402 0.4605
      endloop
   endfacet
   facet normal -0.9398 0.0000 -0.3418
      outer loop
         vertex -0.0122 -1.3449 0.4295
         vertex -0.0235 -1.3402 0.4605
         vertex -0.0122 -1.3449 0.4605
      endloop
   endfacet
   facet normal -0.9962 0.0000 0.0869
      outer loop
         vertex 0.0122 -1.3449 0.4295
         vertex 0.0000 -1.3465 0.4295
         vertex 0.0000 -1.3465 0.4605
      endloop
   endfacet
   facet normal -0.9848 0.0000 0.1739
      outer loop
         vertex 0.0122 -1.3449 0.4295
         vertex 0.0000 -1.3465 0.4605
         vertex 0.0122 -1.3449 0.4605
      endloop
   endfacet
   facet normal -0.9398 0.0000 0.3418
      outer loop
         vertex 0.0235 -1.3402 0.4295
         vertex 0.0122 -1.3449 0.4295
         vertex 0.0122 -1.3449 0.4605
      endloop
   endfacet
   facet normal -0.9062 0.0000 0.4228
      outer loop
         vertex 0.0235 -1.3402 0.4295
         vertex 0.0122 -1.3449 0.4605
         vertex 0.0235 -1.3402 0.4605
      endloop
   endfacet
   facet normal -0.8193 0.0000 0.5734
      outer loop
         vertex 0.0332 -1.3327 0.4295
         vertex 0.0235 -1.3402 0.4295
         vertex 0.0235 -1.3402 0.4605
      endloop
   endfacet
   facet normal -0.7659 0.0000 0.6430
      outer loop
         vertex 0.0332 -1.3327 0.4295
         vertex 0.0235 -1.3402 0.4605
         vertex 0.0332 -1.3327 0.4605
      endloop
   endfacet
   facet normal -0.6430 0.0000 0.7659
      outer loop
         vertex 0.0407 -1.3230 0.4295
         vertex 0.0332 -1.3327 0.4295
         vertex 0.0332 -1.3327 0.4605
      endloop
   endfacet
   facet normal -0.5734 0.0000 0.8193
      outer loop
         vertex 0.0407 -1.3230 0.4295
         vertex 0.0332 -1.3327 0.4605
         vertex 0.0407 -1.3230 0.4605
      endloop
   endfacet
   facet normal -0.4228 0.0000 0.9062
      outer loop
         vertex 0.0454 -1.3117 0.4295
         vertex 0.0407 -1.3230 0.4295
         vertex 0.0407 -1.3230 0.4605
      endloop
   endfacet
   facet normal -0.3418 0.0000 0.9398
      outer loop
         vertex 0.0454 -1.3117 0.4295
         vertex 0.0407 -1.3230 0.4605
         vertex 0.0454 -1.3117 0.4605
      endloop
   endfacet
   facet normal -0.1739 0.0000 0.9848
      outer loop
         vertex 0.0470 -1.2995 0.4295
         vertex 0.0454 -1.3117 0.4295
         vertex 0.0454 -1.3117 0.4605
      endloop
   endfacet
   facet normal -0.0869 0.0000 0.9962
      outer loop
         vertex 0.0470 -1.2995 0.4295
         vertex 0.0454 -1.3117 0.4605
         vertex 0.0470 -1.2995 0.4605
      endloop
   endfacet
   facet normal 0.0869 0.0000 0.9962
      outer loop
         vertex 0.0454 -1.2873 0.4295
         vertex 0.0470 -1.2995 0.4295
         vertex 0.0470 -1.2995 0.4605
      endloop
   endfacet
   facet normal 0.1739 0.0000 0.9848
      outer loop
         vertex 0.0454 -1.2873 0.4295
         vertex 0.0470 -1.2995 0.4605
         vertex 0.0454 -1.2873 0.4605
      endloop
   endfacet
   facet normal 0.5734 0.0000 0.8193
      outer loop
         vertex 0.0332 -1.2663 0.4295
         vertex 0.0407 -1.2760 0.4295
         vertex 0.0407 -1.2760 0.4605
      endloop
   endfacet
   facet normal 0.6430 0.0000 0.7659
      outer loop
         vertex 0.0332 -1.2663 0.4295
         vertex 0.0407 -1.2760 0.4605
         vertex 0.0332 -1.2663 0.4605
      endloop
   endfacet
   facet normal 0.7659 0.0000 0.6430
      outer loop
         vertex 0.0235 -1.2588 0.4295
         vertex 0.0332 -1.2663 0.4295
         vertex 0.0332 -1.2663 0.4605
      endloop
   endfacet
   facet normal 0.8193 0.0000 0.5734
      outer loop
         vertex 0.0235 -1.2588 0.4295
         vertex 0.0332 -1.2663 0.4605
         vertex 0.0235 -1.2588 0.4605
      endloop
   endfacet
   facet normal 0.9962 0.0000 -0.0869
      outer loop
         vertex -0.0122 -1.2541 0.4295
         vertex 0.0000 -1.2525 0.4295
         vertex 0.0000 -1.2525 0.4605
      endloop
   endfacet
   facet normal 0.9848 0.0000 -0.1739
      outer loop
         vertex -0.0122 -1.2541 0.4295
         vertex 0.0000 -1.2525 0.4605
         vertex -0.0122 -1.2541 0.4605
      endloop
   endfacet
   facet normal 0.9062 0.0000 0.4228
      outer loop
         vertex 0.0122 -1.2541 0.4295
         vertex 0.0235 -1.2588 0.4295
         vertex 0.0235 -1.2588 0.4605
      endloop
   endfacet
   facet normal 0.9398 0.0000 0.3418
      outer loop
         vertex 0.0122 -1.2541 0.4295
         vertex 0.0235 -1.2588 0.4605
         vertex 0.0122 -1.2541 0.4605
      endloop
   endfacet
   facet normal 0.9848 0.0000 0.1739
      outer loop
         vertex 0.0000 -1.2525 0.4295
         vertex 0.0122 -1.2541 0.4295
         vertex 0.0122 -1.2541 0.4605
      endloop
   endfacet
   facet normal 0.9962 0.0000 0.0869
      outer loop
         vertex 0.0000 -1.2525 0.4295
         vertex 0.0122 -1.2541 0.4605
         vertex 0.0000 -1.2525 0.4605
      endloop
   endfacet
   facet normal 0.0000 -1.0000 0.0000
      outer loop
         vertex -0.0945 -1.1800 -0.4605
         vertex 0.0945 -1.1800 -0.4605
         vertex 0.0235 -1.2588 -0.4605
      endloop
   endfacet
   facet normal 0.0000 -1.0000 0.0000
      outer loop
         vertex -0.0945 -1.1800 -0.4605
         vertex 0.0235 -1.2588 -0.4605
         vertex 0.0122 -1.2541 -0.4605
      endloop
   endfacet
   facet normal 0.0000 -1.0000 0.0000
      outer loop
         vertex -0.0945 -1.1800 -0.4605
         vertex 0.0122 -1.2541 -0.4605
         vertex 0.0000 -1.2525 -0.4605
      endloop
   endfacet
   facet normal 0.0000 -1.0000 0.0000
      outer loop
         vertex -0.0945 -1.1800 -0.4605
         vertex 0.0000 -1.2525 -0.4605
         vertex -0.0122 -1.2541 -0.4605
      endloop
   endfacet
   facet normal 0.0000 -1.0000 0.0000
      outer loop
         vertex -0.0945 -1.1800 -0.4605
         vertex -0.0122 -1.2541 -0.4605
         vertex -0.0235 -1.2588 -0.4605
      endloop
   endfacet
   facet normal 0.0000 -1.0000 0.0000
      outer loop
         vertex -0.0945 -1.1800 -0.4605
         vertex -0.0235 -1.2588 -0.4605
         vertex -0.0332 -1.2663 -0.4605
      endloop
   endfacet
   facet normal 0.0000 -1.0000 0.0000
      outer loop
         vertex -0.0945 -1.1800 -0.4605
         vertex -0.0332 -1.2663 -0.4605
         vertex -0.0407 -1.2760 -0.4605
      endloop
   endfacet
   facet normal 0.0000 -1.0000 0.0000
      outer loop
         vertex -0.0945 -1.1800 -0.4605
         vertex -0.0407 -1.2760 -0.4605
         vertex -0.0454 -1.2873 -0.4605
      endloop
   endfacet
   facet normal 0.0000 -1.0000 0.0000
      outer loop
         vertex -0.0945 -1.1800 -0.4605
         vertex -0.0454 -1.2873 -0.4605
         vertex -0.0470 -1.2995 -0.4605
      endloop
   endfacet
   facet normal 0.0000 -1.0000 0.0000
      outer loop
         vertex -0.0945 -1.1800 -0.4605
         vertex -0.0470 -1.2995 -0.4605
         vertex -0.0473 -1.3813 -0.4605
      endloop
   endfacet
   facet normal 0.0000 -1.0000 0.0000
      outer loop
         vertex -0.0945 -1.1800 -0.4605
         vertex -0.0473 -1.3813 -0.4605
         vertex -0.0669 -1.3663 -0.4605
      endloop
   endfacet
   facet normal 0.0000 -1.0000 0.0000
      outer loop
         vertex -0.0945 -1.1800 -0.4605
         vertex -0.0669 -1.3663 -0.4605
         vertex -0.0819 -1.3467 -0.4605
      endloop
   endfacet
   facet normal 0.0000 -1.0000 0.0000
      outer loop
         vertex -0.0945 -1.1800 -0.4605
         vertex -0.0819 -1.3467 -0.4605
         vertex -0.0914 -1.3239 -0.4605
      endloop
   endfacet
   facet normal 0.0000 -1.0000 0.0000
      outer loop
         vertex -0.0945 -1.1800 -0.4605
         vertex -0.0914 -1.3239 -0.4605
         vertex -0.0945 -1.3040 -0.4605
      endloop
   endfacet
   facet normal 0.0000 -1.0000 0.0000
      outer loop
         vertex 0.0235 -1.2588 -0.4605
         vertex 0.0945 -1.1800 -0.4605
         vertex 0.0332 -1.2663 -0.4605
      endloop
   endfacet
   facet normal 0.0000 -1.0000 0.0000
      outer loop
         vertex 0.0332 -1.2663 -0.4605
         vertex 0.0945 -1.1800 -0.4605
         vertex 0.0914 -1.3239 -0.4605
      endloop
   endfacet
   facet normal 0.0000 -1.0000 0.0000
      outer loop
         vertex 0.0332 -1.2663 -0.4605
         vertex 0.0914 -1.3239 -0.4605
         vertex 0.0407 -1.2760 -0.4605
      endloop
   endfacet
   facet normal 0.0000 -1.0000 0.0000
      outer loop
         vertex 0.0407 -1.2760 -0.4605
         vertex 0.0914 -1.3239 -0.4605
         vertex 0.0819 -1.3467 -0.4605
      endloop
   endfacet
   facet normal 0.0000 -1.0000 0.0000
      outer loop
         vertex 0.0407 -1.2760 -0.4605
         vertex 0.0819 -1.3467 -0.4605
         vertex 0.0454 -1.2873 -0.4605
      endloop
   endfacet
   facet normal 0.0000 -1.0000 0.0000
      outer loop
         vertex 0.0454 -1.2873 -0.4605
         vertex 0.0819 -1.3467 -0.4605
         vertex 0.0669 -1.3663 -0.4605
      endloop
   endfacet
   facet normal 0.0000 -1.0000 0.0000
      outer loop
         vertex 0.0454 -1.2873 -0.4605
         vertex 0.0669 -1.3663 -0.4605
         vertex 0.0470 -1.2995 -0.4605
      endloop
   endfacet
   facet normal 0.0000 -1.0000 0.0000
      outer loop
         vertex 0.0470 -1.2995 -0.4605
         vertex 0.0669 -1.3663 -0.4605
         vertex 0.0473 -1.3813 -0.4605
      endloop
   endfacet
   facet normal 0.0000 -1.0000 0.0000
      outer loop
         vertex 0.0470 -1.2995 -0.4605
         vertex 0.0473 -1.3813 -0.4605
         vertex 0.0454 -1.3117 -0.4605
      endloop
   endfacet
   facet normal 0.0000 -1.0000 0.0000
      outer loop
         vertex 0.0454 -1.3117 -0.4605
         vertex 0.0473 -1.3813 -0.4605
         vertex 0.0245 -1.3908 -0.4605
      endloop
   endfacet
   facet normal 0.0000 -1.0000 0.0000
      outer loop
         vertex 0.0454 -1.3117 -0.4605
         vertex 0.0245 -1.3908 -0.4605
         vertex 0.0407 -1.3230 -0.4605
      endloop
   endfacet
   facet normal 0.0000 -1.0000 0.0000
      outer loop
         vertex 0.0407 -1.3230 -0.4605
         vertex 0.0245 -1.3908 -0.4605
         vertex 0.0332 -1.3327 -0.4605
      endloop
   endfacet
   facet normal 0.0000 -1.0000 0.0000
      outer loop
         vertex -0.0473 -1.3813 -0.4605
         vertex -0.0470 -1.2995 -0.4605
         vertex -0.0454 -1.3117 -0.4605
      endloop
   endfacet
   facet normal 0.0000 -1.0000 0.0000
      outer loop
         vertex -0.0473 -1.3813 -0.4605
         vertex -0.0454 -1.3117 -0.4605
         vertex -0.0407 -1.3230 -0.4605
      endloop
   endfacet
   facet normal 0.0000 -1.0000 0.0000
      outer loop
         vertex -0.0473 -1.3813 -0.4605
         vertex -0.0407 -1.3230 -0.4605
         vertex -0.0332 -1.3327 -0.4605
      endloop
   endfacet
   facet normal 0.0000 -1.0000 0.0000
      outer loop
         vertex -0.0473 -1.3813 -0.4605
         vertex -0.0332 -1.3327 -0.4605
         vertex -0.0245 -1.3908 -0.4605
      endloop
   endfacet
   facet normal 0.0000 -1.0000 0.0000
      outer loop
         vertex -0.0332 -1.3327 -0.4605
         vertex -0.0235 -1.3402 -0.4605
         vertex -0.0245 -1.3908 -0.4605
      endloop
   endfacet
   facet normal 0.0000 -1.0000 0.0000
      outer loop
         vertex -0.0245 -1.3908 -0.4605
         vertex -0.0235 -1.3402 -0.4605
         vertex -0.0122 -1.3449 -0.4605
      endloop
   endfacet
   facet normal 0.0000 -1.0000 0.0000
      outer loop
         vertex -0.0245 -1.3908 -0.4605
         vertex -0.0122 -1.3449 -0.4605
         vertex 0.0000 -1.3940 -0.4605
      endloop
   endfacet
   facet normal 0.0000 -1.0000 0.0000
      outer loop
         vertex 0.0000 -1.3940 -0.4605
         vertex -0.0122 -1.3449 -0.4605
         vertex 0.0000 -1.3465 -0.4605
      endloop
   endfacet
   facet normal 0.0000 -1.0000 0.0000
      outer loop
         vertex 0.0000 -1.3940 -0.4605
         vertex 0.0000 -1.3465 -0.4605
         vertex 0.0122 -1.3449 -0.4605
      endloop
   endfacet
   facet normal 0.0000 -1.0000 0.0000
      outer loop
         vertex 0.0235 -1.3402 -0.4605
         vertex 0.0332 -1.3327 -0.4605
         vertex 0.0245 -1.3908 -0.4605
      endloop
   endfacet
   facet normal 0.0000 -1.0000 0.0000
      outer loop
         vertex 0.0235 -1.3402 -0.4605
         vertex 0.0245 -1.3908 -0.4605
         vertex 0.0000 -1.3940 -0.4605
      endloop
   endfacet
   facet normal 0.0000 -1.0000 0.0000
      outer loop
         vertex 0.0235 -1.3402 -0.4605
         vertex 0.0000 -1.3940 -0.4605
         vertex 0.0122 -1.3449 -0.4605
      endloop
   endfacet
   facet normal 0.0000 -1.0000 0.0000
      outer loop
         vertex 0.0914 -1.3239 -0.4605
         vertex 0.0945 -1.1800 -0.4605
         vertex 0.0945 -1.3040 -0.4605
      endloop
   endfacet
   facet normal 0.0000 1.0000 -0.0000
      outer loop
         vertex -0.0473 -1.3813 -0.4295
         vertex -0.0245 -1.3908 -0.4295
         vertex -0.0332 -1.3327 -0.4295
      endloop
   endfacet
   facet normal 0.0000 1.0000 -0.0000
      outer loop
         vertex -0.0473 -1.3813 -0.4295
         vertex -0.0332 -1.3327 -0.4295
         vertex -0.0407 -1.3230 -0.4295
      endloop
   endfacet
   facet normal 0.0000 1.0000 -0.0000
      outer loop
         vertex -0.0473 -1.3813 -0.4295
         vertex -0.0407 -1.3230 -0.4295
         vertex -0.0454 -1.3117 -0.4295
      endloop
   endfacet
   facet normal 0.0000 1.0000 -0.0000
      outer loop
         vertex -0.0473 -1.3813 -0.4295
         vertex -0.0454 -1.3117 -0.4295
         vertex -0.0470 -1.2995 -0.4295
      endloop
   endfacet
   facet normal 0.0000 1.0000 -0.0000
      outer loop
         vertex -0.0473 -1.3813 -0.4295
         vertex -0.0470 -1.2995 -0.4295
         vertex -0.0945 -1.1878 -0.4295
      endloop
   endfacet
   facet normal 0.0000 1.0000 -0.0000
      outer loop
         vertex -0.0473 -1.3813 -0.4295
         vertex -0.0945 -1.1878 -0.4295
         vertex -0.0669 -1.3663 -0.4295
      endloop
   endfacet
   facet normal 0.0000 1.0000 -0.0000
      outer loop
         vertex 0.0122 -1.3449 -0.4295
         vertex 0.0000 -1.3465 -0.4295
         vertex 0.0000 -1.3940 -0.4295
      endloop
   endfacet
   facet normal 0.0000 1.0000 -0.0000
      outer loop
         vertex 0.0000 -1.3940 -0.4295
         vertex 0.0000 -1.3465 -0.4295
         vertex -0.0122 -1.3449 -0.4295
      endloop
   endfacet
   facet normal 0.0000 1.0000 -0.0000
      outer loop
         vertex 0.0000 -1.3940 -0.4295
         vertex -0.0122 -1.3449 -0.4295
         vertex -0.0245 -1.3908 -0.4295
      endloop
   endfacet
   facet normal 0.0000 1.0000 -0.0000
      outer loop
         vertex -0.0245 -1.3908 -0.4295
         vertex -0.0122 -1.3449 -0.4295
         vertex -0.0235 -1.3402 -0.4295
      endloop
   endfacet
   facet normal 0.0000 1.0000 -0.0000
      outer loop
         vertex -0.0245 -1.3908 -0.4295
         vertex -0.0235 -1.3402 -0.4295
         vertex -0.0332 -1.3327 -0.4295
      endloop
   endfacet
   facet normal 0.0000 1.0000 -0.0000
      outer loop
         vertex 0.0407 -1.3230 -0.4295
         vertex 0.0332 -1.3327 -0.4295
         vertex 0.0245 -1.3908 -0.4295
      endloop
   endfacet
   facet normal 0.0000 1.0000 -0.0000
      outer loop
         vertex 0.0245 -1.3908 -0.4295
         vertex 0.0332 -1.3327 -0.4295
         vertex 0.0235 -1.3402 -0.4295
      endloop
   endfacet
   facet normal 0.0000 1.0000 -0.0000
      outer loop
         vertex 0.0245 -1.3908 -0.4295
         vertex 0.0235 -1.3402 -0.4295
         vertex 0.0000 -1.3940 -0.4295
      endloop
   endfacet
   facet normal 0.0000 1.0000 -0.0000
      outer loop
         vertex 0.0000 -1.3940 -0.4295
         vertex 0.0235 -1.3402 -0.4295
         vertex 0.0122 -1.3449 -0.4295
      endloop
   endfacet
   facet normal 0.0000 1.0000 -0.0000
      outer loop
         vertex 0.0407 -1.3230 -0.4295
         vertex 0.0245 -1.3908 -0.4295
         vertex 0.0454 -1.3117 -0.4295
      endloop
   endfacet
   facet normal 0.0000 1.0000 -0.0000
      outer loop
         vertex 0.0454 -1.3117 -0.4295
         vertex 0.0245 -1.3908 -0.4295
         vertex 0.0473 -1.3813 -0.4295
      endloop
   endfacet
   facet normal 0.0000 1.0000 -0.0000
      outer loop
         vertex 0.0454 -1.3117 -0.4295
         vertex 0.0473 -1.3813 -0.4295
         vertex 0.0470 -1.2995 -0.4295
      endloop
   endfacet
   facet normal 0.0000 1.0000 -0.0000
      outer loop
         vertex 0.0470 -1.2995 -0.4295
         vertex 0.0473 -1.3813 -0.4295
         vertex 0.0669 -1.3663 -0.4295
      endloop
   endfacet
   facet normal 0.0000 1.0000 -0.0000
      outer loop
         vertex 0.0470 -1.2995 -0.4295
         vertex 0.0669 -1.3663 -0.4295
         vertex 0.0454 -1.2873 -0.4295
      endloop
   endfacet
   facet normal 0.0000 1.0000 -0.0000
      outer loop
         vertex 0.0454 -1.2873 -0.4295
         vertex 0.0669 -1.3663 -0.4295
         vertex 0.0819 -1.3467 -0.4295
      endloop
   endfacet
   facet normal 0.0000 1.0000 -0.0000
      outer loop
         vertex 0.0454 -1.2873 -0.4295
         vertex 0.0819 -1.3467 -0.4295
         vertex 0.0407 -1.2760 -0.4295
      endloop
   endfacet
   facet normal 0.0000 1.0000 -0.0000
      outer loop
         vertex 0.0407 -1.2760 -0.4295
         vertex 0.0819 -1.3467 -0.4295
         vertex 0.0914 -1.3239 -0.4295
      endloop
   endfacet
   facet normal 0.0000 1.0000 -0.0000
      outer loop
         vertex 0.0407 -1.2760 -0.4295
         vertex 0.0914 -1.3239 -0.4295
         vertex 0.0332 -1.2663 -0.4295
      endloop
   endfacet
   facet normal 0.0000 1.0000 -0.0000
      outer loop
         vertex 0.0332 -1.2663 -0.4295
         vertex 0.0914 -1.3239 -0.4295
         vertex 0.0945 -1.3040 -0.4295
      endloop
   endfacet
   facet normal 0.0000 1.0000 -0.0000
      outer loop
         vertex 0.0332 -1.2663 -0.4295
         vertex 0.0945 -1.3040 -0.4295
         vertex 0.0235 -1.2588 -0.4295
      endloop
   endfacet
   facet normal 0.0000 1.0000 -0.0000
      outer loop
         vertex 0.0235 -1.2588 -0.4295
         vertex 0.0945 -1.3040 -0.4295
         vertex 0.0945 -1.1878 -0.4295
      endloop
   endfacet
   facet normal 0.0000 1.0000 -0.0000
      outer loop
         vertex 0.0235 -1.2588 -0.4295
         vertex 0.0945 -1.1878 -0.4295
         vertex -0.0945 -1.1878 -0.4295
      endloop
   endfacet
   facet normal 0.0000 1.0000 -0.0000
      outer loop
         vertex -0.0945 -1.1878 -0.4295
         vertex -0.0945 -1.3040 -0.4295
         vertex -0.0914 -1.3239 -0.4295
      endloop
   endfacet
   facet normal 0.0000 1.0000 -0.0000
      outer loop
         vertex -0.0945 -1.1878 -0.4295
         vertex -0.0914 -1.3239 -0.4295
         vertex -0.0819 -1.3467 -0.4295
      endloop
   endfacet
   facet normal 0.0000 1.0000 -0.0000
      outer loop
         vertex -0.0945 -1.1878 -0.4295
         vertex -0.0819 -1.3467 -0.4295
         vertex -0.0669 -1.3663 -0.4295
      endloop
   endfacet
   facet normal 0.0000 1.0000 -0.0000
      outer loop
         vertex -0.0945 -1.1878 -0.4295
         vertex -0.0470 -1.2995 -0.4295
         vertex -0.0454 -1.2873 -0.4295
      endloop
   endfacet
   facet normal 0.0000 1.0000 -0.0000
      outer loop
         vertex -0.0945 -1.1878 -0.4295
         vertex -0.0454 -1.2873 -0.4295
         vertex -0.0407 -1.2760 -0.4295
      endloop
   endfacet
   facet normal 0.0000 1.0000 -0.0000
      outer loop
         vertex -0.0945 -1.1878 -0.4295
         vertex -0.0407 -1.2760 -0.4295
         vertex -0.0332 -1.2663 -0.4295
      endloop
   endfacet
   facet normal 0.0000 1.0000 -0.0000
      outer loop
         vertex -0.0945 -1.1878 -0.4295
         vertex -0.0332 -1.2663 -0.4295
         vertex -0.0235 -1.2588 -0.4295
      endloop
   endfacet
   facet normal 0.0000 1.0000 -0.0000
      outer loop
         vertex -0.0945 -1.1878 -0.4295
         vertex -0.0235 -1.2588 -0.4295
         vertex -0.0122 -1.2541 -0.4295
      endloop
   endfacet
   facet normal 0.0000 1.0000 -0.0000
      outer loop
         vertex -0.0945 -1.1878 -0.4295
         vertex -0.0122 -1.2541 -0.4295
         vertex 0.0000 -1.2525 -0.4295
      endloop
   endfacet
   facet normal 0.0000 1.0000 -0.0000
      outer loop
         vertex -0.0945 -1.1878 -0.4295
         vertex 0.0000 -1.2525 -0.4295
         vertex 0.0122 -1.2541 -0.4295
      endloop
   endfacet
   facet normal 0.0000 1.0000 -0.0000
      outer loop
         vertex -0.0945 -1.1878 -0.4295
         vertex 0.0122 -1.2541 -0.4295
         vertex 0.0235 -1.2588 -0.4295
      endloop
   endfacet
   facet normal -0.9848 0.0000 -0.1739
      outer loop
         vertex 0.0000 -1.3465 -0.4605
         vertex -0.0122 -1.3449 -0.4605
         vertex -0.0122 -1.3449 -0.4295
      endloop
   endfacet
   facet normal -0.9962 0.0000 -0.0869
      outer loop
         vertex 0.0000 -1.3465 -0.4605
         vertex -0.0122 -1.3449 -0.4295
         vertex 0.0000 -1.3465 -0.4295
      endloop
   endfacet
   facet normal 0.5734 0.0000 -0.8193
      outer loop
         vertex 0.0669 -1.3663 -0.4605
         vertex 0.0819 -1.3467 -0.4605
         vertex 0.0819 -1.3467 -0.4295
      endloop
   endfacet
   facet normal 0.6430 0.0000 -0.7659
      outer loop
         vertex 0.0669 -1.3663 -0.4605
         vertex 0.0819 -1.3467 -0.4295
         vertex 0.0669 -1.3663 -0.4295
      endloop
   endfacet
   facet normal 0.9398 0.0000 0.3418
      outer loop
         vertex -0.0473 -1.3813 -0.4605
         vertex -0.0245 -1.3908 -0.4605
         vertex -0.0245 -1.3908 -0.4295
      endloop
   endfacet
   facet normal 0.9062 0.0000 0.4228
      outer loop
         vertex -0.0473 -1.3813 -0.4605
         vertex -0.0245 -1.3908 -0.4295
         vertex -0.0473 -1.3813 -0.4295
      endloop
   endfacet
   facet normal 0.8193 0.0000 0.5734
      outer loop
         vertex -0.0669 -1.3663 -0.4605
         vertex -0.0473 -1.3813 -0.4605
         vertex -0.0473 -1.3813 -0.4295
      endloop
   endfacet
   facet normal 0.7659 0.0000 0.6430
      outer loop
         vertex -0.0669 -1.3663 -0.4605
         vertex -0.0473 -1.3813 -0.4295
         vertex -0.0669 -1.3663 -0.4295
      endloop
   endfacet
   facet normal 0.6430 0.0000 0.7659
      outer loop
         vertex -0.0819 -1.3467 -0.4605
         vertex -0.0669 -1.3663 -0.4605
         vertex -0.0669 -1.3663 -0.4295
      endloop
   endfacet
   facet normal 0.5734 0.0000 0.8193
      outer loop
         vertex -0.0819 -1.3467 -0.4605
         vertex -0.0669 -1.3663 -0.4295
         vertex -0.0819 -1.3467 -0.4295
      endloop
   endfacet
   facet normal 0.3494 0.0000 0.9370
      outer loop
         vertex -0.0819 -1.3467 -0.4295
         vertex -0.0914 -1.3239 -0.4295
         vertex -0.0914 -1.3239 -0.4605
      endloop
   endfacet
   facet normal 0.4264 0.0000 0.9045
      outer loop
         vertex -0.0819 -1.3467 -0.4295
         vertex -0.0914 -1.3239 -0.4605
         vertex -0.0819 -1.3467 -0.4605
      endloop
   endfacet
   facet normal 0.7659 0.0000 -0.6430
      outer loop
         vertex 0.0473 -1.3813 -0.4605
         vertex 0.0669 -1.3663 -0.4605
         vertex 0.0669 -1.3663 -0.4295
      endloop
   endfacet
   facet normal 0.8193 0.0000 -0.5734
      outer loop
         vertex 0.0473 -1.3813 -0.4605
         vertex 0.0669 -1.3663 -0.4295
         vertex 0.0473 -1.3813 -0.4295
      endloop
   endfacet
   facet normal 0.9062 0.0000 -0.4228
      outer loop
         vertex 0.0245 -1.3908 -0.4605
         vertex 0.0473 -1.3813 -0.4605
         vertex 0.0473 -1.3813 -0.4295
      endloop
   endfacet
   facet normal 0.9398 0.0000 -0.3418
      outer loop
         vertex 0.0245 -1.3908 -0.4605
         vertex 0.0473 -1.3813 -0.4295
         vertex 0.0245 -1.3908 -0.4295
      endloop
   endfacet
   facet normal 0.9848 0.0000 -0.1739
      outer loop
         vertex 0.0000 -1.3940 -0.4605
         vertex 0.0245 -1.3908 -0.4605
         vertex 0.0245 -1.3908 -0.4295
      endloop
   endfacet
   facet normal 0.9962 0.0000 -0.0869
      outer loop
         vertex 0.0000 -1.3940 -0.4605
         vertex 0.0245 -1.3908 -0.4295
         vertex 0.0000 -1.3940 -0.4295
      endloop
   endfacet
   facet normal 0.9962 0.0000 0.0869
      outer loop
         vertex -0.0245 -1.3908 -0.4605
         vertex 0.0000 -1.3940 -0.4605
         vertex 0.0000 -1.3940 -0.4295
      endloop
   endfacet
   facet normal 0.9848 0.0000 0.1739
      outer loop
         vertex -0.0245 -1.3908 -0.4605
         vertex 0.0000 -1.3940 -0.4295
         vertex -0.0245 -1.3908 -0.4295
      endloop
   endfacet
   facet normal 0.3418 0.0000 0.9398
      outer loop
         vertex 0.0407 -1.2760 -0.4605
         vertex 0.0454 -1.2873 -0.4605
         vertex 0.0454 -1.2873 -0.4295
      endloop
   endfacet
   facet normal 0.4228 0.0000 0.9062
      outer loop
         vertex 0.0407 -1.2760 -0.4605
         vertex 0.0454 -1.2873 -0.4295
         vertex 0.0407 -1.2760 -0.4295
      endloop
   endfacet
   facet normal 0.0000 0.0000 -1.0000
      outer loop
         vertex 0.0945 -1.1878 -0.4295
         vertex 0.0945 -1.3040 -0.4295
         vertex 0.0945 -1.3040 -0.4605
      endloop
   endfacet
   facet normal 0.0000 0.0000 -1.0000
      outer loop
         vertex 0.0945 -1.1878 -0.4295
         vertex 0.0945 -1.3040 -0.4605
         vertex 0.0945 -1.1800 -0.4605
      endloop
   endfacet
   facet normal 0.0000 0.0000 -1.0000
      outer loop
         vertex 0.0945 -1.1878 -0.4295
         vertex 0.0945 -1.1800 -0.4605
         vertex 0.0945 -1.1800 -0.4295
      endloop
   endfacet
   facet normal 0.1934 0.0000 -0.9811
      outer loop
         vertex 0.0914 -1.3239 -0.4605
         vertex 0.0945 -1.3040 -0.4605
         vertex 0.0945 -1.3040 -0.4295
      endloop
   endfacet
   facet normal 0.2321 0.0000 -0.9727
      outer loop
         vertex 0.0914 -1.3239 -0.4605
         vertex 0.0945 -1.3040 -0.4295
         vertex 0.0914 -1.3239 -0.4295
      endloop
   endfacet
   facet normal 0.3494 0.0000 -0.9370
      outer loop
         vertex 0.0819 -1.3467 -0.4605
         vertex 0.0914 -1.3239 -0.4605
         vertex 0.0914 -1.3239 -0.4295
      endloop
   endfacet
   facet normal 0.4264 0.0000 -0.9045
      outer loop
         vertex 0.0819 -1.3467 -0.4605
         vertex 0.0914 -1.3239 -0.4295
         vertex 0.0819 -1.3467 -0.4295
      endloop
   endfacet
   facet normal 0.6430 0.0000 -0.7659
      outer loop
         vertex -0.0407 -1.2760 -0.4605
         vertex -0.0332 -1.2663 -0.4605
         vertex -0.0332 -1.2663 -0.4295
      endloop
   endfacet
   facet normal 0.5734 0.0000 -0.8193
      outer loop
         vertex -0.0407 -1.2760 -0.4605
         vertex -0.0332 -1.2663 -0.4295
         vertex -0.0407 -1.2760 -0.4295
      endloop
   endfacet
   facet normal 0.2321 0.0000 0.9727
      outer loop
         vertex -0.0945 -1.3040 -0.4605
         vertex -0.0914 -1.3239 -0.4605
         vertex -0.0914 -1.3239 -0.4295
      endloop
   endfacet
   facet normal 0.1934 0.0000 0.9811
      outer loop
         vertex -0.0945 -1.3040 -0.4605
         vertex -0.0914 -1.3239 -0.4295
         vertex -0.0945 -1.3040 -0.4295
      endloop
   endfacet
   facet normal 0.0000 0.0000 1.0000
      outer loop
         vertex -0.0945 -1.1878 -0.4295
         vertex -0.0945 -1.1800 -0.4295
         vertex -0.0945 -1.1800 -0.4605
      endloop
   endfacet
   facet normal 0.0000 0.0000 1.0000
      outer loop
         vertex -0.0945 -1.1878 -0.4295
         vertex -0.0945 -1.1800 -0.4605
         vertex -0.0945 -1.3040 -0.4605
      endloop
   endfacet
   facet normal 0.0000 0.0000 1.0000
      outer loop
         vertex -0.0945 -1.1878 -0.4295
         vertex -0.0945 -1.3040 -0.4605
         vertex -0.0945 -1.3040 -0.4295
      endloop
   endfacet
   facet normal 0.8193 0.0000 -0.5734
      outer loop
         vertex -0.0332 -1.2663 -0.4605
         vertex -0.0235 -1.2588 -0.4605
         vertex -0.0235 -1.2588 -0.4295
      endloop
   endfacet
   facet normal 0.7659 0.0000 -0.6430
      outer loop
         vertex -0.0332 -1.2663 -0.4605
         vertex -0.0235 -1.2588 -0.4295
         vertex -0.0332 -1.2663 -0.4295
      endloop
   endfacet
   facet normal 0.4228 0.0000 -0.9062
      outer loop
         vertex -0.0454 -1.2873 -0.4605
         vertex -0.0407 -1.2760 -0.4605
         vertex -0.0407 -1.2760 -0.4295
      endloop
   endfacet
   facet normal 0.3418 0.0000 -0.9398
      outer loop
         vertex -0.0454 -1.2873 -0.4605
         vertex -0.0407 -1.2760 -0.4295
         vertex -0.0454 -1.2873 -0.4295
      endloop
   endfacet
   facet normal 0.1739 0.0000 -0.9848
      outer loop
         vertex -0.0470 -1.2995 -0.4605
         vertex -0.0454 -1.2873 -0.4605
         vertex -0.0454 -1.2873 -0.4295
      endloop
   endfacet
   facet normal 0.0869 0.0000 -0.9962
      outer loop
         vertex -0.0470 -1.2995 -0.4605
         vertex -0.0454 -1.2873 -0.4295
         vertex -0.0470 -1.2995 -0.4295
      endloop
   endfacet
   facet normal -0.0869 0.0000 -0.9962
      outer loop
         vertex -0.0454 -1.3117 -0.4605
         vertex -0.0470 -1.2995 -0.4605
         vertex -0.0470 -1.2995 -0.4295
      endloop
   endfacet
   facet normal -0.1739 0.0000 -0.9848
      outer loop
         vertex -0.0454 -1.3117 -0.4605
         vertex -0.0470 -1.2995 -0.4295
         vertex -0.0454 -1.3117 -0.4295
      endloop
   endfacet
   facet normal -0.3418 0.0000 -0.9398
      outer loop
         vertex -0.0407 -1.3230 -0.4605
         vertex -0.0454 -1.3117 -0.4605
         vertex -0.0454 -1.3117 -0.4295
      endloop
   endfacet
   facet normal -0.4228 0.0000 -0.9062
      outer loop
         vertex -0.0407 -1.3230 -0.4605
         vertex -0.0454 -1.3117 -0.4295
         vertex -0.0407 -1.3230 -0.4295
      endloop
   endfacet
   facet normal 0.9398 0.0000 -0.3418
      outer loop
         vertex -0.0235 -1.2588 -0.4605
         vertex -0.0122 -1.2541 -0.4605
         vertex -0.0122 -1.2541 -0.4295
      endloop
   endfacet
   facet normal 0.9062 0.0000 -0.4228
      outer loop
         vertex -0.0235 -1.2588 -0.4605
         vertex -0.0122 -1.2541 -0.4295
         vertex -0.0235 -1.2588 -0.4295
      endloop
   endfacet
   facet normal -0.5734 0.0000 -0.8193
      outer loop
         vertex -0.0332 -1.3327 -0.4605
         vertex -0.0407 -1.3230 -0.4605
         vertex -0.0407 -1.3230 -0.4295
      endloop
   endfacet
   facet normal -0.6430 0.0000 -0.7659
      outer loop
         vertex -0.0332 -1.3327 -0.4605
         vertex -0.0407 -1.3230 -0.4295
         vertex -0.0332 -1.3327 -0.4295
      endloop
   endfacet
   facet normal -0.7659 0.0000 -0.6430
      outer loop
         vertex -0.0235 -1.3402 -0.4605
         vertex -0.0332 -1.3327 -0.4605
         vertex -0.0332 -1.3327 -0.4295
      endloop
   endfacet
   facet normal -0.8193 0.0000 -0.5734
      outer loop
         vertex -0.0235 -1.3402 -0.4605
         vertex -0.0332 -1.3327 -0.4295
         vertex -0.0235 -1.3402 -0.4295
      endloop
   endfacet
   facet normal -0.9062 0.0000 -0.4228
      outer loop
         vertex -0.0122 -1.3449 -0.4605
         vertex -0.0235 -1.3402 -0.4605
         vertex -0.0235 -1.3402 -0.4295
      endloop
   endfacet
   facet normal -0.9398 0.0000 -0.3418
      outer loop
         vertex -0.0122 -1.3449 -0.4605
         vertex -0.0235 -1.3402 -0.4295
         vertex -0.0122 -1.3449 -0.4295
      endloop
   endfacet
   facet normal -0.9962 0.0000 0.0869
      outer loop
         vertex 0.0122 -1.3449 -0.4605
         vertex 0.0000 -1.3465 -0.4605
         vertex 0.0000 -1.3465 -0.4295
      endloop
   endfacet
   facet normal -0.9848 0.0000 0.1739
      outer loop
         vertex 0.0122 -1.3449 -0.4605
         vertex 0.0000 -1.3465 -0.4295
         vertex 0.0122 -1.3449 -0.4295
      endloop
   endfacet
   facet normal -0.9398 0.0000 0.3418
      outer loop
         vertex 0.0235 -1.3402 -0.4605
         vertex 0.0122 -1.3449 -0.4605
         vertex 0.0122 -1.3449 -0.4295
      endloop
   endfacet
   facet normal -0.9062 0.0000 0.4228
      outer loop
         vertex 0.0235 -1.3402 -0.4605
         vertex 0.0122 -1.3449 -0.4295
         vertex 0.0235 -1.3402 -0.4295
      endloop
   endfacet
   facet normal -0.8193 0.0000 0.5734
      outer loop
         vertex 0.0332 -1.3327 -0.4605
         vertex 0.0235 -1.3402 -0.4605
         vertex 0.0235 -1.3402 -0.4295
      endloop
   endfacet
   facet normal -0.7659 0.0000 0.6430
      outer loop
         vertex 0.0332 -1.3327 -0.4605
         vertex 0.0235 -1.3402 -0.4295
         vertex 0.0332 -1.3327 -0.4295
      endloop
   endfacet
   facet normal -0.6430 0.0000 0.7659
      outer loop
         vertex 0.0407 -1.3230 -0.4605
         vertex 0.0332 -1.3327 -0.4605
         vertex 0.0332 -1.3327 -0.4295
      endloop
   endfacet
   facet normal -0.5734 0.0000 0.8193
      outer loop
         vertex 0.0407 -1.3230 -0.4605
         vertex 0.0332 -1.3327 -0.4295
         vertex 0.0407 -1.3230 -0.4295
      endloop
   endfacet
   facet normal -0.4228 0.0000 0.9062
      outer loop
         vertex 0.0454 -1.3117 -0.4605
         vertex 0.0407 -1.3230 -0.4605
         vertex 0.0407 -1.3230 -0.4295
      endloop
   endfacet
   facet normal -0.3418 0.0000 0.9398
      outer loop
         vertex 0.0454 -1.3117 -0.4605
         vertex 0.0407 -1.3230 -0.4295
         vertex 0.0454 -1.3117 -0.4295
      endloop
   endfacet
   facet normal -0.1739 0.0000 0.9848
      outer loop
         vertex 0.0470 -1.2995 -0.4605
         vertex 0.0454 -1.3117 -0.4605
         vertex 0.0454 -1.3117 -0.4295
      endloop
   endfacet
   facet normal -0.0869 0.0000 0.9962
      outer loop
         vertex 0.0470 -1.2995 -0.4605
         vertex 0.0454 -1.3117 -0.4295
         vertex 0.0470 -1.2995 -0.4295
      endloop
   endfacet
   facet normal 0.0869 0.0000 0.9962
      outer loop
         vertex 0.0454 -1.2873 -0.4605
         vertex 0.0470 -1.2995 -0.4605
         vertex 0.0470 -1.2995 -0.4295
      endloop
   endfacet
   facet normal 0.1739 0.0000 0.9848
      outer loop
         vertex 0.0454 -1.2873 -0.4605
         vertex 0.0470 -1.2995 -0.4295
         vertex 0.0454 -1.2873 -0.4295
      endloop
   endfacet
   facet normal 0.5734 0.0000 0.8193
      outer loop
         vertex 0.0332 -1.2663 -0.4605
         vertex 0.0407 -1.2760 -0.4605
         vertex 0.0407 -1.2760 -0.4295
      endloop
   endfacet
   facet normal 0.6430 0.0000 0.7659
      outer loop
         vertex 0.0332 -1.2663 -0.4605
         vertex 0.0407 -1.2760 -0.4295
         vertex 0.0332 -1.2663 -0.4295
      endloop
   endfacet
   facet normal 0.7659 0.0000 0.6430
      outer loop
         vertex 0.0235 -1.2588 -0.4605
         vertex 0.0332 -1.2663 -0.4605
         vertex 0.0332 -1.2663 -0.4295
      endloop
   endfacet
   facet normal 0.8193 0.0000 0.5734
      outer loop
         vertex 0.0235 -1.2588 -0.4605
         vertex 0.0332 -1.2663 -0.4295
         vertex 0.0235 -1.2588 -0.4295
      endloop
   endfacet
   facet normal 0.9962 0.0000 -0.0869
      outer loop
         vertex -0.0122 -1.2541 -0.4605
         vertex 0.0000 -1.2525 -0.4605
         vertex 0.0000 -1.2525 -0.4295
      endloop
   endfacet
   facet normal 0.9848 0.0000 -0.1739
      outer loop
         vertex -0.0122 -1.2541 -0.4605
         vertex 0.0000 -1.2525 -0.4295
         vertex -0.0122 -1.2541 -0.4295
      endloop
   endfacet
   facet normal 0.9062 0.0000 0.4228
      outer loop
         vertex 0.0122 -1.2541 -0.4605
         vertex 0.0235 -1.2588 -0.4605
         vertex 0.0235 -1.2588 -0.4295
      endloop
   endfacet
   facet normal 0.9398 0.0000 0.3418
      outer loop
         vertex 0.0122 -1.2541 -0.4605
         vertex 0.0235 -1.2588 -0.4295
         vertex 0.0122 -1.2541 -0.4295
      endloop
   endfacet
   facet normal 0.9848 0.0000 0.1739
      outer loop
         vertex 0.0000 -1.2525 -0.4605
         vertex 0.0122 -1.2541 -0.4605
         vertex 0.0122 -1.2541 -0.4295
      endloop
   endfacet
   facet normal 0.9962 0.0000 0.0869
      outer loop
         vertex 0.0000 -1.2525 -0.4605
         vertex 0.0122 -1.2541 -0.4295
         vertex 0.0000 -1.2525 -0.4295
      endloop
   endfacet
   facet normal 1.0000 0.0000 0.0000
      outer loop
         vertex 0.0000 -1.1878 -0.2210
         vertex -0.0245 -1.1878 -0.2242
         vertex 0.0245 -1.1878 -0.2242
      endloop
   endfacet
   facet normal 1.0000 0.0000 0.0000
      outer loop
         vertex 0.0245 -1.1878 -0.2242
         vertex -0.0245 -1.1878 -0.2242
         vertex -0.0473 -1.1878 -0.2337
      endloop
   endfacet
   facet normal 1.0000 0.0000 0.0000
      outer loop
         vertex 0.0245 -1.1878 -0.2242
         vertex -0.0473 -1.1878 -0.2337
         vertex 0.0473 -1.1878 -0.2337
      endloop
   endfacet
   facet normal 1.0000 0.0000 0.0000
      outer loop
         vertex 0.0473 -1.1878 -0.2337
         vertex -0.0473 -1.1878 -0.2337
         vertex 0.0000 -1.1878 -0.2371
      endloop
   endfacet
   facet normal 1.0000 0.0000 0.0000
      outer loop
         vertex 0.0473 -1.1878 -0.2337
         vertex 0.0000 -1.1878 -0.2371
         vertex 0.0215 -1.1878 -0.2399
      endloop
   endfacet
   facet normal 1.0000 0.0000 0.0000
      outer loop
         vertex -0.0801 -1.1878 -0.3415
         vertex -0.0829 -1.1878 -0.3200
         vertex -0.0945 -1.1878 -0.3110
      endloop
   endfacet
   facet normal 1.0000 0.0000 0.0000
      outer loop
         vertex -0.0945 -1.1878 -0.3110
         vertex -0.0829 -1.1878 -0.3200
         vertex -0.0801 -1.1878 -0.2985
      endloop
   endfacet
   facet normal 1.0000 0.0000 0.0000
      outer loop
         vertex -0.0945 -1.1878 -0.3110
         vertex -0.0801 -1.1878 -0.2985
         vertex -0.0914 -1.1878 -0.2911
      endloop
   endfacet
   facet normal 1.0000 0.0000 0.0000
      outer loop
         vertex -0.0914 -1.1878 -0.2911
         vertex -0.0801 -1.1878 -0.2985
         vertex -0.0718 -1.1878 -0.2785
      endloop
   endfacet
   facet normal 1.0000 0.0000 0.0000
      outer loop
         vertex -0.0914 -1.1878 -0.2911
         vertex -0.0718 -1.1878 -0.2785
         vertex -0.0819 -1.1878 -0.2683
      endloop
   endfacet
   facet normal 1.0000 0.0000 0.0000
      outer loop
         vertex -0.0819 -1.1878 -0.2683
         vertex -0.0718 -1.1878 -0.2785
         vertex -0.0586 -1.1878 -0.2614
      endloop
   endfacet
   facet normal 1.0000 0.0000 0.0000
      outer loop
         vertex -0.0819 -1.1878 -0.2683
         vertex -0.0586 -1.1878 -0.2614
         vertex -0.0669 -1.1878 -0.2487
      endloop
   endfacet
   facet normal 1.0000 0.0000 0.0000
      outer loop
         vertex -0.0669 -1.1878 -0.2487
         vertex -0.0586 -1.1878 -0.2614
         vertex -0.0415 -1.1878 -0.2482
      endloop
   endfacet
   facet normal 1.0000 0.0000 0.0000
      outer loop
         vertex -0.0669 -1.1878 -0.2487
         vertex -0.0415 -1.1878 -0.2482
         vertex -0.0473 -1.1878 -0.2337
      endloop
   endfacet
   facet normal 1.0000 0.0000 0.0000
      outer loop
         vertex -0.0473 -1.1878 -0.2337
         vertex -0.0415 -1.1878 -0.2482
         vertex -0.0215 -1.1878 -0.2399
      endloop
   endfacet
   facet normal 1.0000 0.0000 0.0000
      outer loop
         vertex -0.0473 -1.1878 -0.2337
         vertex -0.0215 -1.1878 -0.2399
         vertex 0.0000 -1.1878 -0.2371
      endloop
   endfacet
   facet normal 1.0000 0.0000 0.0000
      outer loop
         vertex -0.0415 -1.1878 -0.3918
         vertex -0.0586 -1.1878 -0.3786
         vertex -0.0945 -1.1878 -0.4295
      endloop
   endfacet
   facet normal 1.0000 0.0000 0.0000
      outer loop
         vertex -0.0945 -1.1878 -0.4295
         vertex -0.0586 -1.1878 -0.3786
         vertex -0.0718 -1.1878 -0.3615
      endloop
   endfacet
   facet normal 1.0000 0.0000 0.0000
      outer loop
         vertex -0.0945 -1.1878 -0.4295
         vertex -0.0718 -1.1878 -0.3615
         vertex -0.0945 -1.1878 -0.3110
      endloop
   endfacet
   facet normal 1.0000 0.0000 0.0000
      outer loop
         vertex -0.0945 -1.1878 -0.3110
         vertex -0.0718 -1.1878 -0.3615
         vertex -0.0801 -1.1878 -0.3415
      endloop
   endfacet
   facet normal 1.0000 0.0000 0.0000
      outer loop
         vertex 0.0586 -1.1878 -0.3786
         vertex 0.0415 -1.1878 -0.3918
         vertex 0.0945 -1.1878 -0.4295
      endloop
   endfacet
   facet normal 1.0000 0.0000 0.0000
      outer loop
         vertex 0.0945 -1.1878 -0.4295
         vertex 0.0415 -1.1878 -0.3918
         vertex 0.0215 -1.1878 -0.4001
      endloop
   endfacet
   facet normal 1.0000 0.0000 0.0000
      outer loop
         vertex 0.0945 -1.1878 -0.4295
         vertex 0.0215 -1.1878 -0.4001
         vertex -0.0945 -1.1878 -0.4295
      endloop
   endfacet
   facet normal 1.0000 0.0000 0.0000
      outer loop
         vertex -0.0945 -1.1878 -0.4295
         vertex 0.0215 -1.1878 -0.4001
         vertex 0.0000 -1.1878 -0.4029
      endloop
   endfacet
   facet normal 1.0000 0.0000 0.0000
      outer loop
         vertex -0.0945 -1.1878 -0.4295
         vertex 0.0000 -1.1878 -0.4029
         vertex -0.0215 -1.1878 -0.4001
      endloop
   endfacet
   facet normal 1.0000 0.0000 0.0000
      outer loop
         vertex 0.0829 -1.1878 -0.3200
         vertex 0.0945 -1.1878 -0.3110
         vertex 0.0801 -1.1878 -0.2985
      endloop
   endfacet
   facet normal 1.0000 0.0000 0.0000
      outer loop
         vertex 0.0801 -1.1878 -0.2985
         vertex 0.0945 -1.1878 -0.3110
         vertex 0.0914 -1.1878 -0.2911
      endloop
   endfacet
   facet normal 1.0000 0.0000 0.0000
      outer loop
         vertex 0.0801 -1.1878 -0.2985
         vertex 0.0914 -1.1878 -0.2911
         vertex 0.0718 -1.1878 -0.2785
      endloop
   endfacet
   facet normal 1.0000 0.0000 0.0000
      outer loop
         vertex 0.0718 -1.1878 -0.2785
         vertex 0.0914 -1.1878 -0.2911
         vertex 0.0819 -1.1878 -0.2683
      endloop
   endfacet
   facet normal 1.0000 0.0000 0.0000
      outer loop
         vertex 0.0718 -1.1878 -0.2785
         vertex 0.0819 -1.1878 -0.2683
         vertex 0.0586 -1.1878 -0.2614
      endloop
   endfacet
   facet normal 1.0000 0.0000 0.0000
      outer loop
         vertex 0.0586 -1.1878 -0.2614
         vertex 0.0819 -1.1878 -0.2683
         vertex 0.0669 -1.1878 -0.2487
      endloop
   endfacet
   facet normal 1.0000 0.0000 0.0000
      outer loop
         vertex 0.0586 -1.1878 -0.2614
         vertex 0.0669 -1.1878 -0.2487
         vertex 0.0415 -1.1878 -0.2482
      endloop
   endfacet
   facet normal 1.0000 0.0000 0.0000
      outer loop
         vertex 0.0415 -1.1878 -0.2482
         vertex 0.0669 -1.1878 -0.2487
         vertex 0.0473 -1.1878 -0.2337
      endloop
   endfacet
   facet normal 1.0000 0.0000 0.0000
      outer loop
         vertex 0.0415 -1.1878 -0.2482
         vertex 0.0473 -1.1878 -0.2337
         vertex 0.0215 -1.1878 -0.2399
      endloop
   endfacet
   facet normal 1.0000 0.0000 0.0000
      outer loop
         vertex 0.0586 -1.1878 -0.3786
         vertex 0.0945 -1.1878 -0.4295
         vertex 0.0718 -1.1878 -0.3615
      endloop
   endfacet
   facet normal 1.0000 0.0000 0.0000
      outer loop
         vertex 0.0718 -1.1878 -0.3615
         vertex 0.0945 -1.1878 -0.4295
         vertex 0.0945 -1.1878 -0.3110
      endloop
   endfacet
   facet normal 1.0000 0.0000 0.0000
      outer loop
         vertex 0.0718 -1.1878 -0.3615
         vertex 0.0945 -1.1878 -0.3110
         vertex 0.0801 -1.1878 -0.3415
      endloop
   endfacet
   facet normal 1.0000 0.0000 0.0000
      outer loop
         vertex 0.0801 -1.1878 -0.3415
         vertex 0.0945 -1.1878 -0.3110
         vertex 0.0829 -1.1878 -0.3200
      endloop
   endfacet
   facet normal 1.0000 0.0000 0.0000
      outer loop
         vertex -0.0415 -1.1878 -0.3918
         vertex -0.0945 -1.1878 -0.4295
         vertex -0.0215 -1.1878 -0.4001
      endloop
   endfacet
   facet normal 1.0000 0.0000 0.0000
      outer loop
         vertex -0.0945 -1.1878 0.4295
         vertex -0.0945 -1.1878 0.3110
         vertex -0.0829 -1.1878 0.3200
      endloop
   endfacet
   facet normal 1.0000 0.0000 0.0000
      outer loop
         vertex -0.0945 -1.1878 0.4295
         vertex -0.0829 -1.1878 0.3200
         vertex -0.0801 -1.1878 0.3415
      endloop
   endfacet
   facet normal 1.0000 0.0000 0.0000
      outer loop
         vertex -0.0945 -1.1878 0.4295
         vertex -0.0801 -1.1878 0.3415
         vertex -0.0718 -1.1878 0.3615
      endloop
   endfacet
   facet normal 1.0000 0.0000 0.0000
      outer loop
         vertex -0.0945 -1.1878 0.4295
         vertex -0.0718 -1.1878 0.3615
         vertex -0.0586 -1.1878 0.3786
      endloop
   endfacet
   facet normal 1.0000 0.0000 0.0000
      outer loop
         vertex -0.0945 -1.1878 0.4295
         vertex -0.0586 -1.1878 0.3786
         vertex -0.0415 -1.1878 0.3918
      endloop
   endfacet
   facet normal 1.0000 0.0000 0.0000
      outer loop
         vertex -0.0945 -1.1878 0.4295
         vertex -0.0415 -1.1878 0.3918
         vertex -0.0215 -1.1878 0.4001
      endloop
   endfacet
   facet normal 1.0000 0.0000 0.0000
      outer loop
         vertex -0.0945 -1.1878 0.4295
         vertex -0.0215 -1.1878 0.4001
         vertex 0.0000 -1.1878 0.4029
      endloop
   endfacet
   facet normal 1.0000 0.0000 0.0000
      outer loop
         vertex -0.0945 -1.1878 0.4295
         vertex 0.0000 -1.1878 0.4029
         vertex 0.0945 -1.1878 0.4295
      endloop
   endfacet
   facet normal 1.0000 0.0000 0.0000
      outer loop
         vertex -0.0215 -1.1878 0.2399
         vertex -0.0415 -1.1878 0.2482
         vertex -0.0669 -1.1878 0.2487
      endloop
   endfacet
   facet normal 1.0000 0.0000 0.0000
      outer loop
         vertex -0.0669 -1.1878 0.2487
         vertex -0.0415 -1.1878 0.2482
         vertex -0.0586 -1.1878 0.2614
      endloop
   endfacet
   facet normal 1.0000 0.0000 0.0000
      outer loop
         vertex -0.0669 -1.1878 0.2487
         vertex -0.0586 -1.1878 0.2614
         vertex -0.0819 -1.1878 0.2683
      endloop
   endfacet
   facet normal 1.0000 0.0000 0.0000
      outer loop
         vertex -0.0819 -1.1878 0.2683
         vertex -0.0586 -1.1878 0.2614
         vertex -0.0718 -1.1878 0.2785
      endloop
   endfacet
   facet normal 1.0000 0.0000 0.0000
      outer loop
         vertex -0.0819 -1.1878 0.2683
         vertex -0.0718 -1.1878 0.2785
         vertex -0.0914 -1.1878 0.2911
      endloop
   endfacet
   facet normal 1.0000 0.0000 0.0000
      outer loop
         vertex -0.0914 -1.1878 0.2911
         vertex -0.0718 -1.1878 0.2785
         vertex -0.0801 -1.1878 0.2985
      endloop
   endfacet
   facet normal 1.0000 0.0000 0.0000
      outer loop
         vertex -0.0914 -1.1878 0.2911
         vertex -0.0801 -1.1878 0.2985
         vertex -0.0945 -1.1878 0.3110
      endloop
   endfacet
   facet normal 1.0000 0.0000 0.0000
      outer loop
         vertex -0.0945 -1.1878 0.3110
         vertex -0.0801 -1.1878 0.2985
         vertex -0.0829 -1.1878 0.3200
      endloop
   endfacet
   facet normal 1.0000 0.0000 0.0000
      outer loop
         vertex 0.0586 -1.1878 0.2614
         vertex 0.0415 -1.1878 0.2482
         vertex 0.0669 -1.1878 0.2487
      endloop
   endfacet
   facet normal 1.0000 0.0000 0.0000
      outer loop
         vertex 0.0669 -1.1878 0.2487
         vertex 0.0415 -1.1878 0.2482
         vertex 0.0215 -1.1878 0.2399
      endloop
   endfacet
   facet normal 1.0000 0.0000 0.0000
      outer loop
         vertex 0.0669 -1.1878 0.2487
         vertex 0.0215 -1.1878 0.2399
         vertex 0.0473 -1.1878 0.2337
      endloop
   endfacet
   facet normal 1.0000 0.0000 0.0000
      outer loop
         vertex 0.0473 -1.1878 0.2337
         vertex 0.0215 -1.1878 0.2399
         vertex 0.0000 -1.1878 0.2371
      endloop
   endfacet
   facet normal 1.0000 0.0000 0.0000
      outer loop
         vertex 0.0473 -1.1878 0.2337
         vertex 0.0000 -1.1878 0.2371
         vertex -0.0473 -1.1878 0.2337
      endloop
   endfacet
   facet normal 1.0000 0.0000 0.0000
      outer loop
         vertex -0.0473 -1.1878 0.2337
         vertex 0.0000 -1.1878 0.2371
         vertex -0.0215 -1.1878 0.2399
      endloop
   endfacet
   facet normal 1.0000 0.0000 0.0000
      outer loop
         vertex -0.0473 -1.1878 0.2337
         vertex -0.0215 -1.1878 0.2399
         vertex -0.0669 -1.1878 0.2487
      endloop
   endfacet
   facet normal 1.0000 0.0000 0.0000
      outer loop
         vertex 0.0945 -1.1878 0.4295
         vertex 0.0000 -1.1878 0.4029
         vertex 0.0215 -1.1878 0.4001
      endloop
   endfacet
   facet normal 1.0000 0.0000 0.0000
      outer loop
         vertex 0.0945 -1.1878 0.4295
         vertex 0.0215 -1.1878 0.4001
         vertex 0.0415 -1.1878 0.3918
      endloop
   endfacet
   facet normal 1.0000 0.0000 0.0000
      outer loop
         vertex 0.0945 -1.1878 0.4295
         vertex 0.0415 -1.1878 0.3918
         vertex 0.0586 -1.1878 0.3786
      endloop
   endfacet
   facet normal 1.0000 0.0000 0.0000
      outer loop
         vertex 0.0945 -1.1878 0.4295
         vertex 0.0586 -1.1878 0.3786
         vertex 0.0718 -1.1878 0.3615
      endloop
   endfacet
   facet normal 1.0000 0.0000 0.0000
      outer loop
         vertex 0.0945 -1.1878 0.4295
         vertex 0.0718 -1.1878 0.3615
         vertex 0.0801 -1.1878 0.3415
      endloop
   endfacet
   facet normal 1.0000 0.0000 0.0000
      outer loop
         vertex 0.0945 -1.1878 0.4295
         vertex 0.0801 -1.1878 0.3415
         vertex 0.0829 -1.1878 0.3200
      endloop
   endfacet
   facet normal 1.0000 0.0000 0.0000
      outer loop
         vertex 0.0945 -1.1878 0.4295
         vertex 0.0829 -1.1878 0.3200
         vertex 0.0945 -1.1878 0.3110
      endloop
   endfacet
   facet normal 1.0000 0.0000 0.0000
      outer loop
         vertex 0.0586 -1.1878 0.2614
         vertex 0.0819 -1.1878 0.2683
         vertex 0.0718 -1.1878 0.2785
      endloop
   endfacet
   facet normal 1.0000 0.0000 0.0000
      outer loop
         vertex 0.0718 -1.1878 0.2785
         vertex 0.0819 -1.1878 0.2683
         vertex 0.0914 -1.1878 0.2911
      endloop
   endfacet
   facet normal 1.0000 0.0000 0.0000
      outer loop
         vertex 0.0718 -1.1878 0.2785
         vertex 0.0914 -1.1878 0.2911
         vertex 0.0801 -1.1878 0.2985
      endloop
   endfacet
   facet normal 1.0000 0.0000 0.0000
      outer loop
         vertex 0.0801 -1.1878 0.2985
         vertex 0.0914 -1.1878 0.2911
         vertex 0.0945 -1.1878 0.3110
      endloop
   endfacet
   facet normal 1.0000 0.0000 0.0000
      outer loop
         vertex 0.0801 -1.1878 0.2985
         vertex 0.0945 -1.1878 0.3110
         vertex 0.0829 -1.1878 0.3200
      endloop
   endfacet
   facet normal 1.0000 0.0000 0.0000
      outer loop
         vertex -0.0245 -1.1878 0.2242
         vertex 0.0000 -1.1878 0.2210
         vertex 0.0245 -1.1878 0.2242
      endloop
   endfacet
   facet normal 1.0000 0.0000 0.0000
      outer loop
         vertex -0.0245 -1.1878 0.2242
         vertex 0.0245 -1.1878 0.2242
         vertex 0.0473 -1.1878 0.2337
      endloop
   endfacet
   facet normal 1.0000 0.0000 0.0000
      outer loop
         vertex -0.0245 -1.1878 0.2242
         vertex 0.0473 -1.1878 0.2337
         vertex -0.0473 -1.1878 0.2337
      endloop
   endfacet
   facet normal 1.0000 0.0000 0.0000
      outer loop
         vertex 0.0586 -1.1878 0.2614
         vertex 0.0669 -1.1878 0.2487
         vertex 0.0819 -1.1878 0.2683
      endloop
   endfacet
   facet normal 0.0000 -0.3494 0.9370
      outer loop
         vertex -0.0819 -1.1878 0.2683
         vertex -0.0914 -1.1878 0.2911
         vertex -0.0914 -1.1800 0.2911
      endloop
   endfacet
   facet normal 0.0000 -0.4264 0.9045
      outer loop
         vertex -0.0819 -1.1878 0.2683
         vertex -0.0914 -1.1800 0.2911
         vertex -0.0819 -1.1800 0.2683
      endloop
   endfacet
   facet normal 0.0000 -0.2321 0.9727
      outer loop
         vertex -0.0945 -1.1800 0.3110
         vertex -0.0914 -1.1800 0.2911
         vertex -0.0914 -1.1878 0.2911
      endloop
   endfacet
   facet normal 0.0000 -0.1934 0.9811
      outer loop
         vertex -0.0945 -1.1800 0.3110
         vertex -0.0914 -1.1878 0.2911
         vertex -0.0945 -1.1878 0.3110
      endloop
   endfacet
   facet normal 0.0000 0.0000 1.0000
      outer loop
         vertex -0.0945 -1.1878 0.3110
         vertex -0.0945 -1.1878 0.4295
         vertex -0.0945 -1.1800 0.4295
      endloop
   endfacet
   facet normal 0.0000 0.0000 1.0000
      outer loop
         vertex -0.0945 -1.1878 0.3110
         vertex -0.0945 -1.1800 0.4295
         vertex -0.0945 -1.1800 0.3110
      endloop
   endfacet
   facet normal 0.0000 -0.9848 0.1739
      outer loop
         vertex 0.0000 -1.1878 0.2210
         vertex -0.0245 -1.1878 0.2242
         vertex -0.0245 -1.1800 0.2242
      endloop
   endfacet
   facet normal 0.0000 -0.9962 0.0869
      outer loop
         vertex 0.0000 -1.1878 0.2210
         vertex -0.0245 -1.1800 0.2242
         vertex 0.0000 -1.1800 0.2210
      endloop
   endfacet
   facet normal 0.0000 -0.9398 0.3418
      outer loop
         vertex -0.0473 -1.1800 0.2337
         vertex -0.0245 -1.1800 0.2242
         vertex -0.0245 -1.1878 0.2242
      endloop
   endfacet
   facet normal 0.0000 -0.9062 0.4228
      outer loop
         vertex -0.0473 -1.1800 0.2337
         vertex -0.0245 -1.1878 0.2242
         vertex -0.0473 -1.1878 0.2337
      endloop
   endfacet
   facet normal 0.0000 -0.8193 0.5734
      outer loop
         vertex -0.0669 -1.1800 0.2487
         vertex -0.0473 -1.1800 0.2337
         vertex -0.0473 -1.1878 0.2337
      endloop
   endfacet
   facet normal 0.0000 -0.7659 0.6430
      outer loop
         vertex -0.0669 -1.1800 0.2487
         vertex -0.0473 -1.1878 0.2337
         vertex -0.0669 -1.1878 0.2487
      endloop
   endfacet
   facet normal 0.0000 -0.5734 0.8193
      outer loop
         vertex -0.0669 -1.1878 0.2487
         vertex -0.0819 -1.1878 0.2683
         vertex -0.0819 -1.1800 0.2683
      endloop
   endfacet
   facet normal 0.0000 -0.6430 0.7659
      outer loop
         vertex -0.0669 -1.1878 0.2487
         vertex -0.0819 -1.1800 0.2683
         vertex -0.0669 -1.1800 0.2487
      endloop
   endfacet
   facet normal 0.0000 0.0000 -1.0000
      outer loop
         vertex 0.0945 -1.1878 0.4295
         vertex 0.0945 -1.1878 0.3110
         vertex 0.0945 -1.1800 0.3110
      endloop
   endfacet
   facet normal 0.0000 0.0000 -1.0000
      outer loop
         vertex 0.0945 -1.1878 0.4295
         vertex 0.0945 -1.1800 0.3110
         vertex 0.0945 -1.1800 0.4295
      endloop
   endfacet
   facet normal 0.0000 -0.7659 -0.6430
      outer loop
         vertex 0.0473 -1.1800 0.2337
         vertex 0.0669 -1.1800 0.2487
         vertex 0.0669 -1.1878 0.2487
      endloop
   endfacet
   facet normal 0.0000 -0.8193 -0.5734
      outer loop
         vertex 0.0473 -1.1800 0.2337
         vertex 0.0669 -1.1878 0.2487
         vertex 0.0473 -1.1878 0.2337
      endloop
   endfacet
   facet normal 0.0000 -0.9398 -0.3418
      outer loop
         vertex 0.0473 -1.1878 0.2337
         vertex 0.0245 -1.1878 0.2242
         vertex 0.0245 -1.1800 0.2242
      endloop
   endfacet
   facet normal 0.0000 -0.9062 -0.4228
      outer loop
         vertex 0.0473 -1.1878 0.2337
         vertex 0.0245 -1.1800 0.2242
         vertex 0.0473 -1.1800 0.2337
      endloop
   endfacet
   facet normal 0.0000 -0.9962 -0.0869
      outer loop
         vertex 0.0245 -1.1878 0.2242
         vertex 0.0000 -1.1878 0.2210
         vertex 0.0000 -1.1800 0.2210
      endloop
   endfacet
   facet normal 0.0000 -0.9848 -0.1739
      outer loop
         vertex 0.0245 -1.1878 0.2242
         vertex 0.0000 -1.1800 0.2210
         vertex 0.0245 -1.1800 0.2242
      endloop
   endfacet
   facet normal 0.0000 -0.2321 -0.9727
      outer loop
         vertex 0.0945 -1.1878 0.3110
         vertex 0.0914 -1.1878 0.2911
         vertex 0.0914 -1.1800 0.2911
      endloop
   endfacet
   facet normal 0.0000 -0.1934 -0.9811
      outer loop
         vertex 0.0945 -1.1878 0.3110
         vertex 0.0914 -1.1800 0.2911
         vertex 0.0945 -1.1800 0.3110
      endloop
   endfacet
   facet normal 0.0000 -0.3494 -0.9370
      outer loop
         vertex 0.0819 -1.1800 0.2683
         vertex 0.0914 -1.1800 0.2911
         vertex 0.0914 -1.1878 0.2911
      endloop
   endfacet
   facet normal 0.0000 -0.4264 -0.9045
      outer loop
         vertex 0.0819 -1.1800 0.2683
         vertex 0.0914 -1.1878 0.2911
         vertex 0.0819 -1.1878 0.2683
      endloop
   endfacet
   facet normal 0.0000 -0.5734 -0.8193
      outer loop
         vertex 0.0669 -1.1800 0.2487
         vertex 0.0819 -1.1800 0.2683
         vertex 0.0819 -1.1878 0.2683
      endloop
   endfacet
   facet normal 0.0000 -0.6430 -0.7659
      outer loop
         vertex 0.0669 -1.1800 0.2487
         vertex 0.0819 -1.1878 0.2683
         vertex 0.0669 -1.1878 0.2487
      endloop
   endfacet
   facet normal 0.0000 0.0000 1.0000
      outer loop
         vertex -0.0945 -1.1878 -0.4295
         vertex -0.0945 -1.1878 -0.3110
         vertex -0.0945 -1.1800 -0.3110
      endloop
   endfacet
   facet normal 0.0000 0.0000 1.0000
      outer loop
         vertex -0.0945 -1.1878 -0.4295
         vertex -0.0945 -1.1800 -0.3110
         vertex -0.0945 -1.1800 -0.4295
      endloop
   endfacet
   facet normal 0.0000 0.2321 0.9727
      outer loop
         vertex -0.0945 -1.1878 -0.3110
         vertex -0.0914 -1.1878 -0.2911
         vertex -0.0914 -1.1800 -0.2911
      endloop
   endfacet
   facet normal 0.0000 0.1934 0.9811
      outer loop
         vertex -0.0945 -1.1878 -0.3110
         vertex -0.0914 -1.1800 -0.2911
         vertex -0.0945 -1.1800 -0.3110
      endloop
   endfacet
   facet normal 0.0000 0.9062 0.4228
      outer loop
         vertex -0.0245 -1.1800 -0.2242
         vertex -0.0473 -1.1800 -0.2337
         vertex -0.0473 -1.1878 -0.2337
      endloop
   endfacet
   facet normal 0.0000 0.9398 0.3418
      outer loop
         vertex -0.0245 -1.1800 -0.2242
         vertex -0.0473 -1.1878 -0.2337
         vertex -0.0245 -1.1878 -0.2242
      endloop
   endfacet
   facet normal 0.0000 0.9962 0.0869
      outer loop
         vertex -0.0245 -1.1878 -0.2242
         vertex 0.0000 -1.1878 -0.2210
         vertex 0.0000 -1.1800 -0.2210
      endloop
   endfacet
   facet normal 0.0000 0.9848 0.1739
      outer loop
         vertex -0.0245 -1.1878 -0.2242
         vertex 0.0000 -1.1800 -0.2210
         vertex -0.0245 -1.1800 -0.2242
      endloop
   endfacet
   facet normal 0.0000 0.9962 -0.0869
      outer loop
         vertex 0.0245 -1.1800 -0.2242
         vertex 0.0000 -1.1800 -0.2210
         vertex 0.0000 -1.1878 -0.2210
      endloop
   endfacet
   facet normal 0.0000 0.9848 -0.1739
      outer loop
         vertex 0.0245 -1.1800 -0.2242
         vertex 0.0000 -1.1878 -0.2210
         vertex 0.0245 -1.1878 -0.2242
      endloop
   endfacet
   facet normal 0.0000 0.4264 0.9045
      outer loop
         vertex -0.0914 -1.1878 -0.2911
         vertex -0.0819 -1.1878 -0.2683
         vertex -0.0819 -1.1800 -0.2683
      endloop
   endfacet
   facet normal 0.0000 0.3494 0.9370
      outer loop
         vertex -0.0914 -1.1878 -0.2911
         vertex -0.0819 -1.1800 -0.2683
         vertex -0.0914 -1.1800 -0.2911
      endloop
   endfacet
   facet normal 0.0000 0.5734 0.8193
      outer loop
         vertex -0.0669 -1.1800 -0.2487
         vertex -0.0819 -1.1800 -0.2683
         vertex -0.0819 -1.1878 -0.2683
      endloop
   endfacet
   facet normal 0.0000 0.6430 0.7659
      outer loop
         vertex -0.0669 -1.1800 -0.2487
         vertex -0.0819 -1.1878 -0.2683
         vertex -0.0669 -1.1878 -0.2487
      endloop
   endfacet
   facet normal 0.0000 0.7659 0.6430
      outer loop
         vertex -0.0473 -1.1800 -0.2337
         vertex -0.0669 -1.1800 -0.2487
         vertex -0.0669 -1.1878 -0.2487
      endloop
   endfacet
   facet normal 0.0000 0.8193 0.5734
      outer loop
         vertex -0.0473 -1.1800 -0.2337
         vertex -0.0669 -1.1878 -0.2487
         vertex -0.0473 -1.1878 -0.2337
      endloop
   endfacet
   facet normal 0.0000 0.1934 -0.9811
      outer loop
         vertex 0.0914 -1.1878 -0.2911
         vertex 0.0945 -1.1878 -0.3110
         vertex 0.0945 -1.1800 -0.3110
      endloop
   endfacet
   facet normal 0.0000 0.2321 -0.9727
      outer loop
         vertex 0.0914 -1.1878 -0.2911
         vertex 0.0945 -1.1800 -0.3110
         vertex 0.0914 -1.1800 -0.2911
      endloop
   endfacet
   facet normal 0.0000 0.0000 -1.0000
      outer loop
         vertex 0.0945 -1.1878 -0.3110
         vertex 0.0945 -1.1878 -0.4295
         vertex 0.0945 -1.1800 -0.4295
      endloop
   endfacet
   facet normal 0.0000 0.0000 -1.0000
      outer loop
         vertex 0.0945 -1.1878 -0.3110
         vertex 0.0945 -1.1800 -0.4295
         vertex 0.0945 -1.1800 -0.3110
      endloop
   endfacet
   facet normal 0.0000 0.9062 -0.4228
      outer loop
         vertex 0.0245 -1.1878 -0.2242
         vertex 0.0473 -1.1878 -0.2337
         vertex 0.0473 -1.1800 -0.2337
      endloop
   endfacet
   facet normal 0.0000 0.9398 -0.3418
      outer loop
         vertex 0.0245 -1.1878 -0.2242
         vertex 0.0473 -1.1800 -0.2337
         vertex 0.0245 -1.1800 -0.2242
      endloop
   endfacet
   facet normal 0.0000 0.7659 -0.6430
      outer loop
         vertex 0.0473 -1.1878 -0.2337
         vertex 0.0669 -1.1878 -0.2487
         vertex 0.0669 -1.1800 -0.2487
      endloop
   endfacet
   facet normal 0.0000 0.8193 -0.5734
      outer loop
         vertex 0.0473 -1.1878 -0.2337
         vertex 0.0669 -1.1800 -0.2487
         vertex 0.0473 -1.1800 -0.2337
      endloop
   endfacet
   facet normal 0.0000 0.6430 -0.7659
      outer loop
         vertex 0.0819 -1.1800 -0.2683
         vertex 0.0669 -1.1800 -0.2487
         vertex 0.0669 -1.1878 -0.2487
      endloop
   endfacet
   facet normal 0.0000 0.5734 -0.8193
      outer loop
         vertex 0.0819 -1.1800 -0.2683
         vertex 0.0669 -1.1878 -0.2487
         vertex 0.0819 -1.1878 -0.2683
      endloop
   endfacet
   facet normal 0.0000 0.3494 -0.9370
      outer loop
         vertex 0.0819 -1.1878 -0.2683
         vertex 0.0914 -1.1878 -0.2911
         vertex 0.0914 -1.1800 -0.2911
      endloop
   endfacet
   facet normal 0.0000 0.4264 -0.9045
      outer loop
         vertex 0.0819 -1.1878 -0.2683
         vertex 0.0914 -1.1800 -0.2911
         vertex 0.0819 -1.1800 -0.2683
      endloop
   endfacet
   facet normal 1.0000 0.0000 0.0000
      outer loop
         vertex 0.0000 -1.1955 -0.2371
         vertex -0.0215 -1.1955 -0.2399
         vertex -0.0415 -1.1955 -0.2482
      endloop
   endfacet
   facet normal 1.0000 0.0000 0.0000
      outer loop
         vertex 0.0000 -1.1955 -0.2371
         vertex -0.0415 -1.1955 -0.2482
         vertex -0.0586 -1.1955 -0.2614
      endloop
   endfacet
   facet normal 1.0000 0.0000 0.0000
      outer loop
         vertex 0.0000 -1.1955 -0.2371
         vertex -0.0586 -1.1955 -0.2614
         vertex -0.0718 -1.1955 -0.2785
      endloop
   endfacet
   facet normal 1.0000 0.0000 0.0000
      outer loop
         vertex 0.0000 -1.1955 -0.2371
         vertex -0.0718 -1.1955 -0.2785
         vertex -0.0801 -1.1955 -0.2985
      endloop
   endfacet
   facet normal 1.0000 0.0000 0.0000
      outer loop
         vertex 0.0000 -1.1955 -0.2371
         vertex -0.0801 -1.1955 -0.2985
         vertex -0.0829 -1.1955 -0.3200
      endloop
   endfacet
   facet normal 1.0000 0.0000 0.0000
      outer loop
         vertex 0.0000 -1.1955 -0.2371
         vertex -0.0829 -1.1955 -0.3200
         vertex -0.0801 -1.1955 -0.3415
      endloop
   endfacet
   facet normal 1.0000 0.0000 0.0000
      outer loop
         vertex 0.0000 -1.1955 -0.2371
         vertex -0.0801 -1.1955 -0.3415
         vertex -0.0718 -1.1955 -0.3615
      endloop
   endfacet
   facet normal 1.0000 0.0000 0.0000
      outer loop
         vertex 0.0000 -1.1955 -0.2371
         vertex -0.0718 -1.1955 -0.3615
         vertex -0.0586 -1.1955 -0.3786
      endloop
   endfacet
   facet normal 1.0000 0.0000 0.0000
      outer loop
         vertex 0.0000 -1.1955 -0.2371
         vertex -0.0586 -1.1955 -0.3786
         vertex -0.0415 -1.1955 -0.3918
      endloop
   endfacet
   facet normal 1.0000 0.0000 0.0000
      outer loop
         vertex 0.0000 -1.1955 -0.2371
         vertex -0.0415 -1.1955 -0.3918
         vertex -0.0215 -1.1955 -0.4001
      endloop
   endfacet
   facet normal 1.0000 0.0000 0.0000
      outer loop
         vertex 0.0000 -1.1955 -0.2371
         vertex -0.0215 -1.1955 -0.4001
         vertex 0.0000 -1.1955 -0.4029
      endloop
   endfacet
   facet normal 1.0000 0.0000 0.0000
      outer loop
         vertex 0.0000 -1.1955 -0.2371
         vertex 0.0000 -1.1955 -0.4029
         vertex 0.0215 -1.1955 -0.4001
      endloop
   endfacet
   facet normal 1.0000 0.0000 0.0000
      outer loop
         vertex 0.0000 -1.1955 -0.2371
         vertex 0.0215 -1.1955 -0.4001
         vertex 0.0415 -1.1955 -0.3918
      endloop
   endfacet
   facet normal 1.0000 0.0000 0.0000
      outer loop
         vertex 0.0000 -1.1955 -0.2371
         vertex 0.0415 -1.1955 -0.3918
         vertex 0.0586 -1.1955 -0.3786
      endloop
   endfacet
   facet normal 1.0000 0.0000 0.0000
      outer loop
         vertex 0.0000 -1.1955 -0.2371
         vertex 0.0586 -1.1955 -0.3786
         vertex 0.0718 -1.1955 -0.3615
      endloop
   endfacet
   facet normal 1.0000 0.0000 0.0000
      outer loop
         vertex 0.0000 -1.1955 -0.2371
         vertex 0.0718 -1.1955 -0.3615
         vertex 0.0801 -1.1955 -0.3415
      endloop
   endfacet
   facet normal 1.0000 0.0000 0.0000
      outer loop
         vertex 0.0000 -1.1955 -0.2371
         vertex 0.0801 -1.1955 -0.3415
         vertex 0.0829 -1.1955 -0.3200
      endloop
   endfacet
   facet normal 1.0000 0.0000 0.0000
      outer loop
         vertex 0.0000 -1.1955 -0.2371
         vertex 0.0829 -1.1955 -0.3200
         vertex 0.0801 -1.1955 -0.2985
      endloop
   endfacet
   facet normal 1.0000 0.0000 0.0000
      outer loop
         vertex 0.0000 -1.1955 -0.2371
         vertex 0.0801 -1.1955 -0.2985
         vertex 0.0718 -1.1955 -0.2785
      endloop
   endfacet
   facet normal 1.0000 0.0000 0.0000
      outer loop
         vertex 0.0000 -1.1955 -0.2371
         vertex 0.0718 -1.1955 -0.2785
         vertex 0.0586 -1.1955 -0.2614
      endloop
   endfacet
   facet normal 1.0000 0.0000 0.0000
      outer loop
         vertex 0.0000 -1.1955 -0.2371
         vertex 0.0586 -1.1955 -0.2614
         vertex 0.0415 -1.1955 -0.2482
      endloop
   endfacet
   facet normal 1.0000 0.0000 0.0000
      outer loop
         vertex 0.0000 -1.1955 -0.2371
         vertex 0.0415 -1.1955 -0.2482
         vertex 0.0215 -1.1955 -0.2399
      endloop
   endfacet
   facet normal 1.0000 0.0000 0.0000
      outer loop
         vertex -0.0215 -1.1955 0.2399
         vertex 0.0000 -1.1955 0.2371
         vertex 0.0215 -1.1955 0.2399
      endloop
   endfacet
   facet normal 1.0000 0.0000 0.0000
      outer loop
         vertex -0.0215 -1.1955 0.2399
         vertex 0.0215 -1.1955 0.2399
         vertex 0.0415 -1.1955 0.2482
      endloop
   endfacet
   facet normal 1.0000 0.0000 0.0000
      outer loop
         vertex -0.0215 -1.1955 0.2399
         vertex 0.0415 -1.1955 0.2482
         vertex 0.0586 -1.1955 0.2614
      endloop
   endfacet
   facet normal 1.0000 0.0000 0.0000
      outer loop
         vertex -0.0215 -1.1955 0.2399
         vertex 0.0586 -1.1955 0.2614
         vertex 0.0718 -1.1955 0.2785
      endloop
   endfacet
   facet normal 1.0000 0.0000 0.0000
      outer loop
         vertex -0.0215 -1.1955 0.2399
         vertex 0.0718 -1.1955 0.2785
         vertex 0.0801 -1.1955 0.2985
      endloop
   endfacet
   facet normal 1.0000 0.0000 0.0000
      outer loop
         vertex -0.0215 -1.1955 0.2399
         vertex 0.0801 -1.1955 0.2985
         vertex 0.0829 -1.1955 0.3200
      endloop
   endfacet
   facet normal 1.0000 0.0000 0.0000
      outer loop
         vertex -0.0215 -1.1955 0.2399
         vertex 0.0829 -1.1955 0.3200
         vertex 0.0801 -1.1955 0.3415
      endloop
   endfacet
   facet normal 1.0000 0.0000 0.0000
      outer loop
         vertex -0.0215 -1.1955 0.2399
         vertex 0.0801 -1.1955 0.3415
         vertex 0.0718 -1.1955 0.3615
      endloop
   endfacet
   facet normal 1.0000 0.0000 0.0000
      outer loop
         vertex -0.0215 -1.1955 0.2399
         vertex 0.0718 -1.1955 0.3615
         vertex 0.0586 -1.1955 0.3786
      endloop
   endfacet
   facet normal 1.0000 0.0000 0.0000
      outer loop
         vertex -0.0215 -1.1955 0.2399
         vertex 0.0586 -1.1955 0.3786
         vertex 0.0415 -1.1955 0.3918
      endloop
   endfacet
   facet normal 1.0000 0.0000 0.0000
      outer loop
         vertex -0.0215 -1.1955 0.2399
         vertex 0.0415 -1.1955 0.3918
         vertex 0.0215 -1.1955 0.4001
      endloop
   endfacet
   facet normal 1.0000 0.0000 0.0000
      outer loop
         vertex -0.0215 -1.1955 0.2399
         vertex 0.0215 -1.1955 0.4001
         vertex 0.0000 -1.1955 0.4029
      endloop
   endfacet
   facet normal 1.0000 0.0000 0.0000
      outer loop
         vertex -0.0215 -1.1955 0.2399
         vertex 0.0000 -1.1955 0.4029
         vertex -0.0215 -1.1955 0.4001
      endloop
   endfacet
   facet normal 1.0000 0.0000 0.0000
      outer loop
         vertex -0.0215 -1.1955 0.2399
         vertex -0.0215 -1.1955 0.4001
         vertex -0.0415 -1.1955 0.3918
      endloop
   endfacet
   facet normal 1.0000 0.0000 0.0000
      outer loop
         vertex -0.0215 -1.1955 0.2399
         vertex -0.0415 -1.1955 0.3918
         vertex -0.0586 -1.1955 0.3786
      endloop
   endfacet
   facet normal 1.0000 0.0000 0.0000
      outer loop
         vertex -0.0215 -1.1955 0.2399
         vertex -0.0586 -1.1955 0.3786
         vertex -0.0718 -1.1955 0.3615
      endloop
   endfacet
   facet normal 1.0000 0.0000 0.0000
      outer loop
         vertex -0.0215 -1.1955 0.2399
         vertex -0.0718 -1.1955 0.3615
         vertex -0.0801 -1.1955 0.3415
      endloop
   endfacet
   facet normal 1.0000 0.0000 0.0000
      outer loop
         vertex -0.0215 -1.1955 0.2399
         vertex -0.0801 -1.1955 0.3415
         vertex -0.0829 -1.1955 0.3200
      endloop
   endfacet
   facet normal 1.0000 0.0000 0.0000
      outer loop
         vertex -0.0215 -1.1955 0.2399
         vertex -0.0829 -1.1955 0.3200
         vertex -0.0801 -1.1955 0.2985
      endloop
   endfacet
   facet normal 1.0000 0.0000 0.0000
      outer loop
         vertex -0.0215 -1.1955 0.2399
         vertex -0.0801 -1.1955 0.2985
         vertex -0.0718 -1.1955 0.2785
      endloop
   endfacet
   facet normal 1.0000 0.0000 0.0000
      outer loop
         vertex -0.0215 -1.1955 0.2399
         vertex -0.0718 -1.1955 0.2785
         vertex -0.0586 -1.1955 0.2614
      endloop
   endfacet
   facet normal 1.0000 0.0000 0.0000
      outer loop
         vertex -0.0215 -1.1955 0.2399
         vertex -0.0586 -1.1955 0.2614
         vertex -0.0415 -1.1955 0.2482
      endloop
   endfacet
   facet normal 0.0000 0.1739 0.9848
      outer loop
         vertex -0.0801 -1.1955 0.3415
         vertex -0.0801 -1.1878 0.3415
         vertex -0.0829 -1.1878 0.3200
      endloop
   endfacet
   facet normal 0.0000 0.0869 0.9962
      outer loop
         vertex -0.0801 -1.1955 0.3415
         vertex -0.0829 -1.1878 0.3200
         vertex -0.0829 -1.1955 0.3200
      endloop
   endfacet
   facet normal 0.0000 -0.3418 0.9398
      outer loop
         vertex -0.0801 -1.1955 0.2985
         vertex -0.0801 -1.1878 0.2985
         vertex -0.0718 -1.1878 0.2785
      endloop
   endfacet
   facet normal 0.0000 -0.4228 0.9062
      outer loop
         vertex -0.0801 -1.1955 0.2985
         vertex -0.0718 -1.1878 0.2785
         vertex -0.0718 -1.1955 0.2785
      endloop
   endfacet
   facet normal 0.0000 -0.0869 0.9962
      outer loop
         vertex -0.0829 -1.1955 0.3200
         vertex -0.0829 -1.1878 0.3200
         vertex -0.0801 -1.1878 0.2985
      endloop
   endfacet
   facet normal 0.0000 -0.1739 0.9848
      outer loop
         vertex -0.0829 -1.1955 0.3200
         vertex -0.0801 -1.1878 0.2985
         vertex -0.0801 -1.1955 0.2985
      endloop
   endfacet
   facet normal 0.0000 0.1739 0.9848
      outer loop
         vertex -0.0801 -1.1955 -0.2985
         vertex -0.0801 -1.1878 -0.2985
         vertex -0.0829 -1.1878 -0.3200
      endloop
   endfacet
   facet normal 0.0000 0.0869 0.9962
      outer loop
         vertex -0.0801 -1.1955 -0.2985
         vertex -0.0829 -1.1878 -0.3200
         vertex -0.0829 -1.1955 -0.3200
      endloop
   endfacet
   facet normal 0.0000 -0.3418 0.9398
      outer loop
         vertex -0.0801 -1.1955 -0.3415
         vertex -0.0801 -1.1878 -0.3415
         vertex -0.0718 -1.1878 -0.3615
      endloop
   endfacet
   facet normal 0.0000 -0.4228 0.9062
      outer loop
         vertex -0.0801 -1.1955 -0.3415
         vertex -0.0718 -1.1878 -0.3615
         vertex -0.0718 -1.1955 -0.3615
      endloop
   endfacet
   facet normal 0.0000 -0.0869 0.9962
      outer loop
         vertex -0.0829 -1.1955 -0.3200
         vertex -0.0829 -1.1878 -0.3200
         vertex -0.0801 -1.1878 -0.3415
      endloop
   endfacet
   facet normal 0.0000 -0.1739 0.9848
      outer loop
         vertex -0.0829 -1.1955 -0.3200
         vertex -0.0801 -1.1878 -0.3415
         vertex -0.0801 -1.1955 -0.3415
      endloop
   endfacet
   facet normal 0.0000 -0.9062 0.4228
      outer loop
         vertex -0.0415 -1.1955 -0.3918
         vertex -0.0415 -1.1878 -0.3918
         vertex -0.0215 -1.1878 -0.4001
      endloop
   endfacet
   facet normal 0.0000 -0.9398 0.3418
      outer loop
         vertex -0.0415 -1.1955 -0.3918
         vertex -0.0215 -1.1878 -0.4001
         vertex -0.0215 -1.1955 -0.4001
      endloop
   endfacet
   facet normal 0.0000 -0.7659 0.6430
      outer loop
         vertex -0.0586 -1.1955 -0.3786
         vertex -0.0586 -1.1878 -0.3786
         vertex -0.0415 -1.1878 -0.3918
      endloop
   endfacet
   facet normal 0.0000 -0.8193 0.5734
      outer loop
         vertex -0.0586 -1.1955 -0.3786
         vertex -0.0415 -1.1878 -0.3918
         vertex -0.0415 -1.1955 -0.3918
      endloop
   endfacet
   facet normal 0.0000 -0.5734 0.8193
      outer loop
         vertex -0.0718 -1.1955 -0.3615
         vertex -0.0718 -1.1878 -0.3615
         vertex -0.0586 -1.1878 -0.3786
      endloop
   endfacet
   facet normal 0.0000 -0.6430 0.7659
      outer loop
         vertex -0.0718 -1.1955 -0.3615
         vertex -0.0586 -1.1878 -0.3786
         vertex -0.0586 -1.1955 -0.3786
      endloop
   endfacet
   facet normal 0.0000 -0.9848 -0.1739
      outer loop
         vertex 0.0000 -1.1878 -0.4029
         vertex 0.0215 -1.1878 -0.4001
         vertex 0.0215 -1.1955 -0.4001
      endloop
   endfacet
   facet normal 0.0000 -0.9962 -0.0869
      outer loop
         vertex 0.0000 -1.1878 -0.4029
         vertex 0.0215 -1.1955 -0.4001
         vertex 0.0000 -1.1955 -0.4029
      endloop
   endfacet
   facet normal 0.0000 -0.9848 0.1739
      outer loop
         vertex -0.0215 -1.1955 -0.4001
         vertex -0.0215 -1.1878 -0.4001
         vertex 0.0000 -1.1878 -0.4029
      endloop
   endfacet
   facet normal 0.0000 -0.9962 0.0869
      outer loop
         vertex -0.0215 -1.1955 -0.4001
         vertex 0.0000 -1.1878 -0.4029
         vertex 0.0000 -1.1955 -0.4029
      endloop
   endfacet
   facet normal 0.0000 0.4228 0.9062
      outer loop
         vertex -0.0718 -1.1955 -0.2785
         vertex -0.0718 -1.1878 -0.2785
         vertex -0.0801 -1.1878 -0.2985
      endloop
   endfacet
   facet normal 0.0000 0.3418 0.9398
      outer loop
         vertex -0.0718 -1.1955 -0.2785
         vertex -0.0801 -1.1878 -0.2985
         vertex -0.0801 -1.1955 -0.2985
      endloop
   endfacet
   facet normal 0.0000 0.6430 0.7659
      outer loop
         vertex -0.0586 -1.1955 -0.2614
         vertex -0.0586 -1.1878 -0.2614
         vertex -0.0718 -1.1878 -0.2785
      endloop
   endfacet
   facet normal 0.0000 0.5734 0.8193
      outer loop
         vertex -0.0586 -1.1955 -0.2614
         vertex -0.0718 -1.1878 -0.2785
         vertex -0.0718 -1.1955 -0.2785
      endloop
   endfacet
   facet normal 0.0000 0.8193 0.5734
      outer loop
         vertex -0.0415 -1.1955 -0.2482
         vertex -0.0415 -1.1878 -0.2482
         vertex -0.0586 -1.1878 -0.2614
      endloop
   endfacet
   facet normal 0.0000 0.7659 0.6430
      outer loop
         vertex -0.0415 -1.1955 -0.2482
         vertex -0.0586 -1.1878 -0.2614
         vertex -0.0586 -1.1955 -0.2614
      endloop
   endfacet
   facet normal 0.0000 0.9398 0.3418
      outer loop
         vertex -0.0215 -1.1955 -0.2399
         vertex -0.0215 -1.1878 -0.2399
         vertex -0.0415 -1.1878 -0.2482
      endloop
   endfacet
   facet normal 0.0000 0.9062 0.4228
      outer loop
         vertex -0.0215 -1.1955 -0.2399
         vertex -0.0415 -1.1878 -0.2482
         vertex -0.0415 -1.1955 -0.2482
      endloop
   endfacet
   facet normal 0.0000 0.9962 0.0869
      outer loop
         vertex -0.0215 -1.1955 -0.2399
         vertex 0.0000 -1.1955 -0.2371
         vertex 0.0000 -1.1878 -0.2371
      endloop
   endfacet
   facet normal 0.0000 0.9848 0.1739
      outer loop
         vertex -0.0215 -1.1955 -0.2399
         vertex 0.0000 -1.1878 -0.2371
         vertex -0.0215 -1.1878 -0.2399
      endloop
   endfacet
   facet normal 0.0000 -0.9062 0.4228
      outer loop
         vertex -0.0415 -1.1955 0.2482
         vertex -0.0415 -1.1878 0.2482
         vertex -0.0215 -1.1878 0.2399
      endloop
   endfacet
   facet normal 0.0000 -0.9398 0.3418
      outer loop
         vertex -0.0415 -1.1955 0.2482
         vertex -0.0215 -1.1878 0.2399
         vertex -0.0215 -1.1955 0.2399
      endloop
   endfacet
   facet normal 0.0000 -0.7659 0.6430
      outer loop
         vertex -0.0586 -1.1955 0.2614
         vertex -0.0586 -1.1878 0.2614
         vertex -0.0415 -1.1878 0.2482
      endloop
   endfacet
   facet normal 0.0000 -0.8193 0.5734
      outer loop
         vertex -0.0586 -1.1955 0.2614
         vertex -0.0415 -1.1878 0.2482
         vertex -0.0415 -1.1955 0.2482
      endloop
   endfacet
   facet normal 0.0000 -0.5734 0.8193
      outer loop
         vertex -0.0718 -1.1955 0.2785
         vertex -0.0718 -1.1878 0.2785
         vertex -0.0586 -1.1878 0.2614
      endloop
   endfacet
   facet normal 0.0000 -0.6430 0.7659
      outer loop
         vertex -0.0718 -1.1955 0.2785
         vertex -0.0586 -1.1878 0.2614
         vertex -0.0586 -1.1955 0.2614
      endloop
   endfacet
   facet normal 0.0000 -0.4228 -0.9062
      outer loop
         vertex 0.0718 -1.1955 -0.3615
         vertex 0.0718 -1.1878 -0.3615
         vertex 0.0801 -1.1878 -0.3415
      endloop
   endfacet
   facet normal 0.0000 -0.3418 -0.9398
      outer loop
         vertex 0.0718 -1.1955 -0.3615
         vertex 0.0801 -1.1878 -0.3415
         vertex 0.0801 -1.1955 -0.3415
      endloop
   endfacet
   facet normal 0.0000 -0.6430 -0.7659
      outer loop
         vertex 0.0586 -1.1955 -0.3786
         vertex 0.0586 -1.1878 -0.3786
         vertex 0.0718 -1.1878 -0.3615
      endloop
   endfacet
   facet normal 0.0000 -0.5734 -0.8193
      outer loop
         vertex 0.0586 -1.1955 -0.3786
         vertex 0.0718 -1.1878 -0.3615
         vertex 0.0718 -1.1955 -0.3615
      endloop
   endfacet
   facet normal 0.0000 -0.8193 -0.5734
      outer loop
         vertex 0.0415 -1.1955 -0.3918
         vertex 0.0415 -1.1878 -0.3918
         vertex 0.0586 -1.1878 -0.3786
      endloop
   endfacet
   facet normal 0.0000 -0.7659 -0.6430
      outer loop
         vertex 0.0415 -1.1955 -0.3918
         vertex 0.0586 -1.1878 -0.3786
         vertex 0.0586 -1.1955 -0.3786
      endloop
   endfacet
   facet normal 0.0000 -0.9398 -0.3418
      outer loop
         vertex 0.0215 -1.1955 -0.4001
         vertex 0.0215 -1.1878 -0.4001
         vertex 0.0415 -1.1878 -0.3918
      endloop
   endfacet
   facet normal 0.0000 -0.9062 -0.4228
      outer loop
         vertex 0.0215 -1.1955 -0.4001
         vertex 0.0415 -1.1878 -0.3918
         vertex 0.0415 -1.1955 -0.3918
      endloop
   endfacet
   facet normal 0.0000 0.0869 -0.9962
      outer loop
         vertex 0.0829 -1.1955 -0.3200
         vertex 0.0829 -1.1878 -0.3200
         vertex 0.0801 -1.1878 -0.2985
      endloop
   endfacet
   facet normal 0.0000 0.1739 -0.9848
      outer loop
         vertex 0.0829 -1.1955 -0.3200
         vertex 0.0801 -1.1878 -0.2985
         vertex 0.0801 -1.1955 -0.2985
      endloop
   endfacet
   facet normal 0.0000 -0.1739 -0.9848
      outer loop
         vertex 0.0801 -1.1955 -0.3415
         vertex 0.0801 -1.1878 -0.3415
         vertex 0.0829 -1.1878 -0.3200
      endloop
   endfacet
   facet normal 0.0000 -0.0869 -0.9962
      outer loop
         vertex 0.0801 -1.1955 -0.3415
         vertex 0.0829 -1.1878 -0.3200
         vertex 0.0829 -1.1955 -0.3200
      endloop
   endfacet
   facet normal 0.0000 0.7659 -0.6430
      outer loop
         vertex 0.0586 -1.1955 -0.2614
         vertex 0.0586 -1.1878 -0.2614
         vertex 0.0415 -1.1878 -0.2482
      endloop
   endfacet
   facet normal 0.0000 0.8193 -0.5734
      outer loop
         vertex 0.0586 -1.1955 -0.2614
         vertex 0.0415 -1.1878 -0.2482
         vertex 0.0415 -1.1955 -0.2482
      endloop
   endfacet
   facet normal 0.0000 0.5734 -0.8193
      outer loop
         vertex 0.0718 -1.1955 -0.2785
         vertex 0.0718 -1.1878 -0.2785
         vertex 0.0586 -1.1878 -0.2614
      endloop
   endfacet
   facet normal 0.0000 0.6430 -0.7659
      outer loop
         vertex 0.0718 -1.1955 -0.2785
         vertex 0.0586 -1.1878 -0.2614
         vertex 0.0586 -1.1955 -0.2614
      endloop
   endfacet
   facet normal 0.0000 0.3418 -0.9398
      outer loop
         vertex 0.0801 -1.1955 -0.2985
         vertex 0.0801 -1.1878 -0.2985
         vertex 0.0718 -1.1878 -0.2785
      endloop
   endfacet
   facet normal 0.0000 0.4228 -0.9062
      outer loop
         vertex 0.0801 -1.1955 -0.2985
         vertex 0.0718 -1.1878 -0.2785
         vertex 0.0718 -1.1955 -0.2785
      endloop
   endfacet
   facet normal 0.0000 0.9848 -0.1739
      outer loop
         vertex 0.0215 -1.1955 -0.2399
         vertex 0.0215 -1.1878 -0.2399
         vertex 0.0000 -1.1878 -0.2371
      endloop
   endfacet
   facet normal 0.0000 0.9962 -0.0869
      outer loop
         vertex 0.0215 -1.1955 -0.2399
         vertex 0.0000 -1.1878 -0.2371
         vertex 0.0000 -1.1955 -0.2371
      endloop
   endfacet
   facet normal 0.0000 0.9062 -0.4228
      outer loop
         vertex 0.0415 -1.1955 -0.2482
         vertex 0.0415 -1.1878 -0.2482
         vertex 0.0215 -1.1878 -0.2399
      endloop
   endfacet
   facet normal 0.0000 0.9398 -0.3418
      outer loop
         vertex 0.0415 -1.1955 -0.2482
         vertex 0.0215 -1.1878 -0.2399
         vertex 0.0215 -1.1955 -0.2399
      endloop
   endfacet
   facet normal 0.0000 -0.4228 -0.9062
      outer loop
         vertex 0.0718 -1.1955 0.2785
         vertex 0.0718 -1.1878 0.2785
         vertex 0.0801 -1.1878 0.2985
      endloop
   endfacet
   facet normal 0.0000 -0.3418 -0.9398
      outer loop
         vertex 0.0718 -1.1955 0.2785
         vertex 0.0801 -1.1878 0.2985
         vertex 0.0801 -1.1955 0.2985
      endloop
   endfacet
   facet normal 0.0000 -0.9962 -0.0869
      outer loop
         vertex 0.0000 -1.1955 0.2371
         vertex 0.0000 -1.1878 0.2371
         vertex 0.0215 -1.1878 0.2399
      endloop
   endfacet
   facet normal 0.0000 -0.9848 -0.1739
      outer loop
         vertex 0.0000 -1.1955 0.2371
         vertex 0.0215 -1.1878 0.2399
         vertex 0.0215 -1.1955 0.2399
      endloop
   endfacet
   facet normal 0.0000 -0.9848 0.1739
      outer loop
         vertex -0.0215 -1.1955 0.2399
         vertex -0.0215 -1.1878 0.2399
         vertex 0.0000 -1.1878 0.2371
      endloop
   endfacet
   facet normal 0.0000 -0.9962 0.0869
      outer loop
         vertex -0.0215 -1.1955 0.2399
         vertex 0.0000 -1.1878 0.2371
         vertex 0.0000 -1.1955 0.2371
      endloop
   endfacet
   facet normal 0.0000 -0.6430 -0.7659
      outer loop
         vertex 0.0586 -1.1955 0.2614
         vertex 0.0586 -1.1878 0.2614
         vertex 0.0718 -1.1878 0.2785
      endloop
   endfacet
   facet normal 0.0000 -0.5734 -0.8193
      outer loop
         vertex 0.0586 -1.1955 0.2614
         vertex 0.0718 -1.1878 0.2785
         vertex 0.0718 -1.1955 0.2785
      endloop
   endfacet
   facet normal 0.0000 -0.8193 -0.5734
      outer loop
         vertex 0.0415 -1.1955 0.2482
         vertex 0.0415 -1.1878 0.2482
         vertex 0.0586 -1.1878 0.2614
      endloop
   endfacet
   facet normal 0.0000 -0.7659 -0.6430
      outer loop
         vertex 0.0415 -1.1955 0.2482
         vertex 0.0586 -1.1878 0.2614
         vertex 0.0586 -1.1955 0.2614
      endloop
   endfacet
   facet normal 0.0000 -0.9398 -0.3418
      outer loop
         vertex 0.0215 -1.1955 0.2399
         vertex 0.0215 -1.1878 0.2399
         vertex 0.0415 -1.1878 0.2482
      endloop
   endfacet
   facet normal 0.0000 -0.9062 -0.4228
      outer loop
         vertex 0.0215 -1.1955 0.2399
         vertex 0.0415 -1.1878 0.2482
         vertex 0.0415 -1.1955 0.2482
      endloop
   endfacet
   facet normal 0.0000 0.4228 0.9062
      outer loop
         vertex -0.0718 -1.1955 0.3615
         vertex -0.0718 -1.1878 0.3615
         vertex -0.0801 -1.1878 0.3415
      endloop
   endfacet
   facet normal 0.0000 0.3418 0.9398
      outer loop
         vertex -0.0718 -1.1955 0.3615
         vertex -0.0801 -1.1878 0.3415
         vertex -0.0801 -1.1955 0.3415
      endloop
   endfacet
   facet normal 0.0000 0.0869 -0.9962
      outer loop
         vertex 0.0829 -1.1955 0.3200
         vertex 0.0829 -1.1878 0.3200
         vertex 0.0801 -1.1878 0.3415
      endloop
   endfacet
   facet normal 0.0000 0.1739 -0.9848
      outer loop
         vertex 0.0829 -1.1955 0.3200
         vertex 0.0801 -1.1878 0.3415
         vertex 0.0801 -1.1955 0.3415
      endloop
   endfacet
   facet normal 0.0000 -0.1739 -0.9848
      outer loop
         vertex 0.0801 -1.1955 0.2985
         vertex 0.0801 -1.1878 0.2985
         vertex 0.0829 -1.1878 0.3200
      endloop
   endfacet
   facet normal 0.0000 -0.0869 -0.9962
      outer loop
         vertex 0.0801 -1.1955 0.2985
         vertex 0.0829 -1.1878 0.3200
         vertex 0.0829 -1.1955 0.3200
      endloop
   endfacet
   facet normal 0.0000 0.7659 -0.6430
      outer loop
         vertex 0.0586 -1.1955 0.3786
         vertex 0.0586 -1.1878 0.3786
         vertex 0.0415 -1.1878 0.3918
      endloop
   endfacet
   facet normal 0.0000 0.8193 -0.5734
      outer loop
         vertex 0.0586 -1.1955 0.3786
         vertex 0.0415 -1.1878 0.3918
         vertex 0.0415 -1.1955 0.3918
      endloop
   endfacet
   facet normal 0.0000 0.5734 -0.8193
      outer loop
         vertex 0.0718 -1.1955 0.3615
         vertex 0.0718 -1.1878 0.3615
         vertex 0.0586 -1.1878 0.3786
      endloop
   endfacet
   facet normal 0.0000 0.6430 -0.7659
      outer loop
         vertex 0.0718 -1.1955 0.3615
         vertex 0.0586 -1.1878 0.3786
         vertex 0.0586 -1.1955 0.3786
      endloop
   endfacet
   facet normal 0.0000 0.3418 -0.9398
      outer loop
         vertex 0.0801 -1.1955 0.3415
         vertex 0.0801 -1.1878 0.3415
         vertex 0.0718 -1.1878 0.3615
      endloop
   endfacet
   facet normal 0.0000 0.4228 -0.9062
      outer loop
         vertex 0.0801 -1.1955 0.3415
         vertex 0.0718 -1.1878 0.3615
         vertex 0.0718 -1.1955 0.3615
      endloop
   endfacet
   facet normal 0.0000 0.6430 0.7659
      outer loop
         vertex -0.0586 -1.1955 0.3786
         vertex -0.0586 -1.1878 0.3786
         vertex -0.0718 -1.1878 0.3615
      endloop
   endfacet
   facet normal 0.0000 0.5734 0.8193
      outer loop
         vertex -0.0586 -1.1955 0.3786
         vertex -0.0718 -1.1878 0.3615
         vertex -0.0718 -1.1955 0.3615
      endloop
   endfacet
   facet normal 0.0000 0.9848 -0.1739
      outer loop
         vertex 0.0215 -1.1955 0.4001
         vertex 0.0215 -1.1878 0.4001
         vertex 0.0000 -1.1878 0.4029
      endloop
   endfacet
   facet normal 0.0000 0.9962 -0.0869
      outer loop
         vertex 0.0215 -1.1955 0.4001
         vertex 0.0000 -1.1878 0.4029
         vertex 0.0000 -1.1955 0.4029
      endloop
   endfacet
   facet normal 0.0000 0.9062 -0.4228
      outer loop
         vertex 0.0415 -1.1955 0.3918
         vertex 0.0415 -1.1878 0.3918
         vertex 0.0215 -1.1878 0.4001
      endloop
   endfacet
   facet normal 0.0000 0.9398 -0.3418
      outer loop
         vertex 0.0415 -1.1955 0.3918
         vertex 0.0215 -1.1878 0.4001
         vertex 0.0215 -1.1955 0.4001
      endloop
   endfacet
   facet normal 0.0000 0.8193 0.5734
      outer loop
         vertex -0.0415 -1.1955 0.3918
         vertex -0.0415 -1.1878 0.3918
         vertex -0.0586 -1.1878 0.3786
      endloop
   endfacet
   facet normal 0.0000 0.7659 0.6430
      outer loop
         vertex -0.0415 -1.1955 0.3918
         vertex -0.0586 -1.1878 0.3786
         vertex -0.0586 -1.1955 0.3786
      endloop
   endfacet
   facet normal 0.0000 0.9398 0.3418
      outer loop
         vertex -0.0215 -1.1955 0.4001
         vertex -0.0215 -1.1878 0.4001
         vertex -0.0415 -1.1878 0.3918
      endloop
   endfacet
   facet normal 0.0000 0.9062 0.4228
      outer loop
         vertex -0.0215 -1.1955 0.4001
         vertex -0.0415 -1.1878 0.3918
         vertex -0.0415 -1.1955 0.3918
      endloop
   endfacet
   facet normal 0.0000 0.9962 0.0869
      outer loop
         vertex 0.0000 -1.1955 0.4029
         vertex 0.0000 -1.1878 0.4029
         vertex -0.0215 -1.1878 0.4001
      endloop
   endfacet
   facet normal 0.0000 0.9848 0.1739
      outer loop
         vertex 0.0000 -1.1955 0.4029
         vertex -0.0215 -1.1878 0.4001
         vertex -0.0215 -1.1955 0.4001
      endloop
   endfacet
   facet normal 0.0000 0.0000 -1.0000
      outer loop
         vertex 0.2540 0.0000 -0.5905
         vertex 0.2540 0.2944 -0.3810
         vertex 0.2540 0.1738 0.1020
      endloop
   endfacet
   facet normal 0.0000 0.0000 -1.0000
      outer loop
         vertex 0.2540 0.0000 -0.5905
         vertex 0.2540 0.1738 0.1020
         vertex 0.2540 0.0999 0.5671
      endloop
   endfacet
   facet normal 0.0000 0.0000 -1.0000
      outer loop
         vertex 0.2540 0.0000 -0.5905
         vertex 0.2540 0.0999 0.5671
         vertex 0.2540 0.0967 0.5755
      endloop
   endfacet
   facet normal 0.0000 0.0000 -1.0000
      outer loop
         vertex 0.2540 0.0000 -0.5905
         vertex 0.2540 0.0967 0.5755
         vertex 0.2540 0.0857 0.5865
      endloop
   endfacet
   facet normal 0.0000 0.0000 -1.0000
      outer loop
         vertex 0.2540 0.0000 -0.5905
         vertex 0.2540 0.0857 0.5865
         vertex 0.2540 0.0707 0.5905
      endloop
   endfacet
   facet normal 0.0000 0.0000 -1.0000
      outer loop
         vertex 0.2540 0.0000 -0.5905
         vertex 0.2540 0.0707 0.5905
         vertex 0.2540 0.0000 0.5905
      endloop
   endfacet
   facet normal 0.0000 0.0000 -1.0000
      outer loop
         vertex 0.2540 0.3030 -0.3716
         vertex 0.2540 0.3070 -0.3566
         vertex 0.2540 0.3063 -0.3500
      endloop
   endfacet
   facet normal 0.0000 0.0000 -1.0000
      outer loop
         vertex 0.2540 0.3030 -0.3716
         vertex 0.2540 0.3063 -0.3500
         vertex 0.2540 0.1738 0.1020
      endloop
   endfacet
   facet normal 0.0000 0.0000 -1.0000
      outer loop
         vertex 0.2540 0.3030 -0.3716
         vertex 0.2540 0.1738 0.1020
         vertex 0.2540 0.2944 -0.3810
      endloop
   endfacet
   facet normal 0.0000 0.0000 1.0000
      outer loop
         vertex -0.2540 -0.0000 -0.5905
         vertex -0.2540 -0.0000 0.5905
         vertex -0.2540 0.0707 0.5905
      endloop
   endfacet
   facet normal 0.0000 0.0000 1.0000
      outer loop
         vertex -0.2540 -0.0000 -0.5905
         vertex -0.2540 0.0707 0.5905
         vertex -0.2540 0.0857 0.5865
      endloop
   endfacet
   facet normal 0.0000 0.0000 1.0000
      outer loop
         vertex -0.2540 -0.0000 -0.5905
         vertex -0.2540 0.0857 0.5865
         vertex -0.2540 0.0967 0.5755
      endloop
   endfacet
   facet normal 0.0000 0.0000 1.0000
      outer loop
         vertex -0.2540 -0.0000 -0.5905
         vertex -0.2540 0.0967 0.5755
         vertex -0.2540 0.0999 0.5671
      endloop
   endfacet
   facet normal 0.0000 0.0000 1.0000
      outer loop
         vertex -0.2540 -0.0000 -0.5905
         vertex -0.2540 0.0999 0.5671
         vertex -0.2540 0.1738 0.1020
      endloop
   endfacet
   facet normal 0.0000 0.0000 1.0000
      outer loop
         vertex -0.2540 -0.0000 -0.5905
         vertex -0.2540 0.1738 0.1020
         vertex -0.2540 0.2944 -0.3810
      endloop
   endfacet
   facet normal 0.0000 0.0000 1.0000
      outer loop
         vertex -0.2540 0.3030 -0.3716
         vertex -0.2540 0.2944 -0.3810
         vertex -0.2540 0.1738 0.1020
      endloop
   endfacet
   facet normal 0.0000 0.0000 1.0000
      outer loop
         vertex -0.2540 0.3030 -0.3716
         vertex -0.2540 0.1738 0.1020
         vertex -0.2540 0.3063 -0.3500
      endloop
   endfacet
   facet normal 0.0000 0.0000 1.0000
      outer loop
         vertex -0.2540 0.3030 -0.3716
         vertex -0.2540 0.3063 -0.3500
         vertex -0.2540 0.3070 -0.3566
      endloop
   endfacet
   facet normal -0.9801 0.1987 0.0000
      outer loop
         vertex 0.2540 0.0999 0.5671
         vertex 0.2540 0.1738 0.1020
         vertex -0.2540 0.1738 0.1020
      endloop
   endfacet
   facet normal -0.9841 0.1778 0.0000
      outer loop
         vertex 0.2540 0.0999 0.5671
         vertex -0.2540 0.1738 0.1020
         vertex -0.2540 0.0999 0.5671
      endloop
   endfacet
   facet normal -0.9047 0.4261 0.0000
      outer loop
         vertex 0.2540 0.0967 0.5755
         vertex 0.2540 0.0999 0.5671
         vertex -0.2540 0.0999 0.5671
      endloop
   endfacet
   facet normal -0.8731 0.4875 0.0000
      outer loop
         vertex 0.2540 0.0967 0.5755
         vertex -0.2540 0.0999 0.5671
         vertex -0.2540 0.0967 0.5755
      endloop
   endfacet
   facet normal 1.0000 0.0000 0.0000
      outer loop
         vertex -0.2540 -0.0000 0.5905
         vertex -0.2540 -0.0000 -0.5905
         vertex 0.2540 0.0000 -0.5905
      endloop
   endfacet
   facet normal 1.0000 0.0000 0.0000
      outer loop
         vertex -0.2540 -0.0000 0.5905
         vertex 0.2540 0.0000 -0.5905
         vertex 0.2540 0.0000 0.5905
      endloop
   endfacet
   facet normal -0.5798 -0.8148 0.0000
      outer loop
         vertex 0.2540 0.2944 -0.3810
         vertex 0.2540 0.0000 -0.5905
         vertex -0.2540 -0.0000 -0.5905
      endloop
   endfacet
   facet normal -0.5798 -0.8148 0.0000
      outer loop
         vertex 0.2540 0.2944 -0.3810
         vertex -0.2540 -0.0000 -0.5905
         vertex -0.2540 0.2944 -0.3810
      endloop
   endfacet
   facet normal -0.7436 0.6686 0.0000
      outer loop
         vertex 0.2540 0.0857 0.5865
         vertex 0.2540 0.0967 0.5755
         vertex -0.2540 0.0967 0.5755
      endloop
   endfacet
   facet normal -0.6286 0.7777 0.0000
      outer loop
         vertex 0.2540 0.0857 0.5865
         vertex -0.2540 0.0967 0.5755
         vertex -0.2540 0.0857 0.5865
      endloop
   endfacet
   facet normal -0.4210 0.9071 0.0000
      outer loop
         vertex 0.2540 0.0707 0.5905
         vertex 0.2540 0.0857 0.5865
         vertex -0.2540 0.0857 0.5865
      endloop
   endfacet
   facet normal -0.3399 0.9405 0.0000
      outer loop
         vertex 0.2540 0.0707 0.5905
         vertex -0.2540 0.0857 0.5865
         vertex -0.2540 0.0707 0.5905
      endloop
   endfacet
   facet normal 0.0000 1.0000 0.0000
      outer loop
         vertex 0.2540 0.0000 0.5905
         vertex 0.2540 0.0707 0.5905
         vertex -0.2540 0.0707 0.5905
      endloop
   endfacet
   facet normal 0.0000 1.0000 0.0000
      outer loop
         vertex 0.2540 0.0000 0.5905
         vertex -0.2540 0.0707 0.5905
         vertex -0.2540 -0.0000 0.5905
      endloop
   endfacet
   facet normal -0.9654 0.2608 0.0000
      outer loop
         vertex 0.2540 0.1738 0.1020
         vertex 0.2540 0.3063 -0.3500
         vertex -0.2540 0.3063 -0.3500
      endloop
   endfacet
   facet normal -0.9707 0.2402 0.0000
      outer loop
         vertex 0.2540 0.1738 0.1020
         vertex -0.2540 0.3063 -0.3500
         vertex -0.2540 0.1738 0.1020
      endloop
   endfacet
   facet normal -0.7898 -0.6133 0.0000
      outer loop
         vertex 0.2540 0.3030 -0.3716
         vertex 0.2540 0.2944 -0.3810
         vertex -0.2540 0.2944 -0.3810
      endloop
   endfacet
   facet normal -0.8361 -0.5485 0.0000
      outer loop
         vertex 0.2540 0.3030 -0.3716
         vertex -0.2540 0.2944 -0.3810
         vertex -0.2540 0.3030 -0.3716
      endloop
   endfacet
   facet normal -0.9365 -0.3507 0.0000
      outer loop
         vertex 0.2540 0.3070 -0.3566
         vertex 0.2540 0.3030 -0.3716
         vertex -0.2540 0.3030 -0.3716
      endloop
   endfacet
   facet normal -0.9770 -0.2133 0.0000
      outer loop
         vertex 0.2540 0.3070 -0.3566
         vertex -0.2540 0.3030 -0.3716
         vertex -0.2540 0.3070 -0.3566
      endloop
   endfacet
   facet normal -0.9999 -0.0129 0.0000
      outer loop
         vertex 0.2540 0.3063 -0.3500
         vertex 0.2540 0.3070 -0.3566
         vertex -0.2540 0.3070 -0.3566
      endloop
   endfacet
   facet normal -0.9988 0.0494 0.0000
      outer loop
         vertex 0.2540 0.3063 -0.3500
         vertex -0.2540 0.3070 -0.3566
         vertex -0.2540 0.3063 -0.3500
      endloop
   endfacet
endsolid
