#VRML V2.0 utf8
# 3D model generated by easyeda2kicad.py (https://github.com/uPesy/easyeda2kicad.py)

Shape{
    appearance Appearance {
        material  Material 	{
            diffuseColor 1.0 1.0 1.0
            specularColor 0.5019607843137255 0.5019607843137255 0.5019607843137255
            ambientIntensity 1.0
            transparency 0.0
            shininess 0.5
        }
    }
    geometry IndexedFaceSet {
        ccw TRUE
        solid FALSE
        coord DEF co Coordinate {
            point [
                0.0917 1.9384 0.0394, 0.0917 2.058 0.0394, 0.1032 2.058 0.0394, 1.8345 -0.1144 0.0394, 1.8293 -0.1539 0.0394, 1.0911 -0.4437 0.0394, -0.0144 1.9384 0.0394, -1.8125 1.7618 0.0394, -1.8701 1.9384 0.0394, -1.8187 1.77 0.0394, -1.8269 1.7763 0.0394, -1.8364 1.7802 0.0394, -1.8466 1.7815 0.0394, -1.8701 1.7815 0.0394, -1.8125 1.6044 0.0394, -0.0951 1.0196 0.0394, -0.0984 0.9941 0.0394, -0.0492 0.9089 0.0394, -0.0255 0.8991 0.0394, -0.0144 0.4473 0.0394, -1.8364 1.586 0.0394, -1.8269 1.59 0.0394, -1.8187 1.5962 0.0394, -0.0951 0.9687 0.0394, -0.0852 0.9449 0.0394, -0.0696 0.9245 0.0394, -2.1438 0.9321 0.0394, -2.1277 0.9382 0.0394, -2.0078 0.4473 0.0394, -2.1132 0.9477 0.0394, -2.1012 0.9601 0.0394, -2.0922 0.9748 0.0394, -2.0866 0.9912 0.0394, -1.8466 1.5847 0.0394, -2.0847 1.0084 0.0394, -2.0453 1.5847 0.0394, -0.0144 1.0907 0.0394, -0.0255 1.0892 0.0394, -0.0492 1.0794 0.0394, -0.0696 1.0637 0.0394, -0.0852 1.0433 0.0394, -2.2421 0.9068 0.0394, -2.2832 0.7804 0.0394, -2.2605 0.8996 0.0394, -1.8085 1.6139 0.0394, -1.8072 1.6241 0.0394, -1.8072 1.7422 0.0394, -1.8085 1.7524 0.0394, -2.065 1.5794 0.0394, -2.0834 1.5555 0.0394, -2.0732 1.5732 0.0394, -2.0794 1.565 0.0394, -2.0847 1.5453 0.0394, -2.0555 1.5833 0.0394, -2.2938 0.797 0.0394, -2.2999 0.8158 0.0394, -2.289 0.8727 0.0394, -2.3011 0.8355 0.0394, -2.2974 0.8549 0.0394, -2.2764 0.8879 0.0394, 0.0696 1.0637 0.0394, 0.0852 1.0433 0.0394, 0.0917 1.0278 0.0394, 0.0492 1.0794 0.0394, 0.0255 1.0892 0.0394, 0.0 1.0926 0.0394, 0.0492 0.9089 0.0394, 0.0696 0.9245 0.0394, 0.0917 0.4473 0.0394, 0.0852 0.9449 0.0394, 0.0917 0.9605 0.0394, 0.1032 0.4473 0.0394, 0.0951 0.9687 0.0394, 0.0984 0.9941 0.0394, -0.0144 0.8976 0.0394, 0.0 0.8957 0.0394, 0.0255 0.8991 0.0394, 0.1829 1.9384 0.0394, 0.1829 2.058 0.0394, 0.1944 1.9582 0.0394, 0.1944 1.9452 0.0394, 0.207 1.9401 0.0394, 0.2189 1.9384 0.0394, 0.2118 2.058 0.0394, 0.2081 2.0577 0.0394, 0.1944 2.054 0.0394, 0.1944 2.0381 0.0394, 0.2077 2.0438 0.0394, 0.1965 1.957 0.0394, 0.2221 2.0457 0.0394, 0.2337 2.0444 0.0394, 0.2425 2.0412 0.0394, 0.2507 2.0357 0.0394, 0.2579 2.0279 0.0394, 0.2664 1.9969 0.0394, 0.2652 1.9841 0.0394, 0.262 1.974 0.0394, 0.2357 1.9519 0.0394, 0.2247 1.9506 0.0394, 0.2444 1.955 0.0394, 0.2516 1.9599 0.0394, 0.2571 1.9658 0.0394, 0.2091 1.9524 0.0394, 0.2627 2.0188 0.0394, 0.2659 2.0061 0.0394, 0.1829 2.9889 0.0394, 0.2222 2.0587 0.0394, 0.2415 1.9392 0.0394, 0.2529 1.9431 0.0394, 0.2873 1.9384 0.0394, 0.2624 1.9492 0.0394, 0.2713 1.9585 0.0394, 0.2776 1.9698 0.0394, 0.276 2.0261 0.0394, 0.2691 2.0372 0.0394, 0.2873 2.058 0.0394, 0.2585 2.0474 0.0394, 0.2472 2.0539 0.0394, 0.2341 2.0577 0.0394, 0.231 2.058 0.0394, 0.2811 1.9823 0.0394, 0.2823 1.9959 0.0394, 0.2806 2.0127 0.0394, 0.2237 1.9377 0.0394, 0.1829 0.4473 0.0394, 0.2873 0.4473 0.0394, 0.2269 1.9377 0.0394, 0.2339 1.9384 0.0394, -1.8701 2.058 0.0394, -1.8701 2.1752 0.0394, -1.7126 2.1752 0.0394, -0.6139 2.9113 0.0394, -0.6063 2.9144 0.0394, -0.0144 2.058 0.0394, -0.622 2.9102 0.0394, -0.0144 2.9889 0.0394, -0.5906 2.9417 0.0394, -0.5906 2.9574 0.0394, -0.5998 2.9194 0.0394, -0.5948 2.9259 0.0394, -0.5916 2.9335 0.0394, -1.5688 2.3604 0.0394, -1.4051 2.5283 0.0394, -0.5895 2.9656 0.0394, -0.5672 2.9879 0.0394, -0.5591 2.9889 0.0394, -0.5863 2.9732 0.0394, -0.5813 2.9797 0.0394, -0.5748 2.9847 0.0394, -1.2235 2.6767 0.0394, -1.0265 2.8037 0.0394, -0.8163 2.9077 0.0394, -0.8103 2.9096 0.0394, -0.804 2.9102 0.0394, -0.1081 1.9391 0.0394, -0.1253 1.9391 0.0394, -0.0793 2.0572 0.0394, -0.0961 1.9723 0.0394, -0.0473 1.9723 0.0394, -0.036 1.9391 0.0394, -0.0188 1.9391 0.0394, -0.0634 2.0572 0.0394, -1.356 -0.4376 0.0394, -1.3934 -0.423 0.0394, -1.8538 0.3767 0.0394, -1.8701 0.3893 0.0394, -1.8334 0.3414 0.0394, -1.8413 0.3604 0.0394, -1.9094 0.3998 0.0394, -1.9797 0.4163 0.0394, -1.8891 0.3971 0.0394, -1.9921 0.4284 0.0394, -1.9314 0.3998 0.0394, -1.9486 0.4017 0.0394, -1.965 0.4073 0.0394, -1.4333 -0.418 0.0394, -1.4731 -0.423 0.0394, -1.8307 0.3211 0.0394, -1.5106 -0.4376 0.0394, -1.8307 -0.4437 0.0394, -1.5191 -0.4437 0.0394, -1.5433 -0.4609 0.0394, -1.6421 -0.5783 0.0394, -1.6614 -0.5807 0.0394, -1.752 -0.5807 0.0394, -1.8307 -0.5019 0.0394, -1.5693 -0.4915 0.0394, -1.587 -0.5276 0.0394, -1.5956 -0.5451 0.0394, -1.6082 -0.5599 0.0394, -1.624 -0.5712 0.0394, -1.7913 -0.5701 0.0394, -1.8076 -0.5576 0.0394, -1.7723 -0.578 0.0394, -1.8202 -0.5413 0.0394, -1.828 -0.5223 0.0394, -1.3474 -0.4437 0.0394, -0.0144 -0.4437 0.0394, -1.3232 -0.4609 0.0394, -1.2972 -0.4915 0.0394, -0.0144 -0.5807 0.0394, -1.2051 -0.5807 0.0394, -1.2795 -0.5276 0.0394, -1.2244 -0.5783 0.0394, -1.2425 -0.5712 0.0394, -1.271 -0.5451 0.0394, -1.2584 -0.5599 0.0394, 2.2485 -0.5606 0.0394, 2.2163 -0.574 0.0394, 2.2485 -0.4437 0.0394, 2.1654 -0.5807 0.0394, 2.3555 -0.4348 0.0394, 2.3518 -0.4437 0.0394, 2.3358 -0.4822 0.0394, 2.3045 -0.523 0.0394, 2.2638 -0.5543 0.0394, 2.3622 0.102 0.0394, 2.2485 0.294 0.0394, 2.3003 0.2453 0.0394, 2.3622 -0.3838 0.0394, 2.3265 0.215 0.0394, 2.3461 0.1801 0.0394, 2.3581 0.1419 0.0394, 1.8345 -0.1934 0.0394, 1.8497 -0.2303 0.0394, 1.874 -0.2619 0.0394, 2.0216 -0.3015 0.0394, 2.0584 -0.2862 0.0394, 2.0901 -0.2619 0.0394, 2.1144 -0.2303 0.0394, 2.1296 -0.1934 0.0394, 2.1348 -0.1539 0.0394, 2.1296 -0.1144 0.0394, 2.1144 -0.0775 0.0394, 1.0911 0.4473 0.0394, 1.8497 -0.0775 0.0394, 1.874 -0.0459 0.0394, 1.9056 -0.2862 0.0394, 1.9425 -0.3015 0.0394, 1.982 -0.3067 0.0394, 2.0901 -0.0459 0.0394, 2.0584 -0.0216 0.0394, 2.0895 0.4437 0.0394, 2.0216 -0.0063 0.0394, 2.0864 0.4473 0.0394, 1.982 -0.0011 0.0394, 1.9425 -0.0063 0.0394, 1.9056 -0.0216 0.0394, 1.8701 1.9384 0.0394, 1.8701 1.7815 0.0394, 1.8599 1.7802 0.0394, 1.8504 1.7763 0.0394, 1.8422 1.77 0.0394, 1.0911 1.9384 0.0394, 1.836 1.7618 0.0394, 1.832 1.7524 0.0394, 1.832 1.6139 0.0394, 1.836 1.6044 0.0394, 1.8422 1.5962 0.0394, 2.0316 0.5472 0.0394, 2.0437 0.509 0.0394, 2.0633 0.474 0.0394, 1.8307 1.7422 0.0394, 1.8307 1.6241 0.0394, 1.8504 1.59 0.0394, 1.8599 1.586 0.0394, 1.8701 1.5847 0.0394, 2.0276 0.5871 0.0394, 1.9882 1.5847 0.0394, 1.9984 1.5833 0.0394, 2.0262 1.5555 0.0394, 2.0276 1.5453 0.0394, 2.0079 1.5794 0.0394, 2.016 1.5732 0.0394, 2.0223 1.565 0.0394, 1.0911 2.058 0.0394, 1.8701 2.058 0.0394, 1.0911 2.762 0.0394, 1.2235 2.6767 0.0394, 1.4051 2.5283 0.0394, 1.8701 2.1752 0.0394, 1.7126 2.1752 0.0394, 1.5688 2.3604 0.0394, 0.5998 2.9194 0.0394, 0.6063 2.9144 0.0394, 0.5906 2.9417 0.0394, 0.5916 2.9335 0.0394, 0.2873 2.9889 0.0394, 0.5906 2.9574 0.0394, 0.5948 2.9259 0.0394, 0.8103 2.9096 0.0394, 0.8163 2.9077 0.0394, 1.0265 2.8037 0.0394, 0.6139 2.9113 0.0394, 0.622 2.9102 0.0394, 0.804 2.9102 0.0394, 0.5863 2.9732 0.0394, 0.5672 2.9879 0.0394, 0.5813 2.9797 0.0394, 0.5748 2.9847 0.0394, 0.5591 2.9889 0.0394, 0.5895 2.9656 0.0394, 0.1032 2.9889 0.0394, 0.0917 2.9889 0.0394, -0.0042 1.9715 0.0394, 0.0026 1.9609 0.0394, 0.0123 1.9516 0.0394, 0.0246 1.9445 0.0394, 0.0516 2.0572 0.0394, 0.0346 2.0554 0.0394, 0.0207 2.0506 0.0394, 0.0079 2.0419 0.0394, 0.0078 2.0418 0.0394, -0.0006 2.0326 0.0394, -0.0061 2.0224 0.0394, 0.0382 1.9404 0.0394, 0.0528 1.9391 0.0394, 0.0849 1.9391 0.0394, 0.0849 2.0572 0.0394, -0.0093 2.0108 0.0394, -0.0101 1.9997 0.0394, -0.0085 1.9839 0.0394, 0.108 1.9521 0.0394, 0.108 1.9391 0.0394, 0.1032 1.9384 0.0394, 0.1714 1.9391 0.0394, 0.1109 2.0443 0.0394, 0.0951 1.0196 0.0394, 0.1714 2.0572 0.0394, 0.1109 2.0572 0.0394, 0.1555 1.9924 0.0394, 0.1555 1.9521 0.0394, 0.1138 1.9924 0.0394, 0.1138 2.0054 0.0394, 0.1555 2.0054 0.0394, 0.1555 2.0443 0.0394, 0.2924 1.9521 0.0394, 0.2924 1.9391 0.0394, 0.3529 1.9391 0.0394, 0.337 1.9521 0.0394, 0.337 2.0572 0.0394, 0.3529 2.0572 0.0394, 0.2873 -0.4437 0.0394, 0.1829 -0.4437 0.0394, 0.1032 -0.4437 0.0394, 0.0917 -0.4437 0.0394, 1.0911 -0.5807 0.0394, 0.2873 -0.5807 0.0394, 0.1829 -0.5807 0.0394, 0.1032 -0.5807 0.0394, 0.0917 -0.5807 0.0394, 1.7127 1.9645 0.1181, 1.836 1.7618 0.1181, 1.8422 1.77 0.1181, 1.8307 1.7177 0.1181, 1.8307 1.7422 0.1181, 1.832 1.7524 0.1181, 1.8504 1.7763 0.1181, 1.8599 1.7802 0.1181, 1.7126 2.1752 0.1181, -1.8364 1.7802 0.1181, -1.827 1.7763 0.1181, -1.6886 2.0059 0.1181, -1.8188 1.7701 0.1181, -1.8126 1.762 0.1181, 1.9488 2.1752 0.1181, 1.8701 1.7815 0.1181, 1.9488 1.7815 0.1181, 0.6932 2.8365 0.1181, 0.6139 2.9113 0.1181, 0.4311 2.9148 0.1181, 0.6063 2.9144 0.1181, 0.1607 2.9561 0.1181, 0.5998 2.9194 0.1181, 0.5948 2.9259 0.1181, -0.5948 2.9259 0.1181, -0.5998 2.9194 0.1181, -0.1129 2.9594 0.1181, -0.6063 2.9144 0.1181, -0.3843 2.9248 0.1181, -0.6482 2.8529 0.1181, -1.9488 2.1752 0.1181, -1.9488 1.7815 0.1181, -1.7126 2.1752 0.1181, -1.8466 1.7815 0.1181, 1.5616 2.1926 0.1181, 1.5688 2.3604 0.1181, 1.3804 2.3975 0.1181, 1.4051 2.5283 0.1181, 1.1725 2.5753 0.1181, 1.2235 2.6767 0.1181, 0.942 2.7226 0.1181, 1.0265 2.8037 0.1181, 0.8163 2.9077 0.1181, -0.5906 2.9574 0.1181, -0.5906 2.9417 0.1181, -0.5916 2.9335 0.1181, 0.8103 2.9096 0.1181, 0.804 2.9102 0.1181, 0.622 2.9102 0.1181, 0.5916 2.9335 0.1181, 0.5906 2.9417 0.1181, 0.5906 2.9574 0.1181, -1.5688 2.3604 0.1181, -1.532 2.2302 0.1181, -1.4051 2.5283 0.1181, -1.3459 2.4307 0.1181, -1.2235 2.6767 0.1181, -1.1337 2.6034 0.1181, -1.0265 2.8037 0.1181, -0.8996 2.745 0.1181, -0.8163 2.9077 0.1181, -0.8103 2.9096 0.1181, -0.6139 2.9113 0.1181, -0.622 2.9102 0.1181, -0.804 2.9102 0.1181, -0.5863 2.9732 0.1181, -0.5672 2.9879 0.1181, -0.5813 2.9797 0.1181, -0.5748 2.9847 0.1181, -0.5895 2.9656 0.1181, -0.5591 2.9889 0.1181, 0.5591 2.9889 0.1181, 0.5672 2.9879 0.1181, 0.5895 2.9656 0.1181, 0.5863 2.9732 0.1181, 0.5813 2.9797 0.1181, 0.5748 2.9847 0.1181, -1.752 -0.5807 0.1181, -1.6614 -0.5807 0.1181, 0.2756 -1.309 0.0394, 0.2756 -1.309 0.1181, 0.2756 -1.9783 0.0394, 0.2756 -1.8996 0.1181, 0.2756 -1.9783 0.1181, -0.2756 -1.309 0.1181, -0.2756 -1.309 0.0394, -0.2756 -1.8996 0.1181, -0.2756 -1.9783 0.0394, -0.2756 -1.9783 0.1181, 1.063 -1.309 0.0394, 1.063 -1.309 0.1181, 1.063 -1.9783 0.0394, 1.063 -1.8996 0.1181, 1.063 -1.9783 0.1181, 0.5118 -1.309 0.1181, 0.5118 -1.309 0.0394, 0.5118 -1.8996 0.1181, 0.5118 -1.9783 0.0394, 0.5118 -1.9783 0.1181, 1.8504 -1.309 0.0394, 1.8504 -1.309 0.1181, 1.8504 -1.9783 0.0394, 1.8504 -1.8996 0.1181, 1.8504 -1.9783 0.1181, 1.2992 -1.309 0.1181, 1.2992 -1.309 0.0394, 1.2992 -1.8996 0.1181, 1.2992 -1.9783 0.0394, 1.2992 -1.9783 0.1181, -0.5118 -1.309 0.0394, -0.5118 -1.309 0.1181, -0.5118 -1.9783 0.0394, -0.5118 -1.8996 0.1181, -0.5118 -1.9783 0.1181, -1.063 -1.309 0.1181, -1.063 -1.309 0.0394, -1.063 -1.8996 0.1181, -1.063 -1.9783 0.0394, -1.063 -1.9783 0.1181, -1.2992 -1.309 0.0394, -1.2992 -1.309 0.1181, -1.2992 -1.9783 0.0394, -1.2992 -1.8996 0.1181, -1.2992 -1.9783 0.1181, -1.8504 -1.309 0.1181, -1.8504 -1.309 0.0394, -1.8504 -1.8996 0.1181, -1.8504 -1.9783 0.0394, -1.8504 -1.9783 0.1181
            ]
        }
        coordIndex [
            0,1,2,-1,3,4,5,-1,6,7,8,-1,8,7,9,-1,8,9,10,-1,10,11,8,-1,8,11,12,-1,8,12,13,-1,14,15,16,-1,17,18,19,-1,20,21,19,-1,19,21,22,-1,19,22,14,-1,16,23,14,-1,14,23,24,-1,14,24,19,-1,19,24,25,-1,19,25,17,-1,26,27,28,-1,28,27,29,-1,28,29,30,-1,30,31,28,-1,28,31,32,-1,28,32,33,-1,33,32,34,-1,33,34,35,-1,36,37,6,-1,6,37,38,-1,6,38,7,-1,7,38,39,-1,7,39,40,-1,26,28,41,-1,41,28,42,-1,41,42,43,-1,15,14,40,-1,40,14,44,-1,40,44,45,-1,45,46,40,-1,40,46,47,-1,40,47,7,-1,48,49,50,-1,50,49,51,-1,34,52,35,-1,35,52,49,-1,35,49,53,-1,53,49,48,-1,54,55,56,-1,56,55,57,-1,56,57,58,-1,54,56,42,-1,42,56,59,-1,42,59,43,-1,60,0,61,-1,61,0,62,-1,60,63,0,-1,0,63,64,-1,0,64,6,-1,6,64,65,-1,6,65,36,-1,66,67,68,-1,67,69,68,-1,68,69,70,-1,68,70,71,-1,71,70,72,-1,71,72,73,-1,18,74,19,-1,19,74,75,-1,19,75,68,-1,68,75,76,-1,68,76,66,-1,77,78,79,-1,79,80,77,-1,77,80,81,-1,77,81,82,-1,78,83,84,-1,84,85,78,-1,78,85,86,-1,78,86,79,-1,79,86,87,-1,79,87,88,-1,88,87,89,-1,88,89,90,-1,90,91,88,-1,88,91,92,-1,88,92,93,-1,94,95,88,-1,88,95,96,-1,97,98,99,-1,99,98,100,-1,96,101,88,-1,88,101,100,-1,88,100,102,-1,102,100,98,-1,93,103,88,-1,88,103,104,-1,88,104,94,-1,105,106,83,-1,107,108,109,-1,108,110,109,-1,109,110,111,-1,109,111,112,-1,113,114,115,-1,115,114,116,-1,116,117,115,-1,115,117,118,-1,115,118,119,-1,112,120,109,-1,109,120,121,-1,109,121,115,-1,115,121,122,-1,115,122,113,-1,82,123,124,-1,124,123,125,-1,125,123,126,-1,125,126,127,-1,128,129,130,-1,131,132,133,-1,131,133,134,-1,135,136,137,-1,132,138,133,-1,133,138,139,-1,133,139,135,-1,135,139,140,-1,135,140,136,-1,133,141,142,-1,143,144,137,-1,137,144,145,-1,137,145,135,-1,143,146,144,-1,144,146,147,-1,144,147,148,-1,142,149,133,-1,133,149,150,-1,133,150,151,-1,151,152,133,-1,133,152,153,-1,133,153,134,-1,154,6,155,-1,155,6,8,-1,155,8,156,-1,156,8,128,-1,156,128,133,-1,133,128,130,-1,133,130,141,-1,157,158,154,-1,154,158,159,-1,154,159,6,-1,6,159,160,-1,6,160,133,-1,133,160,161,-1,133,161,156,-1,19,162,163,-1,19,164,165,-1,163,166,19,-1,19,166,167,-1,19,167,164,-1,168,169,170,-1,170,169,171,-1,170,171,28,-1,33,20,28,-1,28,20,19,-1,28,19,170,-1,170,19,165,-1,168,172,169,-1,169,172,173,-1,169,173,174,-1,163,175,166,-1,166,175,176,-1,166,176,177,-1,177,176,178,-1,177,178,179,-1,179,178,180,-1,179,180,181,-1,182,183,179,-1,179,183,184,-1,179,184,185,-1,181,186,179,-1,179,186,187,-1,179,187,188,-1,188,189,179,-1,179,189,190,-1,179,190,182,-1,191,192,193,-1,193,192,194,-1,193,194,184,-1,184,194,195,-1,184,195,185,-1,196,197,198,-1,198,197,199,-1,200,201,202,-1,201,203,202,-1,202,203,204,-1,202,204,205,-1,205,204,206,-1,207,208,209,-1,209,208,210,-1,209,210,5,-1,211,212,209,-1,209,212,213,-1,213,214,209,-1,209,214,215,-1,209,215,207,-1,216,217,218,-1,217,216,209,-1,209,216,219,-1,209,219,211,-1,218,220,216,-1,216,220,221,-1,216,221,222,-1,4,223,5,-1,5,223,224,-1,5,224,225,-1,226,227,209,-1,209,227,228,-1,209,228,229,-1,229,230,209,-1,209,230,231,-1,209,231,217,-1,217,231,232,-1,217,232,233,-1,3,234,235,-1,235,234,236,-1,225,237,5,-1,5,237,238,-1,5,238,209,-1,209,238,239,-1,209,239,226,-1,233,240,217,-1,217,240,241,-1,217,241,242,-1,242,241,243,-1,242,243,244,-1,243,245,244,-1,244,245,246,-1,244,246,234,-1,234,246,247,-1,234,247,236,-1,248,249,250,-1,251,252,253,-1,253,252,254,-1,253,254,255,-1,256,257,234,-1,234,257,258,-1,259,260,234,-1,234,260,261,-1,234,261,244,-1,255,262,253,-1,253,262,263,-1,253,263,256,-1,258,264,234,-1,234,264,265,-1,234,265,259,-1,259,265,266,-1,259,266,267,-1,267,266,268,-1,269,270,268,-1,268,270,271,-1,268,271,267,-1,269,272,270,-1,270,272,273,-1,270,273,274,-1,275,276,253,-1,253,276,248,-1,253,248,251,-1,251,248,250,-1,277,278,275,-1,275,278,279,-1,280,276,281,-1,281,276,275,-1,281,275,282,-1,282,275,279,-1,283,284,115,-1,285,286,287,-1,285,287,288,-1,283,115,289,-1,106,105,119,-1,119,105,287,-1,119,287,115,-1,115,287,286,-1,115,286,289,-1,290,291,275,-1,275,291,292,-1,275,292,277,-1,284,293,115,-1,115,293,294,-1,115,294,275,-1,275,294,295,-1,275,295,290,-1,296,297,298,-1,298,297,299,-1,287,300,288,-1,288,300,297,-1,288,297,301,-1,301,297,296,-1,83,78,105,-1,105,78,2,-1,105,2,302,-1,302,2,1,-1,302,1,303,-1,304,305,6,-1,6,305,306,-1,6,306,307,-1,135,303,133,-1,133,303,1,-1,133,1,308,-1,308,309,133,-1,133,309,310,-1,133,310,311,-1,311,312,133,-1,133,312,313,-1,133,313,314,-1,307,315,6,-1,6,315,316,-1,6,316,0,-1,0,316,317,-1,0,317,1,-1,1,317,318,-1,1,318,308,-1,314,319,133,-1,133,319,320,-1,133,320,6,-1,6,320,321,-1,6,321,304,-1,322,323,324,-1,324,323,325,-1,324,325,77,-1,326,322,2,-1,2,322,324,-1,2,324,0,-1,0,324,327,-1,0,327,62,-1,77,325,78,-1,78,325,328,-1,78,328,2,-1,2,328,329,-1,2,329,326,-1,330,331,332,-1,332,331,322,-1,332,322,333,-1,333,322,326,-1,333,326,334,-1,334,326,335,-1,115,336,109,-1,109,336,337,-1,109,337,338,-1,339,336,340,-1,340,336,115,-1,340,115,341,-1,341,115,275,-1,341,275,338,-1,338,275,253,-1,338,253,109,-1,82,124,77,-1,77,124,71,-1,77,71,324,-1,324,71,73,-1,324,73,327,-1,256,234,253,-1,253,234,125,-1,253,125,109,-1,109,125,127,-1,109,127,107,-1,3,5,234,-1,234,5,342,-1,234,342,125,-1,125,342,343,-1,125,343,124,-1,124,343,344,-1,124,344,71,-1,71,344,345,-1,71,345,68,-1,68,345,197,-1,68,197,19,-1,19,197,196,-1,19,196,162,-1,210,346,5,-1,5,346,347,-1,5,347,342,-1,342,347,348,-1,342,348,343,-1,343,348,349,-1,343,349,344,-1,344,349,350,-1,344,350,345,-1,345,350,200,-1,345,200,197,-1,197,200,202,-1,197,202,199,-1,351,352,353,-1,354,355,351,-1,351,355,356,-1,351,356,352,-1,357,358,359,-1,360,361,362,-1,362,361,363,-1,362,363,364,-1,359,358,365,-1,365,358,366,-1,365,366,367,-1,368,369,370,-1,370,369,371,-1,370,371,372,-1,372,371,373,-1,372,373,374,-1,375,376,377,-1,377,376,378,-1,377,378,379,-1,379,378,380,-1,381,382,383,-1,383,382,384,-1,353,357,351,-1,351,357,359,-1,351,359,385,-1,385,359,386,-1,385,386,387,-1,387,386,388,-1,387,388,389,-1,389,388,390,-1,389,390,391,-1,391,390,392,-1,391,392,393,-1,394,395,377,-1,377,395,396,-1,377,396,375,-1,393,397,391,-1,391,397,398,-1,391,398,368,-1,368,398,399,-1,368,399,369,-1,374,400,372,-1,372,400,401,-1,372,401,402,-1,384,360,383,-1,383,360,362,-1,383,362,403,-1,403,362,404,-1,403,404,405,-1,405,404,406,-1,405,406,407,-1,407,406,408,-1,407,408,409,-1,409,408,410,-1,409,410,411,-1,411,410,412,-1,378,413,380,-1,380,413,414,-1,380,414,410,-1,410,414,415,-1,410,415,412,-1,416,417,418,-1,418,417,419,-1,416,420,417,-1,417,420,394,-1,417,394,421,-1,421,394,377,-1,421,377,422,-1,377,372,422,-1,422,372,402,-1,422,402,423,-1,423,402,424,-1,424,425,423,-1,423,425,426,-1,423,426,427,-1,291,393,392,-1,278,277,392,-1,392,277,292,-1,392,292,291,-1,392,390,278,-1,278,390,388,-1,278,388,279,-1,279,388,386,-1,279,386,282,-1,282,386,359,-1,282,359,281,-1,130,383,403,-1,130,403,141,-1,141,403,405,-1,141,405,142,-1,142,405,407,-1,142,407,149,-1,149,407,409,-1,149,409,150,-1,150,409,411,-1,150,411,151,-1,184,183,428,-1,428,183,429,-1,430,431,432,-1,432,431,433,-1,432,433,434,-1,435,436,437,-1,437,436,438,-1,437,438,439,-1,440,441,442,-1,442,441,443,-1,442,443,444,-1,445,446,447,-1,447,446,448,-1,447,448,449,-1,450,451,452,-1,452,451,453,-1,452,453,454,-1,455,456,457,-1,457,456,458,-1,457,458,459,-1,460,461,462,-1,462,461,463,-1,462,463,464,-1,465,466,467,-1,467,466,468,-1,467,468,469,-1,470,471,472,-1,472,471,473,-1,472,473,474,-1,475,476,477,-1,477,476,478,-1,477,478,479,-1,
        ]
    }
}
Shape{
    appearance Appearance {
        material  Material 	{
            diffuseColor 1.0 0.984313725490196 0.9411764705882353
            specularColor 0.5019607843137255 0.49411764705882355 0.47058823529411764
            ambientIntensity 0.9841
            transparency 0.0
            shininess 0.5
        }
    }
    geometry IndexedFaceSet {
        ccw TRUE
        solid FALSE
        coord DEF co Coordinate {
            point [
                -1.8307 -0.5019 0.1181, -1.828 -0.5223 0.1181, -2.3622 -0.47 0.1181, -2.3622 -1.8208 0.1181, -1.8202 -0.5413 0.1181, -1.8076 -0.5576 0.1181, -2.355 -0.437 0.1181, -1.9758 0.3841 0.1181, -1.9486 0.4017 0.1181, -1.9703 0.4002 0.1181, -1.965 0.4073 0.1181, -1.9689 0.4093 0.1181, 1.0046 -1.233 0.1181, 0.9843 -1.2303 0.1181, -1.2051 -0.5807 0.1181, -0.1969 -1.2303 0.1181, -0.2172 -1.233 0.1181, -1.2244 -0.5783 0.1181, 1.8504 -1.309 0.1181, 1.8477 -1.2886 0.1181, 2.1063 -0.5807 0.1181, 1.8398 -1.2696 0.1181, 1.8273 -1.2533 0.1181, 1.811 -1.2408 0.1181, 1.792 -1.233 0.1181, 0.2525 -1.2533 0.1181, 0.5702 -1.233 0.1181, 0.5512 -1.2408 0.1181, -1.5106 -0.4376 0.1181, -1.4731 -0.423 0.1181, -1.0236 -1.2408 0.1181, -2.3604 -0.4531 0.1181, -1.9314 0.3998 0.1181, -1.8307 0.3211 0.1181, -1.9094 0.3998 0.1181, -1.8334 0.3414 0.1181, 0.5906 -1.2303 0.1181, 0.2362 -1.2408 0.1181, 0.2172 -1.233 0.1181, 0.1969 -1.2303 0.1181, -1.8701 0.3893 0.1181, -1.8538 0.3767 0.1181, -1.8413 0.3604 0.1181, 1.8504 -1.8996 0.1181, 2.1063 -1.8208 0.1181, 2.0276 -1.8996 0.1181, 1.7717 -1.2303 0.1181, 1.378 -1.2303 0.1181, 1.3576 -1.233 0.1181, 1.3386 -1.2408 0.1181, 1.3223 -1.2533 0.1181, -0.5512 -1.2408 0.1181, -0.2362 -1.2408 0.1181, -1.811 -1.2408 0.1181, -1.8273 -1.2533 0.1181, -1.8398 -1.2696 0.1181, -1.8477 -1.2886 0.1181, -1.8504 -1.309 0.1181, -1.8504 -1.8996 0.1181, -2.2835 -1.8996 0.1181, -0.5145 -1.2886 0.1181, -0.5224 -1.2696 0.1181, -0.265 -1.2696 0.1181, -0.5702 -1.233 0.1181, -0.5906 -1.2303 0.1181, -1.792 -1.233 0.1181, -1.7913 -0.5701 0.1181, -1.7723 -0.578 0.1181, -1.3223 -1.2533 0.1181, -1.3386 -1.2408 0.1181, -1.752 -0.5807 0.1181, -1.8891 0.3971 0.1181, -0.2525 -1.2533 0.1181, -0.5349 -1.2533 0.1181, -1.2972 -0.4915 0.1181, -1.2795 -0.5276 0.1181, -1.271 -0.5451 0.1181, -0.9843 -1.2303 0.1181, -1.0046 -1.233 0.1181, -1.2425 -0.5712 0.1181, -1.2584 -0.5599 0.1181, -1.5956 -0.5451 0.1181, -1.587 -0.5276 0.1181, 2.1036 -1.8412 0.1181, 2.0957 -1.8602 0.1181, 2.0479 -1.8969 0.1181, 2.0832 -1.8765 0.1181, 2.0669 -1.889 0.1181, 0.5118 -1.309 0.1181, 0.5118 -1.8996 0.1181, 0.2756 -1.8996 0.1181, -1.3934 -0.423 0.1181, -1.356 -0.4376 0.1181, -1.3232 -0.4609 0.1181, -1.6614 -0.5807 0.1181, -1.6421 -0.5783 0.1181, -1.0399 -1.2533 0.1181, -1.624 -0.5712 0.1181, -1.6082 -0.5599 0.1181, -2.3038 -1.8969 0.1181, -2.3228 -1.889 0.1181, -2.3391 -1.8765 0.1181, 1.2992 -1.309 0.1181, 1.2992 -1.8996 0.1181, 1.063 -1.8996 0.1181, 0.5349 -1.2533 0.1181, 0.5224 -1.2696 0.1181, 0.265 -1.2696 0.1181, 0.5145 -1.2886 0.1181, 0.2729 -1.2886 0.1181, 0.2756 -1.309 0.1181, -2.3517 -1.8602 0.1181, -2.3595 -1.8412 0.1181, 1.063 -1.309 0.1181, 1.0603 -1.2886 0.1181, 1.3019 -1.2886 0.1181, 1.0524 -1.2696 0.1181, 1.3098 -1.2696 0.1181, 1.0399 -1.2533 0.1181, 1.0236 -1.2408 0.1181, -0.2756 -1.309 0.1181, -0.2756 -1.8996 0.1181, -0.5118 -1.8996 0.1181, -1.4333 -0.418 0.1181, -1.5693 -0.4915 0.1181, -1.5433 -0.4609 0.1181, -1.3576 -1.233 0.1181, -1.378 -1.2303 0.1181, -1.7717 -1.2303 0.1181, -0.2729 -1.2886 0.1181, -0.5118 -1.309 0.1181, -1.063 -1.309 0.1181, -1.063 -1.8996 0.1181, -1.2992 -1.8996 0.1181, -1.2992 -1.309 0.1181, -1.3019 -1.2886 0.1181, -1.0603 -1.2886 0.1181, -1.3098 -1.2696 0.1181, -1.0524 -1.2696 0.1181, -1.8466 1.5847 0.1181, -1.8778 1.5847 0.1181, -1.8126 1.762 0.1181, -1.8125 1.7618 0.1181, -1.8085 1.7524 0.1181, -1.8072 1.7422 0.1181, -1.8269 1.59 0.1181, -1.8085 1.6139 0.1181, -1.8187 1.5962 0.1181, -1.8125 1.6044 0.1181, -1.8072 1.6241 0.1181, -1.8364 1.586 0.1181, 1.8307 1.7177 0.1181, 1.8778 1.5847 0.1181, 1.8701 1.5847 0.1181, 1.8599 1.586 0.1181, 1.832 1.6139 0.1181, 1.8307 1.6241 0.1181, 1.8504 1.59 0.1181, 1.8422 1.5962 0.1181, 1.836 1.6044 0.1181, -2.355 -0.437 0.2362, -1.4638 -0.0039 0.2362, -1.9758 0.3841 0.2362, -1.5962 0.2254 0.2362, -1.9703 0.4002 0.2362, -1.6929 0.4719 0.2362, -1.9685 0.4171 0.2362, -1.7519 0.7301 0.2362, -1.9685 0.9941 0.2362, -1.7717 0.9941 0.2362, -1.9485 1.2743 0.2362, -1.7519 1.2582 0.2362, -1.8888 1.5487 0.2362, -1.6929 1.5163 0.2362, -1.7906 1.8119 0.2362, -1.5962 1.7628 0.2362, -1.656 2.0584 0.2362, -1.4638 1.9921 0.2362, -1.4877 2.2832 0.2362, -1.2987 2.1992 0.2362, -1.2891 2.4818 0.2362, -1.1811 2.3083 0.2362, -1.1811 2.5627 0.2362, -1.1046 2.3793 0.2362, -1.0643 2.6501 0.2362, -0.8858 2.5284 0.2362, -0.8177 2.7847 0.2362, -0.6473 2.6433 0.2362, -0.5546 2.8829 0.2362, -0.3942 2.7214 0.2362, -0.3937 2.9179 0.2362, -0.3937 2.7214 0.2362, -0.2801 2.9426 0.2362, -0.1324 2.7608 0.2362, 0.0 2.9626 0.2362, 0.1324 2.7608 0.2362, 0.2801 2.9426 0.2362, 0.3937 2.9179 0.2362, 0.3937 2.7214 0.2362, 0.5546 2.8829 0.2362, 0.3942 2.7214 0.2362, 0.8177 2.7847 0.2362, 0.6473 2.6433 0.2362, 1.0643 2.6501 0.2362, 0.8858 2.5284 0.2362, 1.1811 2.5627 0.2362, 1.1046 2.3793 0.2362, 1.1811 2.3083 0.2362, 1.2891 2.4818 0.2362, 1.2987 2.1992 0.2362, 1.4877 2.2832 0.2362, 1.656 2.0584 0.2362, 1.4638 1.9921 0.2362, 1.7906 1.8119 0.2362, 1.5962 1.7628 0.2362, 1.7913 1.8099 0.2362, 1.6929 1.5163 0.2362, 1.7519 1.2582 0.2362, 1.7717 0.9941 0.2362, 1.7519 0.7301 0.2362, 1.7913 -0.9842 0.2362, 1.6929 0.4719 0.2362, 1.5962 0.2254 0.2362, 1.9685 0.9941 0.2362, 1.9485 1.2743 0.2362, 1.8888 1.5487 0.2362, 2.1063 -0.9842 0.2362, 2.1063 0.9154 0.2362, 2.0276 0.9941 0.2362, 2.1036 0.9358 0.2362, 2.0957 0.9548 0.2362, 2.0832 0.9711 0.2362, 2.0669 0.9836 0.2362, 2.0479 0.9914 0.2362, 1.7913 -1.8602 0.2362, 2.0957 -1.8602 0.2362, 1.7913 -1.6738 0.2362, 2.1036 -1.8412 0.2362, 1.803 -1.6457 0.2362, 2.1063 -1.8208 0.2362, 1.811 -1.5846 0.2362, 2.0669 -1.889 0.2362, 2.0832 -1.8765 0.2362, 2.0479 -1.8969 0.2362, 2.0276 -1.8996 0.2362, -2.3228 -1.889 0.2362, -2.3038 -1.8969 0.2362, -2.2835 -1.8996 0.2362, -2.3391 -1.8765 0.2362, -1.3466 -1.6457 0.2362, -1.3702 -1.7027 0.2362, -1.1811 -1.8602 0.2362, -1.4078 -1.7516 0.2362, -1.4567 -1.7892 0.2362, -1.5137 -1.8128 0.2362, -1.5748 -1.8208 0.2362, -2.3517 -1.8602 0.2362, -1.6359 -1.8128 0.2362, -1.6929 -1.7892 0.2362, -1.7418 -1.7516 0.2362, -1.7794 -1.7027 0.2362, -2.3595 -1.8412 0.2362, -1.803 -1.6457 0.2362, -2.3622 -1.8208 0.2362, -1.811 -1.5846 0.2362, -2.3622 -0.9842 0.2362, -1.811 -1.1909 0.2362, -1.1811 -0.9842 0.2362, -1.3386 -1.1909 0.2362, -1.3386 -1.5846 0.2362, -0.6473 -0.6551 0.2362, -0.8858 -0.5402 0.2362, -2.3604 -0.4531 0.2362, -2.3622 -0.47 0.2362, -1.2987 -0.2109 0.2362, -1.1811 -0.32 0.2362, -1.1046 -0.391 0.2362, 0.3937 -0.9842 0.2362, 0.3937 -0.7332 0.2362, 0.1324 -0.7726 0.2362, -0.3937 -0.9842 0.2362, -0.1324 -0.7726 0.2362, -0.3937 -0.7332 0.2362, -0.3942 -0.7331 0.2362, 1.4638 -0.0039 0.2362, 1.2987 -0.2109 0.2362, 1.1811 -0.9842 0.2362, 1.1811 -0.32 0.2362, 1.1046 -0.391 0.2362, 0.8858 -0.5402 0.2362, 0.6473 -0.6551 0.2362, 0.3942 -0.7331 0.2362, 1.7794 -1.7027 0.2362, 1.7418 -1.7516 0.2362, 1.6929 -1.7892 0.2362, 1.6359 -1.8128 0.2362, 1.5748 -1.8208 0.2362, 1.1811 -1.8602 0.2362, 1.5137 -1.8128 0.2362, 1.4567 -1.7892 0.2362, 1.811 -1.1909 0.2362, 1.7913 -1.1909 0.2362, 1.3386 -1.1909 0.2362, 1.3386 -1.5846 0.2362, 1.3466 -1.6457 0.2362, 1.4078 -1.7516 0.2362, 1.3702 -1.7027 0.2362, 1.7913 -1.8996 0.2362, 1.1811 -1.8996 0.2362, 0.3937 -1.8996 0.2362, 0.3937 -1.8602 0.2362, -0.3937 -1.8996 0.2362, -0.3937 -1.8602 0.2362, -1.1811 -1.8996 0.2362, -0.5512 -1.5846 0.2362, -0.5592 -1.6457 0.2362, -0.5828 -1.7027 0.2362, -0.6204 -1.7516 0.2362, -0.6693 -1.7892 0.2362, -0.7263 -1.8128 0.2362, -0.7874 -1.8208 0.2362, -0.8485 -1.8128 0.2362, -0.9055 -1.7892 0.2362, -0.5512 -1.1909 0.2362, -1.0236 -1.1909 0.2362, -1.0236 -1.5846 0.2362, -1.0156 -1.6457 0.2362, -0.9544 -1.7516 0.2362, -0.992 -1.7027 0.2362, 0.2282 -1.6457 0.2362, 0.2046 -1.7027 0.2362, 0.167 -1.7516 0.2362, 0.1181 -1.7892 0.2362, -0.167 -1.7516 0.2362, -0.2046 -1.7027 0.2362, -0.1181 -1.7892 0.2362, -0.2282 -1.6457 0.2362, -0.2362 -1.5846 0.2362, -0.2362 -1.1909 0.2362, 0.2362 -1.1909 0.2362, 0.2362 -1.5846 0.2362, 0.0611 -1.8128 0.2362, 0.0 -1.8208 0.2362, -0.0611 -1.8128 0.2362, 1.0156 -1.6457 0.2362, 0.992 -1.7027 0.2362, 0.9544 -1.7516 0.2362, 0.9055 -1.7892 0.2362, 0.6204 -1.7516 0.2362, 0.5828 -1.7027 0.2362, 0.6693 -1.7892 0.2362, 0.5592 -1.6457 0.2362, 0.5512 -1.5846 0.2362, 0.5512 -1.1909 0.2362, 1.0236 -1.1909 0.2362, 1.0236 -1.5846 0.2362, 0.8485 -1.8128 0.2362, 0.7874 -1.8208 0.2362, 0.7263 -1.8128 0.2362, 2.1063 0.9154 0.1181, 2.1063 0.4279 0.1181, 2.0895 0.4437 0.1181, 2.0633 0.474 0.1181, 2.0437 0.509 0.1181, 2.0316 0.5472 0.1181, 2.0276 0.5871 0.1181, 2.0276 0.9941 0.1181, 2.1036 0.9358 0.1181, 2.0479 0.9914 0.1181, 2.0669 0.9836 0.1181, 2.0832 0.9711 0.1181, 2.0957 0.9548 0.1181
            ]
        }
        coordIndex [
            0,1,2,-1,2,1,3,-1,3,1,4,-1,3,4,5,-1,6,7,8,-1,8,7,9,-1,8,9,10,-1,10,9,11,-1,12,13,14,-1,15,16,17,-1,18,19,20,-1,20,19,21,-1,21,22,20,-1,20,22,23,-1,20,23,24,-1,25,26,27,-1,28,29,30,-1,31,6,2,-1,2,6,8,-1,2,8,0,-1,0,8,32,-1,0,32,33,-1,33,32,34,-1,33,34,35,-1,13,36,14,-1,14,36,26,-1,14,26,17,-1,25,37,26,-1,26,37,38,-1,26,38,17,-1,17,38,39,-1,17,39,15,-1,40,41,42,-1,18,20,43,-1,43,20,44,-1,43,44,45,-1,24,46,20,-1,20,46,47,-1,20,47,14,-1,14,47,48,-1,14,48,12,-1,12,48,49,-1,12,49,50,-1,51,16,52,-1,53,54,5,-1,5,54,55,-1,5,55,3,-1,3,55,56,-1,3,56,57,-1,57,58,59,-1,60,61,62,-1,16,51,17,-1,17,51,63,-1,17,63,64,-1,53,5,65,-1,65,5,66,-1,65,66,67,-1,68,69,70,-1,35,34,42,-1,42,34,71,-1,42,71,40,-1,52,72,51,-1,51,72,62,-1,51,62,73,-1,73,62,61,-1,74,75,29,-1,29,75,76,-1,29,76,30,-1,64,77,17,-1,17,77,78,-1,17,78,79,-1,79,78,30,-1,79,30,80,-1,80,30,76,-1,30,81,82,-1,44,83,45,-1,45,83,84,-1,45,84,85,-1,85,84,86,-1,85,86,87,-1,88,89,90,-1,91,92,93,-1,94,95,96,-1,96,95,97,-1,96,97,30,-1,30,97,98,-1,30,98,81,-1,59,99,57,-1,57,99,100,-1,57,100,101,-1,102,103,104,-1,27,105,25,-1,25,105,106,-1,25,106,107,-1,107,106,108,-1,107,108,109,-1,109,108,88,-1,109,88,110,-1,110,88,90,-1,101,111,57,-1,57,111,112,-1,57,112,3,-1,104,113,102,-1,102,113,114,-1,102,114,115,-1,115,114,116,-1,115,116,117,-1,117,116,118,-1,117,118,50,-1,50,118,119,-1,50,119,12,-1,120,121,122,-1,74,29,93,-1,93,29,123,-1,93,123,91,-1,82,124,30,-1,30,124,125,-1,30,125,28,-1,69,126,70,-1,70,126,127,-1,70,127,67,-1,67,127,128,-1,67,128,65,-1,62,129,60,-1,60,129,120,-1,60,120,130,-1,130,120,122,-1,131,132,133,-1,133,134,131,-1,131,134,135,-1,131,135,136,-1,136,135,137,-1,136,137,138,-1,138,137,68,-1,138,68,96,-1,96,68,70,-1,96,70,94,-1,139,140,141,-1,141,142,139,-1,139,142,143,-1,139,143,144,-1,145,146,147,-1,147,146,148,-1,144,149,139,-1,139,149,146,-1,139,146,150,-1,150,146,145,-1,151,152,153,-1,154,155,153,-1,153,155,156,-1,153,156,151,-1,154,157,155,-1,155,157,158,-1,155,158,159,-1,160,161,162,-1,162,161,163,-1,162,163,164,-1,164,163,165,-1,164,165,166,-1,166,165,167,-1,166,167,168,-1,168,167,169,-1,168,169,170,-1,170,169,171,-1,170,171,172,-1,172,171,173,-1,172,173,174,-1,174,173,175,-1,174,175,176,-1,176,175,177,-1,176,177,178,-1,178,177,179,-1,178,179,180,-1,180,179,181,-1,180,181,182,-1,182,181,183,-1,182,183,184,-1,184,183,185,-1,184,185,186,-1,186,185,187,-1,186,187,188,-1,188,187,189,-1,188,189,190,-1,190,189,191,-1,190,191,192,-1,192,191,193,-1,192,193,194,-1,194,193,195,-1,194,195,196,-1,196,195,197,-1,197,195,198,-1,197,198,199,-1,199,198,200,-1,199,200,201,-1,201,200,202,-1,201,202,203,-1,203,202,204,-1,203,204,205,-1,204,206,205,-1,205,206,207,-1,205,207,208,-1,208,207,209,-1,208,209,210,-1,210,209,211,-1,211,209,212,-1,211,212,213,-1,213,212,214,-1,213,214,215,-1,215,214,216,-1,215,216,217,-1,218,219,220,-1,220,219,221,-1,220,221,222,-1,220,223,224,-1,217,218,215,-1,215,218,220,-1,215,220,225,-1,225,220,224,-1,220,226,223,-1,223,226,227,-1,223,227,228,-1,228,227,229,-1,228,229,230,-1,230,231,228,-1,228,231,232,-1,228,232,233,-1,234,235,236,-1,236,235,237,-1,236,237,238,-1,238,237,239,-1,238,239,240,-1,241,242,243,-1,243,242,235,-1,243,235,244,-1,245,246,247,-1,245,247,248,-1,249,250,251,-1,251,250,252,-1,251,252,253,-1,253,254,251,-1,251,254,255,-1,251,255,256,-1,256,255,257,-1,256,257,258,-1,258,259,256,-1,256,259,260,-1,256,260,261,-1,261,260,262,-1,261,262,263,-1,263,262,264,-1,263,264,265,-1,265,264,266,-1,265,266,267,-1,267,266,268,-1,267,268,251,-1,251,268,269,-1,251,269,249,-1,270,271,267,-1,160,272,161,-1,161,272,273,-1,161,273,274,-1,274,273,265,-1,274,265,275,-1,275,265,267,-1,275,267,276,-1,276,267,271,-1,277,278,279,-1,277,279,280,-1,279,281,280,-1,280,281,282,-1,280,282,267,-1,267,282,283,-1,267,283,270,-1,222,284,220,-1,220,284,285,-1,220,285,286,-1,286,285,287,-1,286,287,288,-1,288,289,286,-1,286,289,290,-1,286,290,277,-1,277,290,291,-1,277,291,278,-1,236,292,234,-1,234,292,293,-1,234,293,294,-1,294,295,234,-1,234,295,296,-1,234,296,297,-1,297,296,298,-1,297,298,299,-1,240,239,300,-1,300,239,226,-1,300,226,301,-1,301,226,220,-1,301,220,302,-1,302,220,286,-1,302,286,303,-1,303,286,297,-1,303,297,304,-1,299,305,297,-1,297,305,306,-1,297,306,304,-1,244,235,307,-1,307,235,234,-1,307,234,308,-1,308,234,297,-1,308,297,309,-1,309,297,310,-1,309,310,311,-1,311,310,312,-1,311,312,313,-1,313,312,251,-1,313,251,247,-1,247,251,256,-1,247,256,248,-1,314,315,312,-1,315,316,312,-1,312,316,317,-1,312,317,318,-1,318,319,312,-1,312,319,320,-1,312,320,251,-1,251,320,321,-1,251,321,322,-1,314,312,323,-1,323,312,280,-1,323,280,324,-1,324,280,267,-1,324,267,325,-1,325,267,251,-1,325,251,326,-1,322,327,251,-1,251,327,328,-1,251,328,326,-1,329,330,310,-1,310,330,331,-1,310,331,332,-1,333,334,312,-1,333,312,335,-1,334,336,312,-1,312,336,337,-1,312,337,280,-1,280,337,338,-1,280,338,277,-1,277,338,339,-1,277,339,310,-1,310,339,340,-1,310,340,329,-1,332,341,310,-1,310,341,342,-1,310,342,312,-1,312,342,343,-1,312,343,335,-1,344,345,297,-1,297,345,346,-1,297,346,347,-1,348,349,310,-1,348,310,350,-1,349,351,310,-1,310,351,352,-1,310,352,277,-1,277,352,353,-1,277,353,286,-1,286,353,354,-1,286,354,297,-1,297,354,355,-1,297,355,344,-1,347,356,297,-1,297,356,357,-1,297,357,310,-1,310,357,358,-1,310,358,350,-1,359,360,361,-1,362,363,364,-1,362,364,361,-1,361,364,365,-1,361,365,359,-1,359,365,366,-1,359,366,367,-1,366,368,369,-1,369,370,366,-1,366,370,371,-1,366,371,367,-1,273,2,265,-1,265,2,3,-1,265,3,263,-1,
        ]
    }
}
Shape{
    appearance Appearance {
        material  Material 	{
            diffuseColor 0.25098039215686274 0.25098039215686274 0.25098039215686274
            specularColor 0.12549019607843137 0.12549019607843137 0.12549019607843137
            ambientIntensity 0.251
            transparency 0.0
            shininess 0.5
        }
    }
    geometry IndexedFaceSet {
        ccw TRUE
        solid FALSE
        coord DEF co Coordinate {
            point [
                -0.6473 2.6433 0.5906, -0.6721 3.2587 0.5906, -0.3942 2.7214 0.5906, -0.377 3.3261 0.5906, -0.1324 2.7608 0.5906, -0.0757 3.3551 0.5906, 0.1324 2.7608 0.5906, 0.2268 3.3454 0.5906, 0.3942 2.7214 0.5906, 0.5256 3.2971 0.5906, 0.6473 2.6433 0.5906, 0.8158 3.211 0.5906, 0.8858 2.5284 0.5906, -1.6929 1.5163 0.5906, -2.1896 1.8806 0.5906, -1.5962 1.7628 0.5906, -2.0582 2.1533 0.5906, -1.4638 1.9921 0.5906, -1.8931 2.407 0.5906, -1.2987 2.1992 0.5906, -1.6969 2.6375 0.5906, -1.1046 2.3793 0.5906, -1.4728 2.841 0.5906, -0.8858 2.5284 0.5906, -1.2245 3.0142 0.5906, -0.9562 3.1542 0.5906, -1.4638 -0.0039 0.5906, -2.0582 -0.165 0.5906, -1.5962 0.2254 0.5906, -2.1896 0.1077 0.5906, -1.6929 0.4719 0.5906, -2.2849 0.3949 0.5906, -1.7519 0.7301 0.5906, -2.3428 0.6921 0.5906, -1.7717 0.9941 0.5906, -2.3622 0.9941 0.5906, -1.7519 1.2582 0.5906, -2.3428 1.2962 0.5906, -2.2849 1.5933 0.5906, 1.2987 -0.2109 0.5906, 1.5881 -0.7546 0.5906, 1.1046 -0.391 0.5906, 1.3515 -0.9433 0.5906, 0.8858 -0.5402 0.5906, 1.0926 -1.1002 0.5906, 0.6473 -0.6551 0.5906, 0.8158 -1.2227 0.5906, 0.3942 -0.7331 0.5906, 0.5256 -1.3088 0.5906, 0.1324 -0.7726 0.5906, 0.2268 -1.3572 0.5906, -0.1324 -0.7726 0.5906, 1.7519 1.2582 0.5906, 2.3574 1.1455 0.5906, 1.7717 0.9941 0.5906, 2.3574 0.8428 0.5906, 1.7519 0.7301 0.5906, 2.3186 0.5426 0.5906, 1.6929 0.4719 0.5906, 2.2419 0.2498 0.5906, 1.5962 0.2254 0.5906, 2.1283 -0.0308 0.5906, 1.4638 -0.0039 0.5906, 1.9797 -0.2945 0.5906, 1.7987 -0.5371 0.5906, 1.0926 3.0885 0.5906, 1.3515 2.9315 0.5906, 1.1046 2.3793 0.5906, 1.5881 2.7428 0.5906, 1.2987 2.1992 0.5906, 1.7987 2.5254 0.5906, 1.4638 1.9921 0.5906, 1.9797 2.2828 0.5906, 1.5962 1.7628 0.5906, 2.1283 2.0191 0.5906, 1.6929 1.5163 0.5906, 2.2419 1.7385 0.5906, 2.3186 1.4457 0.5906, -0.0757 -1.3669 0.5906, -0.377 -1.3378 0.5906, -0.3942 -0.7331 0.5906, -0.6721 -1.2704 0.5906, -0.6473 -0.6551 0.5906, -0.9562 -1.1659 0.5906, -0.8858 -0.5402 0.5906, -1.2245 -1.0259 0.5906, -1.1046 -0.391 0.5906, -1.4728 -0.8527 0.5906, -1.2987 -0.2109 0.5906, -1.6969 -0.6492 0.5906, -1.8931 -0.4187 0.5906, 1.1136 1.9896 0.752, 1.1136 1.9896 0.752, 1.1136 1.9896 0.748, 0.9954 2.1077 0.2362, 0.9954 2.1077 0.752, 0.9995 2.0771 0.2362, 0.9995 2.0771 0.752, 1.0113 2.0486 0.2362, 1.0113 2.0486 0.752, 1.03 2.0242 0.2362, 1.03 2.0242 0.752, 1.0545 2.0054 0.2362, 1.0545 2.0054 0.752, 1.083 1.9936 0.2362, 1.083 1.9936 0.752, 1.1136 1.9896 0.2362, 0.9954 2.1078 0.752, 0.9954 2.1078 0.748, 0.9995 2.1383 0.748, 0.9995 2.1383 0.2362, 1.0113 2.1667 0.748, 1.0113 2.1667 0.2362, 1.03 2.1912 0.748, 1.03 2.1912 0.2362, 1.0545 2.21 0.748, 1.0545 2.21 0.2362, 1.083 2.2218 0.748, 1.083 2.2218 0.2362, 1.1136 2.2258 0.748, 1.1136 2.2258 0.2362, 1.1441 2.2218 0.748, 1.1441 2.2218 0.2362, 1.1726 2.21 0.748, 1.1726 2.21 0.2362, 1.1971 2.1912 0.748, 1.1971 2.1912 0.2362, 1.2158 2.1667 0.748, 1.2158 2.1667 0.2362, 1.2276 2.1383 0.748, 1.2276 2.1383 0.2362, 1.2317 2.1077 0.748, 1.2317 2.1077 0.2362, 1.2276 2.0771 0.748, 1.2276 2.0771 0.2362, 1.2158 2.0486 0.748, 1.2158 2.0486 0.2362, 1.1971 2.0242 0.748, 1.1971 2.0242 0.2362, 1.1726 2.0054 0.748, 1.1726 2.0054 0.2362, 1.1441 1.9936 0.748, 1.1441 1.9936 0.2362, 0.9139 0.159 0.2362, 0.9139 0.159 0.752, 0.9112 0.1793 0.2362, 0.9112 0.1793 0.752, 0.9034 0.1983 0.2362, 0.9034 0.1983 0.752, 0.8908 0.2146 0.2362, 0.8908 0.2146 0.752, 0.8745 0.2272 0.2362, 0.8745 0.2272 0.752, 0.8555 0.235 0.2362, 0.8555 0.235 0.752, 0.8352 0.2377 0.2362, 0.8352 0.2377 0.752, 0.8148 0.235 0.2362, 0.8148 0.235 0.752, 0.7958 0.2272 0.2362, 0.7958 0.2272 0.752, 0.7795 0.2146 0.2362, 0.7795 0.2146 0.752, 0.767 0.1983 0.2362, 0.767 0.1983 0.752, 0.7591 0.1793 0.2362, 0.7591 0.1793 0.752, 0.7564 0.159 0.2362, 0.7564 0.159 0.752, 0.7591 0.1386 0.2362, 0.7591 0.1386 0.752, 0.767 0.1196 0.2362, 0.767 0.1196 0.752, 0.7795 0.1033 0.2362, 0.7795 0.1033 0.752, 0.7958 0.0908 0.2362, 0.7958 0.0908 0.752, 0.8148 0.0829 0.2362, 0.8148 0.0829 0.752, 0.8352 0.0802 0.2362, 0.8352 0.0802 0.752, 0.8555 0.0829 0.2362, 0.8555 0.0829 0.752, 0.8745 0.0908 0.2362, 0.8745 0.0908 0.752, 0.8908 0.1033 0.2362, 0.8908 0.1033 0.752, 0.9034 0.1196 0.2362, 0.9034 0.1196 0.752, 0.9112 0.1386 0.2362, 0.9112 0.1386 0.752, 2.5478 1.2341 0.748, 2.7342 1.3395 0.748, 2.5277 1.3936 0.748, 2.7071 1.5105 0.748, 2.4976 1.5516 0.748, 1.4501 1.3524 0.748, 1.4889 1.1132 0.748, 2.6693 1.6795 0.748, 2.4577 1.7073 0.748, 2.3489 2.0097 0.748, 2.4936 2.1675 0.748, 2.2805 2.1552 0.748, 1.3731 1.5821 0.748, 1.2599 1.7964 0.748, 0.588 2.3672 0.748, 0.8023 2.2541 0.748, 2.408 1.8602 0.748, 2.5624 2.0086 0.748, 2.2031 2.2961 0.748, 0.1191 2.4831 0.748, 0.3583 2.4442 0.748, 2.0226 2.5619 0.748, 2.1235 2.7508 0.748, 1.9201 2.6859 0.748, 2.117 2.4319 0.748, 2.2296 2.614 0.748, 2.415 2.3218 0.748, 2.621 1.8458 0.748, 2.4572 0.2794 0.748, 2.6693 0.3088 0.748, 2.4972 0.4351 0.748, 2.5476 0.7525 0.748, 2.7505 0.8211 0.748, 2.5577 0.9121 0.748, 2.5578 0.9154 0.748, 2.7559 0.9941 0.748, 1.3714 0.4023 0.748, 1.4491 0.6318 0.748, 2.5274 0.593 0.748, 2.7071 0.4777 0.748, 1.4886 0.8709 0.748, 2.7342 0.6487 0.748, 2.7505 1.1672 0.748, 2.5577 1.0762 0.748, 2.5578 1.0729 0.748, -0.1232 2.4827 0.748, 2.3269 2.4708 0.748, 2.3483 -0.0229 0.748, 2.5624 -0.0204 0.748, 2.4075 0.1265 0.748, 2.2798 -0.1684 0.748, 2.4936 -0.1793 0.748, 2.621 0.1425 0.748, 1.2577 0.1883 0.748, 1.8101 2.8031 0.748, 1.8865 3.0031 0.748, 1.6929 2.9132 0.748, 2.1161 -0.4449 0.748, 2.3269 -0.4826 0.748, 2.2023 -0.3092 0.748, 2.0215 -0.575 0.748, 2.2296 -0.6257 0.748, 1.7567 3.1176 0.748, 1.5691 3.0157 0.748, 1.8089 -0.816 0.748, 2.009 -0.8924 0.748, 1.919 -0.6988 0.748, 2.415 -0.3335 0.748, 1.1109 -0.0044 0.748, 1.6199 3.2237 0.748, 1.4391 3.1102 0.748, -0.3623 2.4432 0.748, 2.009 2.8807 0.748, 1.6917 -0.926 0.748, 1.8865 -1.0148 0.748, 1.4767 3.321 0.748, 1.3034 3.1964 0.748, -0.5918 2.3656 0.748, 0.9348 -0.1709 0.748, 0.7341 -0.3067 0.748, 1.5678 -1.0284 0.748, 2.1235 -0.7625 0.748, 1.7567 -1.1293 0.748, 1.302 -1.209 0.748, 1.4767 -1.3328 0.748, 1.4377 -1.1229 0.748, 1.1625 3.2739 0.748, 1.1734 3.4878 0.748, 1.0171 3.3424 0.748, 0.5142 -0.4083 0.748, 1.1611 -1.2864 0.748, 1.6199 -1.2354 0.748, 1.3277 -1.4209 0.748, 1.0145 3.5565 0.748, 0.8676 3.4016 0.748, 0.8661 -1.4139 0.748, 1.0145 -1.5682 0.748, 1.0156 -1.3548 0.748, 0.7132 -1.4635 0.748, 0.8516 -1.6269 0.748, 0.8516 3.6152 0.748, 0.7147 3.4513 0.748, -0.8058 2.2518 0.748, 1.3277 3.4092 0.748, 0.5574 -1.5035 0.748, 0.6854 -1.6752 0.748, 1.1734 -1.4995 0.748, 0.2806 -0.473 0.748, 0.6854 3.6635 0.748, 0.559 3.4914 0.748, -0.9985 2.105 0.748, 0.5164 3.7012 0.748, 0.4011 3.5216 0.748, 0.0796 -1.5637 0.748, 0.173 -1.7563 0.748, 0.24 -1.5536 0.748, 0.0397 -0.499 0.748, -0.2022 -0.4858 0.748, 0.3995 -1.5335 0.748, 0.5164 -1.713 0.748, 0.3454 3.7283 0.748, 0.2416 3.5418 0.748, -1.165 1.9289 0.748, 0.173 3.7446 0.748, 0.0812 3.5519 0.748, 0.0 3.75 0.748, -0.0812 3.5519 0.748, -1.3008 1.7283 0.748, -0.4011 -1.5333 0.748, -0.3454 -1.74 0.748, -0.2416 -1.5535 0.748, 0.3454 -1.74 0.748, -0.0812 -1.5636 0.748, 0.0 -1.7618 0.748, -0.4388 -0.4336 0.748, -0.559 -1.5031 0.748, -0.173 -1.7563 0.748, -0.5164 -1.713 0.748, -0.24 3.5419 0.748, -0.3454 3.7283 0.748, -0.3995 3.5218 0.748, -0.5164 3.7012 0.748, -0.5574 3.4917 0.748, -0.173 3.7446 0.748, -0.8676 -1.4134 0.748, -0.8516 -1.6269 0.748, -0.7147 -1.4631 0.748, -0.6854 3.6635 0.748, -0.7132 3.4518 0.748, -1.4024 1.5083 0.748, -1.0171 -1.3541 0.748, -1.0145 -1.5682 0.748, -0.6854 -1.6752 0.748, -0.6639 -0.3439 0.748, -0.8661 3.4022 0.748, -1.0145 3.5565 0.748, -1.0156 3.343 0.748, -1.3034 -1.2081 0.748, -1.3277 -1.4209 0.748, -1.1625 -1.2856 0.748, -1.1734 3.4878 0.748, -1.1611 3.2746 0.748, -1.3277 3.4092 0.748, -1.302 3.1972 0.748, -1.4671 1.2748 0.748, -0.8516 3.6152 0.748, -1.4391 -1.1219 0.748, -1.4767 -1.3328 0.748, -1.4767 3.321 0.748, -1.4377 3.1111 0.748, -1.4932 1.0339 0.748, -1.6929 -0.9249 0.748, -1.7567 -1.1293 0.748, -1.5691 -1.0274 0.748, -1.1734 -1.4995 0.748, -0.8715 -0.2189 0.748, -1.8101 -0.8148 0.748, -1.8865 -1.0148 0.748, -1.6199 3.2237 0.748, -1.5678 3.0167 0.748, -1.7567 3.1176 0.748, -1.6917 2.9143 0.748, -1.4799 0.7919 0.748, -1.9201 -0.6976 0.748, -1.0562 -0.0621 0.748, -1.2131 0.1226 0.748, -1.6199 -1.2354 0.748, -2.009 -0.8924 0.748, -1.8865 3.0031 0.748, -1.8089 2.8042 0.748, -2.009 2.8807 0.748, -1.919 2.6871 0.748, -2.117 -0.4436 0.748, -2.2296 -0.6257 0.748, -2.0226 -0.5737 0.748, -1.4278 0.5553 0.748, -1.338 0.3302 0.748, -2.2031 -0.3078 0.748, -2.1235 -0.7625 0.748, -2.3269 -0.4826 0.748, -2.0215 2.5632 0.748, -2.2296 2.614 0.748, -2.1161 2.4332 0.748, -2.3269 2.4708 0.748, -2.2023 2.2975 0.748, -2.1235 2.7508 0.748, -2.3489 -0.0214 0.748, -2.4936 -0.1793 0.748, -2.2805 -0.1669 0.748, -2.2798 2.1567 0.748, -2.4936 2.1675 0.748, -2.3483 2.0112 0.748, -2.408 0.1281 0.748, -2.5624 -0.0204 0.748, -2.4976 0.4367 0.748, -2.6693 0.3088 0.748, -2.4577 0.281 0.748, -2.415 -0.3335 0.748, -2.621 0.1425 0.748, -2.5624 2.0086 0.748, -2.4075 1.8618 0.748, -2.415 2.3218 0.748, -2.4572 1.7089 0.748, -2.6693 1.6795 0.748, -2.4972 1.5532 0.748, -2.5478 0.7541 0.748, -2.7342 0.6487 0.748, -2.5277 0.5946 0.748, -2.7071 0.4777 0.748, -2.5578 0.9146 0.748, -2.7505 0.8211 0.748, -2.7071 1.5105 0.748, -2.5274 1.3953 0.748, -2.621 1.8458 0.748, -2.5476 1.2358 0.748, -2.7505 1.1672 0.748, -2.5578 1.0753 0.748, -2.7559 0.9941 0.748, -2.7342 1.3395 0.748, 2.5476 0.7525 0.3937, 2.7342 0.6487 0.3937, 2.5274 0.593 0.3937, 2.4577 1.7073 0.3937, 2.6693 1.6795 0.3937, 2.4976 1.5516 0.3937, 2.5478 1.2341 0.3937, 2.7505 1.1672 0.3937, 2.5577 1.0762 0.3937, 2.7071 0.4777 0.3937, 2.4972 0.4351 0.3937, 2.5277 1.3936 0.3937, 2.3186 1.4457 0.3937, 2.2419 1.7385 0.3937, 2.3574 1.1455 0.3937, 2.5578 0.9154 0.3937, 2.3574 0.8428 0.3937, 2.5577 0.9121 0.3937, 2.2419 0.2498 0.3937, 2.1283 -0.0308 0.3937, 1.9797 -0.2945 0.3937, 2.3186 0.5426 0.3937, 2.7505 0.8211 0.3937, 2.6693 0.3088 0.3937, 2.4572 0.2794 0.3937, 2.3489 2.0097 0.3937, 2.5624 2.0086 0.3937, 2.408 1.8602 0.3937, 2.7559 0.9941 0.3937, 2.5578 1.0729 0.3937, 2.7342 1.3395 0.3937, 1.7987 -0.5371 0.3937, 2.621 0.1425 0.3937, 2.4075 0.1265 0.3937, 2.2805 2.1552 0.3937, 2.4936 2.1675 0.3937, 2.7071 1.5105 0.3937, 2.1283 2.0191 0.3937, 2.5624 -0.0204 0.3937, 2.3483 -0.0229 0.3937, 1.5881 -0.7546 0.3937, 2.4936 -0.1793 0.3937, 2.2798 -0.1684 0.3937, 2.415 -0.3335 0.3937, 2.2023 -0.3092 0.3937, 2.621 1.8458 0.3937, 1.9797 2.2828 0.3937, 2.2031 2.2961 0.3937, 2.415 2.3218 0.3937, 1.3515 -0.9433 0.3937, 2.3269 -0.4826 0.3937, 2.1161 -0.4449 0.3937, 1.9201 2.6859 0.3937, 2.1235 2.7508 0.3937, 2.0226 2.5619 0.3937, 2.2296 -0.6257 0.3937, 2.0215 -0.575 0.3937, 1.0926 -1.1002 0.3937, 2.1235 -0.7625 0.3937, 1.919 -0.6988 0.3937, 2.2296 2.614 0.3937, 2.117 2.4319 0.3937, 2.009 -0.8924 0.3937, 1.8089 -0.816 0.3937, 1.7987 2.5254 0.3937, 1.5881 2.7428 0.3937, 1.8101 2.8031 0.3937, 0.8158 -1.2227 0.3937, 1.8865 -1.0148 0.3937, 1.6917 -0.926 0.3937, 1.4391 3.1102 0.3937, 1.6199 3.2237 0.3937, 1.5691 3.0157 0.3937, 2.3269 2.4708 0.3937, 2.009 2.8807 0.3937, 1.7567 -1.1293 0.3937, 1.5678 -1.0284 0.3937, 0.5256 -1.3088 0.3937, 1.6199 -1.2354 0.3937, 1.4377 -1.1229 0.3937, 1.7567 3.1176 0.3937, 1.6929 2.9132 0.3937, 1.4767 -1.3328 0.3937, 1.302 -1.209 0.3937, 1.3515 2.9315 0.3937, 1.0926 3.0885 0.3937, 1.3034 3.1964 0.3937, 0.2268 -1.3572 0.3937, 1.3277 -1.4209 0.3937, 1.1611 -1.2864 0.3937, -0.24 3.5419 0.3937, -0.173 3.7446 0.3937, -0.0812 3.5519 0.3937, 1.8865 3.0031 0.3937, 1.4767 3.321 0.3937, 1.1734 -1.4995 0.3937, 1.0156 -1.3548 0.3937, -0.5574 3.4917 0.3937, -0.5164 3.7012 0.3937, -0.3995 3.5218 0.3937, 0.8676 3.4016 0.3937, 1.0145 3.5565 0.3937, 1.0171 3.3424 0.3937, -0.0757 -1.3669 0.3937, 1.0145 -1.5682 0.3937, 0.8661 -1.4139 0.3937, 0.8516 -1.6269 0.3937, 0.7132 -1.4635 0.3937, -0.8661 3.4022 0.3937, -0.8516 3.6152 0.3937, -0.7132 3.4518 0.3937, 1.1734 3.4878 0.3937, 1.1625 3.2739 0.3937, -0.377 -1.3378 0.3937, 0.6854 -1.6752 0.3937, 0.5574 -1.5035 0.3937, -0.3454 3.7283 0.3937, -0.377 3.3261 0.3937, -0.0757 3.3551 0.3937, 0.4011 3.5216 0.3937, 0.5164 3.7012 0.3937, 0.559 3.4914 0.3937, 0.8158 3.211 0.3937, 0.5256 3.2971 0.3937, 0.7147 3.4513 0.3937, 0.5164 -1.713 0.3937, 0.3995 -1.5335 0.3937, -1.1611 3.2746 0.3937, -1.1734 3.4878 0.3937, -1.0156 3.343 0.3937, -0.6721 3.2587 0.3937, -0.6854 3.6635 0.3937, 0.2416 3.5418 0.3937, 0.3454 3.7283 0.3937, 1.3277 3.4092 0.3937, 0.8516 3.6152 0.3937, -0.6721 -1.2704 0.3937, 0.3454 -1.74 0.3937, 0.24 -1.5536 0.3937, -0.9562 3.1542 0.3937, -1.2245 3.0142 0.3937, -1.0145 3.5565 0.3937, 0.173 -1.7563 0.3937, 0.0796 -1.5637 0.3937, -1.4377 3.1111 0.3937, -1.4767 3.321 0.3937, -1.302 3.1972 0.3937, -0.9562 -1.1659 0.3937, 0.0 -1.7618 0.3937, -0.0812 -1.5636 0.3937, 0.0 3.75 0.3937, 0.0812 3.5519 0.3937, 0.2268 3.3454 0.3937, 0.173 3.7446 0.3937, 0.6854 3.6635 0.3937, -0.173 -1.7563 0.3937, -0.2416 -1.5535 0.3937, -1.2245 -1.0259 0.3937, -1.6917 2.9143 0.3937, -1.4728 2.841 0.3937, -1.6969 2.6375 0.3937, -1.5678 3.0167 0.3937, -1.6199 3.2237 0.3937, -0.4011 -1.5333 0.3937, -0.5164 -1.713 0.3937, -0.559 -1.5031 0.3937, -1.919 2.6871 0.3937, -2.009 2.8807 0.3937, -1.8089 2.8042 0.3937, -1.3277 3.4092 0.3937, -1.7567 3.1176 0.3937, -0.6854 -1.6752 0.3937, -0.7147 -1.4631 0.3937, -0.8516 -1.6269 0.3937, -0.8676 -1.4134 0.3937, -1.4728 -0.8527 0.3937, -0.3454 -1.74 0.3937, -1.0145 -1.5682 0.3937, -1.0171 -1.3541 0.3937, -1.6969 -0.6492 0.3937, -2.1161 2.4332 0.3937, -1.8931 2.407 0.3937, -2.0582 2.1533 0.3937, -2.0215 2.5632 0.3937, -2.1235 2.7508 0.3937, -1.1734 -1.4995 0.3937, -1.1625 -1.2856 0.3937, -2.2798 2.1567 0.3937, -2.415 2.3218 0.3937, -2.2023 2.2975 0.3937, -1.8865 3.0031 0.3937, -2.2296 2.614 0.3937, -1.3277 -1.4209 0.3937, -1.3034 -1.2081 0.3937, -1.8931 -0.4187 0.3937, -1.4767 -1.3328 0.3937, -1.4391 -1.1219 0.3937, -1.6199 -1.2354 0.3937, -1.5691 -1.0274 0.3937, -2.4075 1.8618 0.3937, -2.1896 1.8806 0.3937, -2.2849 1.5933 0.3937, -2.3483 2.0112 0.3937, -2.4936 2.1675 0.3937, -2.0582 -0.165 0.3937, -1.7567 -1.1293 0.3937, -1.6929 -0.9249 0.3937, -2.4972 1.5532 0.3937, -2.6693 1.6795 0.3937, -2.4572 1.7089 0.3937, -2.3269 2.4708 0.3937, -2.5624 2.0086 0.3937, -1.8865 -1.0148 0.3937, -1.8101 -0.8148 0.3937, -2.1896 0.1077 0.3937, -1.9201 -0.6976 0.3937, -2.1235 -0.7625 0.3937, -2.0226 -0.5737 0.3937, -2.2296 -0.6257 0.3937, -2.117 -0.4436 0.3937, -2.5578 1.0753 0.3937, -2.7505 1.1672 0.3937, -2.5476 1.2358 0.3937, -2.5274 1.3953 0.3937, -2.7071 1.5105 0.3937, -2.3269 -0.4826 0.3937, -2.2031 -0.3078 0.3937, -2.2849 0.3949 0.3937, -2.009 -0.8924 0.3937, -2.7559 0.9941 0.3937, -2.3622 0.9941 0.3937, -2.3428 1.2962 0.3937, -2.7342 1.3395 0.3937, -2.621 1.8458 0.3937, -2.2805 -0.1669 0.3937, -2.4936 -0.1793 0.3937, -2.3489 -0.0214 0.3937, -2.5624 -0.0204 0.3937, -2.408 0.1281 0.3937, -2.415 -0.3335 0.3937, -2.621 0.1425 0.3937, -2.4577 0.281 0.3937, -2.6693 0.3088 0.3937, -2.4976 0.4367 0.3937, -2.7071 0.4777 0.3937, -2.5277 0.5946 0.3937, -2.3428 0.6921 0.3937, -2.7342 0.6487 0.3937, -2.5478 0.7541 0.3937, -2.5578 0.9146 0.3937, -2.7505 0.8211 0.3937
            ]
        }
        coordIndex [
            0,1,2,-1,2,1,3,-1,2,3,4,-1,4,3,5,-1,4,5,6,-1,6,5,7,-1,6,7,8,-1,8,7,9,-1,8,9,10,-1,10,9,11,-1,10,11,12,-1,13,14,15,-1,15,14,16,-1,15,16,17,-1,17,16,18,-1,17,18,19,-1,19,18,20,-1,19,20,21,-1,21,20,22,-1,21,22,23,-1,23,22,24,-1,23,24,0,-1,0,24,25,-1,0,25,1,-1,26,27,28,-1,28,27,29,-1,28,29,30,-1,30,29,31,-1,30,31,32,-1,32,31,33,-1,32,33,34,-1,34,33,35,-1,34,35,36,-1,36,35,37,-1,36,37,13,-1,13,37,38,-1,13,38,14,-1,39,40,41,-1,41,40,42,-1,41,42,43,-1,43,42,44,-1,43,44,45,-1,45,44,46,-1,45,46,47,-1,47,46,48,-1,47,48,49,-1,49,48,50,-1,49,50,51,-1,52,53,54,-1,54,53,55,-1,54,55,56,-1,56,55,57,-1,56,57,58,-1,58,57,59,-1,58,59,60,-1,60,59,61,-1,60,61,62,-1,62,61,63,-1,62,63,39,-1,39,63,64,-1,39,64,40,-1,11,65,12,-1,12,65,66,-1,12,66,67,-1,67,66,68,-1,67,68,69,-1,69,68,70,-1,69,70,71,-1,71,70,72,-1,71,72,73,-1,73,72,74,-1,73,74,75,-1,75,74,76,-1,75,76,52,-1,52,76,77,-1,52,77,53,-1,50,78,51,-1,51,78,79,-1,51,79,80,-1,80,79,81,-1,80,81,82,-1,82,81,83,-1,82,83,84,-1,84,83,85,-1,84,85,86,-1,86,85,87,-1,86,87,88,-1,88,87,89,-1,88,89,26,-1,26,89,90,-1,26,90,27,-1,91,92,93,-1,94,95,96,-1,96,95,97,-1,96,97,98,-1,98,97,99,-1,98,99,100,-1,100,99,101,-1,100,101,102,-1,102,101,103,-1,102,103,104,-1,104,103,105,-1,104,105,106,-1,107,95,108,-1,108,95,94,-1,108,94,109,-1,109,94,110,-1,109,110,111,-1,111,110,112,-1,111,112,113,-1,113,112,114,-1,113,114,115,-1,115,114,116,-1,115,116,117,-1,117,116,118,-1,117,118,119,-1,119,118,120,-1,119,120,121,-1,121,120,122,-1,121,122,123,-1,123,122,124,-1,123,124,125,-1,125,124,126,-1,125,126,127,-1,127,126,128,-1,127,128,129,-1,129,128,130,-1,129,130,131,-1,131,130,132,-1,131,132,133,-1,133,132,134,-1,133,134,135,-1,135,134,136,-1,135,136,137,-1,137,136,138,-1,137,138,139,-1,139,138,140,-1,139,140,141,-1,141,140,142,-1,141,142,93,-1,93,142,106,-1,93,106,91,-1,91,106,105,-1,143,144,145,-1,145,144,146,-1,145,146,147,-1,147,146,148,-1,147,148,149,-1,149,148,150,-1,149,150,151,-1,151,150,152,-1,151,152,153,-1,153,152,154,-1,153,154,155,-1,155,154,156,-1,155,156,157,-1,157,156,158,-1,157,158,159,-1,159,158,160,-1,159,160,161,-1,161,160,162,-1,161,162,163,-1,163,162,164,-1,163,164,165,-1,165,164,166,-1,165,166,167,-1,167,166,168,-1,167,168,169,-1,169,168,170,-1,169,170,171,-1,171,170,172,-1,171,172,173,-1,173,172,174,-1,173,174,175,-1,175,174,176,-1,175,176,177,-1,177,176,178,-1,177,178,179,-1,179,178,180,-1,179,180,181,-1,181,180,182,-1,181,182,183,-1,183,182,184,-1,183,184,185,-1,185,184,186,-1,185,186,187,-1,187,186,188,-1,187,188,189,-1,189,188,190,-1,189,190,143,-1,143,190,144,-1,191,192,193,-1,193,194,195,-1,196,197,191,-1,129,131,193,-1,193,131,133,-1,193,133,191,-1,195,198,199,-1,123,125,193,-1,193,125,127,-1,193,127,129,-1,193,195,123,-1,123,195,199,-1,123,199,121,-1,200,201,202,-1,133,135,191,-1,191,135,137,-1,191,137,139,-1,196,191,203,-1,203,191,139,-1,203,139,204,-1,204,139,141,-1,204,141,93,-1,113,205,111,-1,111,205,206,-1,111,206,109,-1,109,206,108,-1,207,208,200,-1,209,210,211,-1,212,213,214,-1,113,115,205,-1,205,115,117,-1,205,117,211,-1,211,117,119,-1,211,119,121,-1,215,216,212,-1,217,209,202,-1,202,209,211,-1,202,211,200,-1,200,211,121,-1,200,121,207,-1,207,121,199,-1,207,199,218,-1,219,220,221,-1,222,223,224,-1,224,225,197,-1,197,225,226,-1,227,219,228,-1,228,219,221,-1,228,221,229,-1,229,221,230,-1,197,231,224,-1,224,231,228,-1,224,228,222,-1,222,228,229,-1,222,229,232,-1,233,191,234,-1,234,191,197,-1,234,197,235,-1,235,197,226,-1,214,236,212,-1,212,236,210,-1,212,210,215,-1,215,210,209,-1,215,209,237,-1,238,239,240,-1,241,242,238,-1,243,219,240,-1,240,219,227,-1,240,227,238,-1,238,227,244,-1,238,244,241,-1,245,246,247,-1,248,249,250,-1,251,252,248,-1,247,253,254,-1,255,256,257,-1,258,241,250,-1,250,241,244,-1,250,244,248,-1,248,244,259,-1,248,259,251,-1,260,261,254,-1,254,261,262,-1,254,262,247,-1,247,262,236,-1,247,236,245,-1,245,236,214,-1,245,214,263,-1,264,265,255,-1,266,267,261,-1,261,267,268,-1,261,268,262,-1,269,270,271,-1,272,251,257,-1,257,251,259,-1,257,259,255,-1,255,259,269,-1,255,269,264,-1,264,269,271,-1,264,271,273,-1,274,275,276,-1,277,278,279,-1,270,280,281,-1,282,271,276,-1,276,271,270,-1,276,270,274,-1,274,270,281,-1,274,281,283,-1,279,284,285,-1,286,287,288,-1,289,290,286,-1,291,292,285,-1,285,292,293,-1,285,293,279,-1,279,293,268,-1,279,268,277,-1,277,268,267,-1,277,267,294,-1,295,296,289,-1,297,281,288,-1,288,281,280,-1,288,280,286,-1,286,280,298,-1,286,298,289,-1,299,300,292,-1,292,300,301,-1,292,301,293,-1,300,302,303,-1,304,305,306,-1,298,307,289,-1,289,307,308,-1,289,308,295,-1,295,308,309,-1,295,309,310,-1,303,311,312,-1,300,303,301,-1,301,303,312,-1,301,312,313,-1,312,314,315,-1,315,316,317,-1,312,315,313,-1,313,315,317,-1,313,317,318,-1,319,320,321,-1,322,309,306,-1,306,309,308,-1,306,308,304,-1,304,308,323,-1,304,323,324,-1,308,325,326,-1,327,323,321,-1,321,323,308,-1,321,308,319,-1,319,308,326,-1,319,326,328,-1,329,330,331,-1,332,333,331,-1,331,333,318,-1,331,318,329,-1,329,318,317,-1,329,317,334,-1,335,336,337,-1,338,339,333,-1,333,339,340,-1,333,340,318,-1,341,342,335,-1,343,326,337,-1,337,326,325,-1,337,325,335,-1,335,325,344,-1,335,344,341,-1,345,346,347,-1,348,349,350,-1,347,351,352,-1,353,354,352,-1,352,354,355,-1,352,355,347,-1,347,355,340,-1,347,340,345,-1,345,340,339,-1,345,339,356,-1,357,358,348,-1,359,360,354,-1,354,360,361,-1,354,361,355,-1,362,363,364,-1,365,341,350,-1,350,341,344,-1,350,344,348,-1,348,344,366,-1,348,366,357,-1,367,368,362,-1,360,369,370,-1,370,371,372,-1,360,370,361,-1,361,370,372,-1,361,372,373,-1,374,375,376,-1,377,357,364,-1,364,357,366,-1,364,366,362,-1,362,366,375,-1,362,375,367,-1,367,375,374,-1,367,374,378,-1,372,379,380,-1,380,381,382,-1,383,384,385,-1,372,380,373,-1,373,380,382,-1,373,382,386,-1,376,387,388,-1,389,374,385,-1,385,374,376,-1,385,376,383,-1,383,376,388,-1,383,388,390,-1,391,392,393,-1,394,395,393,-1,393,395,386,-1,393,386,391,-1,391,386,382,-1,391,382,396,-1,397,398,399,-1,400,401,402,-1,403,404,397,-1,405,406,386,-1,386,406,407,-1,408,388,399,-1,399,388,387,-1,399,387,397,-1,397,387,386,-1,397,386,403,-1,403,386,407,-1,403,407,409,-1,410,411,402,-1,402,411,386,-1,402,386,400,-1,400,386,395,-1,400,395,412,-1,413,414,415,-1,416,417,418,-1,419,405,418,-1,418,405,386,-1,418,386,416,-1,416,386,420,-1,416,420,421,-1,422,423,415,-1,415,423,386,-1,415,386,413,-1,413,386,411,-1,413,411,424,-1,425,426,427,-1,428,420,427,-1,427,420,386,-1,427,386,425,-1,425,386,423,-1,425,423,429,-1,430,431,432,-1,433,434,435,-1,436,437,438,-1,432,439,440,-1,441,442,443,-1,444,445,446,-1,446,445,447,-1,448,432,449,-1,449,432,450,-1,448,451,432,-1,432,451,446,-1,432,446,430,-1,430,446,447,-1,430,447,452,-1,440,453,454,-1,455,456,457,-1,458,445,459,-1,459,445,444,-1,459,444,438,-1,438,444,442,-1,438,442,436,-1,436,442,441,-1,436,441,460,-1,432,440,450,-1,450,440,454,-1,450,454,461,-1,454,462,463,-1,464,465,455,-1,466,441,435,-1,435,441,443,-1,435,443,433,-1,433,443,467,-1,463,468,469,-1,454,463,461,-1,461,463,469,-1,461,469,470,-1,469,471,472,-1,472,473,474,-1,475,433,457,-1,457,433,467,-1,457,467,455,-1,455,467,476,-1,455,476,464,-1,464,476,477,-1,464,477,478,-1,469,472,470,-1,470,472,474,-1,470,474,479,-1,474,480,481,-1,482,483,484,-1,481,485,486,-1,474,481,479,-1,479,481,486,-1,479,486,487,-1,486,488,489,-1,484,490,491,-1,489,492,493,-1,494,495,496,-1,486,489,487,-1,487,489,493,-1,487,493,497,-1,493,498,499,-1,500,501,502,-1,503,477,491,-1,491,477,476,-1,491,476,484,-1,484,476,494,-1,484,494,482,-1,482,494,496,-1,482,496,504,-1,499,505,506,-1,493,499,497,-1,497,499,506,-1,497,506,507,-1,506,508,509,-1,502,510,511,-1,509,512,513,-1,514,515,516,-1,506,509,507,-1,507,509,513,-1,507,513,517,-1,513,518,519,-1,520,521,522,-1,523,496,511,-1,511,496,495,-1,511,495,502,-1,502,495,514,-1,502,514,500,-1,500,514,516,-1,500,516,524,-1,519,525,526,-1,527,528,529,-1,530,531,532,-1,513,519,517,-1,517,519,526,-1,517,526,533,-1,526,534,535,-1,535,536,537,-1,538,539,540,-1,532,541,542,-1,526,535,533,-1,533,535,537,-1,533,537,543,-1,537,544,545,-1,529,546,547,-1,547,546,520,-1,547,520,548,-1,548,520,522,-1,549,550,551,-1,552,553,554,-1,545,555,556,-1,557,558,559,-1,529,547,527,-1,527,547,560,-1,527,560,561,-1,562,563,549,-1,564,516,542,-1,542,516,515,-1,542,515,532,-1,532,515,552,-1,532,552,530,-1,530,552,554,-1,530,554,565,-1,537,545,543,-1,543,545,556,-1,543,556,566,-1,556,567,568,-1,557,569,570,-1,559,571,538,-1,568,572,573,-1,574,575,576,-1,557,559,569,-1,569,559,538,-1,569,538,560,-1,560,538,540,-1,560,540,561,-1,556,568,566,-1,566,568,573,-1,566,573,577,-1,573,578,579,-1,522,580,548,-1,548,580,581,-1,548,581,582,-1,582,581,583,-1,583,562,582,-1,582,562,549,-1,582,549,553,-1,553,549,551,-1,553,551,554,-1,554,551,584,-1,579,585,586,-1,573,579,577,-1,577,579,586,-1,577,586,587,-1,588,589,590,-1,591,592,574,-1,593,594,595,-1,596,597,598,-1,599,557,576,-1,576,557,570,-1,576,570,574,-1,574,570,589,-1,574,589,591,-1,591,589,588,-1,591,588,600,-1,595,601,602,-1,603,604,602,-1,602,604,605,-1,602,605,595,-1,595,605,587,-1,595,587,593,-1,593,587,586,-1,593,586,606,-1,607,608,604,-1,604,608,609,-1,604,609,605,-1,610,611,612,-1,613,614,596,-1,608,615,616,-1,617,618,619,-1,620,588,598,-1,598,588,590,-1,598,590,596,-1,596,590,611,-1,596,611,613,-1,613,611,610,-1,613,610,621,-1,616,622,623,-1,608,616,609,-1,609,616,623,-1,609,623,624,-1,623,625,626,-1,626,627,628,-1,629,630,631,-1,632,633,617,-1,623,626,624,-1,624,626,628,-1,624,628,634,-1,628,635,636,-1,637,638,639,-1,640,610,619,-1,619,610,612,-1,619,612,617,-1,617,612,630,-1,617,630,632,-1,632,630,629,-1,632,629,641,-1,636,642,643,-1,628,636,634,-1,634,636,643,-1,634,643,644,-1,645,646,647,-1,647,648,649,-1,650,651,652,-1,653,654,637,-1,655,656,649,-1,649,656,657,-1,649,657,647,-1,647,657,644,-1,647,644,645,-1,645,644,643,-1,645,643,658,-1,659,650,660,-1,660,650,652,-1,660,652,661,-1,661,652,662,-1,662,653,661,-1,661,653,637,-1,661,637,631,-1,631,637,639,-1,631,639,629,-1,629,639,663,-1,664,665,666,-1,667,668,666,-1,666,668,657,-1,666,657,664,-1,664,657,656,-1,664,656,669,-1,668,670,671,-1,668,671,657,-1,657,671,672,-1,657,672,673,-1,674,675,673,-1,673,675,676,-1,673,676,657,-1,675,677,676,-1,676,677,678,-1,676,678,660,-1,659,660,679,-1,679,660,678,-1,679,678,680,-1,225,224,445,-1,445,224,447,-1,234,235,438,-1,438,235,459,-1,316,315,580,-1,580,315,581,-1,317,316,522,-1,522,316,580,-1,315,314,581,-1,581,314,583,-1,314,312,583,-1,583,312,562,-1,312,311,562,-1,562,311,563,-1,311,303,563,-1,563,303,549,-1,303,302,549,-1,549,302,550,-1,302,300,550,-1,550,300,551,-1,300,299,551,-1,551,299,584,-1,299,292,584,-1,584,292,554,-1,292,291,554,-1,554,291,565,-1,291,285,565,-1,565,285,530,-1,285,284,530,-1,530,284,531,-1,284,279,531,-1,531,279,532,-1,279,278,532,-1,532,278,541,-1,278,277,541,-1,541,277,542,-1,277,294,542,-1,542,294,564,-1,294,267,564,-1,564,267,516,-1,267,266,516,-1,516,266,524,-1,266,261,524,-1,524,261,500,-1,261,260,500,-1,500,260,501,-1,260,254,501,-1,501,254,502,-1,254,253,502,-1,502,253,510,-1,253,247,510,-1,510,247,511,-1,247,246,511,-1,511,246,523,-1,246,245,523,-1,523,245,496,-1,245,263,496,-1,496,263,504,-1,263,214,504,-1,504,214,482,-1,214,213,482,-1,482,213,483,-1,213,212,483,-1,483,212,484,-1,212,216,484,-1,484,216,490,-1,216,215,490,-1,490,215,491,-1,215,237,491,-1,491,237,503,-1,237,209,503,-1,503,209,477,-1,209,217,477,-1,477,217,478,-1,217,202,478,-1,478,202,464,-1,202,201,464,-1,464,201,465,-1,201,200,465,-1,465,200,455,-1,200,208,455,-1,455,208,456,-1,208,207,456,-1,456,207,457,-1,207,218,457,-1,457,218,475,-1,218,199,475,-1,475,199,433,-1,199,198,433,-1,433,198,434,-1,198,195,434,-1,434,195,435,-1,195,194,435,-1,435,194,466,-1,194,193,466,-1,466,193,441,-1,193,192,441,-1,441,192,460,-1,192,191,460,-1,460,191,436,-1,191,233,436,-1,436,233,437,-1,233,234,437,-1,437,234,438,-1,235,226,459,-1,459,226,458,-1,226,225,458,-1,458,225,445,-1,224,223,447,-1,447,223,452,-1,223,222,452,-1,452,222,430,-1,222,232,430,-1,430,232,431,-1,232,229,431,-1,431,229,432,-1,229,230,432,-1,432,230,439,-1,230,221,439,-1,439,221,440,-1,221,220,440,-1,440,220,453,-1,220,219,453,-1,453,219,454,-1,219,243,454,-1,454,243,462,-1,243,240,462,-1,462,240,463,-1,240,239,463,-1,463,239,468,-1,239,238,468,-1,468,238,469,-1,238,242,469,-1,469,242,471,-1,242,241,471,-1,471,241,472,-1,241,258,472,-1,472,258,473,-1,258,250,473,-1,473,250,474,-1,250,249,474,-1,474,249,480,-1,249,248,480,-1,480,248,481,-1,248,252,481,-1,481,252,485,-1,252,251,485,-1,485,251,486,-1,251,272,486,-1,486,272,488,-1,272,257,488,-1,488,257,489,-1,257,256,489,-1,489,256,492,-1,256,255,492,-1,492,255,493,-1,255,265,493,-1,493,265,498,-1,265,264,498,-1,498,264,499,-1,264,273,499,-1,499,273,505,-1,273,271,505,-1,505,271,506,-1,271,282,506,-1,506,282,508,-1,282,276,508,-1,508,276,509,-1,276,275,509,-1,509,275,512,-1,275,274,512,-1,512,274,513,-1,274,283,513,-1,513,283,518,-1,283,281,518,-1,518,281,519,-1,281,297,519,-1,519,297,525,-1,297,288,525,-1,525,288,526,-1,288,287,526,-1,526,287,534,-1,287,286,534,-1,534,286,535,-1,286,290,535,-1,535,290,536,-1,290,289,536,-1,536,289,537,-1,289,296,537,-1,537,296,544,-1,296,295,544,-1,544,295,545,-1,295,310,545,-1,545,310,555,-1,310,309,555,-1,555,309,556,-1,309,322,556,-1,556,322,567,-1,322,306,567,-1,567,306,568,-1,306,305,568,-1,568,305,572,-1,305,304,572,-1,572,304,573,-1,304,324,573,-1,573,324,578,-1,324,323,578,-1,578,323,579,-1,323,327,579,-1,579,327,585,-1,327,321,585,-1,585,321,586,-1,321,320,586,-1,586,320,606,-1,320,319,606,-1,606,319,593,-1,319,328,593,-1,593,328,594,-1,328,326,594,-1,594,326,595,-1,326,343,595,-1,595,343,601,-1,343,337,601,-1,601,337,602,-1,337,336,602,-1,602,336,603,-1,336,335,603,-1,603,335,604,-1,335,342,604,-1,604,342,607,-1,342,341,607,-1,607,341,608,-1,341,365,608,-1,608,365,615,-1,365,350,615,-1,615,350,616,-1,350,349,616,-1,616,349,622,-1,349,348,622,-1,622,348,623,-1,348,358,623,-1,623,358,625,-1,358,357,625,-1,625,357,626,-1,357,377,626,-1,626,377,627,-1,377,364,627,-1,627,364,628,-1,364,363,628,-1,628,363,635,-1,363,362,635,-1,635,362,636,-1,362,368,636,-1,636,368,642,-1,368,367,642,-1,642,367,643,-1,367,378,643,-1,643,378,658,-1,378,374,658,-1,658,374,645,-1,374,389,645,-1,645,389,646,-1,389,385,646,-1,646,385,647,-1,385,384,647,-1,647,384,648,-1,384,383,648,-1,648,383,649,-1,383,390,649,-1,649,390,655,-1,390,388,655,-1,655,388,656,-1,388,408,656,-1,656,408,669,-1,408,399,669,-1,669,399,664,-1,399,398,664,-1,664,398,665,-1,398,397,665,-1,665,397,666,-1,397,404,666,-1,666,404,667,-1,404,403,667,-1,667,403,668,-1,403,409,668,-1,668,409,670,-1,409,407,670,-1,670,407,671,-1,407,406,671,-1,671,406,672,-1,406,405,672,-1,672,405,673,-1,405,419,673,-1,673,419,674,-1,419,418,674,-1,674,418,675,-1,418,417,675,-1,675,417,677,-1,417,416,677,-1,677,416,678,-1,416,421,678,-1,678,421,680,-1,421,420,680,-1,680,420,679,-1,420,428,679,-1,679,428,659,-1,428,427,659,-1,659,427,650,-1,427,426,650,-1,650,426,651,-1,426,425,651,-1,651,425,652,-1,425,429,652,-1,652,429,662,-1,429,423,662,-1,662,423,653,-1,423,422,653,-1,653,422,654,-1,422,415,654,-1,654,415,637,-1,415,414,637,-1,637,414,638,-1,414,413,638,-1,638,413,639,-1,413,424,639,-1,639,424,663,-1,424,411,663,-1,663,411,629,-1,411,410,629,-1,629,410,641,-1,410,402,641,-1,641,402,632,-1,402,401,632,-1,632,401,633,-1,401,400,633,-1,633,400,617,-1,400,412,617,-1,617,412,618,-1,412,395,618,-1,618,395,619,-1,395,394,619,-1,619,394,640,-1,394,393,640,-1,640,393,610,-1,393,392,610,-1,610,392,621,-1,392,391,621,-1,621,391,613,-1,391,396,613,-1,613,396,614,-1,396,382,614,-1,614,382,596,-1,382,381,596,-1,596,381,597,-1,381,380,597,-1,597,380,598,-1,380,379,598,-1,598,379,620,-1,379,372,620,-1,620,372,588,-1,372,371,588,-1,588,371,600,-1,371,370,600,-1,600,370,591,-1,370,369,591,-1,591,369,592,-1,369,360,592,-1,592,360,574,-1,360,359,574,-1,574,359,575,-1,359,354,575,-1,575,354,576,-1,354,353,576,-1,576,353,599,-1,353,352,599,-1,599,352,557,-1,352,351,557,-1,557,351,558,-1,351,347,558,-1,558,347,559,-1,347,346,559,-1,559,346,571,-1,346,345,571,-1,571,345,538,-1,345,356,538,-1,538,356,539,-1,356,339,539,-1,539,339,540,-1,339,338,540,-1,540,338,561,-1,338,333,561,-1,561,333,527,-1,333,332,527,-1,527,332,528,-1,332,331,528,-1,528,331,529,-1,331,330,529,-1,529,330,546,-1,330,329,546,-1,546,329,520,-1,329,334,520,-1,520,334,521,-1,334,317,521,-1,521,317,522,-1,
        ]
    }
}
Shape{
    appearance Appearance {
        material  Material 	{
            diffuseColor 0.5019607843137255 0.5019607843137255 0.5019607843137255
            specularColor 0.25098039215686274 0.25098039215686274 0.25098039215686274
            ambientIntensity 0.502
            transparency 0.0
            shininess 0.5
        }
    }
    geometry IndexedFaceSet {
        ccw TRUE
        solid FALSE
        coord DEF co Coordinate {
            point [
                0.9954 2.1078 0.752, 0.9954 2.1078 0.748, 0.8023 2.2541 0.748, 0.8023 2.2541 0.752, 0.588 2.3672 0.748, 0.588 2.3672 0.752, 0.3583 2.4442 0.748, 0.3583 2.4442 0.752, 0.1191 2.4831 0.748, 0.1191 2.4831 0.752, -0.1232 2.4827 0.748, -0.1232 2.4827 0.752, -0.3623 2.4432 0.748, -0.3623 2.4432 0.752, -0.5918 2.3656 0.748, -0.5918 2.3656 0.752, -0.8058 2.2518 0.748, -0.8058 2.2518 0.752, -0.9985 2.105 0.748, -0.9985 2.105 0.752, -1.165 1.9289 0.748, -1.165 1.9289 0.752, -1.3008 1.7283 0.748, -1.3008 1.7283 0.752, -1.4024 1.5083 0.748, -1.4024 1.5083 0.752, -1.4671 1.2748 0.748, -1.4671 1.2748 0.752, -1.4932 1.0339 0.748, -1.4932 1.0339 0.752, -1.4799 0.7919 0.748, -1.4799 0.7919 0.752, -1.4278 0.5553 0.748, -1.4278 0.5553 0.752, -1.338 0.3302 0.748, -1.338 0.3302 0.752, -1.2131 0.1226 0.748, -1.2131 0.1226 0.752, -1.0562 -0.0621 0.748, -1.0562 -0.0621 0.752, -0.8715 -0.2189 0.748, -0.8715 -0.2189 0.752, -0.6639 -0.3439 0.748, -0.6639 -0.3439 0.752, -0.4388 -0.4336 0.748, -0.4388 -0.4336 0.752, -0.2022 -0.4858 0.748, -0.2022 -0.4858 0.752, 0.0397 -0.499 0.748, 0.0397 -0.499 0.752, 0.2806 -0.473 0.748, 0.2806 -0.473 0.752, 0.5142 -0.4083 0.748, 0.5142 -0.4083 0.752, 0.7341 -0.3067 0.748, 0.7341 -0.3067 0.752, 0.9348 -0.1709 0.748, 0.9348 -0.1709 0.752, 1.1109 -0.0044 0.748, 1.1109 -0.0044 0.752, 1.2577 0.1883 0.748, 1.2577 0.1883 0.752, 1.3714 0.4023 0.748, 1.3714 0.4023 0.752, 1.4491 0.6318 0.748, 1.4491 0.6318 0.752, 1.4886 0.8709 0.748, 1.4886 0.8709 0.752, 1.4889 1.1132 0.748, 1.4889 1.1132 0.752, 1.4501 1.3524 0.748, 1.4501 1.3524 0.752, 1.3731 1.5821 0.748, 1.3731 1.5821 0.752, 1.2599 1.7964 0.748, 1.2599 1.7964 0.752, 1.1136 1.9896 0.748, 1.1136 1.9896 0.752, 0.9034 0.1196 0.752, 0.8908 0.1033 0.752, 0.3476 1.179 0.752, 0.383 1.0854 0.752, 0.8745 0.0908 0.752, 0.8555 0.0829 0.752, 1.03 2.0242 0.752, 1.0113 2.0486 0.752, -0.563 1.828 0.752, -0.5013 1.828 0.752, -0.4411 1.8142 0.752, 1.083 1.9936 0.752, 0.0247 1.3871 0.752, 0.1229 1.3682 0.752, -0.3373 1.749 0.752, -0.3855 1.7874 0.752, 0.7591 0.1386 0.752, 0.7564 0.159 0.752, 1.0545 2.0054 0.752, 0.2132 1.3251 0.752, 0.2898 1.2607 0.752, 1.1136 1.9896 0.752, 0.8352 0.0802 0.752, 0.8148 0.0829 0.752, 0.7958 0.0908 0.752, 0.7795 0.1033 0.752, 0.767 0.1196 0.752, 0.7958 0.2272 0.752, 0.8148 0.235 0.752, 0.3936 0.9859 0.752, 0.8352 0.2377 0.752, 0.8555 0.235 0.752, 0.8745 0.2272 0.752, 0.8908 0.2146 0.752, 0.9034 0.1983 0.752, 0.9112 0.1793 0.752, 0.9139 0.159 0.752, 0.9112 0.1386 0.752, 0.7591 0.1793 0.752, -0.2665 0.7044 0.752, -0.331 0.7809 0.752, -0.374 0.8712 0.752, 0.2784 0.7157 0.752, 0.1992 0.6546 0.752, 0.1072 0.6153 0.752, 0.767 0.1983 0.752, 0.7795 0.2146 0.752, 0.3396 0.7949 0.752, 0.3788 0.887 0.752, -0.3929 0.9695 0.752, -0.7548 1.3314 0.752, -0.7933 1.3796 0.752, -0.8201 1.4352 0.752, 0.0082 0.6005 0.752, -0.0913 0.6112 0.752, -0.1849 0.6465 0.752, -0.8338 1.4954 0.752, -0.8338 1.5571 0.752, -0.8201 1.6173 0.752, -0.7933 1.6729 0.752, -0.7548 1.7211 0.752, 0.9995 2.0771 0.752, 0.9954 2.1077 0.752, -0.727 1.749 0.752, -0.6787 1.7874 0.752, -0.6231 1.8142 0.752
            ]
        }
        coordIndex [
            0,1,2,-1,0,2,3,-1,3,2,4,-1,3,4,5,-1,5,4,6,-1,5,6,7,-1,7,6,8,-1,7,8,9,-1,9,8,10,-1,9,10,11,-1,11,10,12,-1,11,12,13,-1,13,12,14,-1,13,14,15,-1,15,14,16,-1,15,16,17,-1,17,16,18,-1,17,18,19,-1,19,18,20,-1,19,20,21,-1,21,20,22,-1,21,22,23,-1,23,22,24,-1,23,24,25,-1,25,24,26,-1,25,26,27,-1,27,26,28,-1,27,28,29,-1,29,28,30,-1,29,30,31,-1,31,30,32,-1,31,32,33,-1,33,32,34,-1,33,34,35,-1,35,34,36,-1,35,36,37,-1,37,36,38,-1,37,38,39,-1,39,38,40,-1,39,40,41,-1,41,40,42,-1,41,42,43,-1,43,42,44,-1,43,44,45,-1,45,44,46,-1,45,46,47,-1,47,46,48,-1,47,48,49,-1,49,48,50,-1,49,50,51,-1,51,50,52,-1,51,52,53,-1,53,52,54,-1,53,54,55,-1,55,54,56,-1,55,56,57,-1,57,56,58,-1,57,58,59,-1,59,58,60,-1,59,60,61,-1,61,60,62,-1,61,62,63,-1,63,62,64,-1,63,64,65,-1,65,64,66,-1,65,66,67,-1,67,66,68,-1,67,68,69,-1,69,68,70,-1,69,70,71,-1,71,70,72,-1,71,72,73,-1,73,72,74,-1,73,74,75,-1,75,74,76,-1,75,76,77,-1,78,79,59,-1,59,79,57,-1,75,80,73,-1,73,80,81,-1,73,81,71,-1,79,82,57,-1,57,82,83,-1,57,83,55,-1,84,85,86,-1,87,88,89,-1,90,91,92,-1,92,91,89,-1,92,89,93,-1,93,89,88,-1,41,94,39,-1,39,94,95,-1,87,89,86,-1,86,89,96,-1,86,96,84,-1,91,97,89,-1,89,97,98,-1,89,98,99,-1,99,98,80,-1,99,80,77,-1,77,80,75,-1,83,100,55,-1,55,100,101,-1,55,101,53,-1,53,101,102,-1,53,102,51,-1,51,102,103,-1,51,103,49,-1,49,103,104,-1,41,43,94,-1,94,43,45,-1,94,45,104,-1,104,45,47,-1,104,47,49,-1,105,106,107,-1,107,106,108,-1,109,110,67,-1,67,110,111,-1,67,111,65,-1,65,111,63,-1,111,112,63,-1,63,112,113,-1,63,113,61,-1,61,113,114,-1,61,114,59,-1,59,114,115,-1,59,115,78,-1,31,33,116,-1,116,33,35,-1,116,35,95,-1,95,35,37,-1,95,37,39,-1,117,118,31,-1,31,118,119,-1,71,81,69,-1,69,81,107,-1,69,107,67,-1,67,107,108,-1,67,108,109,-1,120,121,116,-1,116,121,122,-1,116,123,120,-1,120,123,124,-1,120,124,125,-1,125,124,105,-1,125,105,126,-1,126,105,107,-1,119,127,31,-1,31,127,128,-1,31,128,29,-1,29,128,129,-1,29,129,27,-1,27,129,130,-1,27,130,25,-1,122,131,116,-1,116,131,132,-1,116,132,31,-1,31,132,133,-1,31,133,117,-1,130,134,25,-1,25,134,135,-1,25,135,23,-1,23,135,136,-1,23,136,21,-1,136,137,21,-1,21,137,138,-1,21,138,19,-1,85,139,86,-1,86,139,140,-1,86,140,0,-1,138,141,19,-1,19,141,142,-1,19,142,17,-1,17,142,143,-1,17,143,15,-1,15,143,86,-1,15,86,13,-1,0,3,86,-1,86,3,5,-1,86,5,7,-1,7,9,86,-1,86,9,11,-1,86,11,13,-1,
        ]
    }
}
Shape{
    appearance Appearance {
        material  Material 	{
            diffuseColor 0.25098039215686274 0.25098039215686274 0.25098039215686274
            specularColor 0.12549019607843137 0.12549019607843137 0.12549019607843137
            ambientIntensity 0.251
            transparency 0.0
            shininess 0.5
        }
    }
    geometry IndexedFaceSet {
        ccw TRUE
        solid FALSE
        coord DEF co Coordinate {
            point [
                0.0 1.1516 0.689, -0.0556 1.3839 0.689, -0.0408 1.1462 0.689, -0.1373 1.3631 0.689, -0.0787 1.1305 0.689, -0.2127 1.3254 0.689, -0.1114 1.1055 0.689, -0.2784 1.2725 0.689, -0.1364 1.0729 0.689, -0.3313 1.2069 0.689, -0.1521 1.0349 0.689, -0.369 1.1315 0.689, -0.3898 1.0497 0.689, -0.1575 0.9941 0.689, -0.3929 0.9695 0.689, -0.1521 0.9534 0.689, -0.374 0.8712 0.689, -0.1364 0.9154 0.689, -0.331 0.7809 0.689, -0.1114 0.8828 0.689, -0.2665 0.7044 0.689, -0.0787 0.8578 0.689, -0.1849 0.6465 0.689, -0.0408 0.842 0.689, -0.0913 0.6112 0.689, 0.0 0.8367 0.689, 0.0082 0.6005 0.689, 0.0408 0.842 0.689, 0.1072 0.6153 0.689, 0.0787 0.8578 0.689, 0.1992 0.6546 0.689, 0.1114 0.8828 0.689, 0.2784 0.7157 0.689, 0.1364 0.9154 0.689, 0.3396 0.7949 0.689, 0.1521 0.9534 0.689, 0.3788 0.887 0.689, 0.1575 0.9941 0.689, 0.3936 0.9859 0.689, 0.1521 1.0349 0.689, 0.383 1.0854 0.689, 0.1364 1.0729 0.689, 0.3476 1.179 0.689, 0.1114 1.1055 0.689, 0.2898 1.2607 0.689, 0.0787 1.1305 0.689, 0.2132 1.3251 0.689, 0.0408 1.1462 0.689, 0.1229 1.3682 0.689, 0.0247 1.3871 0.689, -0.4205 0.997 0.708, -0.4176 0.9942 0.7073, -0.4134 1.0531 0.7073, -0.4158 0.9923 0.7068, -0.4082 0.9847 0.703, -0.404 1.0518 0.7034, -0.4043 0.9809 0.7011, -0.3996 0.9761 0.6971, -0.3959 1.0506 0.6971, -0.3995 0.9761 0.6971, -0.059 1.4076 0.7073, -0.0 1.4118 0.707, -0.0101 1.4218 0.7087, 0.0095 1.4022 0.7032, 0.0078 1.4039 0.7044, -0.0576 1.3982 0.7034, 0.0025 1.4092 0.7066, -0.0565 1.3901 0.6971, 0.018 1.3937 0.6971, 0.0172 1.3945 0.6979, 0.0196 1.3921 0.6956, -0.0604 1.4176 0.7087, -0.1492 1.3951 0.7087, -0.1457 1.3855 0.7073, -0.2312 1.3541 0.7087, -0.2256 1.3455 0.7073, -0.3025 1.2966 0.7087, -0.2953 1.2894 0.7073, -0.36 1.2253 0.7087, -0.3514 1.2198 0.7073, -0.4009 1.1433 0.7087, -0.3914 1.1398 0.7073, -0.4235 1.0546 0.7087, -0.4277 1.0042 0.7087, -0.3825 1.1365 0.7034, -0.3434 1.2147 0.7034, -0.2886 1.2827 0.7034, -0.2205 1.3375 0.7034, -0.1423 1.3766 0.7034, -0.3748 1.1336 0.6971, -0.3365 1.2102 0.6971, -0.2828 1.2769 0.6971, -0.2161 1.3307 0.6971, -0.1395 1.369 0.6971, -0.3373 1.749 0.7087, -0.6787 1.7874 0.7087, -0.727 1.749 0.7087, -0.7548 1.7211 0.7087, -0.4411 1.8142 0.7087, -0.5013 1.828 0.7087, -0.563 1.828 0.7087, -0.6231 1.8142 0.7087, -0.3855 1.7874 0.7087, -0.7548 1.3314 0.7087, -0.7933 1.3796 0.7087, -0.8201 1.4352 0.7087, -0.8338 1.4954 0.7087, -0.7933 1.6729 0.7087, -0.8201 1.6173 0.7087, -0.8338 1.5571 0.7087, -0.7548 1.7211 0.752, -0.727 1.749 0.752, -0.7933 1.6729 0.752, -0.8201 1.6173 0.752, -0.8338 1.5571 0.752, -0.8338 1.4954 0.752, -0.8201 1.4352 0.752, -0.7933 1.3796 0.752, -0.7548 1.3314 0.752, -0.3929 0.9695 0.752, -0.374 0.8712 0.752, -0.331 0.7809 0.752, -0.2665 0.7044 0.752, -0.1849 0.6465 0.752, -0.0913 0.6112 0.752, 0.0082 0.6005 0.752, 0.1072 0.6153 0.752, 0.1992 0.6546 0.752, 0.2784 0.7157 0.752, 0.3396 0.7949 0.752, 0.3788 0.887 0.752, 0.3936 0.9859 0.752, 0.383 1.0854 0.752, 0.3476 1.179 0.752, 0.2898 1.2607 0.752, 0.2132 1.3251 0.752, 0.1229 1.3682 0.752, 0.0247 1.3871 0.752, -0.3373 1.749 0.752, -0.3855 1.7874 0.752, -0.4411 1.8142 0.752, -0.5013 1.828 0.752, -0.563 1.828 0.752, -0.6231 1.8142 0.752, -0.6787 1.7874 0.752
            ]
        }
        coordIndex [
            0,1,2,-1,2,1,3,-1,2,3,4,-1,4,3,5,-1,4,5,6,-1,6,5,7,-1,6,7,8,-1,8,7,9,-1,8,9,10,-1,9,11,10,-1,10,11,12,-1,10,12,13,-1,13,12,14,-1,13,14,15,-1,15,14,16,-1,15,16,17,-1,17,16,18,-1,17,18,19,-1,19,18,20,-1,19,20,21,-1,21,20,22,-1,21,22,23,-1,23,22,24,-1,23,24,25,-1,25,24,26,-1,25,26,27,-1,27,26,28,-1,27,28,29,-1,29,28,30,-1,29,30,31,-1,31,30,32,-1,31,32,33,-1,33,32,34,-1,33,34,35,-1,35,34,36,-1,35,36,37,-1,37,36,38,-1,37,38,39,-1,39,38,40,-1,39,40,41,-1,41,40,42,-1,41,42,43,-1,43,42,44,-1,43,44,45,-1,45,44,46,-1,45,46,47,-1,47,46,48,-1,47,48,0,-1,0,48,49,-1,0,49,1,-1,50,51,52,-1,53,54,55,-1,56,57,58,-1,59,14,12,-1,59,12,57,-1,56,58,54,-1,53,55,51,-1,60,61,62,-1,63,64,65,-1,65,64,66,-1,67,68,69,-1,1,49,70,-1,62,71,60,-1,60,71,72,-1,60,72,73,-1,73,72,74,-1,73,74,75,-1,75,74,76,-1,75,76,77,-1,77,76,78,-1,77,78,79,-1,79,78,80,-1,79,80,81,-1,81,80,82,-1,81,82,52,-1,52,82,83,-1,52,83,50,-1,51,55,52,-1,52,55,84,-1,52,84,81,-1,81,84,85,-1,81,85,79,-1,79,85,86,-1,79,86,77,-1,77,86,87,-1,77,87,75,-1,75,87,88,-1,75,88,73,-1,73,88,65,-1,73,65,60,-1,60,65,66,-1,60,66,61,-1,54,58,55,-1,55,58,89,-1,55,89,84,-1,84,89,90,-1,84,90,85,-1,85,90,91,-1,85,91,86,-1,86,91,92,-1,86,92,87,-1,87,92,93,-1,87,93,88,-1,88,93,67,-1,88,67,65,-1,65,67,69,-1,65,69,63,-1,57,12,58,-1,58,12,11,-1,58,11,89,-1,89,11,9,-1,89,9,90,-1,90,9,7,-1,90,7,91,-1,91,7,5,-1,91,5,92,-1,92,5,3,-1,92,3,93,-1,93,3,1,-1,93,1,67,-1,67,1,70,-1,67,70,68,-1,62,94,71,-1,71,94,72,-1,95,96,76,-1,76,96,97,-1,98,99,74,-1,74,99,100,-1,74,100,76,-1,76,100,101,-1,76,101,95,-1,72,94,74,-1,74,94,102,-1,74,102,98,-1,83,82,103,-1,103,82,80,-1,103,80,104,-1,104,80,78,-1,104,78,105,-1,105,78,106,-1,97,107,76,-1,76,107,108,-1,76,108,78,-1,78,108,109,-1,78,109,106,-1,110,97,111,-1,111,97,96,-1,97,110,107,-1,107,110,112,-1,107,112,108,-1,108,112,113,-1,108,113,109,-1,109,113,114,-1,109,114,106,-1,106,114,115,-1,106,115,105,-1,105,115,116,-1,105,116,104,-1,104,116,117,-1,104,117,103,-1,103,117,118,-1,14,59,119,-1,119,59,57,-1,119,57,56,-1,56,54,119,-1,119,54,53,-1,119,53,51,-1,103,118,83,-1,83,118,119,-1,83,119,50,-1,50,119,51,-1,14,119,16,-1,16,119,120,-1,16,120,18,-1,18,120,121,-1,18,121,20,-1,20,121,122,-1,20,122,22,-1,22,122,123,-1,22,123,24,-1,24,123,124,-1,24,124,26,-1,26,124,125,-1,26,125,28,-1,28,125,126,-1,28,126,30,-1,30,126,127,-1,30,127,32,-1,32,127,128,-1,32,128,34,-1,34,128,129,-1,34,129,36,-1,36,129,130,-1,36,130,38,-1,38,130,131,-1,38,131,40,-1,40,131,132,-1,40,132,42,-1,42,132,133,-1,42,133,44,-1,44,133,134,-1,44,134,46,-1,46,134,135,-1,46,135,48,-1,48,135,136,-1,48,136,49,-1,49,136,137,-1,137,138,94,-1,94,62,137,-1,137,62,61,-1,137,61,66,-1,66,64,137,-1,137,64,63,-1,137,63,69,-1,69,68,137,-1,137,68,70,-1,137,70,49,-1,94,138,102,-1,102,138,139,-1,102,139,98,-1,98,139,140,-1,98,140,99,-1,99,140,141,-1,99,141,100,-1,100,141,142,-1,100,142,101,-1,101,142,143,-1,101,143,95,-1,95,143,144,-1,95,144,96,-1,96,144,111,-1,
        ]
    }
}
Shape{
    appearance Appearance {
        material  Material 	{
            diffuseColor 1.0 1.0 1.0
            specularColor 0.5019607843137255 0.5019607843137255 0.5019607843137255
            ambientIntensity 1.0
            transparency 0.0
            shininess 0.5
        }
    }
    geometry IndexedFaceSet {
        ccw TRUE
        solid FALSE
        coord DEF co Coordinate {
            point [
                -0.1575 0.9941 0.689, -0.1521 1.0349 0.7677, -0.1521 1.0349 0.689, -0.1364 1.0729 0.7677, -0.1364 1.0729 0.689, -0.1114 1.1055 0.7677, -0.1114 1.1055 0.689, -0.0787 1.1305 0.7677, -0.0787 1.1305 0.689, -0.0408 1.1462 0.7677, -0.0408 1.1462 0.689, 0.0 1.1516 0.7677, 0.0 1.1516 0.689, 0.0408 1.1462 0.7677, 0.0408 1.1462 0.689, 0.0787 1.1305 0.7677, 0.0787 1.1305 0.689, 0.1114 1.1055 0.7677, 0.1114 1.1055 0.689, 0.1364 1.0729 0.7677, 0.1364 1.0729 0.689, 0.1521 1.0349 0.7677, 0.1521 1.0349 0.689, 0.1575 0.9941 0.7677, 0.1575 0.9941 0.689, 0.1521 0.9534 0.7677, 0.1521 0.9534 0.689, 0.1364 0.9154 0.7677, 0.1364 0.9154 0.689, 0.1114 0.8828 0.7677, 0.1114 0.8828 0.689, 0.0787 0.8578 0.7677, 0.0787 0.8578 0.689, 0.0408 0.842 0.7677, 0.0408 0.842 0.689, 0.0 0.8367 0.7677, 0.0 0.8367 0.689, -0.0408 0.842 0.7677, -0.0408 0.842 0.689, -0.0787 0.8578 0.7677, -0.0787 0.8578 0.689, -0.1114 0.8828 0.7677, -0.1114 0.8828 0.689, -0.1364 0.9154 0.7677, -0.1364 0.9154 0.689, -0.1521 0.9534 0.7677, -0.1521 0.9534 0.689, -0.1575 0.9941 0.7677, 0.0591 1.0964 0.7677, 0.0306 1.1082 0.7677, 0.0 1.1122 0.7677, -0.0306 1.1082 0.7677, -0.0591 1.0964 0.7677, -0.0835 1.0776 0.7677, -0.1023 1.0532 0.7677, -0.1141 1.0247 0.7677, -0.1181 0.9941 0.7677, -0.1141 0.9636 0.7677, -0.1023 0.9351 0.7677, -0.0835 0.9106 0.7677, -0.0591 0.8918 0.7677, -0.0306 0.88 0.7677, 0.0 0.876 0.7677, 0.0306 0.88 0.7677, 0.0591 0.8918 0.7677, 0.0835 0.9106 0.7677, 0.1023 0.9351 0.7677, 0.1141 0.9636 0.7677, 0.1181 0.9941 0.7677, 0.1141 1.0247 0.7677, 0.1023 1.0532 0.7677, 0.0835 1.0776 0.7677, 0.1002 1.021 0.7283, 0.0899 1.046 0.7283, 0.0734 1.0675 0.7283, 0.0519 1.084 0.7283, 0.0269 1.0944 0.7283, 0.0 1.0979 0.7283, -0.0269 1.0944 0.7283, -0.0519 1.084 0.7283, -0.0734 1.0675 0.7283, -0.0899 1.046 0.7283, -0.1002 1.021 0.7283, -0.1038 0.9941 0.7283, -0.1002 0.9673 0.7283, -0.0899 0.9422 0.7283, -0.0734 0.9207 0.7283, -0.0519 0.9043 0.7283, -0.0269 0.8939 0.7283, 0.0 0.8904 0.7283, 0.0269 0.8939 0.7283, 0.0519 0.9043 0.7283, 0.0734 0.9207 0.7283, 0.0899 0.9422 0.7283, 0.1002 0.9673 0.7283, 0.1038 0.9941 0.7283, 0.0998 1.0209 0.7283, 0.0895 1.0458 0.7283, 0.0731 1.0672 0.7283, 0.0517 1.0836 0.7283, 0.0267 1.094 0.7283, 0.0 1.0975 0.7283, -0.0267 1.094 0.7283, -0.0517 1.0836 0.7283, -0.0731 1.0672 0.7283, -0.0895 1.0458 0.7283, -0.0998 1.0209 0.7283, -0.1033 0.9941 0.7283, -0.0998 0.9674 0.7283, -0.0895 0.9425 0.7283, -0.0731 0.9211 0.7283, -0.0517 0.9046 0.7283, -0.0267 0.8943 0.7283, 0.0 0.8908 0.7283, 0.0267 0.8943 0.7283, 0.0517 0.9046 0.7283, 0.0731 0.9211 0.7283, 0.0895 0.9425 0.7283, 0.0998 0.9674 0.7283, 0.1033 0.9941 0.7283, 0.0077 0.9897 0.7756, 0.0086 0.9918 0.7756, 0.0 0.9941 0.7756, 0.0089 0.9941 0.7756, 0.0086 0.9964 0.7756, 0.0023 0.9856 0.7756, 0.0044 0.9865 0.7756, 0.0063 0.9879 0.7756, -0.0044 0.9865 0.7756, -0.0023 0.9856 0.7756, 0.0 0.9853 0.7756, -0.0086 0.9918 0.7756, -0.0077 0.9897 0.7756, -0.0063 0.9879 0.7756, -0.0077 0.9986 0.7756, -0.0086 0.9964 0.7756, -0.0089 0.9941 0.7756, -0.0023 1.0027 0.7756, -0.0044 1.0018 0.7756, -0.0063 1.0004 0.7756, 0.0044 1.0018 0.7756, 0.0023 1.0027 0.7756, 0.0 1.003 0.7756, 0.0077 0.9986 0.7756, 0.0063 1.0004 0.7756, -0.0817 1.016 0.7482, -0.0732 1.0364 0.7482, -0.0598 1.0539 0.7482, -0.0423 1.0673 0.7482, -0.0219 1.0758 0.7482, 0.0 1.0787 0.7482, 0.0219 1.0758 0.7482, 0.0423 1.0673 0.7482, 0.0598 1.0539 0.7482, 0.0732 1.0364 0.7482, 0.0817 1.016 0.7482, 0.0845 0.9941 0.7482, 0.0817 0.9723 0.7482, 0.0732 0.9519 0.7482, 0.0598 0.9344 0.7482, 0.0423 0.9209 0.7482, 0.0219 0.9125 0.7482, 0.0 0.9096 0.7482, -0.0219 0.9125 0.7482, -0.0423 0.9209 0.7482, -0.0598 0.9344 0.7482, -0.0732 0.9519 0.7482, -0.0817 0.9723 0.7482, -0.0845 0.9941 0.7482, -0.0596 1.0101 0.7631, -0.0534 1.025 0.7631, -0.0436 1.0377 0.7631, -0.0308 1.0475 0.7631, -0.016 1.0537 0.7631, 0.0 1.0558 0.7631, 0.016 1.0537 0.7631, 0.0308 1.0475 0.7631, 0.0436 1.0377 0.7631, 0.0534 1.025 0.7631, 0.0596 1.0101 0.7631, 0.0617 0.9941 0.7631, 0.0596 0.9782 0.7631, 0.0534 0.9633 0.7631, 0.0436 0.9505 0.7631, 0.0308 0.9407 0.7631, 0.016 0.9346 0.7631, 0.0 0.9325 0.7631, -0.016 0.9346 0.7631, -0.0308 0.9407 0.7631, -0.0436 0.9505 0.7631, -0.0534 0.9633 0.7631, -0.0596 0.9782 0.7631, -0.0617 0.9941 0.7631, -0.0348 1.0034 0.7724, -0.0312 1.0121 0.7724, -0.0255 1.0196 0.7724, -0.018 1.0253 0.7724, -0.0093 1.0289 0.7724, 0.0 1.0301 0.7724, 0.0093 1.0289 0.7724, 0.018 1.0253 0.7724, 0.0255 1.0196 0.7724, 0.0312 1.0121 0.7724, 0.0348 1.0034 0.7724, 0.036 0.9941 0.7724, 0.0348 0.9848 0.7724, 0.0312 0.9761 0.7724, 0.0255 0.9687 0.7724, 0.018 0.963 0.7724, 0.0093 0.9594 0.7724, 0.0 0.9581 0.7724, -0.0093 0.9594 0.7724, -0.018 0.963 0.7724, -0.0255 0.9687 0.7724, -0.0312 0.9761 0.7724, -0.0348 0.9848 0.7724, -0.036 0.9941 0.7724
            ]
        }
        coordIndex [
            0,1,2,-1,2,1,3,-1,2,3,4,-1,4,3,5,-1,4,5,6,-1,6,5,7,-1,6,7,8,-1,8,7,9,-1,8,9,10,-1,10,9,11,-1,10,11,12,-1,12,11,13,-1,12,13,14,-1,14,13,15,-1,14,15,16,-1,16,15,17,-1,16,17,18,-1,18,17,19,-1,18,19,20,-1,20,19,21,-1,20,21,22,-1,22,21,23,-1,22,23,24,-1,24,23,25,-1,24,25,26,-1,26,25,27,-1,26,27,28,-1,28,27,29,-1,28,29,30,-1,30,29,31,-1,30,31,32,-1,32,31,33,-1,32,33,34,-1,34,33,35,-1,34,35,36,-1,36,35,37,-1,36,37,38,-1,38,37,39,-1,38,39,40,-1,40,39,41,-1,40,41,42,-1,42,41,43,-1,42,43,44,-1,44,43,45,-1,44,45,46,-1,46,45,47,-1,46,47,0,-1,0,47,1,-1,48,15,49,-1,49,15,13,-1,49,13,50,-1,50,13,11,-1,50,11,51,-1,51,11,9,-1,51,9,52,-1,52,9,7,-1,52,7,53,-1,53,7,5,-1,53,5,54,-1,54,5,3,-1,54,3,55,-1,55,3,1,-1,55,1,56,-1,56,1,47,-1,56,47,57,-1,57,47,45,-1,57,45,58,-1,58,45,43,-1,58,43,59,-1,59,43,41,-1,59,41,60,-1,60,41,39,-1,60,39,61,-1,61,39,37,-1,61,37,62,-1,62,37,35,-1,62,35,63,-1,63,35,33,-1,63,33,64,-1,64,33,31,-1,64,31,65,-1,65,31,29,-1,65,29,66,-1,66,29,27,-1,66,27,67,-1,67,27,25,-1,67,25,68,-1,68,25,23,-1,68,23,69,-1,69,23,21,-1,69,21,70,-1,70,21,19,-1,70,19,71,-1,71,19,17,-1,71,17,48,-1,48,17,15,-1,72,69,73,-1,73,69,70,-1,73,70,74,-1,74,70,71,-1,74,71,75,-1,75,71,48,-1,75,48,76,-1,76,48,49,-1,76,49,77,-1,77,49,50,-1,77,50,78,-1,78,50,51,-1,78,51,79,-1,79,51,52,-1,79,52,80,-1,80,52,53,-1,80,53,81,-1,81,53,54,-1,81,54,82,-1,82,54,55,-1,82,55,83,-1,83,55,56,-1,83,56,84,-1,84,56,57,-1,84,57,85,-1,85,57,58,-1,85,58,86,-1,86,58,59,-1,86,59,87,-1,87,59,60,-1,87,60,88,-1,88,60,61,-1,88,61,89,-1,89,61,62,-1,89,62,90,-1,90,62,63,-1,90,63,91,-1,91,63,64,-1,91,64,92,-1,92,64,65,-1,92,65,93,-1,93,65,66,-1,93,66,94,-1,94,66,67,-1,94,67,95,-1,95,67,68,-1,95,68,72,-1,72,68,69,-1,96,72,97,-1,97,72,73,-1,97,73,98,-1,98,73,74,-1,98,74,99,-1,99,74,75,-1,99,75,100,-1,100,75,76,-1,100,76,101,-1,101,76,77,-1,101,77,102,-1,102,77,78,-1,102,78,103,-1,103,78,79,-1,103,79,104,-1,104,79,80,-1,104,80,105,-1,105,80,81,-1,105,81,106,-1,106,81,82,-1,106,82,107,-1,107,82,83,-1,107,83,108,-1,108,83,84,-1,108,84,109,-1,109,84,85,-1,109,85,110,-1,110,85,86,-1,110,86,111,-1,111,86,87,-1,111,87,112,-1,112,87,88,-1,112,88,113,-1,113,88,89,-1,113,89,114,-1,114,89,90,-1,114,90,115,-1,115,90,91,-1,115,91,116,-1,116,91,92,-1,116,92,117,-1,117,92,93,-1,117,93,118,-1,118,93,94,-1,118,94,119,-1,119,94,95,-1,119,95,96,-1,96,95,72,-1,120,121,122,-1,122,121,123,-1,122,123,124,-1,125,126,122,-1,122,126,127,-1,122,127,120,-1,128,129,122,-1,122,129,130,-1,122,130,125,-1,131,132,122,-1,122,132,133,-1,122,133,128,-1,134,135,122,-1,122,135,136,-1,122,136,131,-1,137,138,122,-1,122,138,139,-1,122,139,134,-1,140,141,122,-1,122,141,142,-1,122,142,137,-1,124,143,122,-1,122,143,144,-1,122,144,140,-1,107,145,106,-1,106,145,146,-1,106,146,105,-1,105,146,147,-1,105,147,104,-1,104,147,148,-1,104,148,103,-1,103,148,149,-1,103,149,102,-1,102,149,150,-1,102,150,101,-1,101,150,151,-1,101,151,100,-1,100,151,152,-1,100,152,99,-1,99,152,153,-1,99,153,98,-1,98,153,154,-1,98,154,97,-1,97,154,155,-1,97,155,96,-1,96,155,156,-1,96,156,119,-1,119,156,157,-1,119,157,118,-1,118,157,158,-1,118,158,117,-1,117,158,159,-1,117,159,116,-1,116,159,160,-1,116,160,115,-1,115,160,161,-1,115,161,114,-1,114,161,162,-1,114,162,113,-1,113,162,163,-1,113,163,112,-1,112,163,164,-1,112,164,111,-1,111,164,165,-1,111,165,110,-1,110,165,166,-1,110,166,109,-1,109,166,167,-1,109,167,108,-1,108,167,168,-1,108,168,107,-1,107,168,145,-1,168,169,145,-1,145,169,170,-1,145,170,146,-1,146,170,171,-1,146,171,147,-1,147,171,172,-1,147,172,148,-1,148,172,173,-1,148,173,149,-1,149,173,174,-1,149,174,150,-1,150,174,175,-1,150,175,151,-1,151,175,176,-1,151,176,152,-1,152,176,177,-1,152,177,153,-1,153,177,178,-1,153,178,154,-1,154,178,179,-1,154,179,155,-1,155,179,180,-1,155,180,156,-1,156,180,181,-1,156,181,157,-1,157,181,182,-1,157,182,158,-1,158,182,183,-1,158,183,159,-1,159,183,184,-1,159,184,160,-1,160,184,185,-1,160,185,161,-1,161,185,186,-1,161,186,162,-1,162,186,187,-1,162,187,163,-1,163,187,188,-1,163,188,164,-1,164,188,189,-1,164,189,165,-1,165,189,190,-1,165,190,166,-1,166,190,191,-1,166,191,167,-1,167,191,192,-1,167,192,168,-1,168,192,169,-1,192,193,169,-1,169,193,194,-1,169,194,170,-1,170,194,195,-1,170,195,171,-1,171,195,196,-1,171,196,172,-1,172,196,197,-1,172,197,173,-1,173,197,198,-1,173,198,174,-1,174,198,199,-1,174,199,175,-1,175,199,200,-1,175,200,176,-1,176,200,201,-1,176,201,177,-1,177,201,202,-1,177,202,178,-1,178,202,203,-1,178,203,179,-1,179,203,204,-1,179,204,180,-1,180,204,205,-1,180,205,181,-1,181,205,206,-1,181,206,182,-1,182,206,207,-1,182,207,183,-1,183,207,208,-1,183,208,184,-1,184,208,209,-1,184,209,185,-1,185,209,210,-1,185,210,186,-1,186,210,211,-1,186,211,187,-1,187,211,212,-1,187,212,188,-1,188,212,213,-1,188,213,189,-1,189,213,214,-1,189,214,190,-1,190,214,215,-1,190,215,191,-1,191,215,216,-1,191,216,192,-1,192,216,193,-1,216,135,193,-1,193,135,134,-1,193,134,194,-1,194,134,139,-1,194,139,195,-1,195,139,138,-1,195,138,196,-1,196,138,137,-1,196,137,197,-1,197,137,142,-1,197,142,198,-1,198,142,141,-1,198,141,199,-1,199,141,140,-1,199,140,200,-1,200,140,144,-1,200,144,201,-1,201,144,143,-1,201,143,202,-1,202,143,124,-1,202,124,203,-1,203,124,123,-1,203,123,204,-1,204,123,121,-1,204,121,205,-1,205,121,120,-1,205,120,206,-1,206,120,127,-1,206,127,207,-1,207,127,126,-1,207,126,208,-1,208,126,125,-1,208,125,209,-1,209,125,130,-1,209,130,210,-1,210,130,129,-1,210,129,211,-1,211,129,128,-1,211,128,212,-1,212,128,133,-1,212,133,213,-1,213,133,132,-1,213,132,214,-1,214,132,131,-1,214,131,215,-1,215,131,136,-1,215,136,216,-1,216,136,135,-1,
        ]
    }
}
Shape{
    appearance Appearance {
        material  Material 	{
            diffuseColor 0.25098039215686274 0.25098039215686274 0.25098039215686274
            specularColor 0.12549019607843137 0.12549019607843137 0.12549019607843137
            ambientIntensity 0.251
            transparency 0.0
            shininess 0.5
        }
    }
    geometry IndexedFaceSet {
        ccw TRUE
        solid FALSE
        coord DEF co Coordinate {
            point [
                -2.3622 0.9941 0.5906, -2.3622 0.9941 0.3937, -2.3428 1.2962 0.5906, -2.3428 1.2962 0.3937, -2.2849 1.5933 0.5906, -2.2849 1.5933 0.3937, -2.1896 1.8806 0.5906, -2.1896 1.8806 0.3937, -2.0582 2.1533 0.5906, -2.0582 2.1533 0.3937, -1.8931 2.407 0.5906, -1.8931 2.407 0.3937, -1.6969 2.6375 0.5906, -1.6969 2.6375 0.3937, -1.4728 2.841 0.5906, -1.4728 2.841 0.3937, -1.2245 3.0142 0.5906, -1.2245 3.0142 0.3937, -0.9562 3.1542 0.5906, -0.9562 3.1542 0.3937, -0.6721 3.2587 0.5906, -0.6721 3.2587 0.3937, -0.377 3.3261 0.5906, -0.377 3.3261 0.3937, -0.0757 3.3551 0.5906, -0.0757 3.3551 0.3937, 0.2268 3.3454 0.5906, 0.2268 3.3454 0.3937, 0.5256 3.2971 0.5906, 0.5256 3.2971 0.3937, 0.8158 3.211 0.5906, 0.8158 3.211 0.3937, 1.0926 3.0885 0.5906, 1.0926 3.0885 0.3937, 1.3515 2.9315 0.5906, 1.3515 2.9315 0.3937, 1.5881 2.7428 0.5906, 1.5881 2.7428 0.3937, 1.7987 2.5254 0.5906, 1.7987 2.5254 0.3937, 1.9797 2.2828 0.5906, 1.9797 2.2828 0.3937, 2.1283 2.0191 0.5906, 2.1283 2.0191 0.3937, 2.2419 1.7385 0.5906, 2.2419 1.7385 0.3937, 2.3186 1.4457 0.5906, 2.3186 1.4457 0.3937, 2.3574 1.1455 0.5906, 2.3574 1.1455 0.3937, 2.3574 0.8428 0.5906, 2.3574 0.8428 0.3937, 2.3186 0.5426 0.5906, 2.3186 0.5426 0.3937, 2.2419 0.2498 0.5906, 2.2419 0.2498 0.3937, 2.1283 -0.0308 0.5906, 2.1283 -0.0308 0.3937, 1.9797 -0.2945 0.5906, 1.9797 -0.2945 0.3937, 1.7987 -0.5371 0.5906, 1.7987 -0.5371 0.3937, 1.5881 -0.7546 0.5906, 1.5881 -0.7546 0.3937, 1.3515 -0.9433 0.5906, 1.3515 -0.9433 0.3937, 1.0926 -1.1002 0.5906, 1.0926 -1.1002 0.3937, 0.8158 -1.2227 0.5906, 0.8158 -1.2227 0.3937, 0.5256 -1.3088 0.5906, 0.5256 -1.3088 0.3937, 0.2268 -1.3572 0.5906, 0.2268 -1.3572 0.3937, -0.0757 -1.3669 0.5906, -0.0757 -1.3669 0.3937, -0.377 -1.3378 0.5906, -0.377 -1.3378 0.3937, -0.6721 -1.2704 0.5906, -0.6721 -1.2704 0.3937, -0.9562 -1.1659 0.5906, -0.9562 -1.1659 0.3937, -1.2245 -1.0259 0.5906, -1.2245 -1.0259 0.3937, -1.4728 -0.8527 0.5906, -1.4728 -0.8527 0.3937, -1.6969 -0.6492 0.5906, -1.6969 -0.6492 0.3937, -1.8931 -0.4187 0.5906, -1.8931 -0.4187 0.3937, -2.0582 -0.165 0.5906, -2.0582 -0.165 0.3937, -2.1896 0.1077 0.5906, -2.1896 0.1077 0.3937, -2.2849 0.3949 0.5906, -2.2849 0.3949 0.3937, -2.3428 0.6921 0.5906, -2.3428 0.6921 0.3937, 0.3942 -0.7331 0.5906, 0.6473 -0.6551 0.2362, 0.6473 -0.6551 0.5906, 0.8858 -0.5402 0.2362, 0.8858 -0.5402 0.5906, 1.1046 -0.391 0.2362, 1.1046 -0.391 0.5906, 1.1811 -0.32 0.2362, 1.2987 -0.2109 0.5906, -0.1324 -0.7726 0.5906, 0.1324 -0.7726 0.2362, 0.1324 -0.7726 0.5906, 0.3937 -0.7332 0.2362, 0.3942 -0.7331 0.2362, -0.3942 -0.7331 0.2362, -0.3937 -0.7332 0.2362, -0.1324 -0.7726 0.2362, -1.1046 -0.391 0.5906, -0.8858 -0.5402 0.2362, -0.8858 -0.5402 0.5906, -0.6473 -0.6551 0.2362, -0.6473 -0.6551 0.5906, -0.3942 -0.7331 0.5906, -1.2987 2.1992 0.5906, -1.4638 1.9921 0.2362, -1.4638 1.9921 0.5906, -1.5962 1.7628 0.2362, -1.5962 1.7628 0.5906, -1.6929 1.5163 0.2362, -1.6929 1.5163 0.5906, -1.7519 1.2582 0.2362, -1.7519 1.2582 0.5906, -1.7717 0.9941 0.2362, -1.7717 0.9941 0.5906, -1.7519 0.7301 0.2362, -1.7519 0.7301 0.5906, -1.6929 0.4719 0.2362, -1.6929 0.4719 0.5906, -1.5962 0.2254 0.2362, -1.5962 0.2254 0.5906, -1.4638 -0.0039 0.2362, -1.4638 -0.0039 0.5906, -1.2987 -0.2109 0.2362, -1.2987 -0.2109 0.5906, -1.1811 -0.32 0.2362, -1.1046 -0.391 0.2362, -0.3942 2.7214 0.5906, -0.6473 2.6433 0.2362, -0.6473 2.6433 0.5906, -0.8858 2.5284 0.2362, -0.8858 2.5284 0.5906, -1.1046 2.3793 0.2362, -1.1046 2.3793 0.5906, -1.1811 2.3083 0.2362, -1.2987 2.1992 0.2362, 0.1324 2.7608 0.5906, -0.1324 2.7608 0.2362, -0.1324 2.7608 0.5906, -0.3937 2.7214 0.2362, -0.3942 2.7214 0.2362, 0.3942 2.7214 0.2362, 0.3937 2.7214 0.2362, 0.1324 2.7608 0.2362, 1.1046 2.3793 0.5906, 0.8858 2.5284 0.2362, 0.8858 2.5284 0.5906, 0.6473 2.6433 0.2362, 0.6473 2.6433 0.5906, 0.3942 2.7214 0.5906, 1.2987 -0.2109 0.2362, 1.4638 -0.0039 0.2362, 1.4638 -0.0039 0.5906, 1.5962 0.2254 0.2362, 1.5962 0.2254 0.5906, 1.6929 0.4719 0.2362, 1.6929 0.4719 0.5906, 1.7519 0.7301 0.2362, 1.7519 0.7301 0.5906, 1.7717 0.9941 0.2362, 1.7717 0.9941 0.5906, 1.7519 1.2582 0.2362, 1.7519 1.2582 0.5906, 1.6929 1.5163 0.2362, 1.6929 1.5163 0.5906, 1.5962 1.7628 0.2362, 1.5962 1.7628 0.5906, 1.4638 1.9921 0.2362, 1.4638 1.9921 0.5906, 1.2987 2.1992 0.2362, 1.2987 2.1992 0.5906, 1.1811 2.3083 0.2362, 1.1046 2.3793 0.2362
            ]
        }
        coordIndex [
            0,1,2,-1,2,1,3,-1,2,3,4,-1,4,3,5,-1,4,5,6,-1,6,5,7,-1,6,7,8,-1,8,7,9,-1,8,9,10,-1,10,9,11,-1,10,11,12,-1,12,11,13,-1,12,13,14,-1,14,13,15,-1,14,15,16,-1,16,15,17,-1,16,17,18,-1,18,17,19,-1,18,19,20,-1,20,19,21,-1,20,21,22,-1,22,21,23,-1,22,23,24,-1,24,23,25,-1,24,25,26,-1,26,25,27,-1,26,27,28,-1,28,27,29,-1,28,29,30,-1,30,29,31,-1,30,31,32,-1,32,31,33,-1,32,33,34,-1,34,33,35,-1,34,35,36,-1,36,35,37,-1,36,37,38,-1,38,37,39,-1,38,39,40,-1,40,39,41,-1,40,41,42,-1,42,41,43,-1,42,43,44,-1,44,43,45,-1,44,45,46,-1,46,45,47,-1,46,47,48,-1,48,47,49,-1,48,49,50,-1,50,49,51,-1,50,51,52,-1,52,51,53,-1,52,53,54,-1,54,53,55,-1,54,55,56,-1,56,55,57,-1,56,57,58,-1,58,57,59,-1,58,59,60,-1,60,59,61,-1,60,61,62,-1,62,61,63,-1,62,63,64,-1,64,63,65,-1,64,65,66,-1,66,65,67,-1,66,67,68,-1,68,67,69,-1,68,69,70,-1,70,69,71,-1,70,71,72,-1,72,71,73,-1,72,73,74,-1,74,73,75,-1,74,75,76,-1,76,75,77,-1,76,77,78,-1,78,77,79,-1,78,79,80,-1,80,79,81,-1,80,81,82,-1,82,81,83,-1,82,83,84,-1,84,83,85,-1,84,85,86,-1,86,85,87,-1,86,87,88,-1,88,87,89,-1,88,89,90,-1,90,89,91,-1,90,91,92,-1,92,91,93,-1,92,93,94,-1,94,93,95,-1,94,95,96,-1,96,95,97,-1,96,97,0,-1,0,97,1,-1,98,99,100,-1,100,99,101,-1,100,101,102,-1,102,101,103,-1,102,103,104,-1,104,103,105,-1,104,105,106,-1,107,108,109,-1,109,108,110,-1,109,110,98,-1,98,110,111,-1,98,111,99,-1,112,113,107,-1,107,113,114,-1,107,114,108,-1,115,116,117,-1,117,116,118,-1,117,118,119,-1,119,118,112,-1,119,112,120,-1,120,112,107,-1,121,122,123,-1,123,122,124,-1,123,124,125,-1,125,124,126,-1,125,126,127,-1,127,126,128,-1,127,128,129,-1,129,128,130,-1,129,130,131,-1,131,130,132,-1,131,132,133,-1,133,132,134,-1,133,134,135,-1,135,134,136,-1,135,136,137,-1,137,136,138,-1,137,138,139,-1,139,138,140,-1,139,140,141,-1,141,140,142,-1,141,142,115,-1,115,142,143,-1,115,143,116,-1,144,145,146,-1,146,145,147,-1,146,147,148,-1,148,147,149,-1,148,149,150,-1,150,149,151,-1,150,151,121,-1,121,151,152,-1,121,152,122,-1,153,154,155,-1,155,154,156,-1,155,156,144,-1,144,156,157,-1,144,157,145,-1,158,159,153,-1,153,159,160,-1,153,160,154,-1,161,162,163,-1,163,162,164,-1,163,164,165,-1,165,164,158,-1,165,158,166,-1,166,158,153,-1,105,167,106,-1,106,167,168,-1,106,168,169,-1,169,168,170,-1,169,170,171,-1,171,170,172,-1,171,172,173,-1,173,172,174,-1,173,174,175,-1,175,174,176,-1,175,176,177,-1,177,176,178,-1,177,178,179,-1,179,178,180,-1,179,180,181,-1,181,180,182,-1,181,182,183,-1,183,182,184,-1,183,184,185,-1,185,184,186,-1,185,186,187,-1,187,186,188,-1,187,188,161,-1,161,188,189,-1,161,189,162,-1,
        ]
    }
}
Shape{
    appearance Appearance {
        material  Material 	{
            diffuseColor 1.0 0.984313725490196 0.9411764705882353
            specularColor 0.5019607843137255 0.49411764705882355 0.47058823529411764
            ambientIntensity 0.9841
            transparency 0.0
            shininess 0.5
        }
    }
    geometry IndexedFaceSet {
        ccw TRUE
        solid FALSE
        coord DEF co Coordinate {
            point [
                0.767 0.1983 0.2362, 0.7591 0.1793 0.2362, 0.8352 0.159 0.2362, 0.7564 0.159 0.2362, 0.7591 0.1386 0.2362, 0.8148 0.235 0.2362, 0.7958 0.2272 0.2362, 0.7795 0.2146 0.2362, 0.8745 0.2272 0.2362, 0.8555 0.235 0.2362, 0.8352 0.2377 0.2362, 0.9112 0.1793 0.2362, 0.9034 0.1983 0.2362, 0.8908 0.2146 0.2362, 0.9034 0.1196 0.2362, 0.9112 0.1386 0.2362, 0.9139 0.159 0.2362, 0.8555 0.0829 0.2362, 0.8745 0.0908 0.2362, 0.8908 0.1033 0.2362, 0.7958 0.0908 0.2362, 0.8148 0.0829 0.2362, 0.8352 0.0802 0.2362, 0.767 0.1196 0.2362, 0.7795 0.1033 0.2362, 2.0276 -1.8996 0.1181, 2.0276 -1.8996 0.2362, 1.8504 -1.8996 0.1181, 1.7913 -1.8996 0.2362, 1.2992 -1.8996 0.1181, 1.1811 -1.8996 0.2362, -0.3937 -1.8996 0.2362, -0.5118 -1.8996 0.1181, -0.2756 -1.8996 0.1181, 0.3937 -1.8996 0.2362, 0.2756 -1.8996 0.1181, 0.5118 -1.8996 0.1181, 1.063 -1.8996 0.1181, -1.063 -1.8996 0.1181, -1.1811 -1.8996 0.2362, -1.2992 -1.8996 0.1181, -1.8504 -1.8996 0.1181, -2.2835 -1.8996 0.2362, -2.2835 -1.8996 0.1181, 2.1063 -1.8208 0.2362, 2.1063 -1.8208 0.1181, 2.1063 -0.9842 0.2362, 2.1063 -0.5807 0.1181, 2.1063 -0.2428 0.1181, 2.1063 -0.065 0.1181, 2.1063 0.9154 0.2362, 2.1063 0.4279 0.1181, 2.1063 0.9154 0.1181, 2.0276 0.9941 0.1181, 1.9685 0.9941 0.1181, 2.0276 0.9941 0.2362, 1.9685 0.9941 0.2362, -1.8888 1.5487 0.2362, -1.9485 1.2743 0.1181, -1.9485 1.2743 0.2362, -1.9685 0.9941 0.1181, -1.9685 0.9941 0.2362, -1.7906 1.8119 0.2362, -1.8778 1.5847 0.1181, -1.8888 1.5487 0.1181, 1.8307 1.7177 0.1181, 1.7906 1.8119 0.1181, 1.7906 1.8119 0.2362, 1.656 2.0584 0.1181, 1.656 2.0584 0.2362, 1.4877 2.2832 0.1181, 1.4877 2.2832 0.2362, 1.2891 2.4818 0.1181, 1.2891 2.4818 0.2362, 1.0643 2.6501 0.1181, 1.0643 2.6501 0.2362, 0.8177 2.7847 0.1181, 0.8177 2.7847 0.2362, 0.5546 2.8829 0.1181, 0.5546 2.8829 0.2362, 0.2801 2.9426 0.1181, 0.2801 2.9426 0.2362, 0.0 2.9626 0.1181, 0.0 2.9626 0.2362, -0.2801 2.9426 0.1181, -0.2801 2.9426 0.2362, -0.5546 2.8829 0.1181, -0.5546 2.8829 0.2362, -0.8177 2.7847 0.1181, -0.8177 2.7847 0.2362, -1.0643 2.6501 0.1181, -1.0643 2.6501 0.2362, -1.2891 2.4818 0.1181, -1.2891 2.4818 0.2362, -1.4877 2.2832 0.1181, -1.4877 2.2832 0.2362, -1.656 2.0584 0.1181, -1.656 2.0584 0.2362, -1.7906 1.8119 0.1181, -1.8126 1.762 0.1181, 1.8778 1.5847 0.1181, 1.8888 1.5487 0.2362, 1.8888 1.5487 0.1181, 1.9485 1.2743 0.2362, 1.9485 1.2743 0.1181, 1.0113 2.1667 0.2362, 0.9995 2.1383 0.2362, 1.1136 2.1077 0.2362, 0.9954 2.1077 0.2362, 0.9995 2.0771 0.2362, 1.083 2.2218 0.2362, 1.0545 2.21 0.2362, 1.03 2.1912 0.2362, 1.1726 2.21 0.2362, 1.1441 2.2218 0.2362, 1.1136 2.2258 0.2362, 1.2276 2.1383 0.2362, 1.2158 2.1667 0.2362, 1.1971 2.1912 0.2362, 1.2158 2.0486 0.2362, 1.2276 2.0771 0.2362, 1.2317 2.1077 0.2362, 1.1441 1.9936 0.2362, 1.1726 2.0054 0.2362, 1.1971 2.0242 0.2362, 1.0545 2.0054 0.2362, 1.083 1.9936 0.2362, 1.1136 1.9896 0.2362, 1.0113 2.0486 0.2362, 1.03 2.0242 0.2362
            ]
        }
        coordIndex [
            0,1,2,-1,2,1,3,-1,2,3,4,-1,5,6,2,-1,2,6,7,-1,2,7,0,-1,8,9,2,-1,2,9,10,-1,2,10,5,-1,11,12,2,-1,2,12,13,-1,2,13,8,-1,14,15,2,-1,2,15,16,-1,2,16,11,-1,17,18,2,-1,2,18,19,-1,2,19,14,-1,20,21,2,-1,2,21,22,-1,2,22,17,-1,4,23,2,-1,2,23,24,-1,2,24,20,-1,25,26,27,-1,27,26,28,-1,27,28,29,-1,29,28,30,-1,31,32,33,-1,31,33,34,-1,33,35,34,-1,34,35,36,-1,34,36,30,-1,30,36,37,-1,30,37,29,-1,32,31,38,-1,38,31,39,-1,38,39,40,-1,40,39,41,-1,41,39,42,-1,41,42,43,-1,44,45,46,-1,46,45,47,-1,47,48,46,-1,46,48,49,-1,46,49,50,-1,50,49,51,-1,50,51,52,-1,53,54,55,-1,55,54,56,-1,57,58,59,-1,59,58,60,-1,59,60,61,-1,62,63,57,-1,57,63,64,-1,57,64,58,-1,65,66,67,-1,67,66,68,-1,67,68,69,-1,69,68,70,-1,69,70,71,-1,71,70,72,-1,71,72,73,-1,73,72,74,-1,73,74,75,-1,75,74,76,-1,75,76,77,-1,77,76,78,-1,77,78,79,-1,79,78,80,-1,79,80,81,-1,81,80,82,-1,81,82,83,-1,83,82,84,-1,83,84,85,-1,85,84,86,-1,85,86,87,-1,87,86,88,-1,87,88,89,-1,89,88,90,-1,89,90,91,-1,91,90,92,-1,91,92,93,-1,93,92,94,-1,93,94,95,-1,95,94,96,-1,95,96,97,-1,97,96,98,-1,97,98,62,-1,62,98,99,-1,62,99,63,-1,65,67,100,-1,100,67,101,-1,100,101,102,-1,102,101,103,-1,102,103,104,-1,104,103,56,-1,104,56,54,-1,105,106,107,-1,107,106,108,-1,107,108,109,-1,110,111,107,-1,107,111,112,-1,107,112,105,-1,113,114,107,-1,107,114,115,-1,107,115,110,-1,116,117,107,-1,107,117,118,-1,107,118,113,-1,119,120,107,-1,107,120,121,-1,107,121,116,-1,122,123,107,-1,107,123,124,-1,107,124,119,-1,125,126,107,-1,107,126,127,-1,107,127,122,-1,109,128,107,-1,107,128,129,-1,107,129,125,-1,
        ]
    }
}
Shape{
    appearance Appearance {
        material  Material 	{
            diffuseColor 1.0 1.0 1.0
            specularColor 0.8784313725490196 0.8784313725490196 0.8784313725490196
            ambientIntensity 1.0
            transparency 0.0
            shininess 0.5
        }
    }
    geometry IndexedFaceSet {
        ccw TRUE
        solid FALSE
        coord DEF co Coordinate {
            point [
                -1.9685 0.4171 0.2362, -1.9685 0.9941 0.2362, -1.9685 0.4171 0.1181, -1.9685 0.9941 0.1181, -1.9758 0.3841 0.1181, -2.355 -0.437 0.1181, -1.9758 0.3841 0.2362, -2.355 -0.437 0.2362
            ]
        }
        coordIndex [
            0,1,2,-1,2,1,3,-1,4,5,6,-1,6,5,7,-1,
        ]
    }
}
Shape{
    appearance Appearance {
        material  Material 	{
            diffuseColor 1.0 1.0 1.0
            specularColor 0.5019607843137255 0.5019607843137255 0.5019607843137255
            ambientIntensity 1.0
            transparency 0.0
            shininess 0.5
        }
    }
    geometry IndexedFaceSet {
        ccw TRUE
        solid FALSE
        coord DEF co Coordinate {
            point [
                -2.1012 0.9601 0.1181, -1.9685 0.4171 0.1181, -2.0922 0.9748 0.1181, -1.9685 0.9941 0.1181, -2.1132 0.9477 0.1181, -2.1277 0.9382 0.1181, -2.1438 0.9321 0.1181, -1.928 1.3912 0.1181, -2.0847 1.5453 0.1181, -1.9584 1.1937 0.1181, -2.0847 1.0084 0.1181, -2.0866 0.9912 0.1181, -1.8778 1.5847 0.1181, -2.0453 1.5847 0.1181, -2.0555 1.5833 0.1181, -2.065 1.5794 0.1181, -2.0732 1.5732 0.1181, -2.0794 1.565 0.1181, -2.0834 1.5555 0.1181, -1.9689 0.4093 0.1181, -1.9797 0.4163 0.1181, -1.9921 0.4284 0.1181, -2.2421 0.9068 0.1181, -2.2832 0.7804 0.1181, -2.2605 0.8996 0.1181, -2.2999 0.8158 0.1181, -2.289 0.8727 0.1181, -2.3011 0.8355 0.1181, -2.2974 0.8549 0.1181, -2.2764 0.8879 0.1181, -2.2938 0.797 0.1181, 2.016 1.5732 0.1181, 2.0079 1.5794 0.1181, 1.928 1.3912 0.1181, 2.0223 1.565 0.1181, 1.9984 1.5833 0.1181, 1.9882 1.5847 0.1181, 1.8778 1.5847 0.1181, 1.9685 0.9941 0.1181, 2.0276 0.9941 0.1181, 1.9584 1.1937 0.1181, 2.0276 1.5453 0.1181, 2.0262 1.5555 0.1181, 2.3555 -0.4348 0.1181, 2.3622 -0.3838 0.1181, 2.1243 -0.2095 0.1181, 2.1063 -0.2428 0.1181, 2.1063 -0.5807 0.1181, 2.3622 0.102 0.1181, 2.3581 0.1419 0.1181, 2.1063 -0.065 0.1181, 2.3461 0.1801 0.1181, 2.3265 0.215 0.1181, 2.3003 0.2453 0.1181, 2.1063 0.4279 0.1181, 2.1243 -0.0983 0.1181, 2.1336 -0.135 0.1181, 2.1336 -0.1728 0.1181, 2.1654 -0.5807 0.1181, 2.2163 -0.574 0.1181, 2.2638 -0.5543 0.1181, 2.3045 -0.523 0.1181, 2.3358 -0.4822 0.1181, -1.8979 2.1752 0.0278, -1.9042 2.1752 0.0197, -2.0045 2.1752 0.095, -1.9094 2.1752 -0.6693, -2.0276 2.1752 -0.6693, -1.9094 2.1752 0.0, -2.0276 2.1752 0.0394, -1.9081 2.1752 0.0102, -2.0249 2.1752 0.0598, -2.017 2.1752 0.0787, -1.7126 2.1752 0.1181, -1.7126 2.1752 0.0394, -1.9488 2.1752 0.1181, -1.8701 2.1752 0.0394, -1.8803 2.1752 0.038, -1.8898 2.1752 0.0341, -1.9692 2.1752 0.1154, -1.9882 2.1752 0.1076, 2.0276 2.1752 0.0394, 2.0276 2.1752 -0.6693, 1.9094 2.1752 -0.6693, 1.9094 2.1752 0.0, 1.9081 2.1752 0.0102, 2.0249 2.1752 0.0598, 1.9042 2.1752 0.0197, 2.017 2.1752 0.0787, 2.0045 2.1752 0.095, 1.8979 2.1752 0.0278, 1.9882 2.1752 0.1076, 1.7126 2.1752 0.0394, 1.7126 2.1752 0.1181, 1.8701 2.1752 0.0394, 1.9488 2.1752 0.1181, 1.9692 2.1752 0.1154, 1.8898 2.1752 0.0341, 1.8803 2.1752 0.038, 2.0276 1.7815 0.0394, 2.0276 1.7921 -0.7087, 2.0276 1.8046 -0.725, 2.0276 1.8209 -0.7375, 2.0276 1.7815 -0.6693, 2.0276 1.8603 -0.748, 2.0276 2.0965 -0.748, 2.0276 1.7842 -0.6897, 2.0276 1.8399 -0.7453, 2.0276 2.1359 -0.7375, 2.0276 2.1522 -0.725, 2.0276 2.1647 -0.7087, 2.0276 2.1169 -0.7453, 2.0276 2.1726 -0.6897, 1.8979 1.7815 0.0278, 1.9042 1.7815 0.0197, 2.0045 1.7815 0.095, 1.9094 1.7815 -0.6693, 1.9094 1.7815 0.0, 1.9081 1.7815 0.0102, 2.0249 1.7815 0.0598, 2.017 1.7815 0.0787, 1.9882 1.7815 0.1076, 1.9692 1.7815 0.1154, 1.8898 1.7815 0.0341, 1.9488 1.7815 0.1181, 1.8803 1.7815 0.038, 1.8701 1.7815 0.1181, 1.8701 1.7815 0.0394, 1.8307 1.6241 0.1181, 1.8307 1.6241 0.0394, 1.8307 1.7177 0.1181, 1.8307 1.7422 0.0394, 1.8307 1.7422 0.1181, 1.9882 1.5847 0.0394, 1.8701 1.5847 0.0394, 1.8701 1.5847 0.1181, 2.0276 0.5871 0.1181, 2.0276 0.5871 0.0394, 2.0276 1.5453 0.0394, 2.3003 0.2453 0.0394, 2.0895 0.4437 0.0394, 2.0895 0.4437 0.1181, 2.3622 -0.3838 0.0394, 2.3622 0.102 0.0394, -1.2051 -0.5807 0.1181, -1.2051 -0.5807 0.0394, 2.1654 -0.5807 0.0394, -1.8307 0.3211 0.0394, -1.8307 -0.5019 0.0394, -1.8307 0.3211 0.1181, -1.8307 -0.5019 0.1181, -1.9314 0.3998 0.0394, -1.9094 0.3998 0.0394, -1.9314 0.3998 0.1181, -1.9094 0.3998 0.1181, -2.2832 0.7804 0.0394, -1.9921 0.4284 0.0394, -2.1438 0.9321 0.0394, -2.2421 0.9068 0.0394, -2.0847 1.0084 0.0394, -2.0847 1.5453 0.0394, -1.8466 1.5847 0.1181, -1.8466 1.5847 0.0394, -2.0453 1.5847 0.0394, -1.8072 1.6241 0.1181, -1.8072 1.7422 0.1181, -1.8072 1.6241 0.0394, -1.8072 1.7422 0.0394, -2.0276 1.7815 0.0394, -2.0276 1.7815 -0.6693, -1.9094 1.7815 -0.6693, -1.9882 1.7815 0.1076, -2.0045 1.7815 0.095, -1.8979 1.7815 0.0278, -1.9042 1.7815 0.0197, -1.9094 1.7815 0.0, -1.9081 1.7815 0.0102, -2.0249 1.7815 0.0598, -2.017 1.7815 0.0787, -1.9692 1.7815 0.1154, -1.8898 1.7815 0.0341, -1.9488 1.7815 0.1181, -1.8803 1.7815 0.038, -1.8466 1.7815 0.1181, -1.8701 1.7815 0.0394, -1.8466 1.7815 0.0394, -2.0276 1.8603 -0.748, -2.0276 2.0965 -0.748, -2.0276 1.8209 -0.7375, -2.0276 1.8046 -0.725, -2.0276 1.7921 -0.7087, -2.0276 2.1647 -0.7087, -2.0276 2.1522 -0.725, -2.0276 2.1359 -0.7375, -2.0276 1.8399 -0.7453, -2.0276 1.7842 -0.6897, -2.0276 2.1726 -0.6897, -2.0276 2.1169 -0.7453, 0.2756 -1.8996 0.1181, -0.2756 -1.8996 0.1181, 0.2756 -1.9783 0.1181, -0.2756 -1.9783 0.1181, -0.2742 -1.9885 0.1181, -0.2464 -2.0163 0.1181, -0.2362 -2.0177 0.1181, -0.2703 -1.998 0.1181, -0.2641 -2.0061 0.1181, -0.2559 -2.0124 0.1181, 0.2703 -1.998 0.1181, 0.2464 -2.0163 0.1181, 0.2641 -2.0061 0.1181, 0.2559 -2.0124 0.1181, 0.2362 -2.0177 0.1181, 0.2742 -1.9885 0.1181, 0.1969 -2.0177 0.0394, 0.2362 -2.0177 0.0394, -0.169 -2.0177 0.0278, -0.1628 -2.0177 0.0197, 0.1588 -2.0177 0.0102, -0.1588 -2.0177 0.0102, -0.1575 -2.0177 0.0, 0.1575 -2.0177 0.0, 0.1628 -2.0177 0.0197, 0.169 -2.0177 0.0278, 0.1772 -2.0177 0.0341, 0.1867 -2.0177 0.038, -0.2362 -2.0177 0.0394, -0.1969 -2.0177 0.0394, -0.1867 -2.0177 0.038, -0.1772 -2.0177 0.0341, 0.1548 -2.0177 -0.7684, 0.1575 -2.0177 -0.748, 0.0787 -2.0177 -0.8268, -0.0787 -2.0177 -0.8268, -0.1575 -2.0177 -0.748, -0.1469 -2.0177 -0.7874, -0.1344 -2.0177 -0.8037, -0.1181 -2.0177 -0.8162, 0.1181 -2.0177 -0.8162, 0.1344 -2.0177 -0.8037, 0.1469 -2.0177 -0.7874, -0.1548 -2.0177 -0.7684, -0.0991 -2.0177 -0.8241, 0.0991 -2.0177 -0.8241, -0.1969 -1.2303 0.1181, 0.1969 -1.2303 0.1181, -0.1969 -1.2303 0.0394, 0.1969 -1.2303 0.0394, 0.2756 -1.309 0.0394, 0.2756 -1.9783 0.0394, 0.1969 -1.8996 0.0394, -0.1023 -1.6437 0.0394, -0.0835 -1.6681 0.0394, -0.1969 -1.8996 0.0394, 0.0591 -1.6869 0.0394, 0.0835 -1.6681 0.0394, -0.2756 -1.9783 0.0394, -0.2756 -1.309 0.0394, 0.0306 -1.6987 0.0394, 0.2742 -1.9885 0.0394, 0.2464 -2.0163 0.0394, 0.2703 -1.998 0.0394, 0.2641 -2.0061 0.0394, 0.2559 -2.0124 0.0394, -0.1023 -1.5256 0.0394, -0.1141 -1.554 0.0394, -0.1181 -1.5846 0.0394, -0.1141 -1.6152 0.0394, -0.2703 -1.998 0.0394, -0.2464 -2.0163 0.0394, -0.2641 -2.0061 0.0394, -0.2559 -2.0124 0.0394, -0.2742 -1.9885 0.0394, -0.0591 -1.6869 0.0394, -0.0306 -1.6987 0.0394, 0.0 -1.7027 0.0394, 0.0835 -1.5011 0.0394, 0.1023 -1.5256 0.0394, 0.1141 -1.554 0.0394, 0.1023 -1.6437 0.0394, 0.1141 -1.6152 0.0394, 0.1181 -1.5846 0.0394, 0.0 -1.4665 0.0394, 0.0306 -1.4705 0.0394, 0.0591 -1.4823 0.0394, 0.2172 -1.233 0.0394, 0.2362 -1.2408 0.0394, 0.2525 -1.2533 0.0394, -0.0835 -1.5011 0.0394, -0.2729 -1.2886 0.0394, -0.265 -1.2696 0.0394, -0.0306 -1.4705 0.0394, -0.0591 -1.4823 0.0394, -0.2172 -1.233 0.0394, 0.265 -1.2696 0.0394, 0.2729 -1.2886 0.0394, -0.2525 -1.2533 0.0394, -0.2362 -1.2408 0.0394, 1.063 -1.8996 0.1181, 0.5118 -1.8996 0.1181, 1.063 -1.9783 0.1181, 0.5118 -1.9783 0.1181, 0.5132 -1.9885 0.1181, 0.541 -2.0163 0.1181, 0.5512 -2.0177 0.1181, 0.5171 -1.998 0.1181, 0.5233 -2.0061 0.1181, 0.5315 -2.0124 0.1181, 1.0577 -1.998 0.1181, 1.0338 -2.0163 0.1181, 1.0515 -2.0061 0.1181, 1.0433 -2.0124 0.1181, 1.0236 -2.0177 0.1181, 1.0617 -1.9885 0.1181, 0.9843 -2.0177 0.0394, 1.0236 -2.0177 0.0394, 0.6184 -2.0177 0.0278, 0.6246 -2.0177 0.0197, 0.9462 -2.0177 0.0102, 0.9502 -2.0177 0.0197, 0.5512 -2.0177 0.0394, 0.5906 -2.0177 0.0394, 0.6007 -2.0177 0.038, 0.6102 -2.0177 0.0341, 0.9449 -2.0177 -0.748, 0.9449 -2.0177 0.0, 0.8661 -2.0177 -0.8268, 0.9564 -2.0177 0.0278, 0.9646 -2.0177 0.0341, 0.9741 -2.0177 0.038, 0.7087 -2.0177 -0.8268, 0.6299 -2.0177 0.0, 0.6299 -2.0177 -0.748, 0.6286 -2.0177 0.0102, 0.6405 -2.0177 -0.7874, 0.653 -2.0177 -0.8037, 0.6693 -2.0177 -0.8162, 0.6326 -2.0177 -0.7684, 0.6883 -2.0177 -0.8241, 0.9055 -2.0177 -0.8162, 0.9218 -2.0177 -0.8037, 0.9343 -2.0177 -0.7874, 0.8865 -2.0177 -0.8241, 0.9422 -2.0177 -0.7684, 0.5906 -1.2303 0.1181, 0.9843 -1.2303 0.1181, 0.5906 -1.2303 0.0394, 0.9843 -1.2303 0.0394, 1.063 -1.309 0.0394, 1.063 -1.9783 0.0394, 0.9843 -1.8996 0.0394, 0.8897 -1.5256 0.0394, 0.8709 -1.5011 0.0394, 0.5118 -1.9783 0.0394, 0.5906 -1.8996 0.0394, 0.5118 -1.309 0.0394, 0.818 -1.4705 0.0394, 0.7874 -1.4665 0.0394, 1.0617 -1.9885 0.0394, 1.0338 -2.0163 0.0394, 1.0577 -1.998 0.0394, 1.0515 -2.0061 0.0394, 1.0433 -2.0124 0.0394, 0.6851 -1.6437 0.0394, 0.7039 -1.6681 0.0394, 0.7283 -1.6869 0.0394, 0.7568 -1.6987 0.0394, 0.7874 -1.7027 0.0394, 0.6851 -1.5256 0.0394, 0.6733 -1.554 0.0394, 0.6693 -1.5846 0.0394, 0.6733 -1.6152 0.0394, 0.5171 -1.998 0.0394, 0.541 -2.0163 0.0394, 0.5233 -2.0061 0.0394, 0.5315 -2.0124 0.0394, 0.5132 -1.9885 0.0394, 0.818 -1.6987 0.0394, 0.8465 -1.6869 0.0394, 0.8709 -1.6681 0.0394, 0.9015 -1.554 0.0394, 1.0399 -1.2533 0.0394, 1.0524 -1.2696 0.0394, 1.0603 -1.2886 0.0394, 0.8897 -1.6437 0.0394, 0.9015 -1.6152 0.0394, 0.9055 -1.5846 0.0394, 0.8465 -1.4823 0.0394, 1.0046 -1.233 0.0394, 1.0236 -1.2408 0.0394, 0.7039 -1.5011 0.0394, 0.5145 -1.2886 0.0394, 0.5224 -1.2696 0.0394, 0.7568 -1.4705 0.0394, 0.7283 -1.4823 0.0394, 0.5702 -1.233 0.0394, 0.5349 -1.2533 0.0394, 0.5512 -1.2408 0.0394, 1.8504 -1.8996 0.1181, 1.2992 -1.8996 0.1181, 1.8504 -1.9783 0.1181, 1.2992 -1.9783 0.1181, 1.3006 -1.9885 0.1181, 1.3284 -2.0163 0.1181, 1.3386 -2.0177 0.1181, 1.3045 -1.998 0.1181, 1.3107 -2.0061 0.1181, 1.3189 -2.0124 0.1181, 1.811 -2.0177 0.1181, 1.8212 -2.0163 0.1181, 1.8491 -1.9885 0.1181, 1.8307 -2.0124 0.1181, 1.8451 -1.998 0.1181, 1.8389 -2.0061 0.1181, 1.7717 -2.0177 0.0394, 1.811 -2.0177 0.0394, 1.3976 -2.0177 0.0341, 1.7376 -2.0177 0.0197, 1.3881 -2.0177 0.038, 1.378 -2.0177 0.0394, 1.3386 -2.0177 0.0394, 1.4058 -2.0177 0.0278, 1.412 -2.0177 0.0197, 1.416 -2.0177 0.0102, 1.7438 -2.0177 0.0278, 1.752 -2.0177 0.0341, 1.7615 -2.0177 0.038, 1.4173 -2.0177 -0.748, 1.7323 -2.0177 -0.748, 1.4173 -2.0177 0.0, 1.7323 -2.0177 0.0, 1.7336 -2.0177 0.0102, 1.4279 -2.0177 -0.7874, 1.4404 -2.0177 -0.8037, 1.4567 -2.0177 -0.8162, 1.4961 -2.0177 -0.8268, 1.6535 -2.0177 -0.8268, 1.7296 -2.0177 -0.7684, 1.6929 -2.0177 -0.8162, 1.7092 -2.0177 -0.8037, 1.7217 -2.0177 -0.7874, 1.42 -2.0177 -0.7684, 1.4757 -2.0177 -0.8241, 1.6739 -2.0177 -0.8241, 1.378 -1.2303 0.1181, 1.7717 -1.2303 0.1181, 1.378 -1.2303 0.0394, 1.7717 -1.2303 0.0394, 1.7717 -1.8996 0.0394, 1.8504 -1.309 0.0394, 1.8504 -1.9783 0.0394, 1.2992 -1.9783 0.0394, 1.378 -1.8996 0.0394, 1.2992 -1.309 0.0394, 1.8389 -2.0061 0.0394, 1.8307 -2.0124 0.0394, 1.8451 -1.998 0.0394, 1.8212 -2.0163 0.0394, 1.8491 -1.9885 0.0394, 1.6583 -1.6681 0.0394, 1.6339 -1.6869 0.0394, 1.6054 -1.6987 0.0394, 1.6771 -1.6437 0.0394, 1.6889 -1.6152 0.0394, 1.6929 -1.5846 0.0394, 1.6889 -1.554 0.0394, 1.3045 -1.998 0.0394, 1.3284 -2.0163 0.0394, 1.3107 -2.0061 0.0394, 1.3189 -2.0124 0.0394, 1.3006 -1.9885 0.0394, 1.4725 -1.6437 0.0394, 1.4913 -1.6681 0.0394, 1.5157 -1.6869 0.0394, 1.5442 -1.6987 0.0394, 1.5748 -1.7027 0.0394, 1.4725 -1.5256 0.0394, 1.4607 -1.554 0.0394, 1.4567 -1.5846 0.0394, 1.4607 -1.6152 0.0394, 1.8273 -1.2533 0.0394, 1.8398 -1.2696 0.0394, 1.6583 -1.5011 0.0394, 1.5748 -1.4665 0.0394, 1.6054 -1.4705 0.0394, 1.6339 -1.4823 0.0394, 1.792 -1.233 0.0394, 1.811 -1.2408 0.0394, 1.6771 -1.5256 0.0394, 1.8477 -1.2886 0.0394, 1.4913 -1.5011 0.0394, 1.3019 -1.2886 0.0394, 1.3098 -1.2696 0.0394, 1.5442 -1.4705 0.0394, 1.5157 -1.4823 0.0394, 1.3576 -1.233 0.0394, 1.3223 -1.2533 0.0394, 1.3386 -1.2408 0.0394, -0.5118 -1.8996 0.1181, -1.063 -1.8996 0.1181, -0.5118 -1.9783 0.1181, -1.063 -1.9783 0.1181, -1.0617 -1.9885 0.1181, -1.0338 -2.0163 0.1181, -1.0236 -2.0177 0.1181, -1.0577 -1.998 0.1181, -1.0515 -2.0061 0.1181, -1.0433 -2.0124 0.1181, -0.5233 -2.0061 0.1181, -0.5171 -1.998 0.1181, -0.5315 -2.0124 0.1181, -0.541 -2.0163 0.1181, -0.5512 -2.0177 0.1181, -0.5132 -1.9885 0.1181, -0.5906 -2.0177 0.0394, -0.5512 -2.0177 0.0394, -0.6286 -2.0177 0.0102, -0.6246 -2.0177 0.0197, -0.9462 -2.0177 0.0102, -0.9646 -2.0177 0.0341, -0.9741 -2.0177 0.038, -0.9843 -2.0177 0.0394, -1.0236 -2.0177 0.0394, -0.9564 -2.0177 0.0278, -0.9502 -2.0177 0.0197, -0.6299 -2.0177 -0.748, -0.6299 -2.0177 0.0, -0.7087 -2.0177 -0.8268, -0.6184 -2.0177 0.0278, -0.6102 -2.0177 0.0341, -0.6007 -2.0177 0.038, -0.6326 -2.0177 -0.7684, -0.9449 -2.0177 0.0, -0.9449 -2.0177 -0.748, -0.8661 -2.0177 -0.8268, -0.6693 -2.0177 -0.8162, -0.653 -2.0177 -0.8037, -0.6405 -2.0177 -0.7874, -0.9343 -2.0177 -0.7874, -0.9218 -2.0177 -0.8037, -0.9055 -2.0177 -0.8162, -0.6883 -2.0177 -0.8241, -0.9422 -2.0177 -0.7684, -0.8865 -2.0177 -0.8241, -0.9843 -1.2303 0.1181, -0.5906 -1.2303 0.1181, -0.9843 -1.2303 0.0394, -0.5906 -1.2303 0.0394, -0.5906 -1.8996 0.0394, -0.5118 -1.309 0.0394, -0.5118 -1.9783 0.0394, -0.541 -2.0163 0.0394, -1.063 -1.9783 0.0394, -0.9843 -1.8996 0.0394, -1.063 -1.309 0.0394, -0.5132 -1.9885 0.0394, -0.5171 -1.998 0.0394, -0.5315 -2.0124 0.0394, -0.5233 -2.0061 0.0394, -0.8897 -1.6437 0.0394, -0.8709 -1.6681 0.0394, -0.7283 -1.6869 0.0394, -0.7039 -1.6681 0.0394, -0.8897 -1.5256 0.0394, -0.9015 -1.554 0.0394, -0.9055 -1.5846 0.0394, -0.9015 -1.6152 0.0394, -1.0577 -1.998 0.0394, -1.0338 -2.0163 0.0394, -1.0515 -2.0061 0.0394, -1.0433 -2.0124 0.0394, -1.0617 -1.9885 0.0394, -0.7568 -1.6987 0.0394, -0.7568 -1.4705 0.0394, -0.7874 -1.4665 0.0394, -0.5512 -1.2408 0.0394, -0.5349 -1.2533 0.0394, -0.7283 -1.4823 0.0394, -0.8465 -1.6869 0.0394, -0.818 -1.6987 0.0394, -0.7874 -1.7027 0.0394, -0.6851 -1.6437 0.0394, -0.6733 -1.6152 0.0394, -0.6693 -1.5846 0.0394, -0.6733 -1.554 0.0394, -0.5702 -1.233 0.0394, -0.6851 -1.5256 0.0394, -0.7039 -1.5011 0.0394, -0.5145 -1.2886 0.0394, -0.5224 -1.2696 0.0394, -0.8709 -1.5011 0.0394, -1.0603 -1.2886 0.0394, -1.0524 -1.2696 0.0394, -0.818 -1.4705 0.0394, -0.8465 -1.4823 0.0394, -1.0046 -1.233 0.0394, -1.0399 -1.2533 0.0394, -1.0236 -1.2408 0.0394, -1.2992 -1.8996 0.1181, -1.8504 -1.8996 0.1181, -1.2992 -1.9783 0.1181, -1.8504 -1.9783 0.1181, -1.811 -2.0177 0.1181, -1.8491 -1.9885 0.1181, -1.8212 -2.0163 0.1181, -1.8451 -1.998 0.1181, -1.8307 -2.0124 0.1181, -1.8389 -2.0061 0.1181, -1.3045 -1.998 0.1181, -1.3284 -2.0163 0.1181, -1.3107 -2.0061 0.1181, -1.3189 -2.0124 0.1181, -1.3386 -2.0177 0.1181, -1.3006 -1.9885 0.1181, -1.378 -2.0177 0.0394, -1.3386 -2.0177 0.0394, -1.7438 -2.0177 0.0278, -1.7376 -2.0177 0.0197, -1.811 -2.0177 0.0394, -1.7717 -2.0177 0.0394, -1.7615 -2.0177 0.038, -1.752 -2.0177 0.0341, -1.412 -2.0177 0.0197, -1.416 -2.0177 0.0102, -1.7336 -2.0177 0.0102, -1.7323 -2.0177 0.0, -1.4058 -2.0177 0.0278, -1.3976 -2.0177 0.0341, -1.3881 -2.0177 0.038, -1.7323 -2.0177 -0.748, -1.4173 -2.0177 -0.748, -1.4173 -2.0177 0.0, -1.7296 -2.0177 -0.7684, -1.7217 -2.0177 -0.7874, -1.6535 -2.0177 -0.8268, -1.4961 -2.0177 -0.8268, -1.7092 -2.0177 -0.8037, -1.6929 -2.0177 -0.8162, -1.6739 -2.0177 -0.8241, -1.4567 -2.0177 -0.8162, -1.4404 -2.0177 -0.8037, -1.4279 -2.0177 -0.7874, -1.4757 -2.0177 -0.8241, -1.42 -2.0177 -0.7684, -1.7717 -1.2303 0.1181, -1.378 -1.2303 0.1181, -1.7717 -1.2303 0.0394, -1.378 -1.2303 0.0394, -1.6889 -1.554 0.0394, -1.6929 -1.5846 0.0394, -1.8504 -1.309 0.0394, -1.2992 -1.309 0.0394, -1.2992 -1.9783 0.0394, -1.378 -1.8996 0.0394, -1.7717 -1.8996 0.0394, -1.6771 -1.5256 0.0394, -1.3006 -1.9885 0.0394, -1.3284 -2.0163 0.0394, -1.3045 -1.998 0.0394, -1.3107 -2.0061 0.0394, -1.3189 -2.0124 0.0394, -1.6583 -1.6681 0.0394, -1.6771 -1.6437 0.0394, -1.6889 -1.6152 0.0394, -1.5157 -1.6869 0.0394, -1.4913 -1.6681 0.0394, -1.5442 -1.6987 0.0394, -1.5442 -1.4705 0.0394, -1.5748 -1.4665 0.0394, -1.8389 -2.0061 0.0394, -1.8451 -1.998 0.0394, -1.8307 -2.0124 0.0394, -1.8491 -1.9885 0.0394, -1.8212 -2.0163 0.0394, -1.8504 -1.9783 0.0394, -1.4725 -1.6437 0.0394, -1.4607 -1.6152 0.0394, -1.4567 -1.5846 0.0394, -1.4607 -1.554 0.0394, -1.6339 -1.6869 0.0394, -1.6054 -1.6987 0.0394, -1.5748 -1.7027 0.0394, -1.4725 -1.5256 0.0394, -1.4913 -1.5011 0.0394, -1.3019 -1.2886 0.0394, -1.5157 -1.4823 0.0394, -1.3386 -1.2408 0.0394, -1.3223 -1.2533 0.0394, -1.3098 -1.2696 0.0394, -1.8477 -1.2886 0.0394, -1.6339 -1.4823 0.0394, -1.6583 -1.5011 0.0394, -1.8398 -1.2696 0.0394, -1.8273 -1.2533 0.0394, -1.811 -1.2408 0.0394, -1.6054 -1.4705 0.0394, -1.792 -1.233 0.0394, -1.3576 -1.233 0.0394, 1.4058 -1.8996 0.0278, 1.3976 -1.8996 0.0341, 1.7376 -1.8996 0.0197, 1.3881 -1.8996 0.038, 1.7438 -1.8996 0.0278, 1.7615 -1.8996 0.038, 1.752 -1.8996 0.0341, 1.416 -1.8996 0.0102, 1.7336 -1.8996 0.0102, 1.7323 -1.8996 0.0, 1.412 -1.8996 0.0197, 1.7323 -1.8996 -0.748, 1.4173 -1.8996 -0.748, 1.4173 -1.8996 0.0, 1.7296 -1.8996 -0.7684, 1.7217 -1.8996 -0.7874, 1.6535 -1.8996 -0.8268, 1.4961 -1.8996 -0.8268, 1.7092 -1.8996 -0.8037, 1.6929 -1.8996 -0.8162, 1.6739 -1.8996 -0.8241, 1.4567 -1.8996 -0.8162, 1.4404 -1.8996 -0.8037, 1.4279 -1.8996 -0.7874, 1.4757 -1.8996 -0.8241, 1.42 -1.8996 -0.7684, 0.9741 -1.8996 0.038, 0.9646 -1.8996 0.0341, 0.9564 -1.8996 0.0278, 0.6184 -1.8996 0.0278, 0.6102 -1.8996 0.0341, 0.9462 -1.8996 0.0102, 0.6246 -1.8996 0.0197, 0.9502 -1.8996 0.0197, 0.6007 -1.8996 0.038, 0.9449 -1.8996 -0.748, 0.6299 -1.8996 -0.748, 0.9449 -1.8996 0.0, 0.6299 -1.8996 0.0, 0.6286 -1.8996 0.0102, 0.9343 -1.8996 -0.7874, 0.9218 -1.8996 -0.8037, 0.9055 -1.8996 -0.8162, 0.8661 -1.8996 -0.8268, 0.7087 -1.8996 -0.8268, 0.6326 -1.8996 -0.7684, 0.6693 -1.8996 -0.8162, 0.653 -1.8996 -0.8037, 0.6405 -1.8996 -0.7874, 0.9422 -1.8996 -0.7684, 0.8865 -1.8996 -0.8241, 0.6883 -1.8996 -0.8241, -0.1867 -1.8996 0.038, -0.169 -1.8996 0.0278, -0.1772 -1.8996 0.0341, 0.1772 -1.8996 0.0341, 0.1867 -1.8996 0.038, 0.169 -1.8996 0.0278, 0.1628 -1.8996 0.0197, -0.1588 -1.8996 0.0102, -0.1628 -1.8996 0.0197, -0.1575 -1.8996 -0.748, -0.1575 -1.8996 0.0, -0.0787 -1.8996 -0.8268, 0.0787 -1.8996 -0.8268, 0.1575 -1.8996 0.0, 0.1575 -1.8996 -0.748, 0.1588 -1.8996 0.0102, 0.1469 -1.8996 -0.7874, 0.1344 -1.8996 -0.8037, 0.1181 -1.8996 -0.8162, 0.1548 -1.8996 -0.7684, 0.0991 -1.8996 -0.8241, -0.1181 -1.8996 -0.8162, -0.1344 -1.8996 -0.8037, -0.1469 -1.8996 -0.7874, -0.0991 -1.8996 -0.8241, -0.1548 -1.8996 -0.7684, -0.9741 -1.8996 0.038, -0.9646 -1.8996 0.0341, -0.9462 -1.8996 0.0102, -0.6007 -1.8996 0.038, -0.9502 -1.8996 0.0197, -0.9564 -1.8996 0.0278, -0.6102 -1.8996 0.0341, -0.6184 -1.8996 0.0278, -0.6246 -1.8996 0.0197, -0.9449 -1.8996 -0.748, -0.9449 -1.8996 0.0, -0.8661 -1.8996 -0.8268, -0.7087 -1.8996 -0.8268, -0.6299 -1.8996 0.0, -0.6299 -1.8996 -0.748, -0.6286 -1.8996 0.0102, -0.6405 -1.8996 -0.7874, -0.653 -1.8996 -0.8037, -0.6693 -1.8996 -0.8162, -0.6326 -1.8996 -0.7684, -0.6883 -1.8996 -0.8241, -0.9055 -1.8996 -0.8162, -0.9218 -1.8996 -0.8037, -0.9343 -1.8996 -0.7874, -0.8865 -1.8996 -0.8241, -0.9422 -1.8996 -0.7684, -1.7615 -1.8996 0.038, -1.3881 -1.8996 0.038, -1.3976 -1.8996 0.0341, -1.7376 -1.8996 0.0197, -1.752 -1.8996 0.0341, -1.7438 -1.8996 0.0278, -1.4058 -1.8996 0.0278, -1.412 -1.8996 0.0197, -1.416 -1.8996 0.0102, -1.4173 -1.8996 -0.748, -1.7323 -1.8996 -0.748, -1.4173 -1.8996 0.0, -1.7323 -1.8996 0.0, -1.7336 -1.8996 0.0102, -1.4279 -1.8996 -0.7874, -1.4404 -1.8996 -0.8037, -1.4567 -1.8996 -0.8162, -1.4961 -1.8996 -0.8268, -1.6535 -1.8996 -0.8268, -1.7296 -1.8996 -0.7684, -1.6929 -1.8996 -0.8162, -1.7092 -1.8996 -0.8037, -1.7217 -1.8996 -0.7874, -1.42 -1.8996 -0.7684, -1.4757 -1.8996 -0.8241, -1.6739 -1.8996 -0.8241, -1.6929 -1.5846 0.2362, -1.6889 -1.554 0.2362, -1.6771 -1.5256 0.2362, -1.6583 -1.5011 0.2362, -1.6339 -1.4823 0.2362, -1.6054 -1.4705 0.2362, -1.5748 -1.4665 0.2362, -1.5442 -1.4705 0.2362, -1.5157 -1.4823 0.2362, -1.4913 -1.5011 0.2362, -1.4725 -1.5256 0.2362, -1.4607 -1.554 0.2362, -1.4567 -1.5846 0.2362, -1.4607 -1.6152 0.2362, -1.4725 -1.6437 0.2362, -1.4913 -1.6681 0.2362, -1.5157 -1.6869 0.2362, -1.5442 -1.6987 0.2362, -1.5748 -1.7027 0.2362, -1.6054 -1.6987 0.2362, -1.6339 -1.6869 0.2362, -1.6583 -1.6681 0.2362, -1.6771 -1.6437 0.2362, -1.6889 -1.6152 0.2362, -0.9055 -1.5846 0.2362, -0.9015 -1.554 0.2362, -0.8897 -1.5256 0.2362, -0.8709 -1.5011 0.2362, -0.8465 -1.4823 0.2362, -0.818 -1.4705 0.2362, -0.7874 -1.4665 0.2362, -0.7568 -1.4705 0.2362, -0.7283 -1.4823 0.2362, -0.7039 -1.5011 0.2362, -0.6851 -1.5256 0.2362, -0.6733 -1.554 0.2362, -0.6693 -1.5846 0.2362, -0.6733 -1.6152 0.2362, -0.6851 -1.6437 0.2362, -0.7039 -1.6681 0.2362, -0.7283 -1.6869 0.2362, -0.7568 -1.6987 0.2362, -0.7874 -1.7027 0.2362, -0.818 -1.6987 0.2362, -0.8465 -1.6869 0.2362, -0.8709 -1.6681 0.2362, -0.8897 -1.6437 0.2362, -0.9015 -1.6152 0.2362, 1.4567 -1.5846 0.2362, 1.4607 -1.554 0.2362, 1.4725 -1.5256 0.2362, 1.4913 -1.5011 0.2362, 1.5157 -1.4823 0.2362, 1.5442 -1.4705 0.2362, 1.5748 -1.4665 0.2362, 1.6054 -1.4705 0.2362, 1.6339 -1.4823 0.2362, 1.6583 -1.5011 0.2362, 1.6771 -1.5256 0.2362, 1.6889 -1.554 0.2362, 1.6929 -1.5846 0.2362, 1.6889 -1.6152 0.2362, 1.6771 -1.6437 0.2362, 1.6583 -1.6681 0.2362, 1.6339 -1.6869 0.2362, 1.6054 -1.6987 0.2362, 1.5748 -1.7027 0.2362, 1.5442 -1.6987 0.2362, 1.5157 -1.6869 0.2362, 1.4913 -1.6681 0.2362, 1.4725 -1.6437 0.2362, 1.4607 -1.6152 0.2362, 0.6693 -1.5846 0.2362, 0.6733 -1.554 0.2362, 0.6851 -1.5256 0.2362, 0.7039 -1.5011 0.2362, 0.7283 -1.4823 0.2362, 0.7568 -1.4705 0.2362, 0.7874 -1.4665 0.2362, 0.818 -1.4705 0.2362, 0.8465 -1.4823 0.2362, 0.8709 -1.5011 0.2362, 0.8897 -1.5256 0.2362, 0.9015 -1.554 0.2362, 0.9055 -1.5846 0.2362, 0.9015 -1.6152 0.2362, 0.8897 -1.6437 0.2362, 0.8709 -1.6681 0.2362, 0.8465 -1.6869 0.2362, 0.818 -1.6987 0.2362, 0.7874 -1.7027 0.2362, 0.7568 -1.6987 0.2362, 0.7283 -1.6869 0.2362, 0.7039 -1.6681 0.2362, 0.6851 -1.6437 0.2362, 0.6733 -1.6152 0.2362, -0.1181 -1.5846 0.2362, -0.1141 -1.554 0.2362, -0.1023 -1.5256 0.2362, -0.0835 -1.5011 0.2362, -0.0591 -1.4823 0.2362, -0.0306 -1.4705 0.2362, 0.0 -1.4665 0.2362, 0.0306 -1.4705 0.2362, 0.0591 -1.4823 0.2362, 0.0835 -1.5011 0.2362, 0.1023 -1.5256 0.2362, 0.1141 -1.554 0.2362, 0.1181 -1.5846 0.2362, 0.1141 -1.6152 0.2362, 0.1023 -1.6437 0.2362, 0.0835 -1.6681 0.2362, 0.0591 -1.6869 0.2362, 0.0306 -1.6987 0.2362, 0.0 -1.7027 0.2362, -0.0306 -1.6987 0.2362, -0.0591 -1.6869 0.2362, -0.0835 -1.6681 0.2362, -0.1023 -1.6437 0.2362, -0.1141 -1.6152 0.2362, -1.8504 -1.309 0.1181, -1.8477 -1.2886 0.1181, -1.8398 -1.2696 0.1181, -1.8273 -1.2533 0.1181, -1.811 -1.2408 0.1181, -1.792 -1.233 0.1181, -1.3576 -1.233 0.1181, -1.3386 -1.2408 0.1181, -1.3223 -1.2533 0.1181, -1.3098 -1.2696 0.1181, -1.3019 -1.2886 0.1181, -1.2992 -1.309 0.1181, -1.063 -1.309 0.1181, -1.0603 -1.2886 0.1181, -1.0524 -1.2696 0.1181, -1.0399 -1.2533 0.1181, -1.0236 -1.2408 0.1181, -1.0046 -1.233 0.1181, -0.5702 -1.233 0.1181, -0.5512 -1.2408 0.1181, -0.5349 -1.2533 0.1181, -0.5224 -1.2696 0.1181, -0.5145 -1.2886 0.1181, -0.5118 -1.309 0.1181, -0.2756 -1.309 0.1181, -0.2729 -1.2886 0.1181, -0.265 -1.2696 0.1181, -0.2525 -1.2533 0.1181, -0.2362 -1.2408 0.1181, -0.2172 -1.233 0.1181, 0.2172 -1.233 0.1181, 0.2362 -1.2408 0.1181, 0.2525 -1.2533 0.1181, 0.265 -1.2696 0.1181, 0.2729 -1.2886 0.1181, 0.2756 -1.309 0.1181, 0.5118 -1.309 0.1181, 0.5145 -1.2886 0.1181, 0.5224 -1.2696 0.1181, 0.5349 -1.2533 0.1181, 0.5512 -1.2408 0.1181, 0.5702 -1.233 0.1181, 1.0046 -1.233 0.1181, 1.0236 -1.2408 0.1181, 1.0399 -1.2533 0.1181, 1.0524 -1.2696 0.1181, 1.0603 -1.2886 0.1181, 1.063 -1.309 0.1181, 1.2992 -1.309 0.1181, 1.3019 -1.2886 0.1181, 1.3098 -1.2696 0.1181, 1.3223 -1.2533 0.1181, 1.3386 -1.2408 0.1181, 1.3576 -1.233 0.1181, 1.792 -1.233 0.1181, 1.811 -1.2408 0.1181, 1.8273 -1.2533 0.1181, 1.8398 -1.2696 0.1181, 1.8477 -1.2886 0.1181, 1.8504 -1.309 0.1181, 1.9094 2.1647 -0.7087, 1.9094 2.1522 -0.725, 1.9094 2.1359 -0.7375, 1.9094 2.0965 -0.748, 1.9094 1.8603 -0.748, 1.9094 2.1726 -0.6897, 1.9094 2.1169 -0.7453, 1.9094 1.8209 -0.7375, 1.9094 1.8046 -0.725, 1.9094 1.7921 -0.7087, 1.9094 1.8399 -0.7453, 1.9094 1.7842 -0.6897, -1.9094 1.7921 -0.7087, -1.9094 1.8046 -0.725, -1.9094 1.8209 -0.7375, -1.9094 1.8603 -0.748, -1.9094 2.0965 -0.748, -1.9094 1.7842 -0.6897, -1.9094 1.8399 -0.7453, -1.9094 2.1359 -0.7375, -1.9094 2.1522 -0.725, -1.9094 2.1647 -0.7087, -1.9094 2.1169 -0.7453, -1.9094 2.1726 -0.6897
            ]
        }
        coordIndex [
            0,1,2,-1,2,1,3,-1,0,4,1,-1,1,4,5,-1,1,5,6,-1,7,8,9,-1,9,8,10,-1,9,10,3,-1,3,10,11,-1,3,11,2,-1,7,12,13,-1,13,14,7,-1,7,14,15,-1,7,15,16,-1,16,17,7,-1,7,17,18,-1,7,18,8,-1,19,1,20,-1,20,1,6,-1,20,6,21,-1,21,6,22,-1,21,22,23,-1,23,22,24,-1,25,26,27,-1,27,26,28,-1,24,29,23,-1,23,29,26,-1,23,26,30,-1,30,26,25,-1,31,32,33,-1,31,33,34,-1,32,35,33,-1,33,35,36,-1,33,36,37,-1,38,39,40,-1,40,39,41,-1,40,41,33,-1,33,41,42,-1,33,42,34,-1,43,44,45,-1,45,46,47,-1,48,49,50,-1,50,49,51,-1,51,52,50,-1,50,52,53,-1,50,53,54,-1,50,55,48,-1,48,55,56,-1,48,56,44,-1,44,56,57,-1,44,57,45,-1,47,58,45,-1,45,58,59,-1,45,59,60,-1,60,61,45,-1,45,61,62,-1,45,62,43,-1,63,64,65,-1,66,67,68,-1,68,67,69,-1,68,69,70,-1,70,69,71,-1,70,71,64,-1,64,71,72,-1,64,72,65,-1,73,74,75,-1,75,74,76,-1,76,77,75,-1,75,77,78,-1,75,78,79,-1,79,78,63,-1,79,63,80,-1,80,63,65,-1,81,82,83,-1,83,84,81,-1,81,84,85,-1,81,85,86,-1,86,85,87,-1,86,87,88,-1,88,87,89,-1,89,87,90,-1,89,90,91,-1,92,93,94,-1,94,93,95,-1,91,90,96,-1,96,90,97,-1,96,97,95,-1,95,97,98,-1,95,98,94,-1,82,81,99,-1,100,101,102,-1,99,103,82,-1,82,103,104,-1,82,104,105,-1,103,106,104,-1,104,106,100,-1,104,100,107,-1,107,100,102,-1,108,109,110,-1,105,111,82,-1,82,111,108,-1,82,108,112,-1,112,108,110,-1,113,114,115,-1,116,103,117,-1,117,103,99,-1,117,99,118,-1,118,99,119,-1,118,119,114,-1,114,119,120,-1,114,120,115,-1,115,121,113,-1,113,121,122,-1,113,122,123,-1,123,122,124,-1,123,124,125,-1,125,124,126,-1,125,126,127,-1,128,129,130,-1,130,129,131,-1,130,131,132,-1,36,133,37,-1,37,133,134,-1,37,134,135,-1,136,137,39,-1,39,137,138,-1,39,138,41,-1,53,139,54,-1,54,139,140,-1,54,140,141,-1,142,143,44,-1,44,143,48,-1,144,145,47,-1,47,145,146,-1,47,146,58,-1,147,148,149,-1,149,148,150,-1,151,152,153,-1,153,152,154,-1,155,156,23,-1,23,156,21,-1,157,158,6,-1,6,158,22,-1,10,8,159,-1,159,8,160,-1,161,162,12,-1,12,162,163,-1,12,163,13,-1,164,165,166,-1,166,165,167,-1,168,169,170,-1,171,172,173,-1,173,172,174,-1,170,175,168,-1,168,175,176,-1,168,176,177,-1,177,176,174,-1,177,174,178,-1,178,174,172,-1,171,173,179,-1,179,173,180,-1,179,180,181,-1,181,180,182,-1,181,182,183,-1,183,182,184,-1,183,184,185,-1,169,168,186,-1,168,69,186,-1,186,69,67,-1,186,67,187,-1,188,189,190,-1,191,192,193,-1,186,194,169,-1,169,194,188,-1,169,188,195,-1,195,188,190,-1,67,196,187,-1,187,196,191,-1,187,191,197,-1,197,191,193,-1,198,199,200,-1,200,199,201,-1,202,203,201,-1,201,203,204,-1,201,204,200,-1,202,205,203,-1,203,205,206,-1,203,206,207,-1,208,209,210,-1,210,209,211,-1,204,212,200,-1,200,212,209,-1,200,209,213,-1,213,209,208,-1,214,215,212,-1,216,217,218,-1,217,219,218,-1,218,219,220,-1,218,220,221,-1,204,218,222,-1,222,223,204,-1,204,223,224,-1,204,224,212,-1,212,224,225,-1,212,225,214,-1,226,227,204,-1,204,227,228,-1,204,228,218,-1,218,228,229,-1,218,229,216,-1,230,231,232,-1,232,231,221,-1,232,221,233,-1,233,221,220,-1,233,220,234,-1,235,236,237,-1,238,239,240,-1,234,241,233,-1,233,241,235,-1,233,235,242,-1,242,235,237,-1,230,232,240,-1,240,232,243,-1,240,243,238,-1,244,245,246,-1,246,245,247,-1,248,249,250,-1,250,249,214,-1,251,252,253,-1,254,255,250,-1,227,256,253,-1,253,256,257,-1,254,250,258,-1,259,260,249,-1,249,260,215,-1,249,215,214,-1,259,261,260,-1,260,261,262,-1,260,262,263,-1,264,265,257,-1,257,265,266,-1,257,266,253,-1,253,266,267,-1,253,267,251,-1,268,269,270,-1,270,269,271,-1,227,226,256,-1,256,226,269,-1,256,269,272,-1,272,269,268,-1,252,273,253,-1,253,273,274,-1,253,274,250,-1,250,274,275,-1,250,275,258,-1,276,248,277,-1,277,248,278,-1,255,279,250,-1,250,279,280,-1,250,280,248,-1,248,280,281,-1,248,281,278,-1,282,246,283,-1,283,246,247,-1,283,247,284,-1,284,247,285,-1,284,285,276,-1,276,285,286,-1,276,286,287,-1,264,257,288,-1,288,257,289,-1,288,289,290,-1,282,291,246,-1,246,291,292,-1,246,292,293,-1,293,292,288,-1,287,294,276,-1,276,294,295,-1,276,295,248,-1,290,296,288,-1,288,296,297,-1,288,297,293,-1,298,299,300,-1,300,299,301,-1,302,303,301,-1,301,303,304,-1,301,304,300,-1,302,305,303,-1,303,305,306,-1,303,306,307,-1,308,309,310,-1,310,309,311,-1,304,312,300,-1,300,312,309,-1,300,309,313,-1,313,309,308,-1,314,315,312,-1,316,317,318,-1,304,318,319,-1,320,321,304,-1,304,321,322,-1,304,322,318,-1,318,322,323,-1,318,323,316,-1,324,325,326,-1,319,327,304,-1,304,327,328,-1,304,328,312,-1,312,328,329,-1,312,329,314,-1,330,331,332,-1,317,333,318,-1,318,333,331,-1,318,331,325,-1,325,331,330,-1,325,330,326,-1,334,335,336,-1,332,337,330,-1,330,337,334,-1,330,334,338,-1,338,334,336,-1,339,340,341,-1,326,342,324,-1,324,342,339,-1,324,339,343,-1,343,339,341,-1,344,345,346,-1,346,345,347,-1,348,349,350,-1,350,349,314,-1,351,352,348,-1,321,353,354,-1,354,353,355,-1,356,357,347,-1,358,359,349,-1,349,359,315,-1,349,315,314,-1,358,360,359,-1,359,360,361,-1,359,361,362,-1,363,364,354,-1,354,364,365,-1,365,366,354,-1,354,366,367,-1,354,367,350,-1,368,369,355,-1,355,369,370,-1,355,370,354,-1,354,370,371,-1,354,371,363,-1,372,373,374,-1,374,373,375,-1,321,320,353,-1,353,320,373,-1,353,373,376,-1,376,373,372,-1,347,357,346,-1,367,377,350,-1,350,377,378,-1,350,378,379,-1,351,348,380,-1,381,382,352,-1,352,382,383,-1,352,383,348,-1,379,384,350,-1,350,384,385,-1,350,385,348,-1,348,385,386,-1,348,386,380,-1,356,347,387,-1,387,347,388,-1,387,388,352,-1,352,388,389,-1,352,389,381,-1,368,355,390,-1,390,355,391,-1,390,391,392,-1,357,393,346,-1,346,393,394,-1,346,394,395,-1,395,394,390,-1,392,396,390,-1,390,396,397,-1,390,397,395,-1,398,399,400,-1,400,399,401,-1,402,403,401,-1,401,403,404,-1,401,404,400,-1,402,405,403,-1,403,405,406,-1,403,406,407,-1,404,408,400,-1,400,408,409,-1,400,409,410,-1,410,409,411,-1,410,411,412,-1,412,411,413,-1,414,415,408,-1,416,417,418,-1,418,417,404,-1,418,404,419,-1,419,404,420,-1,416,421,417,-1,417,421,422,-1,417,422,423,-1,417,424,404,-1,404,424,425,-1,404,425,408,-1,408,425,426,-1,408,426,414,-1,427,428,429,-1,429,428,430,-1,429,430,423,-1,423,430,431,-1,423,431,417,-1,432,433,434,-1,427,435,428,-1,428,435,436,-1,428,436,437,-1,438,439,440,-1,427,441,435,-1,435,441,432,-1,435,432,442,-1,442,432,434,-1,437,436,440,-1,440,436,443,-1,440,443,438,-1,444,445,446,-1,446,445,447,-1,448,449,450,-1,419,451,452,-1,452,451,453,-1,454,455,456,-1,456,455,457,-1,456,457,458,-1,458,457,415,-1,458,415,450,-1,450,415,414,-1,450,414,448,-1,459,448,460,-1,460,448,461,-1,459,462,448,-1,448,462,463,-1,448,463,449,-1,449,463,464,-1,449,464,465,-1,466,467,468,-1,468,467,469,-1,419,420,451,-1,451,420,467,-1,451,467,470,-1,470,467,466,-1,471,472,452,-1,472,473,452,-1,452,473,474,-1,452,474,448,-1,448,474,475,-1,448,475,461,-1,476,477,453,-1,453,477,478,-1,453,478,452,-1,452,478,479,-1,452,479,471,-1,480,481,482,-1,483,446,484,-1,484,446,447,-1,484,447,485,-1,485,447,486,-1,485,486,482,-1,482,486,487,-1,482,487,480,-1,465,488,449,-1,449,488,482,-1,449,482,489,-1,489,482,481,-1,476,453,490,-1,490,453,491,-1,490,491,492,-1,483,493,446,-1,446,493,494,-1,446,494,495,-1,495,494,490,-1,492,496,490,-1,490,496,497,-1,490,497,495,-1,498,499,500,-1,500,499,501,-1,502,503,501,-1,501,503,504,-1,501,504,500,-1,502,505,503,-1,503,505,506,-1,503,506,507,-1,508,509,510,-1,510,509,511,-1,504,512,500,-1,500,512,511,-1,500,511,513,-1,513,511,509,-1,514,515,512,-1,516,517,518,-1,519,512,520,-1,520,512,504,-1,520,504,521,-1,521,504,522,-1,519,523,512,-1,512,523,524,-1,512,524,518,-1,525,526,527,-1,517,528,518,-1,518,528,529,-1,518,529,512,-1,512,529,530,-1,512,530,514,-1,525,527,531,-1,516,518,526,-1,526,518,532,-1,526,532,527,-1,527,532,533,-1,527,533,534,-1,535,536,537,-1,538,539,540,-1,531,527,537,-1,537,527,541,-1,537,541,535,-1,533,542,534,-1,534,542,538,-1,534,538,543,-1,543,538,540,-1,544,545,546,-1,546,545,547,-1,548,549,550,-1,551,515,550,-1,550,515,514,-1,550,514,548,-1,521,552,553,-1,553,552,554,-1,550,555,551,-1,551,555,556,-1,551,556,557,-1,557,556,558,-1,559,560,553,-1,561,562,548,-1,563,564,554,-1,554,564,565,-1,554,565,553,-1,553,565,566,-1,553,566,559,-1,567,568,569,-1,569,568,570,-1,521,522,552,-1,552,522,568,-1,552,568,571,-1,571,568,567,-1,561,548,572,-1,573,574,547,-1,547,574,546,-1,575,576,577,-1,560,578,553,-1,553,578,579,-1,553,579,548,-1,548,579,580,-1,548,580,572,-1,562,581,548,-1,548,581,582,-1,548,582,549,-1,549,582,583,-1,549,583,584,-1,573,547,577,-1,577,547,585,-1,577,585,575,-1,584,586,549,-1,549,586,587,-1,549,587,588,-1,588,587,577,-1,588,577,589,-1,589,577,576,-1,563,554,590,-1,590,554,591,-1,590,591,592,-1,574,593,546,-1,546,593,594,-1,546,594,595,-1,595,594,590,-1,592,596,590,-1,590,596,597,-1,590,597,595,-1,598,599,600,-1,600,599,601,-1,600,601,602,-1,602,601,603,-1,602,603,604,-1,604,603,605,-1,604,605,606,-1,606,605,607,-1,608,609,610,-1,610,609,611,-1,602,612,600,-1,600,612,609,-1,600,609,613,-1,613,609,608,-1,614,615,612,-1,616,617,612,-1,618,619,602,-1,602,619,620,-1,602,620,612,-1,612,620,621,-1,612,621,616,-1,622,617,623,-1,623,617,624,-1,623,624,625,-1,622,626,617,-1,617,626,627,-1,617,627,612,-1,612,627,628,-1,612,628,614,-1,629,630,625,-1,625,630,631,-1,625,631,623,-1,632,633,634,-1,635,630,634,-1,634,630,629,-1,634,629,632,-1,636,637,633,-1,633,637,638,-1,633,638,634,-1,639,640,641,-1,635,642,630,-1,630,642,639,-1,630,639,643,-1,643,639,641,-1,644,645,646,-1,646,645,647,-1,648,649,650,-1,651,652,653,-1,653,652,614,-1,654,619,618,-1,648,650,655,-1,656,657,652,-1,652,657,615,-1,652,615,614,-1,656,658,657,-1,657,658,659,-1,657,659,660,-1,661,654,662,-1,662,654,663,-1,664,665,653,-1,664,653,666,-1,667,668,647,-1,669,670,671,-1,671,670,672,-1,671,672,673,-1,673,672,674,-1,673,674,618,-1,618,674,650,-1,618,650,654,-1,654,650,649,-1,654,649,663,-1,647,668,646,-1,665,675,653,-1,653,675,676,-1,653,676,651,-1,651,676,677,-1,651,677,678,-1,661,679,654,-1,654,679,680,-1,654,680,653,-1,653,680,681,-1,653,681,666,-1,678,682,651,-1,651,682,683,-1,651,683,684,-1,684,683,685,-1,686,687,685,-1,685,687,688,-1,685,688,684,-1,689,690,650,-1,650,690,691,-1,650,691,655,-1,689,692,690,-1,690,692,693,-1,690,693,694,-1,668,695,646,-1,646,695,690,-1,646,690,696,-1,696,690,694,-1,667,647,685,-1,685,647,697,-1,685,697,686,-1,698,699,700,-1,699,701,700,-1,700,701,452,-1,700,452,702,-1,448,703,452,-1,452,703,704,-1,452,704,702,-1,705,706,707,-1,706,705,700,-1,700,705,708,-1,700,708,698,-1,709,710,707,-1,707,710,711,-1,707,711,705,-1,712,713,714,-1,715,710,714,-1,714,710,709,-1,714,709,712,-1,716,717,713,-1,713,717,718,-1,713,718,714,-1,719,720,721,-1,715,722,710,-1,710,722,719,-1,710,719,723,-1,723,719,721,-1,715,714,435,-1,435,714,436,-1,350,724,354,-1,354,724,725,-1,354,725,726,-1,727,728,729,-1,727,729,730,-1,726,731,354,-1,354,731,729,-1,354,729,732,-1,732,729,728,-1,733,734,735,-1,735,734,736,-1,735,736,729,-1,729,736,737,-1,729,737,730,-1,738,739,740,-1,733,741,734,-1,734,741,742,-1,734,742,743,-1,744,745,746,-1,733,747,741,-1,741,747,738,-1,741,738,748,-1,748,738,740,-1,743,742,746,-1,746,742,749,-1,746,749,744,-1,742,741,330,-1,330,741,326,-1,750,253,250,-1,751,752,753,-1,750,250,752,-1,752,250,754,-1,752,754,753,-1,755,756,757,-1,755,757,753,-1,753,757,758,-1,753,758,751,-1,759,760,761,-1,762,763,764,-1,756,765,757,-1,757,765,763,-1,757,763,760,-1,760,763,762,-1,760,762,761,-1,766,767,768,-1,764,769,762,-1,762,769,766,-1,762,766,770,-1,770,766,768,-1,771,772,773,-1,761,774,759,-1,759,774,771,-1,759,771,775,-1,775,771,773,-1,761,762,233,-1,233,762,232,-1,553,548,776,-1,776,548,777,-1,778,548,779,-1,778,780,548,-1,548,780,781,-1,548,781,777,-1,779,782,778,-1,778,782,783,-1,778,783,784,-1,785,786,787,-1,788,789,790,-1,784,791,778,-1,778,791,789,-1,778,789,786,-1,786,789,788,-1,786,788,787,-1,792,793,794,-1,790,795,788,-1,788,795,792,-1,788,792,796,-1,796,792,794,-1,797,798,799,-1,787,800,785,-1,785,800,797,-1,785,797,801,-1,801,797,799,-1,787,788,534,-1,534,788,527,-1,802,654,653,-1,803,804,805,-1,802,653,806,-1,803,805,653,-1,653,805,807,-1,653,807,806,-1,804,808,805,-1,805,808,809,-1,805,809,810,-1,811,812,813,-1,813,812,814,-1,813,814,810,-1,810,814,815,-1,810,815,805,-1,816,817,818,-1,811,819,812,-1,812,819,820,-1,812,820,821,-1,822,823,824,-1,811,825,819,-1,819,825,816,-1,819,816,826,-1,826,816,818,-1,821,820,824,-1,824,820,827,-1,824,827,822,-1,820,819,634,-1,634,819,635,-1,828,649,829,-1,829,649,648,-1,829,648,830,-1,830,648,655,-1,830,655,831,-1,831,655,691,-1,831,691,832,-1,832,691,690,-1,832,690,833,-1,833,690,695,-1,833,695,834,-1,834,695,668,-1,834,668,835,-1,835,668,667,-1,835,667,836,-1,836,667,685,-1,836,685,837,-1,837,685,683,-1,837,683,838,-1,838,683,682,-1,838,682,839,-1,839,682,678,-1,839,678,840,-1,840,678,677,-1,840,677,841,-1,841,677,676,-1,841,676,842,-1,842,676,675,-1,842,675,843,-1,843,675,665,-1,843,665,844,-1,844,665,664,-1,844,664,845,-1,845,664,666,-1,845,666,846,-1,846,666,681,-1,846,681,847,-1,847,681,680,-1,847,680,848,-1,848,680,679,-1,848,679,849,-1,849,679,661,-1,849,661,850,-1,850,661,662,-1,850,662,851,-1,851,662,663,-1,851,663,828,-1,828,663,649,-1,852,565,853,-1,853,565,564,-1,853,564,854,-1,854,564,563,-1,854,563,855,-1,855,563,590,-1,855,590,856,-1,856,590,594,-1,856,594,857,-1,857,594,593,-1,857,593,858,-1,858,593,574,-1,858,574,859,-1,859,574,573,-1,859,573,860,-1,860,573,577,-1,860,577,861,-1,861,577,587,-1,861,587,862,-1,862,587,586,-1,862,586,863,-1,863,586,584,-1,863,584,864,-1,864,584,583,-1,864,583,865,-1,865,583,582,-1,865,582,866,-1,866,582,581,-1,866,581,867,-1,867,581,562,-1,867,562,868,-1,868,562,561,-1,868,561,869,-1,869,561,572,-1,869,572,870,-1,870,572,580,-1,870,580,871,-1,871,580,579,-1,871,579,872,-1,872,579,578,-1,872,578,873,-1,873,578,560,-1,873,560,874,-1,874,560,559,-1,874,559,875,-1,875,559,566,-1,875,566,852,-1,852,566,565,-1,876,478,877,-1,877,478,477,-1,877,477,878,-1,878,477,476,-1,878,476,879,-1,879,476,490,-1,879,490,880,-1,880,490,494,-1,880,494,881,-1,881,494,493,-1,881,493,882,-1,882,493,483,-1,882,483,883,-1,883,483,484,-1,883,484,884,-1,884,484,485,-1,884,485,885,-1,885,485,482,-1,885,482,886,-1,886,482,488,-1,886,488,887,-1,887,488,465,-1,887,465,888,-1,888,465,464,-1,888,464,889,-1,889,464,463,-1,889,463,890,-1,890,463,462,-1,890,462,891,-1,891,462,459,-1,891,459,892,-1,892,459,460,-1,892,460,893,-1,893,460,461,-1,893,461,894,-1,894,461,475,-1,894,475,895,-1,895,475,474,-1,895,474,896,-1,896,474,473,-1,896,473,897,-1,897,473,472,-1,897,472,898,-1,898,472,471,-1,898,471,899,-1,899,471,479,-1,899,479,876,-1,876,479,478,-1,900,370,901,-1,901,370,369,-1,901,369,902,-1,902,369,368,-1,902,368,903,-1,903,368,390,-1,903,390,904,-1,904,390,394,-1,904,394,905,-1,905,394,393,-1,905,393,906,-1,906,393,357,-1,906,357,907,-1,907,357,356,-1,907,356,908,-1,908,356,387,-1,908,387,909,-1,909,387,352,-1,909,352,910,-1,910,352,351,-1,910,351,911,-1,911,351,380,-1,911,380,912,-1,912,380,386,-1,912,386,913,-1,913,386,385,-1,913,385,914,-1,914,385,384,-1,914,384,915,-1,915,384,379,-1,915,379,916,-1,916,379,378,-1,916,378,917,-1,917,378,377,-1,917,377,918,-1,918,377,367,-1,918,367,919,-1,919,367,366,-1,919,366,920,-1,920,366,365,-1,920,365,921,-1,921,365,364,-1,921,364,922,-1,922,364,363,-1,922,363,923,-1,923,363,371,-1,923,371,900,-1,900,371,370,-1,924,266,925,-1,925,266,265,-1,925,265,926,-1,926,265,264,-1,926,264,927,-1,927,264,288,-1,927,288,928,-1,928,288,292,-1,928,292,929,-1,929,292,291,-1,929,291,930,-1,930,291,282,-1,930,282,931,-1,931,282,283,-1,931,283,932,-1,932,283,284,-1,932,284,933,-1,933,284,276,-1,933,276,934,-1,934,276,277,-1,934,277,935,-1,935,277,278,-1,935,278,936,-1,936,278,281,-1,936,281,937,-1,937,281,280,-1,937,280,938,-1,938,280,279,-1,938,279,939,-1,939,279,255,-1,939,255,940,-1,940,255,254,-1,940,254,941,-1,941,254,258,-1,941,258,942,-1,942,258,275,-1,942,275,943,-1,943,275,274,-1,943,274,944,-1,944,274,273,-1,944,273,945,-1,945,273,252,-1,945,252,946,-1,946,252,251,-1,946,251,947,-1,947,251,267,-1,947,267,924,-1,924,267,266,-1,650,948,949,-1,650,949,689,-1,689,949,950,-1,689,950,692,-1,692,950,951,-1,692,951,693,-1,693,951,952,-1,693,952,694,-1,694,952,953,-1,694,953,696,-1,696,953,644,-1,696,644,646,-1,647,645,954,-1,647,954,697,-1,697,954,955,-1,697,955,686,-1,686,955,956,-1,686,956,687,-1,687,956,957,-1,687,957,688,-1,688,957,958,-1,688,958,684,-1,684,958,959,-1,684,959,651,-1,554,960,961,-1,554,961,591,-1,591,961,962,-1,591,962,592,-1,592,962,963,-1,592,963,596,-1,596,963,964,-1,596,964,597,-1,597,964,965,-1,597,965,595,-1,595,965,544,-1,595,544,546,-1,547,545,966,-1,547,966,585,-1,585,966,967,-1,585,967,575,-1,575,967,968,-1,575,968,576,-1,576,968,969,-1,576,969,589,-1,589,969,970,-1,589,970,588,-1,588,970,971,-1,588,971,549,-1,257,972,973,-1,257,973,289,-1,289,973,974,-1,289,974,290,-1,290,974,975,-1,290,975,296,-1,296,975,976,-1,296,976,297,-1,297,976,977,-1,297,977,293,-1,293,977,244,-1,293,244,246,-1,247,245,978,-1,247,978,285,-1,285,978,979,-1,285,979,286,-1,286,979,980,-1,286,980,287,-1,287,980,981,-1,287,981,294,-1,294,981,982,-1,294,982,295,-1,295,982,983,-1,295,983,248,-1,355,984,985,-1,355,985,391,-1,391,985,986,-1,391,986,392,-1,392,986,987,-1,392,987,396,-1,396,987,988,-1,396,988,397,-1,397,988,989,-1,397,989,395,-1,395,989,344,-1,395,344,346,-1,347,345,990,-1,347,990,388,-1,388,990,991,-1,388,991,389,-1,389,991,992,-1,389,992,381,-1,381,992,993,-1,381,993,382,-1,382,993,994,-1,382,994,383,-1,383,994,995,-1,383,995,348,-1,453,996,997,-1,453,997,491,-1,491,997,998,-1,491,998,492,-1,492,998,999,-1,492,999,496,-1,496,999,1000,-1,496,1000,497,-1,497,1000,1001,-1,497,1001,495,-1,495,1001,444,-1,495,444,446,-1,447,445,1002,-1,447,1002,486,-1,486,1002,1003,-1,486,1003,487,-1,487,1003,1004,-1,487,1004,480,-1,480,1004,1005,-1,480,1005,481,-1,481,1005,1006,-1,481,1006,489,-1,489,1006,1007,-1,489,1007,449,-1,814,812,625,-1,625,812,629,-1,631,630,813,-1,813,630,811,-1,786,785,532,-1,532,785,533,-1,526,525,789,-1,789,525,790,-1,760,759,220,-1,220,759,234,-1,221,231,763,-1,763,231,764,-1,736,734,331,-1,331,734,332,-1,325,324,735,-1,735,324,733,-1,711,710,429,-1,429,710,427,-1,430,428,707,-1,707,428,709,-1,116,117,84,-1,1008,1009,1010,-1,84,83,116,-1,116,83,1011,-1,116,1011,1012,-1,83,1013,1011,-1,1011,1013,1008,-1,1011,1008,1014,-1,1014,1008,1010,-1,1015,1016,1017,-1,1012,1018,116,-1,116,1018,1015,-1,116,1015,1019,-1,1019,1015,1017,-1,1012,1011,104,-1,104,1011,105,-1,66,68,175,-1,1020,1021,1022,-1,175,170,66,-1,66,170,1023,-1,66,1023,1024,-1,170,1025,1023,-1,1023,1025,1020,-1,1023,1020,1026,-1,1026,1020,1022,-1,1027,1028,1029,-1,1024,1030,66,-1,66,1030,1027,-1,66,1027,1031,-1,1031,1027,1029,-1,186,187,1023,-1,1023,187,1024,-1,
        ]
    }
}
Shape{
    appearance Appearance {
        material  Material 	{
            diffuseColor 1.0 1.0 1.0
            specularColor 0.8784313725490196 0.8784313725490196 0.8784313725490196
            ambientIntensity 1.0
            transparency 0.0
            shininess 0.5
        }
    }
    geometry IndexedFaceSet {
        ccw TRUE
        solid FALSE
        coord DEF co Coordinate {
            point [
                -1.3386 -1.5846 0.2362, -1.3386 -1.1909 0.2362, -1.3386 -1.5846 0.2756, -1.3386 -1.1909 0.2756, -1.811 -1.1909 0.2756, -1.811 -1.1909 0.2362, -1.811 -1.5846 0.2756, -1.811 -1.5846 0.2362, -1.6862 -1.4733 0.2756, -1.6535 -1.4482 0.2756, -1.4961 -1.4482 0.2756, -1.4634 -1.4733 0.2756, -1.4384 -1.5059 0.2756, -1.7269 -1.5438 0.2756, -1.7112 -1.5059 0.2756, -1.6156 -1.4325 0.2756, -1.5748 -1.4271 0.2756, -1.534 -1.4325 0.2756, -1.4227 -1.5438 0.2756, -1.4173 -1.5846 0.2756, -1.3466 -1.6457 0.2756, -1.4227 -1.6254 0.2756, -1.3702 -1.7027 0.2756, -1.4384 -1.6633 0.2756, -1.4078 -1.7516 0.2756, -1.4634 -1.696 0.2756, -1.4567 -1.7892 0.2756, -1.4961 -1.721 0.2756, -1.5137 -1.8128 0.2756, -1.534 -1.7367 0.2756, -1.5748 -1.8208 0.2756, -1.5748 -1.7421 0.2756, -1.6359 -1.8128 0.2756, -1.6156 -1.7367 0.2756, -1.6929 -1.7892 0.2756, -1.6535 -1.721 0.2756, -1.7418 -1.7516 0.2756, -1.6862 -1.696 0.2756, -1.7794 -1.7027 0.2756, -1.7112 -1.6633 0.2756, -1.803 -1.6457 0.2756, -1.7269 -1.6254 0.2756, -1.7323 -1.5846 0.2756, -0.5512 -1.5846 0.2362, -0.5512 -1.1909 0.2362, -0.5512 -1.5846 0.2756, -0.5512 -1.1909 0.2756, -1.0236 -1.1909 0.2756, -1.0236 -1.1909 0.2362, -1.0236 -1.5846 0.2756, -1.0236 -1.5846 0.2362, -0.7466 -1.4325 0.2756, -0.7087 -1.4482 0.2756, -0.676 -1.4733 0.2756, -0.651 -1.5059 0.2756, -0.9395 -1.5438 0.2756, -0.9238 -1.5059 0.2756, -0.8988 -1.4733 0.2756, -0.8661 -1.4482 0.2756, -0.8282 -1.4325 0.2756, -0.7874 -1.4271 0.2756, -0.6353 -1.5438 0.2756, -0.6299 -1.5846 0.2756, -0.5592 -1.6457 0.2756, -0.6353 -1.6254 0.2756, -0.5828 -1.7027 0.2756, -0.651 -1.6633 0.2756, -0.6204 -1.7516 0.2756, -0.676 -1.696 0.2756, -0.6693 -1.7892 0.2756, -0.7087 -1.721 0.2756, -0.7263 -1.8128 0.2756, -0.7466 -1.7367 0.2756, -0.7874 -1.8208 0.2756, -0.7874 -1.7421 0.2756, -0.8485 -1.8128 0.2756, -0.8282 -1.7367 0.2756, -0.9055 -1.7892 0.2756, -0.8661 -1.721 0.2756, -0.9544 -1.7516 0.2756, -0.8988 -1.696 0.2756, -0.992 -1.7027 0.2756, -0.9238 -1.6633 0.2756, -1.0156 -1.6457 0.2756, -0.9395 -1.6254 0.2756, -0.9449 -1.5846 0.2756, 0.2362 -1.5846 0.2362, 0.2362 -1.1909 0.2362, 0.2362 -1.5846 0.2756, 0.2362 -1.1909 0.2756, -0.2362 -1.1909 0.2756, -0.2362 -1.1909 0.2362, -0.2362 -1.5846 0.2756, -0.2362 -1.5846 0.2362, 0.0408 -1.4325 0.2756, 0.0787 -1.4482 0.2756, 0.1114 -1.4733 0.2756, 0.1364 -1.5059 0.2756, -0.1521 -1.5438 0.2756, -0.1364 -1.5059 0.2756, -0.1114 -1.4733 0.2756, -0.0787 -1.4482 0.2756, -0.0408 -1.4325 0.2756, 0.0 -1.4271 0.2756, 0.1521 -1.5438 0.2756, 0.1575 -1.5846 0.2756, 0.2282 -1.6457 0.2756, 0.1521 -1.6254 0.2756, 0.2046 -1.7027 0.2756, 0.1364 -1.6633 0.2756, 0.167 -1.7516 0.2756, 0.1114 -1.696 0.2756, 0.1181 -1.7892 0.2756, 0.0787 -1.721 0.2756, 0.0611 -1.8128 0.2756, 0.0408 -1.7367 0.2756, 0.0 -1.8208 0.2756, 0.0 -1.7421 0.2756, -0.0611 -1.8128 0.2756, -0.0408 -1.7367 0.2756, -0.1181 -1.7892 0.2756, -0.0787 -1.721 0.2756, -0.167 -1.7516 0.2756, -0.1114 -1.696 0.2756, -0.2046 -1.7027 0.2756, -0.1364 -1.6633 0.2756, -0.2282 -1.6457 0.2756, -0.1521 -1.6254 0.2756, -0.1575 -1.5846 0.2756, 1.0236 -1.5846 0.2362, 1.0236 -1.1909 0.2362, 1.0236 -1.5846 0.2756, 1.0236 -1.1909 0.2756, 0.5512 -1.1909 0.2756, 0.5512 -1.1909 0.2362, 0.5512 -1.5846 0.2756, 0.5512 -1.5846 0.2362, 0.8282 -1.4325 0.2756, 0.8661 -1.4482 0.2756, 0.8988 -1.4733 0.2756, 0.9238 -1.5059 0.2756, 0.7466 -1.4325 0.2756, 0.7874 -1.4271 0.2756, 0.6353 -1.5438 0.2756, 0.651 -1.5059 0.2756, 0.676 -1.4733 0.2756, 0.7087 -1.4482 0.2756, 0.9395 -1.5438 0.2756, 0.9449 -1.5846 0.2756, 1.0156 -1.6457 0.2756, 0.9395 -1.6254 0.2756, 0.992 -1.7027 0.2756, 0.9238 -1.6633 0.2756, 0.9544 -1.7516 0.2756, 0.8988 -1.696 0.2756, 0.9055 -1.7892 0.2756, 0.8661 -1.721 0.2756, 0.8485 -1.8128 0.2756, 0.8282 -1.7367 0.2756, 0.7874 -1.8208 0.2756, 0.7874 -1.7421 0.2756, 0.7263 -1.8128 0.2756, 0.7466 -1.7367 0.2756, 0.6693 -1.7892 0.2756, 0.7087 -1.721 0.2756, 0.6204 -1.7516 0.2756, 0.676 -1.696 0.2756, 0.5828 -1.7027 0.2756, 0.651 -1.6633 0.2756, 0.5592 -1.6457 0.2756, 0.6353 -1.6254 0.2756, 0.6299 -1.5846 0.2756, 1.811 -1.5846 0.2362, 1.811 -1.1909 0.2362, 1.811 -1.5846 0.2756, 1.811 -1.1909 0.2756, 1.3386 -1.1909 0.2362, 1.3386 -1.1909 0.2756, 1.7913 -1.1909 0.2362, 1.3386 -1.5846 0.2756, 1.3386 -1.5846 0.2362, 1.7112 -1.5059 0.2756, 1.6156 -1.4325 0.2756, 1.6535 -1.4482 0.2756, 1.6862 -1.4733 0.2756, 1.4227 -1.5438 0.2756, 1.4384 -1.5059 0.2756, 1.4634 -1.4733 0.2756, 1.4961 -1.4482 0.2756, 1.534 -1.4325 0.2756, 1.5748 -1.4271 0.2756, 1.7269 -1.5438 0.2756, 1.7323 -1.5846 0.2756, 1.803 -1.6457 0.2756, 1.7269 -1.6254 0.2756, 1.7794 -1.7027 0.2756, 1.7112 -1.6633 0.2756, 1.7418 -1.7516 0.2756, 1.6862 -1.696 0.2756, 1.6929 -1.7892 0.2756, 1.6535 -1.721 0.2756, 1.6359 -1.8128 0.2756, 1.6156 -1.7367 0.2756, 1.5748 -1.8208 0.2756, 1.5748 -1.7421 0.2756, 1.5137 -1.8128 0.2756, 1.534 -1.7367 0.2756, 1.4567 -1.7892 0.2756, 1.4961 -1.721 0.2756, 1.4078 -1.7516 0.2756, 1.4634 -1.696 0.2756, 1.3702 -1.7027 0.2756, 1.4384 -1.6633 0.2756, 1.3466 -1.6457 0.2756, 1.4227 -1.6254 0.2756, 1.4173 -1.5846 0.2756, 1.6929 -1.5846 0.2362, 1.6902 -1.5537 0.2464, 1.6889 -1.554 0.2362, 1.6783 -1.5249 0.2464, 1.6771 -1.5256 0.2362, 1.6593 -1.5001 0.2464, 1.6583 -1.5011 0.2362, 1.6345 -1.4812 0.2464, 1.6339 -1.4823 0.2362, 1.6057 -1.4692 0.2464, 1.6054 -1.4705 0.2362, 1.5748 -1.4652 0.2464, 1.5748 -1.4665 0.2362, 1.5439 -1.4692 0.2464, 1.5442 -1.4705 0.2362, 1.5151 -1.4812 0.2464, 1.5157 -1.4823 0.2362, 1.4903 -1.5001 0.2464, 1.4913 -1.5011 0.2362, 1.4714 -1.5249 0.2464, 1.4725 -1.5256 0.2362, 1.4594 -1.5537 0.2464, 1.4607 -1.554 0.2362, 1.4554 -1.5846 0.2464, 1.4567 -1.5846 0.2362, 1.4594 -1.6155 0.2464, 1.4607 -1.6152 0.2362, 1.4714 -1.6443 0.2464, 1.4725 -1.6437 0.2362, 1.4903 -1.6691 0.2464, 1.4913 -1.6681 0.2362, 1.5151 -1.6881 0.2464, 1.5157 -1.6869 0.2362, 1.5439 -1.7 0.2464, 1.5442 -1.6987 0.2362, 1.5748 -1.7041 0.2464, 1.5748 -1.7027 0.2362, 1.6057 -1.7 0.2464, 1.6054 -1.6987 0.2362, 1.6345 -1.6881 0.2464, 1.6339 -1.6869 0.2362, 1.6593 -1.6691 0.2464, 1.6583 -1.6681 0.2362, 1.6783 -1.6443 0.2464, 1.6771 -1.6437 0.2362, 1.6902 -1.6155 0.2464, 1.6889 -1.6152 0.2362, 1.6943 -1.5846 0.2464, 1.694 -1.5527 0.2559, 1.6817 -1.5229 0.2559, 1.662 -1.4974 0.2559, 1.6365 -1.4778 0.2559, 1.6067 -1.4654 0.2559, 1.5748 -1.4612 0.2559, 1.5429 -1.4654 0.2559, 1.5131 -1.4778 0.2559, 1.4876 -1.4974 0.2559, 1.4679 -1.5229 0.2559, 1.4556 -1.5527 0.2559, 1.4514 -1.5846 0.2559, 1.4556 -1.6165 0.2559, 1.4679 -1.6463 0.2559, 1.4876 -1.6719 0.2559, 1.5131 -1.6915 0.2559, 1.5429 -1.7038 0.2559, 1.5748 -1.708 0.2559, 1.6067 -1.7038 0.2559, 1.6365 -1.6915 0.2559, 1.662 -1.6719 0.2559, 1.6817 -1.6463 0.2559, 1.694 -1.6165 0.2559, 1.6982 -1.5846 0.2559, 1.7 -1.5511 0.2641, 1.6871 -1.5198 0.2641, 1.6665 -1.4929 0.2641, 1.6396 -1.4723 0.2641, 1.6084 -1.4594 0.2641, 1.5748 -1.455 0.2641, 1.5412 -1.4594 0.2641, 1.51 -1.4723 0.2641, 1.4831 -1.4929 0.2641, 1.4625 -1.5198 0.2641, 1.4496 -1.5511 0.2641, 1.4452 -1.5846 0.2641, 1.4496 -1.6182 0.2641, 1.4625 -1.6494 0.2641, 1.4831 -1.6763 0.2641, 1.51 -1.6969 0.2641, 1.5412 -1.7098 0.2641, 1.5748 -1.7142 0.2641, 1.6084 -1.7098 0.2641, 1.6396 -1.6969 0.2641, 1.6665 -1.6763 0.2641, 1.6871 -1.6494 0.2641, 1.7 -1.6182 0.2641, 1.7044 -1.5846 0.2641, 1.7079 -1.5489 0.2703, 1.6941 -1.5157 0.2703, 1.6722 -1.4872 0.2703, 1.6437 -1.4653 0.2703, 1.6105 -1.4515 0.2703, 1.5748 -1.4468 0.2703, 1.5391 -1.4515 0.2703, 1.5059 -1.4653 0.2703, 1.4774 -1.4872 0.2703, 1.4555 -1.5157 0.2703, 1.4417 -1.5489 0.2703, 1.437 -1.5846 0.2703, 1.4417 -1.6203 0.2703, 1.4555 -1.6535 0.2703, 1.4774 -1.682 0.2703, 1.5059 -1.7039 0.2703, 1.5391 -1.7177 0.2703, 1.5748 -1.7224 0.2703, 1.6105 -1.7177 0.2703, 1.6437 -1.7039 0.2703, 1.6722 -1.682 0.2703, 1.6941 -1.6535 0.2703, 1.7079 -1.6203 0.2703, 1.7126 -1.5846 0.2703, 1.7171 -1.5465 0.2743, 1.7024 -1.511 0.2743, 1.679 -1.4805 0.2743, 1.6484 -1.457 0.2743, 1.6129 -1.4423 0.2743, 1.5748 -1.4373 0.2743, 1.5367 -1.4423 0.2743, 1.5012 -1.457 0.2743, 1.4707 -1.4805 0.2743, 1.4472 -1.511 0.2743, 1.4325 -1.5465 0.2743, 1.4275 -1.5846 0.2743, 1.4325 -1.6227 0.2743, 1.4472 -1.6583 0.2743, 1.4707 -1.6888 0.2743, 1.5012 -1.7122 0.2743, 1.5367 -1.7269 0.2743, 1.5748 -1.7319 0.2743, 1.6129 -1.7269 0.2743, 1.6484 -1.7122 0.2743, 1.679 -1.6888 0.2743, 1.7024 -1.6583 0.2743, 1.7171 -1.6227 0.2743, 1.7221 -1.5846 0.2743, 0.9055 -1.5846 0.2362, 0.9028 -1.5537 0.2464, 0.9015 -1.554 0.2362, 0.8908 -1.5249 0.2464, 0.8897 -1.5256 0.2362, 0.8719 -1.5001 0.2464, 0.8709 -1.5011 0.2362, 0.8471 -1.4812 0.2464, 0.8465 -1.4823 0.2362, 0.8183 -1.4692 0.2464, 0.818 -1.4705 0.2362, 0.7874 -1.4652 0.2464, 0.7874 -1.4665 0.2362, 0.7565 -1.4692 0.2464, 0.7568 -1.4705 0.2362, 0.7277 -1.4812 0.2464, 0.7283 -1.4823 0.2362, 0.7029 -1.5001 0.2464, 0.7039 -1.5011 0.2362, 0.684 -1.5249 0.2464, 0.6851 -1.5256 0.2362, 0.672 -1.5537 0.2464, 0.6733 -1.554 0.2362, 0.668 -1.5846 0.2464, 0.6693 -1.5846 0.2362, 0.672 -1.6155 0.2464, 0.6733 -1.6152 0.2362, 0.684 -1.6443 0.2464, 0.6851 -1.6437 0.2362, 0.7029 -1.6691 0.2464, 0.7039 -1.6681 0.2362, 0.7277 -1.6881 0.2464, 0.7283 -1.6869 0.2362, 0.7565 -1.7 0.2464, 0.7568 -1.6987 0.2362, 0.7874 -1.7041 0.2464, 0.7874 -1.7027 0.2362, 0.8183 -1.7 0.2464, 0.818 -1.6987 0.2362, 0.8471 -1.6881 0.2464, 0.8465 -1.6869 0.2362, 0.8719 -1.6691 0.2464, 0.8709 -1.6681 0.2362, 0.8908 -1.6443 0.2464, 0.8897 -1.6437 0.2362, 0.9028 -1.6155 0.2464, 0.9015 -1.6152 0.2362, 0.9069 -1.5846 0.2464, 0.9066 -1.5527 0.2559, 0.8943 -1.5229 0.2559, 0.8746 -1.4974 0.2559, 0.8491 -1.4778 0.2559, 0.8193 -1.4654 0.2559, 0.7874 -1.4612 0.2559, 0.7555 -1.4654 0.2559, 0.7257 -1.4778 0.2559, 0.7002 -1.4974 0.2559, 0.6805 -1.5229 0.2559, 0.6682 -1.5527 0.2559, 0.664 -1.5846 0.2559, 0.6682 -1.6165 0.2559, 0.6805 -1.6463 0.2559, 0.7002 -1.6719 0.2559, 0.7257 -1.6915 0.2559, 0.7555 -1.7038 0.2559, 0.7874 -1.708 0.2559, 0.8193 -1.7038 0.2559, 0.8491 -1.6915 0.2559, 0.8746 -1.6719 0.2559, 0.8943 -1.6463 0.2559, 0.9066 -1.6165 0.2559, 0.9108 -1.5846 0.2559, 0.9126 -1.5511 0.2641, 0.8997 -1.5198 0.2641, 0.8791 -1.4929 0.2641, 0.8522 -1.4723 0.2641, 0.821 -1.4594 0.2641, 0.7874 -1.455 0.2641, 0.7538 -1.4594 0.2641, 0.7226 -1.4723 0.2641, 0.6957 -1.4929 0.2641, 0.6751 -1.5198 0.2641, 0.6622 -1.5511 0.2641, 0.6578 -1.5846 0.2641, 0.6622 -1.6182 0.2641, 0.6751 -1.6494 0.2641, 0.6957 -1.6763 0.2641, 0.7226 -1.6969 0.2641, 0.7538 -1.7098 0.2641, 0.7874 -1.7142 0.2641, 0.821 -1.7098 0.2641, 0.8522 -1.6969 0.2641, 0.8791 -1.6763 0.2641, 0.8997 -1.6494 0.2641, 0.9126 -1.6182 0.2641, 0.917 -1.5846 0.2641, 0.9205 -1.5489 0.2703, 0.9067 -1.5157 0.2703, 0.8848 -1.4872 0.2703, 0.8563 -1.4653 0.2703, 0.8231 -1.4515 0.2703, 0.7874 -1.4468 0.2703, 0.7517 -1.4515 0.2703, 0.7185 -1.4653 0.2703, 0.69 -1.4872 0.2703, 0.6681 -1.5157 0.2703, 0.6543 -1.5489 0.2703, 0.6496 -1.5846 0.2703, 0.6543 -1.6203 0.2703, 0.6681 -1.6535 0.2703, 0.69 -1.682 0.2703, 0.7185 -1.7039 0.2703, 0.7517 -1.7177 0.2703, 0.7874 -1.7224 0.2703, 0.8231 -1.7177 0.2703, 0.8563 -1.7039 0.2703, 0.8848 -1.682 0.2703, 0.9067 -1.6535 0.2703, 0.9205 -1.6203 0.2703, 0.9252 -1.5846 0.2703, 0.9297 -1.5465 0.2743, 0.915 -1.511 0.2743, 0.8916 -1.4805 0.2743, 0.861 -1.457 0.2743, 0.8255 -1.4423 0.2743, 0.7874 -1.4373 0.2743, 0.7493 -1.4423 0.2743, 0.7138 -1.457 0.2743, 0.6833 -1.4805 0.2743, 0.6598 -1.511 0.2743, 0.6451 -1.5465 0.2743, 0.6401 -1.5846 0.2743, 0.6451 -1.6227 0.2743, 0.6598 -1.6583 0.2743, 0.6833 -1.6888 0.2743, 0.7138 -1.7122 0.2743, 0.7493 -1.7269 0.2743, 0.7874 -1.7319 0.2743, 0.8255 -1.7269 0.2743, 0.861 -1.7122 0.2743, 0.8916 -1.6888 0.2743, 0.915 -1.6583 0.2743, 0.9297 -1.6227 0.2743, 0.9347 -1.5846 0.2743, 0.1181 -1.5846 0.2362, 0.1154 -1.5537 0.2464, 0.1141 -1.554 0.2362, 0.1034 -1.5249 0.2464, 0.1023 -1.5256 0.2362, 0.0845 -1.5001 0.2464, 0.0835 -1.5011 0.2362, 0.0597 -1.4812 0.2464, 0.0591 -1.4823 0.2362, 0.0309 -1.4692 0.2464, 0.0306 -1.4705 0.2362, 0.0 -1.4652 0.2464, 0.0 -1.4665 0.2362, -0.0309 -1.4692 0.2464, -0.0306 -1.4705 0.2362, -0.0597 -1.4812 0.2464, -0.0591 -1.4823 0.2362, -0.0845 -1.5001 0.2464, -0.0835 -1.5011 0.2362, -0.1034 -1.5249 0.2464, -0.1023 -1.5256 0.2362, -0.1154 -1.5537 0.2464, -0.1141 -1.554 0.2362, -0.1195 -1.5846 0.2464, -0.1181 -1.5846 0.2362, -0.1154 -1.6155 0.2464, -0.1141 -1.6152 0.2362, -0.1034 -1.6443 0.2464, -0.1023 -1.6437 0.2362, -0.0845 -1.6691 0.2464, -0.0835 -1.6681 0.2362, -0.0597 -1.6881 0.2464, -0.0591 -1.6869 0.2362, -0.0309 -1.7 0.2464, -0.0306 -1.6987 0.2362, 0.0 -1.7041 0.2464, 0.0 -1.7027 0.2362, 0.0309 -1.7 0.2464, 0.0306 -1.6987 0.2362, 0.0597 -1.6881 0.2464, 0.0591 -1.6869 0.2362, 0.0845 -1.6691 0.2464, 0.0835 -1.6681 0.2362, 0.1034 -1.6443 0.2464, 0.1023 -1.6437 0.2362, 0.1154 -1.6155 0.2464, 0.1141 -1.6152 0.2362, 0.1195 -1.5846 0.2464, 0.1192 -1.5527 0.2559, 0.1069 -1.5229 0.2559, 0.0872 -1.4974 0.2559, 0.0617 -1.4778 0.2559, 0.0319 -1.4654 0.2559, 0.0 -1.4612 0.2559, -0.0319 -1.4654 0.2559, -0.0617 -1.4778 0.2559, -0.0872 -1.4974 0.2559, -0.1069 -1.5229 0.2559, -0.1192 -1.5527 0.2559, -0.1234 -1.5846 0.2559, -0.1192 -1.6165 0.2559, -0.1069 -1.6463 0.2559, -0.0872 -1.6719 0.2559, -0.0617 -1.6915 0.2559, -0.0319 -1.7038 0.2559, 0.0 -1.708 0.2559, 0.0319 -1.7038 0.2559, 0.0617 -1.6915 0.2559, 0.0872 -1.6719 0.2559, 0.1069 -1.6463 0.2559, 0.1192 -1.6165 0.2559, 0.1234 -1.5846 0.2559, 0.1252 -1.5511 0.2641, 0.1123 -1.5198 0.2641, 0.0917 -1.4929 0.2641, 0.0648 -1.4723 0.2641, 0.0336 -1.4594 0.2641, 0.0 -1.455 0.2641, -0.0336 -1.4594 0.2641, -0.0648 -1.4723 0.2641, -0.0917 -1.4929 0.2641, -0.1123 -1.5198 0.2641, -0.1252 -1.5511 0.2641, -0.1296 -1.5846 0.2641, -0.1252 -1.6182 0.2641, -0.1123 -1.6494 0.2641, -0.0917 -1.6763 0.2641, -0.0648 -1.6969 0.2641, -0.0336 -1.7098 0.2641, 0.0 -1.7142 0.2641, 0.0336 -1.7098 0.2641, 0.0648 -1.6969 0.2641, 0.0917 -1.6763 0.2641, 0.1123 -1.6494 0.2641, 0.1252 -1.6182 0.2641, 0.1296 -1.5846 0.2641, 0.1331 -1.5489 0.2703, 0.1193 -1.5157 0.2703, 0.0974 -1.4872 0.2703, 0.0689 -1.4653 0.2703, 0.0357 -1.4515 0.2703, 0.0 -1.4468 0.2703, -0.0357 -1.4515 0.2703, -0.0689 -1.4653 0.2703, -0.0974 -1.4872 0.2703, -0.1193 -1.5157 0.2703, -0.1331 -1.5489 0.2703, -0.1378 -1.5846 0.2703, -0.1331 -1.6203 0.2703, -0.1193 -1.6535 0.2703, -0.0974 -1.682 0.2703, -0.0689 -1.7039 0.2703, -0.0357 -1.7177 0.2703, 0.0 -1.7224 0.2703, 0.0357 -1.7177 0.2703, 0.0689 -1.7039 0.2703, 0.0974 -1.682 0.2703, 0.1193 -1.6535 0.2703, 0.1331 -1.6203 0.2703, 0.1378 -1.5846 0.2703, 0.1423 -1.5465 0.2743, 0.1276 -1.511 0.2743, 0.1042 -1.4805 0.2743, 0.0736 -1.457 0.2743, 0.0381 -1.4423 0.2743, 0.0 -1.4373 0.2743, -0.0381 -1.4423 0.2743, -0.0736 -1.457 0.2743, -0.1042 -1.4805 0.2743, -0.1276 -1.511 0.2743, -0.1423 -1.5465 0.2743, -0.1473 -1.5846 0.2743, -0.1423 -1.6227 0.2743, -0.1276 -1.6583 0.2743, -0.1042 -1.6888 0.2743, -0.0736 -1.7122 0.2743, -0.0381 -1.7269 0.2743, 0.0 -1.7319 0.2743, 0.0381 -1.7269 0.2743, 0.0736 -1.7122 0.2743, 0.1042 -1.6888 0.2743, 0.1276 -1.6583 0.2743, 0.1423 -1.6227 0.2743, 0.1473 -1.5846 0.2743, -0.6693 -1.5846 0.2362, -0.672 -1.5537 0.2464, -0.6733 -1.554 0.2362, -0.684 -1.5249 0.2464, -0.6851 -1.5256 0.2362, -0.7029 -1.5001 0.2464, -0.7039 -1.5011 0.2362, -0.7277 -1.4812 0.2464, -0.7283 -1.4823 0.2362, -0.7565 -1.4692 0.2464, -0.7568 -1.4705 0.2362, -0.7874 -1.4652 0.2464, -0.7874 -1.4665 0.2362, -0.8183 -1.4692 0.2464, -0.818 -1.4705 0.2362, -0.8471 -1.4812 0.2464, -0.8465 -1.4823 0.2362, -0.8719 -1.5001 0.2464, -0.8709 -1.5011 0.2362, -0.8908 -1.5249 0.2464, -0.8897 -1.5256 0.2362, -0.9028 -1.5537 0.2464, -0.9015 -1.554 0.2362, -0.9069 -1.5846 0.2464, -0.9055 -1.5846 0.2362, -0.9028 -1.6155 0.2464, -0.9015 -1.6152 0.2362, -0.8908 -1.6443 0.2464, -0.8897 -1.6437 0.2362, -0.8719 -1.6691 0.2464, -0.8709 -1.6681 0.2362, -0.8471 -1.6881 0.2464, -0.8465 -1.6869 0.2362, -0.8183 -1.7 0.2464, -0.818 -1.6987 0.2362, -0.7874 -1.7041 0.2464, -0.7874 -1.7027 0.2362, -0.7565 -1.7 0.2464, -0.7568 -1.6987 0.2362, -0.7277 -1.6881 0.2464, -0.7283 -1.6869 0.2362, -0.7029 -1.6691 0.2464, -0.7039 -1.6681 0.2362, -0.684 -1.6443 0.2464, -0.6851 -1.6437 0.2362, -0.672 -1.6155 0.2464, -0.6733 -1.6152 0.2362, -0.668 -1.5846 0.2464, -0.6682 -1.5527 0.2559, -0.6805 -1.5229 0.2559, -0.7002 -1.4974 0.2559, -0.7257 -1.4778 0.2559, -0.7555 -1.4654 0.2559, -0.7874 -1.4612 0.2559, -0.8193 -1.4654 0.2559, -0.8491 -1.4778 0.2559, -0.8746 -1.4974 0.2559, -0.8943 -1.5229 0.2559, -0.9066 -1.5527 0.2559, -0.9108 -1.5846 0.2559, -0.9066 -1.6165 0.2559, -0.8943 -1.6463 0.2559, -0.8746 -1.6719 0.2559, -0.8491 -1.6915 0.2559, -0.8193 -1.7038 0.2559, -0.7874 -1.708 0.2559, -0.7555 -1.7038 0.2559, -0.7257 -1.6915 0.2559, -0.7002 -1.6719 0.2559, -0.6805 -1.6463 0.2559, -0.6682 -1.6165 0.2559, -0.664 -1.5846 0.2559, -0.6622 -1.5511 0.2641, -0.6751 -1.5198 0.2641, -0.6957 -1.4929 0.2641, -0.7226 -1.4723 0.2641, -0.7538 -1.4594 0.2641, -0.7874 -1.455 0.2641, -0.821 -1.4594 0.2641, -0.8522 -1.4723 0.2641, -0.8791 -1.4929 0.2641, -0.8997 -1.5198 0.2641, -0.9126 -1.5511 0.2641, -0.917 -1.5846 0.2641, -0.9126 -1.6182 0.2641, -0.8997 -1.6494 0.2641, -0.8791 -1.6763 0.2641, -0.8522 -1.6969 0.2641, -0.821 -1.7098 0.2641, -0.7874 -1.7142 0.2641, -0.7538 -1.7098 0.2641, -0.7226 -1.6969 0.2641, -0.6957 -1.6763 0.2641, -0.6751 -1.6494 0.2641, -0.6622 -1.6182 0.2641, -0.6578 -1.5846 0.2641, -0.6543 -1.5489 0.2703, -0.6681 -1.5157 0.2703, -0.69 -1.4872 0.2703, -0.7185 -1.4653 0.2703, -0.7517 -1.4515 0.2703, -0.7874 -1.4468 0.2703, -0.8231 -1.4515 0.2703, -0.8563 -1.4653 0.2703, -0.8848 -1.4872 0.2703, -0.9067 -1.5157 0.2703, -0.9205 -1.5489 0.2703, -0.9252 -1.5846 0.2703, -0.9205 -1.6203 0.2703, -0.9067 -1.6535 0.2703, -0.8848 -1.682 0.2703, -0.8563 -1.7039 0.2703, -0.8231 -1.7177 0.2703, -0.7874 -1.7224 0.2703, -0.7517 -1.7177 0.2703, -0.7185 -1.7039 0.2703, -0.69 -1.682 0.2703, -0.6681 -1.6535 0.2703, -0.6543 -1.6203 0.2703, -0.6496 -1.5846 0.2703, -0.6451 -1.5465 0.2743, -0.6598 -1.511 0.2743, -0.6833 -1.4805 0.2743, -0.7138 -1.457 0.2743, -0.7493 -1.4423 0.2743, -0.7874 -1.4373 0.2743, -0.8255 -1.4423 0.2743, -0.861 -1.457 0.2743, -0.8916 -1.4805 0.2743, -0.915 -1.511 0.2743, -0.9297 -1.5465 0.2743, -0.9347 -1.5846 0.2743, -0.9297 -1.6227 0.2743, -0.915 -1.6583 0.2743, -0.8916 -1.6888 0.2743, -0.861 -1.7122 0.2743, -0.8255 -1.7269 0.2743, -0.7874 -1.7319 0.2743, -0.7493 -1.7269 0.2743, -0.7138 -1.7122 0.2743, -0.6833 -1.6888 0.2743, -0.6598 -1.6583 0.2743, -0.6451 -1.6227 0.2743, -0.6401 -1.5846 0.2743, -1.4567 -1.5846 0.2362, -1.4594 -1.5537 0.2464, -1.4607 -1.554 0.2362, -1.4714 -1.5249 0.2464, -1.4725 -1.5256 0.2362, -1.4903 -1.5001 0.2464, -1.4913 -1.5011 0.2362, -1.5151 -1.4812 0.2464, -1.5157 -1.4823 0.2362, -1.5439 -1.4692 0.2464, -1.5442 -1.4705 0.2362, -1.5748 -1.4652 0.2464, -1.5748 -1.4665 0.2362, -1.6057 -1.4692 0.2464, -1.6054 -1.4705 0.2362, -1.6345 -1.4812 0.2464, -1.6339 -1.4823 0.2362, -1.6593 -1.5001 0.2464, -1.6583 -1.5011 0.2362, -1.6783 -1.5249 0.2464, -1.6771 -1.5256 0.2362, -1.6902 -1.5537 0.2464, -1.6889 -1.554 0.2362, -1.6943 -1.5846 0.2464, -1.6929 -1.5846 0.2362, -1.6902 -1.6155 0.2464, -1.6889 -1.6152 0.2362, -1.6783 -1.6443 0.2464, -1.6771 -1.6437 0.2362, -1.6593 -1.6691 0.2464, -1.6583 -1.6681 0.2362, -1.6345 -1.6881 0.2464, -1.6339 -1.6869 0.2362, -1.6057 -1.7 0.2464, -1.6054 -1.6987 0.2362, -1.5748 -1.7041 0.2464, -1.5748 -1.7027 0.2362, -1.5439 -1.7 0.2464, -1.5442 -1.6987 0.2362, -1.5151 -1.6881 0.2464, -1.5157 -1.6869 0.2362, -1.4903 -1.6691 0.2464, -1.4913 -1.6681 0.2362, -1.4714 -1.6443 0.2464, -1.4725 -1.6437 0.2362, -1.4594 -1.6155 0.2464, -1.4607 -1.6152 0.2362, -1.4554 -1.5846 0.2464, -1.4556 -1.5527 0.2559, -1.4679 -1.5229 0.2559, -1.4876 -1.4974 0.2559, -1.5131 -1.4778 0.2559, -1.5429 -1.4654 0.2559, -1.5748 -1.4612 0.2559, -1.6067 -1.4654 0.2559, -1.6365 -1.4778 0.2559, -1.662 -1.4974 0.2559, -1.6817 -1.5229 0.2559, -1.694 -1.5527 0.2559, -1.6982 -1.5846 0.2559, -1.694 -1.6165 0.2559, -1.6817 -1.6463 0.2559, -1.662 -1.6719 0.2559, -1.6365 -1.6915 0.2559, -1.6067 -1.7038 0.2559, -1.5748 -1.708 0.2559, -1.5429 -1.7038 0.2559, -1.5131 -1.6915 0.2559, -1.4876 -1.6719 0.2559, -1.4679 -1.6463 0.2559, -1.4556 -1.6165 0.2559, -1.4514 -1.5846 0.2559, -1.4496 -1.5511 0.2641, -1.4625 -1.5198 0.2641, -1.4831 -1.4929 0.2641, -1.51 -1.4723 0.2641, -1.5412 -1.4594 0.2641, -1.5748 -1.455 0.2641, -1.6084 -1.4594 0.2641, -1.6396 -1.4723 0.2641, -1.6665 -1.4929 0.2641, -1.6871 -1.5198 0.2641, -1.7 -1.5511 0.2641, -1.7044 -1.5846 0.2641, -1.7 -1.6182 0.2641, -1.6871 -1.6494 0.2641, -1.6665 -1.6763 0.2641, -1.6396 -1.6969 0.2641, -1.6084 -1.7098 0.2641, -1.5748 -1.7142 0.2641, -1.5412 -1.7098 0.2641, -1.51 -1.6969 0.2641, -1.4831 -1.6763 0.2641, -1.4625 -1.6494 0.2641, -1.4496 -1.6182 0.2641, -1.4452 -1.5846 0.2641, -1.4417 -1.5489 0.2703, -1.4555 -1.5157 0.2703, -1.4774 -1.4872 0.2703, -1.5059 -1.4653 0.2703, -1.5391 -1.4515 0.2703, -1.5748 -1.4468 0.2703, -1.6105 -1.4515 0.2703, -1.6437 -1.4653 0.2703, -1.6722 -1.4872 0.2703, -1.6941 -1.5157 0.2703, -1.7079 -1.5489 0.2703, -1.7126 -1.5846 0.2703, -1.7079 -1.6203 0.2703, -1.6941 -1.6535 0.2703, -1.6722 -1.682 0.2703, -1.6437 -1.7039 0.2703, -1.6105 -1.7177 0.2703, -1.5748 -1.7224 0.2703, -1.5391 -1.7177 0.2703, -1.5059 -1.7039 0.2703, -1.4774 -1.682 0.2703, -1.4555 -1.6535 0.2703, -1.4417 -1.6203 0.2703, -1.437 -1.5846 0.2703, -1.4325 -1.5465 0.2743, -1.4472 -1.511 0.2743, -1.4707 -1.4805 0.2743, -1.5012 -1.457 0.2743, -1.5367 -1.4423 0.2743, -1.5748 -1.4373 0.2743, -1.6129 -1.4423 0.2743, -1.6484 -1.457 0.2743, -1.679 -1.4805 0.2743, -1.7024 -1.511 0.2743, -1.7171 -1.5465 0.2743, -1.7221 -1.5846 0.2743, -1.7171 -1.6227 0.2743, -1.7024 -1.6583 0.2743, -1.679 -1.6888 0.2743, -1.6484 -1.7122 0.2743, -1.6129 -1.7269 0.2743, -1.5748 -1.7319 0.2743, -1.5367 -1.7269 0.2743, -1.5012 -1.7122 0.2743, -1.4707 -1.6888 0.2743, -1.4472 -1.6583 0.2743, -1.4325 -1.6227 0.2743, -1.4275 -1.5846 0.2743, 1.3466 -1.6457 0.2362, 1.3702 -1.7027 0.2362, 1.4078 -1.7516 0.2362, 1.4567 -1.7892 0.2362, 1.5137 -1.8128 0.2362, 1.5748 -1.8208 0.2362, 1.7794 -1.7027 0.2362, 1.7913 -1.6738 0.2362, 1.803 -1.6457 0.2362, 1.7418 -1.7516 0.2362, 1.6929 -1.7892 0.2362, 1.6359 -1.8128 0.2362, 0.5592 -1.6457 0.2362, 0.5828 -1.7027 0.2362, 0.6204 -1.7516 0.2362, 0.6693 -1.7892 0.2362, 0.7263 -1.8128 0.2362, 0.7874 -1.8208 0.2362, 1.0156 -1.6457 0.2362, 0.992 -1.7027 0.2362, 0.9544 -1.7516 0.2362, 0.9055 -1.7892 0.2362, 0.8485 -1.8128 0.2362, -0.2282 -1.6457 0.2362, -0.2046 -1.7027 0.2362, -0.167 -1.7516 0.2362, -0.1181 -1.7892 0.2362, -0.0611 -1.8128 0.2362, 0.0 -1.8208 0.2362, 0.2282 -1.6457 0.2362, 0.2046 -1.7027 0.2362, 0.167 -1.7516 0.2362, 0.1181 -1.7892 0.2362, 0.0611 -1.8128 0.2362, -1.0156 -1.6457 0.2362, -0.992 -1.7027 0.2362, -0.9544 -1.7516 0.2362, -0.9055 -1.7892 0.2362, -0.8485 -1.8128 0.2362, -0.7874 -1.8208 0.2362, -0.5592 -1.6457 0.2362, -0.5828 -1.7027 0.2362, -0.6204 -1.7516 0.2362, -0.6693 -1.7892 0.2362, -0.7263 -1.8128 0.2362, -1.3466 -1.6457 0.2362, -1.3702 -1.7027 0.2362, -1.4078 -1.7516 0.2362, -1.4567 -1.7892 0.2362, -1.5137 -1.8128 0.2362, -1.5748 -1.8208 0.2362, -1.803 -1.6457 0.2362, -1.7794 -1.7027 0.2362, -1.7418 -1.7516 0.2362, -1.6929 -1.7892 0.2362, -1.6359 -1.8128 0.2362, -0.0984 0.9941 0.2362, -0.0984 0.9941 0.0394, -0.0951 1.0196 0.2362, -0.0951 1.0196 0.0394, -0.0852 1.0433 0.2362, -0.0852 1.0433 0.0394, -0.0696 1.0637 0.2362, -0.0696 1.0637 0.0394, -0.0492 1.0794 0.2362, -0.0492 1.0794 0.0394, -0.0255 1.0892 0.2362, -0.0255 1.0892 0.0394, 0.0 1.0926 0.2362, 0.0 1.0926 0.0394, 0.0255 1.0892 0.2362, 0.0255 1.0892 0.0394, 0.0492 1.0794 0.2362, 0.0492 1.0794 0.0394, 0.0696 1.0637 0.2362, 0.0696 1.0637 0.0394, 0.0852 1.0433 0.2362, 0.0852 1.0433 0.0394, 0.0951 1.0196 0.2362, 0.0951 1.0196 0.0394, 0.0984 0.9941 0.2362, 0.0984 0.9941 0.0394, 0.0951 0.9687 0.2362, 0.0951 0.9687 0.0394, 0.0852 0.9449 0.2362, 0.0852 0.9449 0.0394, 0.0696 0.9245 0.2362, 0.0696 0.9245 0.0394, 0.0492 0.9089 0.2362, 0.0492 0.9089 0.0394, 0.0255 0.8991 0.2362, 0.0255 0.8991 0.0394, 0.0 0.8957 0.2362, 0.0 0.8957 0.0394, -0.0255 0.8991 0.2362, -0.0255 0.8991 0.0394, -0.0492 0.9089 0.2362, -0.0492 0.9089 0.0394, -0.0696 0.9245 0.2362, -0.0696 0.9245 0.0394, -0.0852 0.9449 0.2362, -0.0852 0.9449 0.0394, -0.0951 0.9687 0.2362, -0.0951 0.9687 0.0394, 0.0 0.9941 0.2362
            ]
        }
        coordIndex [
            0,1,2,-1,2,1,3,-1,4,3,5,-1,5,3,1,-1,6,4,7,-1,7,4,5,-1,4,8,9,-1,10,11,3,-1,3,11,12,-1,3,12,2,-1,6,13,4,-1,4,13,14,-1,4,14,8,-1,9,15,4,-1,4,15,16,-1,4,16,3,-1,3,16,17,-1,3,17,10,-1,12,18,2,-1,2,18,19,-1,2,19,20,-1,20,19,21,-1,20,21,22,-1,22,21,23,-1,22,23,24,-1,24,23,25,-1,24,25,26,-1,26,25,27,-1,26,27,28,-1,28,27,29,-1,28,29,30,-1,30,29,31,-1,30,31,32,-1,32,31,33,-1,32,33,34,-1,34,33,35,-1,34,35,36,-1,36,35,37,-1,36,37,38,-1,38,37,39,-1,38,39,40,-1,40,39,41,-1,40,41,6,-1,6,41,42,-1,6,42,13,-1,43,44,45,-1,45,44,46,-1,47,46,48,-1,48,46,44,-1,49,47,50,-1,50,47,48,-1,46,51,52,-1,52,53,46,-1,46,53,54,-1,46,54,45,-1,49,55,47,-1,47,55,56,-1,47,56,57,-1,57,58,47,-1,47,58,59,-1,47,59,46,-1,46,59,60,-1,46,60,51,-1,54,61,45,-1,45,61,62,-1,45,62,63,-1,63,62,64,-1,63,64,65,-1,65,64,66,-1,65,66,67,-1,67,66,68,-1,67,68,69,-1,69,68,70,-1,69,70,71,-1,71,70,72,-1,71,72,73,-1,73,72,74,-1,73,74,75,-1,75,74,76,-1,75,76,77,-1,77,76,78,-1,77,78,79,-1,79,78,80,-1,79,80,81,-1,81,80,82,-1,81,82,83,-1,83,82,84,-1,83,84,49,-1,49,84,85,-1,49,85,55,-1,86,87,88,-1,88,87,89,-1,90,89,91,-1,91,89,87,-1,92,90,93,-1,93,90,91,-1,89,94,95,-1,95,96,89,-1,89,96,97,-1,89,97,88,-1,92,98,90,-1,90,98,99,-1,90,99,100,-1,100,101,90,-1,90,101,102,-1,90,102,89,-1,89,102,103,-1,89,103,94,-1,97,104,88,-1,88,104,105,-1,88,105,106,-1,106,105,107,-1,106,107,108,-1,108,107,109,-1,108,109,110,-1,110,109,111,-1,110,111,112,-1,112,111,113,-1,112,113,114,-1,114,113,115,-1,114,115,116,-1,116,115,117,-1,116,117,118,-1,118,117,119,-1,118,119,120,-1,120,119,121,-1,120,121,122,-1,122,121,123,-1,122,123,124,-1,124,123,125,-1,124,125,126,-1,126,125,127,-1,126,127,92,-1,92,127,128,-1,92,128,98,-1,129,130,131,-1,131,130,132,-1,133,132,134,-1,134,132,130,-1,135,133,136,-1,136,133,134,-1,137,138,132,-1,138,139,132,-1,132,139,140,-1,132,140,131,-1,133,141,132,-1,132,141,142,-1,132,142,137,-1,135,143,133,-1,133,143,144,-1,144,145,133,-1,133,145,146,-1,133,146,141,-1,140,147,131,-1,131,147,148,-1,131,148,149,-1,149,148,150,-1,149,150,151,-1,151,150,152,-1,151,152,153,-1,153,152,154,-1,153,154,155,-1,155,154,156,-1,155,156,157,-1,157,156,158,-1,157,158,159,-1,159,158,160,-1,159,160,161,-1,161,160,162,-1,161,162,163,-1,163,162,164,-1,163,164,165,-1,165,164,166,-1,165,166,167,-1,167,166,168,-1,167,168,169,-1,169,168,170,-1,169,170,135,-1,135,170,171,-1,135,171,143,-1,172,173,174,-1,174,173,175,-1,176,177,178,-1,178,177,175,-1,178,175,173,-1,179,177,180,-1,180,177,176,-1,174,175,181,-1,182,183,175,-1,175,183,184,-1,175,184,181,-1,179,185,177,-1,177,185,186,-1,177,186,187,-1,187,188,177,-1,177,188,189,-1,177,189,175,-1,175,189,190,-1,175,190,182,-1,181,191,174,-1,174,191,192,-1,174,192,193,-1,193,192,194,-1,193,194,195,-1,195,194,196,-1,195,196,197,-1,197,196,198,-1,197,198,199,-1,199,198,200,-1,199,200,201,-1,201,200,202,-1,201,202,203,-1,203,202,204,-1,203,204,205,-1,205,204,206,-1,205,206,207,-1,207,206,208,-1,207,208,209,-1,209,208,210,-1,209,210,211,-1,211,210,212,-1,211,212,213,-1,213,212,214,-1,213,214,179,-1,179,214,215,-1,179,215,185,-1,216,217,218,-1,218,217,219,-1,218,219,220,-1,220,219,221,-1,220,221,222,-1,222,221,223,-1,222,223,224,-1,224,223,225,-1,224,225,226,-1,226,225,227,-1,226,227,228,-1,228,227,229,-1,228,229,230,-1,230,229,231,-1,230,231,232,-1,232,231,233,-1,232,233,234,-1,234,233,235,-1,234,235,236,-1,236,235,237,-1,236,237,238,-1,238,237,239,-1,238,239,240,-1,240,239,241,-1,240,241,242,-1,242,241,243,-1,242,243,244,-1,244,243,245,-1,244,245,246,-1,246,245,247,-1,246,247,248,-1,248,247,249,-1,248,249,250,-1,250,249,251,-1,250,251,252,-1,252,251,253,-1,252,253,254,-1,254,253,255,-1,254,255,256,-1,256,255,257,-1,256,257,258,-1,258,257,259,-1,258,259,260,-1,260,259,261,-1,260,261,262,-1,262,261,263,-1,262,263,216,-1,216,263,217,-1,263,264,217,-1,217,264,265,-1,217,265,219,-1,219,265,266,-1,219,266,221,-1,221,266,267,-1,221,267,223,-1,223,267,268,-1,223,268,225,-1,225,268,269,-1,225,269,227,-1,227,269,270,-1,227,270,229,-1,229,270,271,-1,229,271,231,-1,231,271,272,-1,231,272,233,-1,233,272,273,-1,233,273,235,-1,235,273,274,-1,235,274,237,-1,237,274,275,-1,237,275,239,-1,239,275,276,-1,239,276,241,-1,241,276,277,-1,241,277,243,-1,243,277,278,-1,243,278,245,-1,245,278,279,-1,245,279,247,-1,247,279,280,-1,247,280,249,-1,249,280,281,-1,249,281,251,-1,251,281,282,-1,251,282,253,-1,253,282,283,-1,253,283,255,-1,255,283,284,-1,255,284,257,-1,257,284,285,-1,257,285,259,-1,259,285,286,-1,259,286,261,-1,261,286,287,-1,261,287,263,-1,263,287,264,-1,287,288,264,-1,264,288,289,-1,264,289,265,-1,265,289,290,-1,265,290,266,-1,266,290,291,-1,266,291,267,-1,267,291,292,-1,267,292,268,-1,268,292,293,-1,268,293,269,-1,269,293,294,-1,269,294,270,-1,270,294,295,-1,270,295,271,-1,271,295,296,-1,271,296,272,-1,272,296,297,-1,272,297,273,-1,273,297,298,-1,273,298,274,-1,274,298,299,-1,274,299,275,-1,275,299,300,-1,275,300,276,-1,276,300,301,-1,276,301,277,-1,277,301,302,-1,277,302,278,-1,278,302,303,-1,278,303,279,-1,279,303,304,-1,279,304,280,-1,280,304,305,-1,280,305,281,-1,281,305,306,-1,281,306,282,-1,282,306,307,-1,282,307,283,-1,283,307,308,-1,283,308,284,-1,284,308,309,-1,284,309,285,-1,285,309,310,-1,285,310,286,-1,286,310,311,-1,286,311,287,-1,287,311,288,-1,311,312,288,-1,288,312,313,-1,288,313,289,-1,289,313,314,-1,289,314,290,-1,290,314,315,-1,290,315,291,-1,291,315,316,-1,291,316,292,-1,292,316,317,-1,292,317,293,-1,293,317,318,-1,293,318,294,-1,294,318,319,-1,294,319,295,-1,295,319,320,-1,295,320,296,-1,296,320,321,-1,296,321,297,-1,297,321,322,-1,297,322,298,-1,298,322,323,-1,298,323,299,-1,299,323,324,-1,299,324,300,-1,300,324,325,-1,300,325,301,-1,301,325,326,-1,301,326,302,-1,302,326,327,-1,302,327,303,-1,303,327,328,-1,303,328,304,-1,304,328,329,-1,304,329,305,-1,305,329,330,-1,305,330,306,-1,306,330,331,-1,306,331,307,-1,307,331,332,-1,307,332,308,-1,308,332,333,-1,308,333,309,-1,309,333,334,-1,309,334,310,-1,310,334,335,-1,310,335,311,-1,311,335,312,-1,335,336,312,-1,312,336,337,-1,312,337,313,-1,313,337,338,-1,313,338,314,-1,314,338,339,-1,314,339,315,-1,315,339,340,-1,315,340,316,-1,316,340,341,-1,316,341,317,-1,317,341,342,-1,317,342,318,-1,318,342,343,-1,318,343,319,-1,319,343,344,-1,319,344,320,-1,320,344,345,-1,320,345,321,-1,321,345,346,-1,321,346,322,-1,322,346,347,-1,322,347,323,-1,323,347,348,-1,323,348,324,-1,324,348,349,-1,324,349,325,-1,325,349,350,-1,325,350,326,-1,326,350,351,-1,326,351,327,-1,327,351,352,-1,327,352,328,-1,328,352,353,-1,328,353,329,-1,329,353,354,-1,329,354,330,-1,330,354,355,-1,330,355,331,-1,331,355,356,-1,331,356,332,-1,332,356,357,-1,332,357,333,-1,333,357,358,-1,333,358,334,-1,334,358,359,-1,334,359,335,-1,335,359,336,-1,359,191,336,-1,336,191,181,-1,336,181,337,-1,337,181,184,-1,337,184,338,-1,338,184,183,-1,338,183,339,-1,339,183,182,-1,339,182,340,-1,340,182,190,-1,340,190,341,-1,341,190,189,-1,341,189,342,-1,342,189,188,-1,342,188,343,-1,343,188,187,-1,343,187,344,-1,344,187,186,-1,344,186,345,-1,345,186,185,-1,345,185,346,-1,346,185,215,-1,346,215,347,-1,347,215,214,-1,347,214,348,-1,348,214,212,-1,348,212,349,-1,349,212,210,-1,349,210,350,-1,350,210,208,-1,350,208,351,-1,351,208,206,-1,351,206,352,-1,352,206,204,-1,352,204,353,-1,353,204,202,-1,353,202,354,-1,354,202,200,-1,354,200,355,-1,355,200,198,-1,355,198,356,-1,356,198,196,-1,356,196,357,-1,357,196,194,-1,357,194,358,-1,358,194,192,-1,358,192,359,-1,359,192,191,-1,360,361,362,-1,362,361,363,-1,362,363,364,-1,364,363,365,-1,364,365,366,-1,366,365,367,-1,366,367,368,-1,368,367,369,-1,368,369,370,-1,370,369,371,-1,370,371,372,-1,372,371,373,-1,372,373,374,-1,374,373,375,-1,374,375,376,-1,376,375,377,-1,376,377,378,-1,378,377,379,-1,378,379,380,-1,380,379,381,-1,380,381,382,-1,382,381,383,-1,382,383,384,-1,384,383,385,-1,384,385,386,-1,386,385,387,-1,386,387,388,-1,388,387,389,-1,388,389,390,-1,390,389,391,-1,390,391,392,-1,392,391,393,-1,392,393,394,-1,394,393,395,-1,394,395,396,-1,396,395,397,-1,396,397,398,-1,398,397,399,-1,398,399,400,-1,400,399,401,-1,400,401,402,-1,402,401,403,-1,402,403,404,-1,404,403,405,-1,404,405,406,-1,406,405,407,-1,406,407,360,-1,360,407,361,-1,407,408,361,-1,361,408,409,-1,361,409,363,-1,363,409,410,-1,363,410,365,-1,365,410,411,-1,365,411,367,-1,367,411,412,-1,367,412,369,-1,369,412,413,-1,369,413,371,-1,371,413,414,-1,371,414,373,-1,373,414,415,-1,373,415,375,-1,375,415,416,-1,375,416,377,-1,377,416,417,-1,377,417,379,-1,379,417,418,-1,379,418,381,-1,381,418,419,-1,381,419,383,-1,383,419,420,-1,383,420,385,-1,385,420,421,-1,385,421,387,-1,387,421,422,-1,387,422,389,-1,389,422,423,-1,389,423,391,-1,391,423,424,-1,391,424,393,-1,393,424,425,-1,393,425,395,-1,395,425,426,-1,395,426,397,-1,397,426,427,-1,397,427,399,-1,399,427,428,-1,399,428,401,-1,401,428,429,-1,401,429,403,-1,403,429,430,-1,403,430,405,-1,405,430,431,-1,405,431,407,-1,407,431,408,-1,431,432,408,-1,408,432,433,-1,408,433,409,-1,409,433,434,-1,409,434,410,-1,410,434,435,-1,410,435,411,-1,411,435,436,-1,411,436,412,-1,412,436,437,-1,412,437,413,-1,413,437,438,-1,413,438,414,-1,414,438,439,-1,414,439,415,-1,415,439,440,-1,415,440,416,-1,416,440,441,-1,416,441,417,-1,417,441,442,-1,417,442,418,-1,418,442,443,-1,418,443,419,-1,419,443,444,-1,419,444,420,-1,420,444,445,-1,420,445,421,-1,421,445,446,-1,421,446,422,-1,422,446,447,-1,422,447,423,-1,423,447,448,-1,423,448,424,-1,424,448,449,-1,424,449,425,-1,425,449,450,-1,425,450,426,-1,426,450,451,-1,426,451,427,-1,427,451,452,-1,427,452,428,-1,428,452,453,-1,428,453,429,-1,429,453,454,-1,429,454,430,-1,430,454,455,-1,430,455,431,-1,431,455,432,-1,455,456,432,-1,432,456,457,-1,432,457,433,-1,433,457,458,-1,433,458,434,-1,434,458,459,-1,434,459,435,-1,435,459,460,-1,435,460,436,-1,436,460,461,-1,436,461,437,-1,437,461,462,-1,437,462,438,-1,438,462,463,-1,438,463,439,-1,439,463,464,-1,439,464,440,-1,440,464,465,-1,440,465,441,-1,441,465,466,-1,441,466,442,-1,442,466,467,-1,442,467,443,-1,443,467,468,-1,443,468,444,-1,444,468,469,-1,444,469,445,-1,445,469,470,-1,445,470,446,-1,446,470,471,-1,446,471,447,-1,447,471,472,-1,447,472,448,-1,448,472,473,-1,448,473,449,-1,449,473,474,-1,449,474,450,-1,450,474,475,-1,450,475,451,-1,451,475,476,-1,451,476,452,-1,452,476,477,-1,452,477,453,-1,453,477,478,-1,453,478,454,-1,454,478,479,-1,454,479,455,-1,455,479,456,-1,479,480,456,-1,456,480,481,-1,456,481,457,-1,457,481,482,-1,457,482,458,-1,458,482,483,-1,458,483,459,-1,459,483,484,-1,459,484,460,-1,460,484,485,-1,460,485,461,-1,461,485,486,-1,461,486,462,-1,462,486,487,-1,462,487,463,-1,463,487,488,-1,463,488,464,-1,464,488,489,-1,464,489,465,-1,465,489,490,-1,465,490,466,-1,466,490,491,-1,466,491,467,-1,467,491,492,-1,467,492,468,-1,468,492,493,-1,468,493,469,-1,469,493,494,-1,469,494,470,-1,470,494,495,-1,470,495,471,-1,471,495,496,-1,471,496,472,-1,472,496,497,-1,472,497,473,-1,473,497,498,-1,473,498,474,-1,474,498,499,-1,474,499,475,-1,475,499,500,-1,475,500,476,-1,476,500,501,-1,476,501,477,-1,477,501,502,-1,477,502,478,-1,478,502,503,-1,478,503,479,-1,479,503,480,-1,503,147,480,-1,480,147,140,-1,480,140,481,-1,481,140,139,-1,481,139,482,-1,482,139,138,-1,482,138,483,-1,483,138,137,-1,483,137,484,-1,484,137,142,-1,484,142,485,-1,485,142,141,-1,485,141,486,-1,486,141,146,-1,486,146,487,-1,487,146,145,-1,487,145,488,-1,488,145,144,-1,488,144,489,-1,489,144,143,-1,489,143,490,-1,490,143,171,-1,490,171,491,-1,491,171,170,-1,491,170,492,-1,492,170,168,-1,492,168,493,-1,493,168,166,-1,493,166,494,-1,494,166,164,-1,494,164,495,-1,495,164,162,-1,495,162,496,-1,496,162,160,-1,496,160,497,-1,497,160,158,-1,497,158,498,-1,498,158,156,-1,498,156,499,-1,499,156,154,-1,499,154,500,-1,500,154,152,-1,500,152,501,-1,501,152,150,-1,501,150,502,-1,502,150,148,-1,502,148,503,-1,503,148,147,-1,504,505,506,-1,506,505,507,-1,506,507,508,-1,508,507,509,-1,508,509,510,-1,510,509,511,-1,510,511,512,-1,512,511,513,-1,512,513,514,-1,514,513,515,-1,514,515,516,-1,516,515,517,-1,516,517,518,-1,518,517,519,-1,518,519,520,-1,520,519,521,-1,520,521,522,-1,522,521,523,-1,522,523,524,-1,524,523,525,-1,524,525,526,-1,526,525,527,-1,526,527,528,-1,528,527,529,-1,528,529,530,-1,530,529,531,-1,530,531,532,-1,532,531,533,-1,532,533,534,-1,534,533,535,-1,534,535,536,-1,536,535,537,-1,536,537,538,-1,538,537,539,-1,538,539,540,-1,540,539,541,-1,540,541,542,-1,542,541,543,-1,542,543,544,-1,544,543,545,-1,544,545,546,-1,546,545,547,-1,546,547,548,-1,548,547,549,-1,548,549,550,-1,550,549,551,-1,550,551,504,-1,504,551,505,-1,551,552,505,-1,505,552,553,-1,505,553,507,-1,507,553,554,-1,507,554,509,-1,509,554,555,-1,509,555,511,-1,511,555,556,-1,511,556,513,-1,513,556,557,-1,513,557,515,-1,515,557,558,-1,515,558,517,-1,517,558,559,-1,517,559,519,-1,519,559,560,-1,519,560,521,-1,521,560,561,-1,521,561,523,-1,523,561,562,-1,523,562,525,-1,525,562,563,-1,525,563,527,-1,527,563,564,-1,527,564,529,-1,529,564,565,-1,529,565,531,-1,531,565,566,-1,531,566,533,-1,533,566,567,-1,533,567,535,-1,535,567,568,-1,535,568,537,-1,537,568,569,-1,537,569,539,-1,539,569,570,-1,539,570,541,-1,541,570,571,-1,541,571,543,-1,543,571,572,-1,543,572,545,-1,545,572,573,-1,545,573,547,-1,547,573,574,-1,547,574,549,-1,549,574,575,-1,549,575,551,-1,551,575,552,-1,575,576,552,-1,552,576,577,-1,552,577,553,-1,553,577,578,-1,553,578,554,-1,554,578,579,-1,554,579,555,-1,555,579,580,-1,555,580,556,-1,556,580,581,-1,556,581,557,-1,557,581,582,-1,557,582,558,-1,558,582,583,-1,558,583,559,-1,559,583,584,-1,559,584,560,-1,560,584,585,-1,560,585,561,-1,561,585,586,-1,561,586,562,-1,562,586,587,-1,562,587,563,-1,563,587,588,-1,563,588,564,-1,564,588,589,-1,564,589,565,-1,565,589,590,-1,565,590,566,-1,566,590,591,-1,566,591,567,-1,567,591,592,-1,567,592,568,-1,568,592,593,-1,568,593,569,-1,569,593,594,-1,569,594,570,-1,570,594,595,-1,570,595,571,-1,571,595,596,-1,571,596,572,-1,572,596,597,-1,572,597,573,-1,573,597,598,-1,573,598,574,-1,574,598,599,-1,574,599,575,-1,575,599,576,-1,599,600,576,-1,576,600,601,-1,576,601,577,-1,577,601,602,-1,577,602,578,-1,578,602,603,-1,578,603,579,-1,579,603,604,-1,579,604,580,-1,580,604,605,-1,580,605,581,-1,581,605,606,-1,581,606,582,-1,582,606,607,-1,582,607,583,-1,583,607,608,-1,583,608,584,-1,584,608,609,-1,584,609,585,-1,585,609,610,-1,585,610,586,-1,586,610,611,-1,586,611,587,-1,587,611,612,-1,587,612,588,-1,588,612,613,-1,588,613,589,-1,589,613,614,-1,589,614,590,-1,590,614,615,-1,590,615,591,-1,591,615,616,-1,591,616,592,-1,592,616,617,-1,592,617,593,-1,593,617,618,-1,593,618,594,-1,594,618,619,-1,594,619,595,-1,595,619,620,-1,595,620,596,-1,596,620,621,-1,596,621,597,-1,597,621,622,-1,597,622,598,-1,598,622,623,-1,598,623,599,-1,599,623,600,-1,623,624,600,-1,600,624,625,-1,600,625,601,-1,601,625,626,-1,601,626,602,-1,602,626,627,-1,602,627,603,-1,603,627,628,-1,603,628,604,-1,604,628,629,-1,604,629,605,-1,605,629,630,-1,605,630,606,-1,606,630,631,-1,606,631,607,-1,607,631,632,-1,607,632,608,-1,608,632,633,-1,608,633,609,-1,609,633,634,-1,609,634,610,-1,610,634,635,-1,610,635,611,-1,611,635,636,-1,611,636,612,-1,612,636,637,-1,612,637,613,-1,613,637,638,-1,613,638,614,-1,614,638,639,-1,614,639,615,-1,615,639,640,-1,615,640,616,-1,616,640,641,-1,616,641,617,-1,617,641,642,-1,617,642,618,-1,618,642,643,-1,618,643,619,-1,619,643,644,-1,619,644,620,-1,620,644,645,-1,620,645,621,-1,621,645,646,-1,621,646,622,-1,622,646,647,-1,622,647,623,-1,623,647,624,-1,647,104,624,-1,624,104,97,-1,624,97,625,-1,625,97,96,-1,625,96,626,-1,626,96,95,-1,626,95,627,-1,627,95,94,-1,627,94,628,-1,628,94,103,-1,628,103,629,-1,629,103,102,-1,629,102,630,-1,630,102,101,-1,630,101,631,-1,631,101,100,-1,631,100,632,-1,632,100,99,-1,632,99,633,-1,633,99,98,-1,633,98,634,-1,634,98,128,-1,634,128,635,-1,635,128,127,-1,635,127,636,-1,636,127,125,-1,636,125,637,-1,637,125,123,-1,637,123,638,-1,638,123,121,-1,638,121,639,-1,639,121,119,-1,639,119,640,-1,640,119,117,-1,640,117,641,-1,641,117,115,-1,641,115,642,-1,642,115,113,-1,642,113,643,-1,643,113,111,-1,643,111,644,-1,644,111,109,-1,644,109,645,-1,645,109,107,-1,645,107,646,-1,646,107,105,-1,646,105,647,-1,647,105,104,-1,648,649,650,-1,650,649,651,-1,650,651,652,-1,652,651,653,-1,652,653,654,-1,654,653,655,-1,654,655,656,-1,656,655,657,-1,656,657,658,-1,658,657,659,-1,658,659,660,-1,660,659,661,-1,660,661,662,-1,662,661,663,-1,662,663,664,-1,664,663,665,-1,664,665,666,-1,666,665,667,-1,666,667,668,-1,668,667,669,-1,668,669,670,-1,670,669,671,-1,670,671,672,-1,672,671,673,-1,672,673,674,-1,674,673,675,-1,674,675,676,-1,676,675,677,-1,676,677,678,-1,678,677,679,-1,678,679,680,-1,680,679,681,-1,680,681,682,-1,682,681,683,-1,682,683,684,-1,684,683,685,-1,684,685,686,-1,686,685,687,-1,686,687,688,-1,688,687,689,-1,688,689,690,-1,690,689,691,-1,690,691,692,-1,692,691,693,-1,692,693,694,-1,694,693,695,-1,694,695,648,-1,648,695,649,-1,695,696,649,-1,649,696,697,-1,649,697,651,-1,651,697,698,-1,651,698,653,-1,653,698,699,-1,653,699,655,-1,655,699,700,-1,655,700,657,-1,657,700,701,-1,657,701,659,-1,659,701,702,-1,659,702,661,-1,661,702,703,-1,661,703,663,-1,663,703,704,-1,663,704,665,-1,665,704,705,-1,665,705,667,-1,667,705,706,-1,667,706,669,-1,669,706,707,-1,669,707,671,-1,671,707,708,-1,671,708,673,-1,673,708,709,-1,673,709,675,-1,675,709,710,-1,675,710,677,-1,677,710,711,-1,677,711,679,-1,679,711,712,-1,679,712,681,-1,681,712,713,-1,681,713,683,-1,683,713,714,-1,683,714,685,-1,685,714,715,-1,685,715,687,-1,687,715,716,-1,687,716,689,-1,689,716,717,-1,689,717,691,-1,691,717,718,-1,691,718,693,-1,693,718,719,-1,693,719,695,-1,695,719,696,-1,719,720,696,-1,696,720,721,-1,696,721,697,-1,697,721,722,-1,697,722,698,-1,698,722,723,-1,698,723,699,-1,699,723,724,-1,699,724,700,-1,700,724,725,-1,700,725,701,-1,701,725,726,-1,701,726,702,-1,702,726,727,-1,702,727,703,-1,703,727,728,-1,703,728,704,-1,704,728,729,-1,704,729,705,-1,705,729,730,-1,705,730,706,-1,706,730,731,-1,706,731,707,-1,707,731,732,-1,707,732,708,-1,708,732,733,-1,708,733,709,-1,709,733,734,-1,709,734,710,-1,710,734,735,-1,710,735,711,-1,711,735,736,-1,711,736,712,-1,712,736,737,-1,712,737,713,-1,713,737,738,-1,713,738,714,-1,714,738,739,-1,714,739,715,-1,715,739,740,-1,715,740,716,-1,716,740,741,-1,716,741,717,-1,717,741,742,-1,717,742,718,-1,718,742,743,-1,718,743,719,-1,719,743,720,-1,743,744,720,-1,720,744,745,-1,720,745,721,-1,721,745,746,-1,721,746,722,-1,722,746,747,-1,722,747,723,-1,723,747,748,-1,723,748,724,-1,724,748,749,-1,724,749,725,-1,725,749,750,-1,725,750,726,-1,726,750,751,-1,726,751,727,-1,727,751,752,-1,727,752,728,-1,728,752,753,-1,728,753,729,-1,729,753,754,-1,729,754,730,-1,730,754,755,-1,730,755,731,-1,731,755,756,-1,731,756,732,-1,732,756,757,-1,732,757,733,-1,733,757,758,-1,733,758,734,-1,734,758,759,-1,734,759,735,-1,735,759,760,-1,735,760,736,-1,736,760,761,-1,736,761,737,-1,737,761,762,-1,737,762,738,-1,738,762,763,-1,738,763,739,-1,739,763,764,-1,739,764,740,-1,740,764,765,-1,740,765,741,-1,741,765,766,-1,741,766,742,-1,742,766,767,-1,742,767,743,-1,743,767,744,-1,767,768,744,-1,744,768,769,-1,744,769,745,-1,745,769,770,-1,745,770,746,-1,746,770,771,-1,746,771,747,-1,747,771,772,-1,747,772,748,-1,748,772,773,-1,748,773,749,-1,749,773,774,-1,749,774,750,-1,750,774,775,-1,750,775,751,-1,751,775,776,-1,751,776,752,-1,752,776,777,-1,752,777,753,-1,753,777,778,-1,753,778,754,-1,754,778,779,-1,754,779,755,-1,755,779,780,-1,755,780,756,-1,756,780,781,-1,756,781,757,-1,757,781,782,-1,757,782,758,-1,758,782,783,-1,758,783,759,-1,759,783,784,-1,759,784,760,-1,760,784,785,-1,760,785,761,-1,761,785,786,-1,761,786,762,-1,762,786,787,-1,762,787,763,-1,763,787,788,-1,763,788,764,-1,764,788,789,-1,764,789,765,-1,765,789,790,-1,765,790,766,-1,766,790,791,-1,766,791,767,-1,767,791,768,-1,791,61,768,-1,768,61,54,-1,768,54,769,-1,769,54,53,-1,769,53,770,-1,770,53,52,-1,770,52,771,-1,771,52,51,-1,771,51,772,-1,772,51,60,-1,772,60,773,-1,773,60,59,-1,773,59,774,-1,774,59,58,-1,774,58,775,-1,775,58,57,-1,775,57,776,-1,776,57,56,-1,776,56,777,-1,777,56,55,-1,777,55,778,-1,778,55,85,-1,778,85,779,-1,779,85,84,-1,779,84,780,-1,780,84,82,-1,780,82,781,-1,781,82,80,-1,781,80,782,-1,782,80,78,-1,782,78,783,-1,783,78,76,-1,783,76,784,-1,784,76,74,-1,784,74,785,-1,785,74,72,-1,785,72,786,-1,786,72,70,-1,786,70,787,-1,787,70,68,-1,787,68,788,-1,788,68,66,-1,788,66,789,-1,789,66,64,-1,789,64,790,-1,790,64,62,-1,790,62,791,-1,791,62,61,-1,792,793,794,-1,794,793,795,-1,794,795,796,-1,796,795,797,-1,796,797,798,-1,798,797,799,-1,798,799,800,-1,800,799,801,-1,800,801,802,-1,802,801,803,-1,802,803,804,-1,804,803,805,-1,804,805,806,-1,806,805,807,-1,806,807,808,-1,808,807,809,-1,808,809,810,-1,810,809,811,-1,810,811,812,-1,812,811,813,-1,812,813,814,-1,814,813,815,-1,814,815,816,-1,816,815,817,-1,816,817,818,-1,818,817,819,-1,818,819,820,-1,820,819,821,-1,820,821,822,-1,822,821,823,-1,822,823,824,-1,824,823,825,-1,824,825,826,-1,826,825,827,-1,826,827,828,-1,828,827,829,-1,828,829,830,-1,830,829,831,-1,830,831,832,-1,832,831,833,-1,832,833,834,-1,834,833,835,-1,834,835,836,-1,836,835,837,-1,836,837,838,-1,838,837,839,-1,838,839,792,-1,792,839,793,-1,839,840,793,-1,793,840,841,-1,793,841,795,-1,795,841,842,-1,795,842,797,-1,797,842,843,-1,797,843,799,-1,799,843,844,-1,799,844,801,-1,801,844,845,-1,801,845,803,-1,803,845,846,-1,803,846,805,-1,805,846,847,-1,805,847,807,-1,807,847,848,-1,807,848,809,-1,809,848,849,-1,809,849,811,-1,811,849,850,-1,811,850,813,-1,813,850,851,-1,813,851,815,-1,815,851,852,-1,815,852,817,-1,817,852,853,-1,817,853,819,-1,819,853,854,-1,819,854,821,-1,821,854,855,-1,821,855,823,-1,823,855,856,-1,823,856,825,-1,825,856,857,-1,825,857,827,-1,827,857,858,-1,827,858,829,-1,829,858,859,-1,829,859,831,-1,831,859,860,-1,831,860,833,-1,833,860,861,-1,833,861,835,-1,835,861,862,-1,835,862,837,-1,837,862,863,-1,837,863,839,-1,839,863,840,-1,863,864,840,-1,840,864,865,-1,840,865,841,-1,841,865,866,-1,841,866,842,-1,842,866,867,-1,842,867,843,-1,843,867,868,-1,843,868,844,-1,844,868,869,-1,844,869,845,-1,845,869,870,-1,845,870,846,-1,846,870,871,-1,846,871,847,-1,847,871,872,-1,847,872,848,-1,848,872,873,-1,848,873,849,-1,849,873,874,-1,849,874,850,-1,850,874,875,-1,850,875,851,-1,851,875,876,-1,851,876,852,-1,852,876,877,-1,852,877,853,-1,853,877,878,-1,853,878,854,-1,854,878,879,-1,854,879,855,-1,855,879,880,-1,855,880,856,-1,856,880,881,-1,856,881,857,-1,857,881,882,-1,857,882,858,-1,858,882,883,-1,858,883,859,-1,859,883,884,-1,859,884,860,-1,860,884,885,-1,860,885,861,-1,861,885,886,-1,861,886,862,-1,862,886,887,-1,862,887,863,-1,863,887,864,-1,887,888,864,-1,864,888,889,-1,864,889,865,-1,865,889,890,-1,865,890,866,-1,866,890,891,-1,866,891,867,-1,867,891,892,-1,867,892,868,-1,868,892,893,-1,868,893,869,-1,869,893,894,-1,869,894,870,-1,870,894,895,-1,870,895,871,-1,871,895,896,-1,871,896,872,-1,872,896,897,-1,872,897,873,-1,873,897,898,-1,873,898,874,-1,874,898,899,-1,874,899,875,-1,875,899,900,-1,875,900,876,-1,876,900,901,-1,876,901,877,-1,877,901,902,-1,877,902,878,-1,878,902,903,-1,878,903,879,-1,879,903,904,-1,879,904,880,-1,880,904,905,-1,880,905,881,-1,881,905,906,-1,881,906,882,-1,882,906,907,-1,882,907,883,-1,883,907,908,-1,883,908,884,-1,884,908,909,-1,884,909,885,-1,885,909,910,-1,885,910,886,-1,886,910,911,-1,886,911,887,-1,887,911,888,-1,911,912,888,-1,888,912,913,-1,888,913,889,-1,889,913,914,-1,889,914,890,-1,890,914,915,-1,890,915,891,-1,891,915,916,-1,891,916,892,-1,892,916,917,-1,892,917,893,-1,893,917,918,-1,893,918,894,-1,894,918,919,-1,894,919,895,-1,895,919,920,-1,895,920,896,-1,896,920,921,-1,896,921,897,-1,897,921,922,-1,897,922,898,-1,898,922,923,-1,898,923,899,-1,899,923,924,-1,899,924,900,-1,900,924,925,-1,900,925,901,-1,901,925,926,-1,901,926,902,-1,902,926,927,-1,902,927,903,-1,903,927,928,-1,903,928,904,-1,904,928,929,-1,904,929,905,-1,905,929,930,-1,905,930,906,-1,906,930,931,-1,906,931,907,-1,907,931,932,-1,907,932,908,-1,908,932,933,-1,908,933,909,-1,909,933,934,-1,909,934,910,-1,910,934,935,-1,910,935,911,-1,911,935,912,-1,935,18,912,-1,912,18,12,-1,912,12,913,-1,913,12,11,-1,913,11,914,-1,914,11,10,-1,914,10,915,-1,915,10,17,-1,915,17,916,-1,916,17,16,-1,916,16,917,-1,917,16,15,-1,917,15,918,-1,918,15,9,-1,918,9,919,-1,919,9,8,-1,919,8,920,-1,920,8,14,-1,920,14,921,-1,921,14,13,-1,921,13,922,-1,922,13,42,-1,922,42,923,-1,923,42,41,-1,923,41,924,-1,924,41,39,-1,924,39,925,-1,925,39,37,-1,925,37,926,-1,926,37,35,-1,926,35,927,-1,927,35,33,-1,927,33,928,-1,928,33,31,-1,928,31,929,-1,929,31,29,-1,929,29,930,-1,930,29,27,-1,930,27,931,-1,931,27,25,-1,931,25,932,-1,932,25,23,-1,932,23,933,-1,933,23,21,-1,933,21,934,-1,934,21,19,-1,934,19,935,-1,935,19,18,-1,179,180,936,-1,179,936,213,-1,213,936,937,-1,213,937,211,-1,211,937,938,-1,211,938,209,-1,209,938,939,-1,209,939,207,-1,207,939,940,-1,207,940,205,-1,205,940,941,-1,205,941,203,-1,172,174,193,-1,942,943,193,-1,193,943,944,-1,193,944,172,-1,193,195,942,-1,942,195,197,-1,942,197,945,-1,945,197,199,-1,945,199,946,-1,946,199,201,-1,946,201,947,-1,947,201,203,-1,947,203,941,-1,135,136,948,-1,135,948,169,-1,169,948,949,-1,169,949,167,-1,167,949,950,-1,167,950,165,-1,165,950,951,-1,165,951,163,-1,163,951,952,-1,163,952,161,-1,161,952,953,-1,161,953,159,-1,129,131,149,-1,129,149,954,-1,954,149,151,-1,954,151,955,-1,955,151,153,-1,955,153,956,-1,956,153,155,-1,956,155,957,-1,957,155,157,-1,957,157,958,-1,958,157,159,-1,958,159,953,-1,92,93,959,-1,92,959,126,-1,126,959,960,-1,126,960,124,-1,124,960,961,-1,124,961,122,-1,122,961,962,-1,122,962,120,-1,120,962,963,-1,120,963,118,-1,118,963,964,-1,118,964,116,-1,86,88,106,-1,86,106,965,-1,965,106,108,-1,965,108,966,-1,966,108,110,-1,966,110,967,-1,967,110,112,-1,967,112,968,-1,968,112,114,-1,968,114,969,-1,969,114,116,-1,969,116,964,-1,49,50,970,-1,49,970,83,-1,83,970,971,-1,83,971,81,-1,81,971,972,-1,81,972,79,-1,79,972,973,-1,79,973,77,-1,77,973,974,-1,77,974,75,-1,75,974,975,-1,75,975,73,-1,43,45,63,-1,43,63,976,-1,976,63,65,-1,976,65,977,-1,977,65,67,-1,977,67,978,-1,978,67,69,-1,978,69,979,-1,979,69,71,-1,979,71,980,-1,980,71,73,-1,980,73,975,-1,0,2,20,-1,0,20,981,-1,981,20,22,-1,981,22,982,-1,982,22,24,-1,982,24,983,-1,983,24,26,-1,983,26,984,-1,984,26,28,-1,984,28,985,-1,985,28,30,-1,985,30,986,-1,6,7,987,-1,6,987,40,-1,40,987,988,-1,40,988,38,-1,38,988,989,-1,38,989,36,-1,36,989,990,-1,36,990,34,-1,34,990,991,-1,34,991,32,-1,32,991,986,-1,32,986,30,-1,992,993,994,-1,994,993,995,-1,994,995,996,-1,996,995,997,-1,996,997,998,-1,998,997,999,-1,998,999,1000,-1,1000,999,1001,-1,1000,1001,1002,-1,1002,1001,1003,-1,1002,1003,1004,-1,1004,1003,1005,-1,1004,1005,1006,-1,1006,1005,1007,-1,1006,1007,1008,-1,1008,1007,1009,-1,1008,1009,1010,-1,1010,1009,1011,-1,1010,1011,1012,-1,1012,1011,1013,-1,1012,1013,1014,-1,1014,1013,1015,-1,1014,1015,1016,-1,1016,1015,1017,-1,1016,1017,1018,-1,1018,1017,1019,-1,1018,1019,1020,-1,1020,1019,1021,-1,1020,1021,1022,-1,1022,1021,1023,-1,1022,1023,1024,-1,1024,1023,1025,-1,1024,1025,1026,-1,1026,1025,1027,-1,1026,1027,1028,-1,1028,1027,1029,-1,1028,1029,1030,-1,1030,1029,1031,-1,1030,1031,1032,-1,1032,1031,1033,-1,1032,1033,1034,-1,1034,1033,1035,-1,1034,1035,1036,-1,1036,1035,1037,-1,1036,1037,1038,-1,1038,1037,1039,-1,1038,1039,992,-1,992,1039,993,-1,1036,1038,1040,-1,1040,1038,992,-1,1040,992,994,-1,1030,1032,1040,-1,1040,1032,1034,-1,1040,1034,1036,-1,1024,1026,1040,-1,1040,1026,1028,-1,1040,1028,1030,-1,1018,1020,1040,-1,1040,1020,1022,-1,1040,1022,1024,-1,1012,1014,1040,-1,1040,1014,1016,-1,1040,1016,1018,-1,1006,1008,1040,-1,1040,1008,1010,-1,1040,1010,1012,-1,1000,1002,1040,-1,1040,1002,1004,-1,1040,1004,1006,-1,994,996,1040,-1,1040,996,998,-1,1040,998,1000,-1,
        ]
    }
}
Shape{
    appearance Appearance {
        material  Material 	{
            diffuseColor 1.0 1.0 1.0
            specularColor 0.5019607843137255 0.5019607843137255 0.5019607843137255
            ambientIntensity 1.0
            transparency 0.0
            shininess 0.5
        }
    }
    geometry IndexedFaceSet {
        ccw TRUE
        solid FALSE
        coord DEF co Coordinate {
            point [
                -1.587 -0.5276 0.1181, -1.587 -0.5276 0.0394, -1.5693 -0.4915 0.1181, -1.5693 -0.4915 0.0394, -1.5433 -0.4609 0.1181, -1.5433 -0.4609 0.0394, -1.5106 -0.4376 0.1181, -1.5106 -0.4376 0.0394, -1.4731 -0.423 0.1181, -1.4731 -0.423 0.0394, -1.4333 -0.418 0.1181, -1.4333 -0.418 0.0394, -1.3934 -0.423 0.1181, -1.3934 -0.423 0.0394, -1.356 -0.4376 0.1181, -1.356 -0.4376 0.0394, -1.3232 -0.4609 0.1181, -1.3232 -0.4609 0.0394, -1.2972 -0.4915 0.1181, -1.2972 -0.4915 0.0394, -1.2795 -0.5276 0.1181, -1.2795 -0.5276 0.0394, 2.1063 -0.065 0.1181, 2.1063 -0.2428 0.1181, 2.0901 -0.0459 0.1181, 2.0901 -0.2619 0.1181, 1.8293 -0.1539 0.1181, 1.8345 -0.1144 0.1181, 1.8497 -0.0775 0.1181, 1.874 -0.0459 0.1181, 1.9056 -0.0216 0.1181, 1.9425 -0.0063 0.1181, 1.982 -0.0011 0.1181, 2.0216 -0.0063 0.1181, 2.0584 -0.0216 0.1181, 1.982 -0.3067 0.1181, 1.8497 -0.2303 0.1181, 2.0216 -0.3015 0.1181, 2.0584 -0.2862 0.1181, 1.9425 -0.3015 0.1181, 1.9056 -0.2862 0.1181, 1.874 -0.2619 0.1181, 1.8345 -0.1934 0.1181, 2.0901 -0.2619 0.0394, 2.1144 -0.2303 0.0394, 2.1144 -0.2303 0.1181, 2.1296 -0.1934 0.0394, 2.1296 -0.1934 0.1181, 2.1348 -0.1539 0.0394, 2.1348 -0.1539 0.1181, 2.1296 -0.1144 0.0394, 2.1296 -0.1144 0.1181, 2.1144 -0.0775 0.0394, 2.1144 -0.0775 0.1181, 2.0901 -0.0459 0.0394, 2.0584 -0.0216 0.0394, 2.0216 -0.0063 0.0394, 1.982 -0.0011 0.0394, 1.9425 -0.0063 0.0394, 1.9056 -0.0216 0.0394, 1.874 -0.0459 0.0394, 1.8497 -0.0775 0.0394, 1.8345 -0.1144 0.0394, 1.8293 -0.1539 0.0394, 1.8345 -0.1934 0.0394, 1.8497 -0.2303 0.0394, 1.874 -0.2619 0.0394, 1.9056 -0.2862 0.0394, 1.9425 -0.3015 0.0394, 1.982 -0.3067 0.0394, 2.0216 -0.3015 0.0394, 2.0584 -0.2862 0.0394, -1.9488 1.7815 0.1181, -1.9488 2.1752 0.1181, -1.9692 2.1752 0.1154, -1.9692 1.7815 0.1154, -1.9882 2.1752 0.1076, -1.9882 1.7815 0.1076, -2.0045 2.1752 0.095, -2.0045 1.7815 0.095, -2.017 2.1752 0.0787, -2.017 1.7815 0.0787, -2.0249 2.1752 0.0598, -2.0249 1.7815 0.0598, -2.0276 2.1752 0.0394, -2.0276 1.7815 0.0394, 1.9488 2.1752 0.1181, 1.9488 1.7815 0.1181, 1.9692 1.7815 0.1154, 1.9692 2.1752 0.1154, 1.9882 1.7815 0.1076, 1.9882 2.1752 0.1076, 2.0045 1.7815 0.095, 2.0045 2.1752 0.095, 2.017 1.7815 0.0787, 2.017 2.1752 0.0787, 2.0249 1.7815 0.0598, 2.0249 2.1752 0.0598, 2.0276 1.7815 0.0394, 2.0276 2.1752 0.0394, -1.6535 -1.8996 -0.8268, -1.6535 -2.0177 -0.8268, -1.6739 -2.0177 -0.8241, -1.6739 -1.8996 -0.8241, -1.6929 -2.0177 -0.8162, -1.6929 -1.8996 -0.8162, -1.7092 -2.0177 -0.8037, -1.7092 -1.8996 -0.8037, -1.7217 -2.0177 -0.7874, -1.7217 -1.8996 -0.7874, -1.7296 -2.0177 -0.7684, -1.7296 -1.8996 -0.7684, -1.7323 -2.0177 -0.748, -1.7323 -1.8996 -0.748, -1.4961 -2.0177 -0.8268, -1.4961 -1.8996 -0.8268, -1.4757 -1.8996 -0.8241, -1.4757 -2.0177 -0.8241, -1.4567 -1.8996 -0.8162, -1.4567 -2.0177 -0.8162, -1.4404 -1.8996 -0.8037, -1.4404 -2.0177 -0.8037, -1.4279 -1.8996 -0.7874, -1.4279 -2.0177 -0.7874, -1.42 -1.8996 -0.7684, -1.42 -2.0177 -0.7684, -1.4173 -1.8996 -0.748, -1.4173 -2.0177 -0.748, -0.8661 -1.8996 -0.8268, -0.8661 -2.0177 -0.8268, -0.8865 -2.0177 -0.8241, -0.8865 -1.8996 -0.8241, -0.9055 -2.0177 -0.8162, -0.9055 -1.8996 -0.8162, -0.9218 -2.0177 -0.8037, -0.9218 -1.8996 -0.8037, -0.9343 -2.0177 -0.7874, -0.9343 -1.8996 -0.7874, -0.9422 -2.0177 -0.7684, -0.9422 -1.8996 -0.7684, -0.9449 -2.0177 -0.748, -0.9449 -1.8996 -0.748, -0.7087 -2.0177 -0.8268, -0.7087 -1.8996 -0.8268, -0.6883 -1.8996 -0.8241, -0.6883 -2.0177 -0.8241, -0.6693 -1.8996 -0.8162, -0.6693 -2.0177 -0.8162, -0.653 -1.8996 -0.8037, -0.653 -2.0177 -0.8037, -0.6405 -1.8996 -0.7874, -0.6405 -2.0177 -0.7874, -0.6326 -1.8996 -0.7684, -0.6326 -2.0177 -0.7684, -0.6299 -1.8996 -0.748, -0.6299 -2.0177 -0.748, -0.0787 -1.8996 -0.8268, -0.0787 -2.0177 -0.8268, -0.0991 -2.0177 -0.8241, -0.0991 -1.8996 -0.8241, -0.1181 -2.0177 -0.8162, -0.1181 -1.8996 -0.8162, -0.1344 -2.0177 -0.8037, -0.1344 -1.8996 -0.8037, -0.1469 -2.0177 -0.7874, -0.1469 -1.8996 -0.7874, -0.1548 -2.0177 -0.7684, -0.1548 -1.8996 -0.7684, -0.1575 -2.0177 -0.748, -0.1575 -1.8996 -0.748, 0.0787 -2.0177 -0.8268, 0.0787 -1.8996 -0.8268, 0.0991 -1.8996 -0.8241, 0.0991 -2.0177 -0.8241, 0.1181 -1.8996 -0.8162, 0.1181 -2.0177 -0.8162, 0.1344 -1.8996 -0.8037, 0.1344 -2.0177 -0.8037, 0.1469 -1.8996 -0.7874, 0.1469 -2.0177 -0.7874, 0.1548 -1.8996 -0.7684, 0.1548 -2.0177 -0.7684, 0.1575 -1.8996 -0.748, 0.1575 -2.0177 -0.748, 0.7087 -1.8996 -0.8268, 0.7087 -2.0177 -0.8268, 0.6883 -2.0177 -0.8241, 0.6883 -1.8996 -0.8241, 0.6693 -2.0177 -0.8162, 0.6693 -1.8996 -0.8162, 0.653 -2.0177 -0.8037, 0.653 -1.8996 -0.8037, 0.6405 -2.0177 -0.7874, 0.6405 -1.8996 -0.7874, 0.6326 -2.0177 -0.7684, 0.6326 -1.8996 -0.7684, 0.6299 -2.0177 -0.748, 0.6299 -1.8996 -0.748, 0.8661 -2.0177 -0.8268, 0.8661 -1.8996 -0.8268, 0.8865 -1.8996 -0.8241, 0.8865 -2.0177 -0.8241, 0.9055 -1.8996 -0.8162, 0.9055 -2.0177 -0.8162, 0.9218 -1.8996 -0.8037, 0.9218 -2.0177 -0.8037, 0.9343 -1.8996 -0.7874, 0.9343 -2.0177 -0.7874, 0.9422 -1.8996 -0.7684, 0.9422 -2.0177 -0.7684, 0.9449 -1.8996 -0.748, 0.9449 -2.0177 -0.748, 1.4961 -1.8996 -0.8268, 1.4961 -2.0177 -0.8268, 1.4757 -2.0177 -0.8241, 1.4757 -1.8996 -0.8241, 1.4567 -2.0177 -0.8162, 1.4567 -1.8996 -0.8162, 1.4404 -2.0177 -0.8037, 1.4404 -1.8996 -0.8037, 1.4279 -2.0177 -0.7874, 1.4279 -1.8996 -0.7874, 1.42 -2.0177 -0.7684, 1.42 -1.8996 -0.7684, 1.4173 -2.0177 -0.748, 1.4173 -1.8996 -0.748, 1.6535 -2.0177 -0.8268, 1.6535 -1.8996 -0.8268, 1.6739 -1.8996 -0.8241, 1.6739 -2.0177 -0.8241, 1.6929 -1.8996 -0.8162, 1.6929 -2.0177 -0.8162, 1.7092 -1.8996 -0.8037, 1.7092 -2.0177 -0.8037, 1.7217 -1.8996 -0.7874, 1.7217 -2.0177 -0.7874, 1.7296 -1.8996 -0.7684, 1.7296 -2.0177 -0.7684, 1.7323 -1.8996 -0.748, 1.7323 -2.0177 -0.748, -1.9094 1.7815 -0.6693, -2.0276 1.7815 -0.6693, -2.0276 1.7842 -0.6897, -1.9094 1.7842 -0.6897, -2.0276 1.7921 -0.7087, -1.9094 1.7921 -0.7087, -2.0276 1.8046 -0.725, -1.9094 1.8046 -0.725, -2.0276 1.8209 -0.7375, -1.9094 1.8209 -0.7375, -2.0276 1.8399 -0.7453, -1.9094 1.8399 -0.7453, -2.0276 1.8603 -0.748, -1.9094 1.8603 -0.748, -2.0276 2.1752 -0.6693, -1.9094 2.1752 -0.6693, -1.9094 2.1726 -0.6897, -2.0276 2.1726 -0.6897, -1.9094 2.1647 -0.7087, -2.0276 2.1647 -0.7087, -1.9094 2.1522 -0.725, -2.0276 2.1522 -0.725, -1.9094 2.1359 -0.7375, -2.0276 2.1359 -0.7375, -1.9094 2.1169 -0.7453, -2.0276 2.1169 -0.7453, -1.9094 2.0965 -0.748, -2.0276 2.0965 -0.748, 1.9094 1.8603 -0.748, 2.0276 1.8603 -0.748, 2.0276 1.8399 -0.7453, 1.9094 1.8399 -0.7453, 2.0276 1.8209 -0.7375, 1.9094 1.8209 -0.7375, 2.0276 1.8046 -0.725, 1.9094 1.8046 -0.725, 2.0276 1.7921 -0.7087, 1.9094 1.7921 -0.7087, 2.0276 1.7842 -0.6897, 1.9094 1.7842 -0.6897, 2.0276 1.7815 -0.6693, 1.9094 1.7815 -0.6693, 1.9094 2.1752 -0.6693, 2.0276 2.1752 -0.6693, 2.0276 2.1726 -0.6897, 1.9094 2.1726 -0.6897, 2.0276 2.1647 -0.7087, 1.9094 2.1647 -0.7087, 2.0276 2.1522 -0.725, 1.9094 2.1522 -0.725, 2.0276 2.1359 -0.7375, 1.9094 2.1359 -0.7375, 2.0276 2.1169 -0.7453, 1.9094 2.1169 -0.7453, 2.0276 2.0965 -0.748, 1.9094 2.0965 -0.748, -2.0453 1.5847 0.1181, -2.0453 1.5847 0.0394, -2.0555 1.5833 0.0394, -2.0555 1.5833 0.1181, -2.065 1.5794 0.0394, -2.065 1.5794 0.1181, -2.0732 1.5732 0.0394, -2.0732 1.5732 0.1181, -2.0794 1.565 0.0394, -2.0794 1.565 0.1181, -2.0834 1.5555 0.0394, -2.0834 1.5555 0.1181, -2.0847 1.5453 0.0394, -2.0847 1.5453 0.1181, -1.8072 1.6241 0.1181, -1.8072 1.6241 0.0394, -1.8085 1.6139 0.1181, -1.8085 1.6139 0.0394, -1.8125 1.6044 0.1181, -1.8125 1.6044 0.0394, -1.8187 1.5962 0.1181, -1.8187 1.5962 0.0394, -1.8269 1.59 0.1181, -1.8269 1.59 0.0394, -1.8364 1.586 0.1181, -1.8364 1.586 0.0394, -1.8466 1.5847 0.1181, -1.8466 1.5847 0.0394, -1.8466 1.7815 0.1181, -1.8466 1.7815 0.0394, -1.8364 1.7802 0.1181, -1.8364 1.7802 0.0394, -1.8269 1.7763 0.1181, -1.8269 1.7763 0.0394, -1.8187 1.77 0.1181, -1.8187 1.77 0.0394, -1.8072 1.7422 0.0394, -1.8072 1.7422 0.1181, -1.8085 1.7524 0.0394, -1.8085 1.7524 0.1181, -1.8125 1.7618 0.0394, -1.8125 1.7618 0.1181, -1.8126 1.762 0.1181, 1.9882 1.5847 0.0394, 1.9882 1.5847 0.1181, 1.9984 1.5833 0.1181, 1.9984 1.5833 0.0394, 2.0079 1.5794 0.1181, 2.0079 1.5794 0.0394, 2.016 1.5732 0.1181, 2.016 1.5732 0.0394, 2.0223 1.565 0.1181, 2.0223 1.565 0.0394, 2.0262 1.5555 0.1181, 2.0262 1.5555 0.0394, 2.0276 1.5453 0.1181, 2.0276 1.5453 0.0394, 1.8307 1.6241 0.0394, 1.8307 1.6241 0.1181, 1.832 1.6139 0.0394, 1.832 1.6139 0.1181, 1.836 1.6044 0.0394, 1.836 1.6044 0.1181, 1.8422 1.5962 0.0394, 1.8422 1.5962 0.1181, 1.8504 1.59 0.0394, 1.8504 1.59 0.1181, 1.8599 1.586 0.0394, 1.8599 1.586 0.1181, 1.8701 1.5847 0.0394, 1.8701 1.5847 0.1181, 1.8307 1.7422 0.1181, 1.8307 1.7422 0.0394, 1.832 1.7524 0.1181, 1.832 1.7524 0.0394, 1.836 1.7618 0.1181, 1.836 1.7618 0.0394, 1.8422 1.77 0.1181, 1.8422 1.77 0.0394, 1.8504 1.7763 0.1181, 1.8504 1.7763 0.0394, 1.8599 1.7802 0.1181, 1.8599 1.7802 0.0394, 1.8701 1.7815 0.1181, 1.8701 1.7815 0.0394, 2.3622 -0.3838 0.0394, 2.3622 -0.3838 0.1181, 2.3555 -0.4348 0.1181, 2.3555 -0.4348 0.0394, 2.3358 -0.4822 0.1181, 2.3358 -0.4822 0.0394, 2.3045 -0.523 0.1181, 2.3045 -0.523 0.0394, 2.2638 -0.5543 0.1181, 2.2638 -0.5543 0.0394, 2.2163 -0.574 0.1181, 2.2163 -0.574 0.0394, 2.1654 -0.5807 0.1181, 2.1654 -0.5807 0.0394, 2.3622 0.102 0.1181, 2.3622 0.102 0.0394, 2.3581 0.1419 0.0394, 2.3581 0.1419 0.1181, 2.3461 0.1801 0.0394, 2.3461 0.1801 0.1181, 2.3265 0.215 0.0394, 2.3265 0.215 0.1181, 2.3003 0.2453 0.0394, 2.3003 0.2453 0.1181, 2.0276 0.5871 0.0394, 2.0276 0.5871 0.1181, 2.0316 0.5472 0.0394, 2.0316 0.5472 0.1181, 2.0437 0.509 0.0394, 2.0437 0.509 0.1181, 2.0633 0.474 0.0394, 2.0633 0.474 0.1181, 2.0895 0.4437 0.0394, 2.0895 0.4437 0.1181, -1.9314 0.3998 0.0394, -1.9314 0.3998 0.1181, -1.9486 0.4017 0.1181, -1.9486 0.4017 0.0394, -1.965 0.4073 0.1181, -1.965 0.4073 0.0394, -1.9689 0.4093 0.1181, -1.9797 0.4163 0.0394, -1.9797 0.4163 0.1181, -1.9921 0.4284 0.1181, -1.9921 0.4284 0.0394, -1.9094 0.3998 0.1181, -1.9094 0.3998 0.0394, -1.8891 0.3971 0.1181, -1.8891 0.3971 0.0394, -1.8701 0.3893 0.1181, -1.8701 0.3893 0.0394, -1.8538 0.3767 0.1181, -1.8538 0.3767 0.0394, -1.8413 0.3604 0.1181, -1.8413 0.3604 0.0394, -1.8334 0.3414 0.1181, -1.8334 0.3414 0.0394, -1.8307 0.3211 0.1181, -1.8307 0.3211 0.0394, -1.752 -0.5807 0.0394, -1.752 -0.5807 0.1181, -1.7723 -0.578 0.1181, -1.7723 -0.578 0.0394, -1.7913 -0.5701 0.1181, -1.7913 -0.5701 0.0394, -1.8076 -0.5576 0.1181, -1.8076 -0.5576 0.0394, -1.8202 -0.5413 0.1181, -1.8202 -0.5413 0.0394, -1.828 -0.5223 0.1181, -1.828 -0.5223 0.0394, -1.8307 -0.5019 0.1181, -1.8307 -0.5019 0.0394, -1.6614 -0.5807 0.1181, -1.6614 -0.5807 0.0394, -1.6421 -0.5783 0.0394, -1.6421 -0.5783 0.1181, -1.624 -0.5712 0.0394, -1.624 -0.5712 0.1181, -1.6082 -0.5599 0.0394, -1.6082 -0.5599 0.1181, -1.5956 -0.5451 0.0394, -1.5956 -0.5451 0.1181, -1.271 -0.5451 0.0394, -1.271 -0.5451 0.1181, -1.2584 -0.5599 0.0394, -1.2584 -0.5599 0.1181, -1.2425 -0.5712 0.0394, -1.2425 -0.5712 0.1181, -1.2244 -0.5783 0.0394, -1.2244 -0.5783 0.1181, -1.2051 -0.5807 0.0394, -1.2051 -0.5807 0.1181, -2.0847 1.0084 0.1181, -2.0847 1.0084 0.0394, -2.0866 0.9912 0.1181, -2.0866 0.9912 0.0394, -2.0922 0.9748 0.1181, -2.0922 0.9748 0.0394, -2.1012 0.9601 0.1181, -2.1012 0.9601 0.0394, -2.1132 0.9477 0.1181, -2.1132 0.9477 0.0394, -2.1277 0.9382 0.1181, -2.1277 0.9382 0.0394, -2.1438 0.9321 0.1181, -2.1438 0.9321 0.0394, -2.2832 0.7804 0.0394, -2.2832 0.7804 0.1181, -2.2938 0.797 0.1181, -2.2938 0.797 0.0394, -2.2999 0.8158 0.1181, -2.2999 0.8158 0.0394, -2.3011 0.8355 0.1181, -2.3011 0.8355 0.0394, -2.2974 0.8549 0.1181, -2.2974 0.8549 0.0394, -2.289 0.8727 0.1181, -2.289 0.8727 0.0394, -2.2764 0.8879 0.1181, -2.2764 0.8879 0.0394, -2.2605 0.8996 0.1181, -2.2605 0.8996 0.0394, -2.2421 0.9068 0.1181, -2.2421 0.9068 0.0394
            ]
        }
        coordIndex [
            0,1,2,-1,2,1,3,-1,2,3,4,-1,4,3,5,-1,4,5,6,-1,6,5,7,-1,6,7,8,-1,8,7,9,-1,8,9,10,-1,10,9,11,-1,10,11,12,-1,12,11,13,-1,12,13,14,-1,14,13,15,-1,14,15,16,-1,16,15,17,-1,16,17,18,-1,18,17,19,-1,18,19,20,-1,20,19,21,-1,22,23,24,-1,24,23,25,-1,26,27,25,-1,25,27,28,-1,25,28,29,-1,29,30,25,-1,25,30,31,-1,25,31,32,-1,32,33,25,-1,25,33,34,-1,25,34,24,-1,35,36,37,-1,37,36,38,-1,35,39,36,-1,36,39,40,-1,36,40,41,-1,38,36,25,-1,25,36,42,-1,25,42,26,-1,43,23,44,-1,44,23,45,-1,44,45,46,-1,46,45,47,-1,46,47,48,-1,48,47,49,-1,48,49,50,-1,50,49,51,-1,50,51,52,-1,51,53,52,-1,52,53,22,-1,52,22,54,-1,54,22,24,-1,54,24,55,-1,55,24,34,-1,55,34,56,-1,56,34,33,-1,56,33,57,-1,57,33,32,-1,57,32,58,-1,58,32,31,-1,58,31,59,-1,59,31,30,-1,59,30,60,-1,60,30,29,-1,60,29,61,-1,61,29,28,-1,61,28,62,-1,62,28,27,-1,62,27,63,-1,63,27,26,-1,63,26,64,-1,64,26,42,-1,64,42,65,-1,65,42,36,-1,65,36,66,-1,66,36,41,-1,66,41,67,-1,67,41,40,-1,67,40,68,-1,68,40,39,-1,68,39,69,-1,69,39,35,-1,69,35,70,-1,70,35,37,-1,70,37,71,-1,71,37,38,-1,71,38,43,-1,43,38,25,-1,43,25,23,-1,72,73,74,-1,72,74,75,-1,75,74,76,-1,75,76,77,-1,77,76,78,-1,77,78,79,-1,79,78,80,-1,79,80,81,-1,81,80,82,-1,81,82,83,-1,83,82,84,-1,83,84,85,-1,86,87,88,-1,86,88,89,-1,89,88,90,-1,89,90,91,-1,91,90,92,-1,91,92,93,-1,93,92,94,-1,93,94,95,-1,95,94,96,-1,95,96,97,-1,97,96,98,-1,97,98,99,-1,100,101,102,-1,100,102,103,-1,103,102,104,-1,103,104,105,-1,105,104,106,-1,105,106,107,-1,107,106,108,-1,107,108,109,-1,109,108,110,-1,109,110,111,-1,111,110,112,-1,111,112,113,-1,114,115,116,-1,114,116,117,-1,117,116,118,-1,117,118,119,-1,119,118,120,-1,119,120,121,-1,121,120,122,-1,121,122,123,-1,123,122,124,-1,123,124,125,-1,125,124,126,-1,125,126,127,-1,128,129,130,-1,128,130,131,-1,131,130,132,-1,131,132,133,-1,133,132,134,-1,133,134,135,-1,135,134,136,-1,135,136,137,-1,137,136,138,-1,137,138,139,-1,139,138,140,-1,139,140,141,-1,142,143,144,-1,142,144,145,-1,145,144,146,-1,145,146,147,-1,147,146,148,-1,147,148,149,-1,149,148,150,-1,149,150,151,-1,151,150,152,-1,151,152,153,-1,153,152,154,-1,153,154,155,-1,156,157,158,-1,156,158,159,-1,159,158,160,-1,159,160,161,-1,161,160,162,-1,161,162,163,-1,163,162,164,-1,163,164,165,-1,165,164,166,-1,165,166,167,-1,167,166,168,-1,167,168,169,-1,170,171,172,-1,170,172,173,-1,173,172,174,-1,173,174,175,-1,175,174,176,-1,175,176,177,-1,177,176,178,-1,177,178,179,-1,179,178,180,-1,179,180,181,-1,181,180,182,-1,181,182,183,-1,184,185,186,-1,184,186,187,-1,187,186,188,-1,187,188,189,-1,189,188,190,-1,189,190,191,-1,191,190,192,-1,191,192,193,-1,193,192,194,-1,193,194,195,-1,195,194,196,-1,195,196,197,-1,198,199,200,-1,198,200,201,-1,201,200,202,-1,201,202,203,-1,203,202,204,-1,203,204,205,-1,205,204,206,-1,205,206,207,-1,207,206,208,-1,207,208,209,-1,209,208,210,-1,209,210,211,-1,212,213,214,-1,212,214,215,-1,215,214,216,-1,215,216,217,-1,217,216,218,-1,217,218,219,-1,219,218,220,-1,219,220,221,-1,221,220,222,-1,221,222,223,-1,223,222,224,-1,223,224,225,-1,226,227,228,-1,226,228,229,-1,229,228,230,-1,229,230,231,-1,231,230,232,-1,231,232,233,-1,233,232,234,-1,233,234,235,-1,235,234,236,-1,235,236,237,-1,237,236,238,-1,237,238,239,-1,240,241,242,-1,240,242,243,-1,243,242,244,-1,243,244,245,-1,245,244,246,-1,245,246,247,-1,247,246,248,-1,247,248,249,-1,249,248,250,-1,249,250,251,-1,251,250,252,-1,251,252,253,-1,254,255,256,-1,254,256,257,-1,257,256,258,-1,257,258,259,-1,259,258,260,-1,259,260,261,-1,261,260,262,-1,261,262,263,-1,263,262,264,-1,263,264,265,-1,265,264,266,-1,265,266,267,-1,268,269,270,-1,268,270,271,-1,271,270,272,-1,271,272,273,-1,273,272,274,-1,273,274,275,-1,275,274,276,-1,275,276,277,-1,277,276,278,-1,277,278,279,-1,279,278,280,-1,279,280,281,-1,282,283,284,-1,282,284,285,-1,285,284,286,-1,285,286,287,-1,287,286,288,-1,287,288,289,-1,289,288,290,-1,289,290,291,-1,291,290,292,-1,291,292,293,-1,293,292,294,-1,293,294,295,-1,296,297,298,-1,296,298,299,-1,299,298,300,-1,299,300,301,-1,301,300,302,-1,301,302,303,-1,303,302,304,-1,303,304,305,-1,305,304,306,-1,305,306,307,-1,307,306,308,-1,307,308,309,-1,310,311,312,-1,312,311,313,-1,312,313,314,-1,314,313,315,-1,314,315,316,-1,316,315,317,-1,316,317,318,-1,318,317,319,-1,318,319,320,-1,320,319,321,-1,320,321,322,-1,322,321,323,-1,324,325,326,-1,326,325,327,-1,326,327,328,-1,328,327,329,-1,328,329,330,-1,330,329,331,-1,332,333,334,-1,334,333,335,-1,334,335,336,-1,336,335,337,-1,336,337,331,-1,331,337,338,-1,331,338,330,-1,339,340,341,-1,339,341,342,-1,342,341,343,-1,342,343,344,-1,344,343,345,-1,344,345,346,-1,346,345,347,-1,346,347,348,-1,348,347,349,-1,348,349,350,-1,350,349,351,-1,350,351,352,-1,353,354,355,-1,355,354,356,-1,355,356,357,-1,357,356,358,-1,357,358,359,-1,359,358,360,-1,359,360,361,-1,361,360,362,-1,361,362,363,-1,363,362,364,-1,363,364,365,-1,365,364,366,-1,367,368,369,-1,369,368,370,-1,369,370,371,-1,371,370,372,-1,371,372,373,-1,373,372,374,-1,373,374,375,-1,375,374,376,-1,375,376,377,-1,377,376,378,-1,377,378,379,-1,379,378,380,-1,381,382,383,-1,381,383,384,-1,384,383,385,-1,384,385,386,-1,386,385,387,-1,386,387,388,-1,388,387,389,-1,388,389,390,-1,390,389,391,-1,390,391,392,-1,392,391,393,-1,392,393,394,-1,395,396,397,-1,395,397,398,-1,398,397,399,-1,398,399,400,-1,400,399,401,-1,400,401,402,-1,402,401,403,-1,402,403,404,-1,405,406,407,-1,407,406,408,-1,407,408,409,-1,409,408,410,-1,409,410,411,-1,411,410,412,-1,411,412,413,-1,413,412,414,-1,415,416,417,-1,415,417,418,-1,418,417,419,-1,418,419,420,-1,420,419,421,-1,420,421,422,-1,421,423,422,-1,422,423,424,-1,422,424,425,-1,426,427,428,-1,428,427,429,-1,428,429,430,-1,430,429,431,-1,430,431,432,-1,432,431,433,-1,432,433,434,-1,434,433,435,-1,434,435,436,-1,436,435,437,-1,436,437,438,-1,438,437,439,-1,440,441,442,-1,440,442,443,-1,443,442,444,-1,443,444,445,-1,445,444,446,-1,445,446,447,-1,447,446,448,-1,447,448,449,-1,449,448,450,-1,449,450,451,-1,451,450,452,-1,451,452,453,-1,454,455,456,-1,454,456,457,-1,457,456,458,-1,457,458,459,-1,459,458,460,-1,459,460,461,-1,461,460,462,-1,461,462,463,-1,463,462,1,-1,463,1,0,-1,20,21,464,-1,20,464,465,-1,465,464,466,-1,465,466,467,-1,467,466,468,-1,467,468,469,-1,469,468,470,-1,469,470,471,-1,471,470,472,-1,471,472,473,-1,474,475,476,-1,476,475,477,-1,476,477,478,-1,478,477,479,-1,478,479,480,-1,480,479,481,-1,480,481,482,-1,482,481,483,-1,482,483,484,-1,484,483,485,-1,484,485,486,-1,486,485,487,-1,488,489,490,-1,488,490,491,-1,491,490,492,-1,491,492,493,-1,493,492,494,-1,493,494,495,-1,495,494,496,-1,495,496,497,-1,497,496,498,-1,497,498,499,-1,499,498,500,-1,499,500,501,-1,501,500,502,-1,501,502,503,-1,503,502,504,-1,503,504,505,-1,
        ]
    }
}
Shape{
    appearance Appearance {
        material  Material 	{
            diffuseColor 1.0 1.0 1.0
            specularColor 0.8784313725490196 0.8784313725490196 0.8784313725490196
            ambientIntensity 1.0
            transparency 0.0
            shininess 0.5
        }
    }
    geometry IndexedFaceSet {
        ccw TRUE
        solid FALSE
        coord DEF co Coordinate {
            point [
                -1.9758 0.3841 0.1181, -1.9758 0.3841 0.2362, -1.9703 0.4002 0.1181, -1.9703 0.4002 0.2362, -1.9689 0.4093 0.1181, -1.9685 0.4171 0.2362, -1.9685 0.4171 0.1181, -2.3622 -0.47 0.1181, -2.3622 -0.47 0.2362, -2.3604 -0.4531 0.2362, -2.3604 -0.4531 0.1181, -2.355 -0.437 0.2362, -2.355 -0.437 0.1181, -2.2835 -1.8996 0.1181, -2.2835 -1.8996 0.2362, -2.3038 -1.8969 0.2362, -2.3038 -1.8969 0.1181, -2.3228 -1.889 0.2362, -2.3228 -1.889 0.1181, -2.3391 -1.8765 0.2362, -2.3391 -1.8765 0.1181, -2.3517 -1.8602 0.2362, -2.3517 -1.8602 0.1181, -2.3595 -1.8412 0.2362, -2.3595 -1.8412 0.1181, -2.3622 -1.8208 0.2362, -2.3622 -1.8208 0.1181, 2.1063 -1.8208 0.1181, 2.1063 -1.8208 0.2362, 2.1036 -1.8412 0.2362, 2.1036 -1.8412 0.1181, 2.0957 -1.8602 0.2362, 2.0957 -1.8602 0.1181, 2.0832 -1.8765 0.2362, 2.0832 -1.8765 0.1181, 2.0669 -1.889 0.2362, 2.0669 -1.889 0.1181, 2.0479 -1.8969 0.2362, 2.0479 -1.8969 0.1181, 2.0276 -1.8996 0.2362, 2.0276 -1.8996 0.1181, 2.0276 0.9941 0.1181, 2.0276 0.9941 0.2362, 2.0479 0.9914 0.2362, 2.0479 0.9914 0.1181, 2.0669 0.9836 0.2362, 2.0669 0.9836 0.1181, 2.0832 0.9711 0.2362, 2.0832 0.9711 0.1181, 2.0957 0.9548 0.2362, 2.0957 0.9548 0.1181, 2.1036 0.9358 0.2362, 2.1036 0.9358 0.1181, 2.1063 0.9154 0.2362, 2.1063 0.9154 0.1181
            ]
        }
        coordIndex [
            0,1,2,-1,2,1,3,-1,2,3,4,-1,4,3,5,-1,4,5,6,-1,7,8,9,-1,7,9,10,-1,10,9,11,-1,10,11,12,-1,13,14,15,-1,13,15,16,-1,16,15,17,-1,16,17,18,-1,18,17,19,-1,18,19,20,-1,20,19,21,-1,20,21,22,-1,22,21,23,-1,22,23,24,-1,24,23,25,-1,24,25,26,-1,27,28,29,-1,27,29,30,-1,30,29,31,-1,30,31,32,-1,32,31,33,-1,32,33,34,-1,34,33,35,-1,34,35,36,-1,36,35,37,-1,36,37,38,-1,38,37,39,-1,38,39,40,-1,41,42,43,-1,41,43,44,-1,44,43,45,-1,44,45,46,-1,46,45,47,-1,46,47,48,-1,48,47,49,-1,48,49,50,-1,50,49,51,-1,50,51,52,-1,52,51,53,-1,52,53,54,-1,
        ]
    }
}
Shape{
    appearance Appearance {
        material  Material 	{
            diffuseColor 1.0 1.0 1.0
            specularColor 0.5019607843137255 0.5019607843137255 0.5019607843137255
            ambientIntensity 1.0
            transparency 0.0
            shininess 0.5
        }
    }
    geometry IndexedFaceSet {
        ccw TRUE
        solid FALSE
        coord DEF co Coordinate {
            point [
                -1.811 -2.0177 0.0394, -1.811 -2.0177 0.1181, -1.8212 -2.0163 0.1181, -1.8212 -2.0163 0.0394, -1.8307 -2.0124 0.1181, -1.8307 -2.0124 0.0394, -1.8389 -2.0061 0.1181, -1.8389 -2.0061 0.0394, -1.8451 -1.998 0.1181, -1.8451 -1.998 0.0394, -1.8491 -1.9885 0.1181, -1.8491 -1.9885 0.0394, -1.8504 -1.9783 0.1181, -1.8504 -1.9783 0.0394, -1.7323 -1.8996 0.0, -1.7323 -2.0177 0.0, -1.7336 -1.8996 0.0102, -1.7336 -2.0177 0.0102, -1.7376 -1.8996 0.0197, -1.7376 -2.0177 0.0197, -1.7438 -1.8996 0.0278, -1.7438 -2.0177 0.0278, -1.752 -1.8996 0.0341, -1.752 -2.0177 0.0341, -1.7615 -1.8996 0.038, -1.7615 -2.0177 0.038, -1.7717 -1.8996 0.0394, -1.7717 -2.0177 0.0394, -1.2992 -1.9783 0.0394, -1.2992 -1.9783 0.1181, -1.3006 -1.9885 0.1181, -1.3006 -1.9885 0.0394, -1.3045 -1.998 0.1181, -1.3045 -1.998 0.0394, -1.3107 -2.0061 0.1181, -1.3107 -2.0061 0.0394, -1.3189 -2.0124 0.1181, -1.3189 -2.0124 0.0394, -1.3284 -2.0163 0.1181, -1.3284 -2.0163 0.0394, -1.3386 -2.0177 0.1181, -1.3386 -2.0177 0.0394, -1.4173 -2.0177 0.0, -1.4173 -1.8996 0.0, -1.416 -2.0177 0.0102, -1.416 -1.8996 0.0102, -1.412 -2.0177 0.0197, -1.412 -1.8996 0.0197, -1.4058 -2.0177 0.0278, -1.4058 -1.8996 0.0278, -1.3976 -2.0177 0.0341, -1.3976 -1.8996 0.0341, -1.3881 -2.0177 0.038, -1.3881 -1.8996 0.038, -1.378 -2.0177 0.0394, -1.378 -1.8996 0.0394, -0.6299 -2.0177 0.0, -0.6299 -1.8996 0.0, -0.6286 -2.0177 0.0102, -0.6286 -1.8996 0.0102, -0.6246 -2.0177 0.0197, -0.6246 -1.8996 0.0197, -0.6184 -2.0177 0.0278, -0.6184 -1.8996 0.0278, -0.6102 -2.0177 0.0341, -0.6102 -1.8996 0.0341, -0.6007 -2.0177 0.038, -0.6007 -1.8996 0.038, -0.5906 -2.0177 0.0394, -0.5906 -1.8996 0.0394, -0.9449 -1.8996 0.0, -0.9449 -2.0177 0.0, -0.9462 -1.8996 0.0102, -0.9462 -2.0177 0.0102, -0.9502 -1.8996 0.0197, -0.9502 -2.0177 0.0197, -0.9564 -1.8996 0.0278, -0.9564 -2.0177 0.0278, -0.9646 -1.8996 0.0341, -0.9646 -2.0177 0.0341, -0.9741 -1.8996 0.038, -0.9741 -2.0177 0.038, -0.9843 -1.8996 0.0394, -0.9843 -2.0177 0.0394, -1.0236 -2.0177 0.0394, -1.0236 -2.0177 0.1181, -1.0338 -2.0163 0.1181, -1.0338 -2.0163 0.0394, -1.0433 -2.0124 0.1181, -1.0433 -2.0124 0.0394, -1.0515 -2.0061 0.1181, -1.0515 -2.0061 0.0394, -1.0577 -1.998 0.1181, -1.0577 -1.998 0.0394, -1.0617 -1.9885 0.1181, -1.0617 -1.9885 0.0394, -1.063 -1.9783 0.1181, -1.063 -1.9783 0.0394, -0.5118 -1.9783 0.0394, -0.5118 -1.9783 0.1181, -0.5132 -1.9885 0.1181, -0.5132 -1.9885 0.0394, -0.5171 -1.998 0.1181, -0.5171 -1.998 0.0394, -0.5233 -2.0061 0.1181, -0.5233 -2.0061 0.0394, -0.5315 -2.0124 0.1181, -0.5315 -2.0124 0.0394, -0.541 -2.0163 0.1181, -0.541 -2.0163 0.0394, -0.5512 -2.0177 0.1181, -0.5512 -2.0177 0.0394, -0.2362 -2.0177 0.0394, -0.2362 -2.0177 0.1181, -0.2464 -2.0163 0.1181, -0.2464 -2.0163 0.0394, -0.2559 -2.0124 0.1181, -0.2559 -2.0124 0.0394, -0.2641 -2.0061 0.1181, -0.2641 -2.0061 0.0394, -0.2703 -1.998 0.1181, -0.2703 -1.998 0.0394, -0.2742 -1.9885 0.1181, -0.2742 -1.9885 0.0394, -0.2756 -1.9783 0.1181, -0.2756 -1.9783 0.0394, -0.1575 -1.8996 0.0, -0.1575 -2.0177 0.0, -0.1588 -1.8996 0.0102, -0.1588 -2.0177 0.0102, -0.1628 -1.8996 0.0197, -0.1628 -2.0177 0.0197, -0.169 -1.8996 0.0278, -0.169 -2.0177 0.0278, -0.1772 -1.8996 0.0341, -0.1772 -2.0177 0.0341, -0.1867 -1.8996 0.038, -0.1867 -2.0177 0.038, -0.1969 -1.8996 0.0394, -0.1969 -2.0177 0.0394, 0.2756 -1.9783 0.0394, 0.2756 -1.9783 0.1181, 0.2742 -1.9885 0.1181, 0.2742 -1.9885 0.0394, 0.2703 -1.998 0.1181, 0.2703 -1.998 0.0394, 0.2641 -2.0061 0.1181, 0.2641 -2.0061 0.0394, 0.2559 -2.0124 0.1181, 0.2559 -2.0124 0.0394, 0.2464 -2.0163 0.1181, 0.2464 -2.0163 0.0394, 0.2362 -2.0177 0.1181, 0.2362 -2.0177 0.0394, 0.1575 -2.0177 0.0, 0.1575 -1.8996 0.0, 0.1588 -2.0177 0.0102, 0.1588 -1.8996 0.0102, 0.1628 -2.0177 0.0197, 0.1628 -1.8996 0.0197, 0.169 -2.0177 0.0278, 0.169 -1.8996 0.0278, 0.1772 -2.0177 0.0341, 0.1772 -1.8996 0.0341, 0.1867 -2.0177 0.038, 0.1867 -1.8996 0.038, 0.1969 -2.0177 0.0394, 0.1969 -1.8996 0.0394, 0.9449 -2.0177 0.0, 0.9449 -1.8996 0.0, 0.9462 -2.0177 0.0102, 0.9462 -1.8996 0.0102, 0.9502 -2.0177 0.0197, 0.9502 -1.8996 0.0197, 0.9564 -2.0177 0.0278, 0.9564 -1.8996 0.0278, 0.9646 -2.0177 0.0341, 0.9646 -1.8996 0.0341, 0.9741 -2.0177 0.038, 0.9741 -1.8996 0.038, 0.9843 -2.0177 0.0394, 0.9843 -1.8996 0.0394, 0.6299 -1.8996 0.0, 0.6299 -2.0177 0.0, 0.6286 -1.8996 0.0102, 0.6286 -2.0177 0.0102, 0.6246 -1.8996 0.0197, 0.6246 -2.0177 0.0197, 0.6184 -1.8996 0.0278, 0.6184 -2.0177 0.0278, 0.6102 -1.8996 0.0341, 0.6102 -2.0177 0.0341, 0.6007 -1.8996 0.038, 0.6007 -2.0177 0.038, 0.5906 -1.8996 0.0394, 0.5906 -2.0177 0.0394, 0.5512 -2.0177 0.0394, 0.5512 -2.0177 0.1181, 0.541 -2.0163 0.1181, 0.541 -2.0163 0.0394, 0.5315 -2.0124 0.1181, 0.5315 -2.0124 0.0394, 0.5233 -2.0061 0.1181, 0.5233 -2.0061 0.0394, 0.5171 -1.998 0.1181, 0.5171 -1.998 0.0394, 0.5132 -1.9885 0.1181, 0.5132 -1.9885 0.0394, 0.5118 -1.9783 0.1181, 0.5118 -1.9783 0.0394, 1.063 -1.9783 0.0394, 1.063 -1.9783 0.1181, 1.0617 -1.9885 0.1181, 1.0617 -1.9885 0.0394, 1.0577 -1.998 0.1181, 1.0577 -1.998 0.0394, 1.0515 -2.0061 0.1181, 1.0515 -2.0061 0.0394, 1.0433 -2.0124 0.1181, 1.0433 -2.0124 0.0394, 1.0338 -2.0163 0.1181, 1.0338 -2.0163 0.0394, 1.0236 -2.0177 0.1181, 1.0236 -2.0177 0.0394, 1.3386 -2.0177 0.0394, 1.3386 -2.0177 0.1181, 1.3284 -2.0163 0.1181, 1.3284 -2.0163 0.0394, 1.3189 -2.0124 0.1181, 1.3189 -2.0124 0.0394, 1.3107 -2.0061 0.1181, 1.3107 -2.0061 0.0394, 1.3045 -1.998 0.1181, 1.3045 -1.998 0.0394, 1.3006 -1.9885 0.1181, 1.3006 -1.9885 0.0394, 1.2992 -1.9783 0.1181, 1.2992 -1.9783 0.0394, 1.4173 -1.8996 0.0, 1.4173 -2.0177 0.0, 1.416 -1.8996 0.0102, 1.416 -2.0177 0.0102, 1.412 -1.8996 0.0197, 1.412 -2.0177 0.0197, 1.4058 -1.8996 0.0278, 1.4058 -2.0177 0.0278, 1.3976 -1.8996 0.0341, 1.3976 -2.0177 0.0341, 1.3881 -1.8996 0.038, 1.3881 -2.0177 0.038, 1.378 -1.8996 0.0394, 1.378 -2.0177 0.0394, 1.7323 -2.0177 0.0, 1.7323 -1.8996 0.0, 1.7336 -2.0177 0.0102, 1.7336 -1.8996 0.0102, 1.7376 -2.0177 0.0197, 1.7376 -1.8996 0.0197, 1.7438 -2.0177 0.0278, 1.7438 -1.8996 0.0278, 1.752 -2.0177 0.0341, 1.752 -1.8996 0.0341, 1.7615 -2.0177 0.038, 1.7615 -1.8996 0.038, 1.7717 -2.0177 0.0394, 1.7717 -1.8996 0.0394, 1.8504 -1.9783 0.0394, 1.8504 -1.9783 0.1181, 1.8491 -1.9885 0.1181, 1.8491 -1.9885 0.0394, 1.8451 -1.998 0.1181, 1.8451 -1.998 0.0394, 1.8389 -2.0061 0.1181, 1.8389 -2.0061 0.0394, 1.8307 -2.0124 0.1181, 1.8307 -2.0124 0.0394, 1.8212 -2.0163 0.1181, 1.8212 -2.0163 0.0394, 1.811 -2.0177 0.1181, 1.811 -2.0177 0.0394
            ]
        }
        coordIndex [
            0,1,2,-1,0,2,3,-1,3,2,4,-1,3,4,5,-1,5,4,6,-1,5,6,7,-1,7,6,8,-1,7,8,9,-1,9,8,10,-1,9,10,11,-1,11,10,12,-1,11,12,13,-1,14,15,16,-1,16,15,17,-1,16,17,18,-1,18,17,19,-1,18,19,20,-1,20,19,21,-1,20,21,22,-1,22,21,23,-1,22,23,24,-1,24,23,25,-1,24,25,26,-1,26,25,27,-1,28,29,30,-1,28,30,31,-1,31,30,32,-1,31,32,33,-1,33,32,34,-1,33,34,35,-1,35,34,36,-1,35,36,37,-1,37,36,38,-1,37,38,39,-1,39,38,40,-1,39,40,41,-1,42,43,44,-1,44,43,45,-1,44,45,46,-1,46,45,47,-1,46,47,48,-1,48,47,49,-1,48,49,50,-1,50,49,51,-1,50,51,52,-1,52,51,53,-1,52,53,54,-1,54,53,55,-1,56,57,58,-1,58,57,59,-1,58,59,60,-1,60,59,61,-1,60,61,62,-1,62,61,63,-1,62,63,64,-1,64,63,65,-1,64,65,66,-1,66,65,67,-1,66,67,68,-1,68,67,69,-1,70,71,72,-1,72,71,73,-1,72,73,74,-1,74,73,75,-1,74,75,76,-1,76,75,77,-1,76,77,78,-1,78,77,79,-1,78,79,80,-1,80,79,81,-1,80,81,82,-1,82,81,83,-1,84,85,86,-1,84,86,87,-1,87,86,88,-1,87,88,89,-1,89,88,90,-1,89,90,91,-1,91,90,92,-1,91,92,93,-1,93,92,94,-1,93,94,95,-1,95,94,96,-1,95,96,97,-1,98,99,100,-1,98,100,101,-1,101,100,102,-1,101,102,103,-1,103,102,104,-1,103,104,105,-1,105,104,106,-1,105,106,107,-1,107,106,108,-1,107,108,109,-1,109,108,110,-1,109,110,111,-1,112,113,114,-1,112,114,115,-1,115,114,116,-1,115,116,117,-1,117,116,118,-1,117,118,119,-1,119,118,120,-1,119,120,121,-1,121,120,122,-1,121,122,123,-1,123,122,124,-1,123,124,125,-1,126,127,128,-1,128,127,129,-1,128,129,130,-1,130,129,131,-1,130,131,132,-1,132,131,133,-1,132,133,134,-1,134,133,135,-1,134,135,136,-1,136,135,137,-1,136,137,138,-1,138,137,139,-1,140,141,142,-1,140,142,143,-1,143,142,144,-1,143,144,145,-1,145,144,146,-1,145,146,147,-1,147,146,148,-1,147,148,149,-1,149,148,150,-1,149,150,151,-1,151,150,152,-1,151,152,153,-1,154,155,156,-1,156,155,157,-1,156,157,158,-1,158,157,159,-1,158,159,160,-1,160,159,161,-1,160,161,162,-1,162,161,163,-1,162,163,164,-1,164,163,165,-1,164,165,166,-1,166,165,167,-1,168,169,170,-1,170,169,171,-1,170,171,172,-1,172,171,173,-1,172,173,174,-1,174,173,175,-1,174,175,176,-1,176,175,177,-1,176,177,178,-1,178,177,179,-1,178,179,180,-1,180,179,181,-1,182,183,184,-1,184,183,185,-1,184,185,186,-1,186,185,187,-1,186,187,188,-1,188,187,189,-1,188,189,190,-1,190,189,191,-1,190,191,192,-1,192,191,193,-1,192,193,194,-1,194,193,195,-1,196,197,198,-1,196,198,199,-1,199,198,200,-1,199,200,201,-1,201,200,202,-1,201,202,203,-1,203,202,204,-1,203,204,205,-1,205,204,206,-1,205,206,207,-1,207,206,208,-1,207,208,209,-1,210,211,212,-1,210,212,213,-1,213,212,214,-1,213,214,215,-1,215,214,216,-1,215,216,217,-1,217,216,218,-1,217,218,219,-1,219,218,220,-1,219,220,221,-1,221,220,222,-1,221,222,223,-1,224,225,226,-1,224,226,227,-1,227,226,228,-1,227,228,229,-1,229,228,230,-1,229,230,231,-1,231,230,232,-1,231,232,233,-1,233,232,234,-1,233,234,235,-1,235,234,236,-1,235,236,237,-1,238,239,240,-1,240,239,241,-1,240,241,242,-1,242,241,243,-1,242,243,244,-1,244,243,245,-1,244,245,246,-1,246,245,247,-1,246,247,248,-1,248,247,249,-1,248,249,250,-1,250,249,251,-1,252,253,254,-1,254,253,255,-1,254,255,256,-1,256,255,257,-1,256,257,258,-1,258,257,259,-1,258,259,260,-1,260,259,261,-1,260,261,262,-1,262,261,263,-1,262,263,264,-1,264,263,265,-1,266,267,268,-1,266,268,269,-1,269,268,270,-1,269,270,271,-1,271,270,272,-1,271,272,273,-1,273,272,274,-1,273,274,275,-1,275,274,276,-1,275,276,277,-1,277,276,278,-1,277,278,279,-1,
        ]
    }
}
Shape{
    appearance Appearance {
        material  Material 	{
            diffuseColor 0.25098039215686274 0.25098039215686274 0.25098039215686274
            specularColor 0.12549019607843137 0.12549019607843137 0.12549019607843137
            ambientIntensity 0.251
            transparency 0.0
            shininess 0.5
        }
    }
    geometry IndexedFaceSet {
        ccw TRUE
        solid FALSE
        coord DEF co Coordinate {
            point [
                0.2924 1.9521 0.0354, 0.2924 1.9391 0.0354, 0.2924 1.9521 0.0394, 0.2924 1.9391 0.0394, 0.337 1.9521 0.0354, 0.337 1.9521 0.0394, 0.337 2.0572 0.0354, 0.337 2.0572 0.0394, 0.3529 2.0572 0.0354, 0.3529 2.0572 0.0394, 0.3529 1.9391 0.0354, 0.3529 1.9391 0.0394, 0.1944 1.9582 0.0354, 0.1944 1.9452 0.0354, 0.1944 1.9582 0.0394, 0.1944 1.9452 0.0394, 0.1965 1.957 0.0394, 0.1965 1.957 0.0354, 0.2091 1.9524 0.0394, 0.2091 1.9524 0.0354, 0.2247 1.9506 0.0394, 0.2247 1.9506 0.0354, 0.2357 1.9519 0.0394, 0.2357 1.9519 0.0354, 0.2444 1.955 0.0394, 0.2444 1.955 0.0354, 0.2516 1.9599 0.0394, 0.2516 1.9599 0.0354, 0.2571 1.9658 0.0394, 0.2571 1.9658 0.0354, 0.262 1.974 0.0394, 0.262 1.974 0.0354, 0.2652 1.9841 0.0394, 0.2652 1.9841 0.0354, 0.2664 1.9969 0.0394, 0.2664 1.9969 0.0354, 0.2659 2.0061 0.0394, 0.2659 2.0061 0.0354, 0.2627 2.0188 0.0394, 0.2627 2.0188 0.0354, 0.2579 2.0279 0.0394, 0.2579 2.0279 0.0354, 0.2507 2.0357 0.0394, 0.2507 2.0357 0.0354, 0.2425 2.0412 0.0394, 0.2425 2.0412 0.0354, 0.2337 2.0444 0.0394, 0.2337 2.0444 0.0354, 0.2221 2.0457 0.0394, 0.2221 2.0457 0.0354, 0.2077 2.0438 0.0394, 0.2077 2.0438 0.0354, 0.1944 2.0381 0.0394, 0.1944 2.0381 0.0354, 0.1944 2.054 0.0354, 0.1944 2.054 0.0394, 0.2222 2.0587 0.0394, 0.2222 2.0587 0.0354, 0.2118 2.058 0.0394, 0.2081 2.0577 0.0354, 0.2081 2.0577 0.0394, 0.2341 2.0577 0.0354, 0.231 2.058 0.0394, 0.2341 2.0577 0.0394, 0.2472 2.0539 0.0394, 0.2472 2.0539 0.0354, 0.2585 2.0474 0.0394, 0.2585 2.0474 0.0354, 0.2691 2.0372 0.0394, 0.2691 2.0372 0.0354, 0.276 2.0261 0.0394, 0.276 2.0261 0.0354, 0.2806 2.0127 0.0394, 0.2806 2.0127 0.0354, 0.2823 1.9959 0.0394, 0.2823 1.9959 0.0354, 0.2811 1.9823 0.0394, 0.2811 1.9823 0.0354, 0.2776 1.9698 0.0394, 0.2776 1.9698 0.0354, 0.2713 1.9585 0.0394, 0.2713 1.9585 0.0354, 0.2624 1.9492 0.0394, 0.2624 1.9492 0.0354, 0.2529 1.9431 0.0394, 0.2529 1.9431 0.0354, 0.2415 1.9392 0.0394, 0.2415 1.9392 0.0354, 0.2269 1.9377 0.0354, 0.2339 1.9384 0.0394, 0.2269 1.9377 0.0394, 0.207 1.9401 0.0354, 0.2237 1.9377 0.0394, 0.2237 1.9377 0.0354, 0.2189 1.9384 0.0394, 0.207 1.9401 0.0394, 0.108 1.9521 0.0354, 0.108 1.9391 0.0354, 0.108 1.9521 0.0394, 0.108 1.9391 0.0394, 0.1555 1.9521 0.0354, 0.1555 1.9521 0.0394, 0.1555 1.9924 0.0354, 0.1555 1.9924 0.0394, 0.1138 1.9924 0.0354, 0.1138 1.9924 0.0394, 0.1138 2.0054 0.0354, 0.1138 2.0054 0.0394, 0.1555 2.0054 0.0354, 0.1555 2.0054 0.0394, 0.1555 2.0443 0.0354, 0.1555 2.0443 0.0394, 0.1109 2.0443 0.0354, 0.1109 2.0443 0.0394, 0.1109 2.0572 0.0354, 0.1109 2.0572 0.0394, 0.1714 2.0572 0.0354, 0.1714 2.0572 0.0394, 0.1714 1.9391 0.0354, 0.1714 1.9391 0.0394, -0.0061 2.0224 0.0354, -0.0006 2.0326 0.0354, 0.0136 2.0277 0.0354, 0.0078 2.0418 0.0354, 0.0193 2.0338 0.0354, 0.0079 2.0419 0.0354, 0.028 2.0394 0.0354, 0.0207 2.0506 0.0354, 0.0377 2.0428 0.0354, 0.0346 2.0554 0.0354, 0.0517 2.0443 0.0354, 0.0516 2.0572 0.0354, 0.0691 2.0443 0.0354, 0.0849 2.0572 0.0354, 0.0691 1.9521 0.0354, 0.0849 1.9391 0.0354, 0.0523 1.9521 0.0354, 0.0528 1.9391 0.0354, 0.0399 1.9532 0.0354, 0.0382 1.9404 0.0354, 0.0299 1.9563 0.0354, 0.0246 1.9445 0.0354, 0.0219 1.9611 0.0354, 0.0123 1.9516 0.0354, 0.0153 1.9677 0.0354, 0.0026 1.9609 0.0354, 0.0103 1.9758 0.0354, -0.0042 1.9715 0.0354, 0.0068 1.9869 0.0354, -0.0085 1.9839 0.0354, 0.0057 1.9993 0.0354, -0.0101 1.9997 0.0354, 0.0067 2.0111 0.0354, -0.0093 2.0108 0.0354, 0.0095 2.0204 0.0354, 0.0528 1.9391 0.0394, 0.0849 1.9391 0.0394, 0.0382 1.9404 0.0394, 0.0246 1.9445 0.0394, 0.0123 1.9516 0.0394, 0.0026 1.9609 0.0394, -0.0042 1.9715 0.0394, -0.0085 1.9839 0.0394, -0.0101 1.9997 0.0394, -0.0093 2.0108 0.0394, -0.0061 2.0224 0.0394, -0.0006 2.0326 0.0394, 0.0078 2.0418 0.0394, 0.0079 2.0419 0.0394, 0.0207 2.0506 0.0394, 0.0346 2.0554 0.0394, 0.0516 2.0572 0.0394, 0.0849 2.0572 0.0394, 0.0517 2.0443 0.0394, 0.0691 2.0443 0.0394, 0.0691 1.9521 0.0394, 0.0523 1.9521 0.0394, 0.0057 1.9993 0.0394, 0.0068 1.9869 0.0394, 0.0103 1.9758 0.0394, 0.0153 1.9677 0.0394, 0.0219 1.9611 0.0394, 0.0299 1.9563 0.0394, 0.0399 1.9532 0.0394, 0.0377 2.0428 0.0394, 0.028 2.0394 0.0394, 0.0193 2.0338 0.0394, 0.0136 2.0277 0.0394, 0.0095 2.0204 0.0394, 0.0067 2.0111 0.0394
            ]
        }
        coordIndex [
            0,1,2,-1,2,1,3,-1,4,0,5,-1,5,0,2,-1,6,4,7,-1,7,4,5,-1,8,6,9,-1,9,6,7,-1,10,8,11,-1,11,8,9,-1,1,10,3,-1,3,10,11,-1,6,8,4,-1,4,8,10,-1,4,10,0,-1,0,10,1,-1,12,13,14,-1,14,13,15,-1,12,14,16,-1,12,16,17,-1,17,16,18,-1,17,18,19,-1,19,18,20,-1,19,20,21,-1,21,20,22,-1,21,22,23,-1,23,22,24,-1,23,24,25,-1,25,24,26,-1,25,26,27,-1,27,26,28,-1,27,28,29,-1,29,28,30,-1,29,30,31,-1,31,30,32,-1,31,32,33,-1,33,32,34,-1,33,34,35,-1,35,34,36,-1,35,36,37,-1,37,36,38,-1,37,38,39,-1,39,38,40,-1,39,40,41,-1,41,40,42,-1,41,42,43,-1,43,42,44,-1,43,44,45,-1,45,44,46,-1,45,46,47,-1,47,46,48,-1,47,48,49,-1,49,48,50,-1,49,50,51,-1,51,50,52,-1,51,52,53,-1,54,53,55,-1,55,53,52,-1,56,57,58,-1,58,57,59,-1,58,59,60,-1,60,59,54,-1,60,54,55,-1,57,56,61,-1,61,56,62,-1,62,63,61,-1,61,63,64,-1,61,64,65,-1,65,64,66,-1,65,66,67,-1,67,66,68,-1,67,68,69,-1,69,68,70,-1,69,70,71,-1,71,70,72,-1,71,72,73,-1,73,72,74,-1,73,74,75,-1,75,74,76,-1,75,76,77,-1,77,76,78,-1,77,78,79,-1,79,78,80,-1,79,80,81,-1,81,80,82,-1,81,82,83,-1,83,82,84,-1,83,84,85,-1,85,84,86,-1,85,86,87,-1,87,86,88,-1,88,86,89,-1,88,89,90,-1,15,13,91,-1,88,90,92,-1,88,92,93,-1,93,92,94,-1,93,94,91,-1,91,94,95,-1,91,95,15,-1,23,88,21,-1,21,88,93,-1,21,93,19,-1,19,93,91,-1,19,91,17,-1,17,91,13,-1,17,13,12,-1,53,54,51,-1,51,54,59,-1,51,59,49,-1,49,59,57,-1,49,57,47,-1,47,57,61,-1,47,61,45,-1,45,61,65,-1,45,65,43,-1,43,65,67,-1,43,67,41,-1,41,67,69,-1,41,69,39,-1,39,69,71,-1,39,71,37,-1,37,71,73,-1,37,73,35,-1,35,73,75,-1,35,75,33,-1,33,75,77,-1,33,77,31,-1,31,77,79,-1,31,79,29,-1,29,79,81,-1,29,81,27,-1,27,81,83,-1,27,83,25,-1,25,83,85,-1,25,85,23,-1,23,85,87,-1,23,87,88,-1,96,97,98,-1,98,97,99,-1,100,96,101,-1,101,96,98,-1,102,100,103,-1,103,100,101,-1,104,102,105,-1,105,102,103,-1,106,104,107,-1,107,104,105,-1,108,106,109,-1,109,106,107,-1,110,108,111,-1,111,108,109,-1,112,110,113,-1,113,110,111,-1,114,112,115,-1,115,112,113,-1,116,114,117,-1,117,114,115,-1,118,116,119,-1,119,116,117,-1,97,118,99,-1,99,118,119,-1,118,97,96,-1,96,100,118,-1,118,100,102,-1,118,102,116,-1,112,114,110,-1,110,114,116,-1,110,116,108,-1,108,116,102,-1,108,102,106,-1,106,102,104,-1,120,121,122,-1,122,121,123,-1,122,123,124,-1,124,123,125,-1,124,125,126,-1,126,125,127,-1,126,127,128,-1,128,127,129,-1,128,129,130,-1,130,129,131,-1,130,131,132,-1,132,131,133,-1,132,133,134,-1,134,133,135,-1,134,135,136,-1,136,135,137,-1,136,137,138,-1,138,137,139,-1,138,139,140,-1,140,139,141,-1,140,141,142,-1,142,141,143,-1,142,143,144,-1,144,143,145,-1,144,145,146,-1,146,145,147,-1,146,147,148,-1,148,147,149,-1,148,149,150,-1,150,149,151,-1,150,151,152,-1,152,151,153,-1,152,153,154,-1,154,153,120,-1,154,120,122,-1,137,135,155,-1,155,135,156,-1,137,155,157,-1,137,157,139,-1,139,157,158,-1,139,158,141,-1,141,158,159,-1,141,159,143,-1,143,159,160,-1,143,160,145,-1,145,160,161,-1,145,161,147,-1,147,161,162,-1,147,162,149,-1,149,162,163,-1,149,163,151,-1,151,163,164,-1,151,164,153,-1,153,164,165,-1,153,165,120,-1,120,165,166,-1,120,166,121,-1,121,166,167,-1,121,167,123,-1,123,167,168,-1,123,168,125,-1,125,168,169,-1,125,169,127,-1,127,169,170,-1,127,170,129,-1,129,170,171,-1,129,171,131,-1,133,131,172,-1,172,131,171,-1,135,133,156,-1,156,133,172,-1,130,132,173,-1,173,132,174,-1,132,134,174,-1,174,134,175,-1,134,136,175,-1,175,136,176,-1,150,177,178,-1,150,178,148,-1,148,178,179,-1,148,179,146,-1,146,179,180,-1,146,180,144,-1,144,180,181,-1,144,181,142,-1,142,181,182,-1,142,182,140,-1,140,182,183,-1,140,183,138,-1,138,183,176,-1,138,176,136,-1,130,173,184,-1,130,184,128,-1,128,184,185,-1,128,185,126,-1,126,185,186,-1,126,186,124,-1,124,186,187,-1,124,187,122,-1,122,187,188,-1,122,188,154,-1,154,188,189,-1,154,189,152,-1,152,189,177,-1,152,177,150,-1,
        ]
    }
}
Shape{
    appearance Appearance {
        material  Material 	{
            diffuseColor 1.0 1.0 1.0
            specularColor 0.5019607843137255 0.5019607843137255 0.5019607843137255
            ambientIntensity 1.0
            transparency 0.0
            shininess 0.5
        }
    }
    geometry IndexedFaceSet {
        ccw TRUE
        solid FALSE
        coord DEF co Coordinate {
            point [
                0.0691 2.0443 0.0394, 0.0691 1.9521 0.0394, 0.0517 2.0443 0.0394, 0.0523 1.9521 0.0394, 0.0399 1.9532 0.0394, 0.0057 1.9993 0.0394, 0.0067 2.0111 0.0394, 0.0095 2.0204 0.0394, 0.0377 2.0428 0.0394, 0.0299 1.9563 0.0394, 0.0219 1.9611 0.0394, 0.0153 1.9677 0.0394, 0.0103 1.9758 0.0394, 0.0068 1.9869 0.0394, 0.0136 2.0277 0.0394, 0.0193 2.0338 0.0394, 0.028 2.0394 0.0394
            ]
        }
        coordIndex [
            0,1,2,-1,2,1,3,-1,2,3,4,-1,5,6,2,-1,2,6,7,-1,2,7,8,-1,4,9,2,-1,2,9,10,-1,2,10,11,-1,11,12,2,-1,2,12,13,-1,2,13,5,-1,14,15,7,-1,7,15,16,-1,7,16,8,-1,
        ]
    }
}
Shape{
    appearance Appearance {
        material  Material 	{
            diffuseColor 0.25098039215686274 0.25098039215686274 0.25098039215686274
            specularColor 0.12549019607843137 0.12549019607843137 0.12549019607843137
            ambientIntensity 0.251
            transparency 0.0
            shininess 0.5
        }
    }
    geometry IndexedFaceSet {
        ccw TRUE
        solid FALSE
        coord DEF co Coordinate {
            point [
                -0.0513 1.9852 0.0354, -0.0473 1.9723 0.0354, -0.0908 1.9852 0.0354, -0.0961 1.9723 0.0354, -0.0689 2.0345 0.0354, -0.0634 2.0572 0.0354, -0.0188 1.9391 0.0354, -0.036 1.9391 0.0354, -0.0701 2.0386 0.0354, -0.0708 2.0428 0.0354, -0.0793 2.0572 0.0354, -0.0712 2.0428 0.0354, -0.072 2.0387 0.0354, -0.073 2.0345 0.0354, -0.1253 1.9391 0.0354, -0.1081 1.9391 0.0354, -0.0793 2.0572 0.0394, -0.1253 1.9391 0.0394, -0.0634 2.0572 0.0394, -0.0188 1.9391 0.0394, -0.036 1.9391 0.0394, -0.0473 1.9723 0.0394, -0.0961 1.9723 0.0394, -0.1081 1.9391 0.0394, -0.0513 1.9852 0.0394, -0.0908 1.9852 0.0394, -0.073 2.0345 0.0394, -0.0712 2.0428 0.0394, -0.072 2.0387 0.0394, -0.0708 2.0428 0.0394, -0.0689 2.0345 0.0394, -0.0701 2.0386 0.0394
            ]
        }
        coordIndex [
            0,1,2,-1,2,1,3,-1,4,5,0,-1,0,5,6,-1,0,6,1,-1,1,6,7,-1,4,8,5,-1,5,8,9,-1,5,9,10,-1,10,9,11,-1,10,11,12,-1,12,13,10,-1,10,13,2,-1,10,2,14,-1,14,2,3,-1,14,3,15,-1,10,14,16,-1,16,14,17,-1,5,10,18,-1,18,10,16,-1,6,5,19,-1,19,5,18,-1,7,6,20,-1,20,6,19,-1,1,7,21,-1,21,7,20,-1,3,1,22,-1,22,1,21,-1,15,3,23,-1,23,3,22,-1,14,15,17,-1,17,15,23,-1,0,2,24,-1,24,2,25,-1,2,13,25,-1,25,13,26,-1,11,27,28,-1,11,28,12,-1,12,28,26,-1,12,26,13,-1,11,9,27,-1,27,9,29,-1,4,30,31,-1,4,31,8,-1,8,31,29,-1,8,29,9,-1,4,0,30,-1,30,0,24,-1,
        ]
    }
}
Shape{
    appearance Appearance {
        material  Material 	{
            diffuseColor 1.0 1.0 1.0
            specularColor 0.5019607843137255 0.5019607843137255 0.5019607843137255
            ambientIntensity 1.0
            transparency 0.0
            shininess 0.5
        }
    }
    geometry IndexedFaceSet {
        ccw TRUE
        solid FALSE
        coord DEF co Coordinate {
            point [
                -0.0513 1.9852 0.0394, -0.0908 1.9852 0.0394, -0.0689 2.0345 0.0394, -0.073 2.0345 0.0394, -0.0701 2.0386 0.0394, -0.072 2.0387 0.0394, -0.0708 2.0428 0.0394, -0.0712 2.0428 0.0394, -1.8701 1.9384 0.0394, -1.8701 1.7815 0.0394, -1.8803 1.7815 0.038, -1.8803 2.1752 0.038, -1.8701 2.1752 0.0394, -1.8701 2.058 0.0394, -1.8898 2.1752 0.0341, -1.8898 1.7815 0.0341, -1.8979 2.1752 0.0278, -1.8979 1.7815 0.0278, -1.9042 2.1752 0.0197, -1.9042 1.7815 0.0197, -1.9081 2.1752 0.0102, -1.9081 1.7815 0.0102, -1.9094 2.1752 0.0, -1.9094 1.7815 0.0, 1.8701 2.058 0.0394, 1.8701 2.1752 0.0394, 1.8803 2.1752 0.038, 1.8701 1.9384 0.0394, 1.8701 1.7815 0.0394, 1.8803 1.7815 0.038, 1.8898 1.7815 0.0341, 1.8898 2.1752 0.0341, 1.8979 1.7815 0.0278, 1.8979 2.1752 0.0278, 1.9042 1.7815 0.0197, 1.9042 2.1752 0.0197, 1.9081 1.7815 0.0102, 1.9081 2.1752 0.0102, 1.9094 1.7815 0.0, 1.9094 2.1752 0.0, -0.804 2.9102 0.1181, -0.622 2.9102 0.1181, -0.804 2.9102 0.0394, -0.622 2.9102 0.0394, -0.5906 2.9417 0.1181, -0.5906 2.9574 0.1181, -0.5906 2.9417 0.0394, -0.5906 2.9574 0.0394, 0.5906 2.9574 0.1181, 0.5906 2.9417 0.1181, 0.5906 2.9574 0.0394, 0.5906 2.9417 0.0394, 0.804 2.9102 0.0394, 0.622 2.9102 0.0394, 0.804 2.9102 0.1181, 0.622 2.9102 0.1181, 0.5591 2.9889 0.0394, 0.2873 2.9889 0.0394, 0.5591 2.9889 0.1181, 0.1829 2.9889 0.0394, 0.1032 2.9889 0.0394, 0.0917 2.9889 0.0394, -0.5591 2.9889 0.1181, -0.0144 2.9889 0.0394, -0.5591 2.9889 0.0394, -0.8163 2.9077 0.0394, -0.8163 2.9077 0.1181, -0.8103 2.9096 0.1181, -0.8103 2.9096 0.0394, -0.6139 2.9113 0.0394, -0.6139 2.9113 0.1181, -0.6063 2.9144 0.0394, -0.6063 2.9144 0.1181, -0.5998 2.9194 0.0394, -0.5998 2.9194 0.1181, -0.5948 2.9259 0.0394, -0.5948 2.9259 0.1181, -0.5916 2.9335 0.0394, -0.5916 2.9335 0.1181, -0.5672 2.9879 0.0394, -0.5672 2.9879 0.1181, -0.5748 2.9847 0.0394, -0.5748 2.9847 0.1181, -0.5813 2.9797 0.0394, -0.5813 2.9797 0.1181, -0.5863 2.9732 0.0394, -0.5863 2.9732 0.1181, -0.5895 2.9656 0.0394, -0.5895 2.9656 0.1181, 0.8103 2.9096 0.1181, 0.8103 2.9096 0.0394, 0.8163 2.9077 0.1181, 0.8163 2.9077 0.0394, 0.5672 2.9879 0.1181, 0.5672 2.9879 0.0394, 0.5748 2.9847 0.1181, 0.5748 2.9847 0.0394, 0.5813 2.9797 0.1181, 0.5813 2.9797 0.0394, 0.5863 2.9732 0.1181, 0.5863 2.9732 0.0394, 0.5895 2.9656 0.1181, 0.5895 2.9656 0.0394, 0.5916 2.9335 0.0394, 0.5916 2.9335 0.1181, 0.5948 2.9259 0.0394, 0.5948 2.9259 0.1181, 0.5998 2.9194 0.0394, 0.5998 2.9194 0.1181, 0.6063 2.9144 0.0394, 0.6063 2.9144 0.1181, 0.6139 2.9113 0.0394, 0.6139 2.9113 0.1181
            ]
        }
        coordIndex [
            0,1,2,-1,2,1,3,-1,2,3,4,-1,4,3,5,-1,4,5,6,-1,6,5,7,-1,8,9,10,-1,11,12,13,-1,13,8,11,-1,11,8,10,-1,11,10,14,-1,14,10,15,-1,14,15,16,-1,16,15,17,-1,16,17,18,-1,18,17,19,-1,18,19,20,-1,20,19,21,-1,20,21,22,-1,22,21,23,-1,24,25,26,-1,24,26,27,-1,28,27,29,-1,29,27,26,-1,29,26,30,-1,30,26,31,-1,30,31,32,-1,32,31,33,-1,32,33,34,-1,34,33,35,-1,34,35,36,-1,36,35,37,-1,36,37,38,-1,38,37,39,-1,40,41,42,-1,42,41,43,-1,44,45,46,-1,46,45,47,-1,48,49,50,-1,50,49,51,-1,52,53,54,-1,54,53,55,-1,56,57,58,-1,58,57,59,-1,59,60,58,-1,58,60,61,-1,58,61,62,-1,62,61,63,-1,62,63,64,-1,65,66,67,-1,65,67,68,-1,68,67,40,-1,68,40,42,-1,43,41,69,-1,69,41,70,-1,69,70,71,-1,71,70,72,-1,71,72,73,-1,73,72,74,-1,73,74,75,-1,75,74,76,-1,75,76,77,-1,77,76,78,-1,77,78,46,-1,46,78,44,-1,62,64,79,-1,62,79,80,-1,80,79,81,-1,80,81,82,-1,82,81,83,-1,82,83,84,-1,84,83,85,-1,84,85,86,-1,86,85,87,-1,86,87,88,-1,88,87,47,-1,88,47,45,-1,52,54,89,-1,52,89,90,-1,90,89,91,-1,90,91,92,-1,56,58,93,-1,56,93,94,-1,94,93,95,-1,94,95,96,-1,96,95,97,-1,96,97,98,-1,98,97,99,-1,98,99,100,-1,100,99,101,-1,100,101,102,-1,102,101,48,-1,102,48,50,-1,51,49,103,-1,103,49,104,-1,103,104,105,-1,105,104,106,-1,105,106,107,-1,107,106,108,-1,107,108,109,-1,109,108,110,-1,109,110,111,-1,111,110,112,-1,111,112,53,-1,53,112,55,-1,
        ]
    }
}