#VRML V2.0 utf8
# 3D model generated by easyeda2kicad.py (https://github.com/uPesy/easyeda2kicad.py)

Shape{
    appearance Appearance {
        material  Material 	{
            diffuseColor 0.7529411764705882 0.7529411764705882 0.7529411764705882
            specularColor 0.3764705882352941 0.3764705882352941 0.3764705882352941
            ambientIntensity 0.7529
            transparency 0.0
            shininess 0.5
        }
    }
    geometry IndexedFaceSet {
        ccw TRUE
        solid FALSE
        coord DEF co Coordinate {
            point [
                2.3028 0.4494 1.0458, 2.3028 0.4916 1.0458, 2.3028 0.4916 1.0838, 2.3028 0.3074 0.9118, 2.3028 0.3024 0.9113, 2.3028 0.3355 0.9113, 2.3028 0.4394 1.2549, 2.3028 0.4404 1.2545, 2.3028 0.4404 1.2587, 2.3028 -0.4036 0.5512, 2.3028 -0.4036 -0.3543, 2.3028 0.0252 -0.3543, 2.3028 -0.0906 1.1535, 2.3028 -0.0648 1.1318, 2.3028 0.0252 1.2587, 2.3028 0.0252 1.123, 2.3028 -0.1432 1.2076, 2.3028 -0.1234 1.169, 2.3028 -0.1188 1.1675, 2.3028 -0.217 1.2725, 2.3028 -0.1964 1.2587, 2.3028 -0.1746 1.244, 2.3028 -0.4922 1.5945, 2.3028 -1.1565 1.5945, 2.3028 -0.4922 1.5354, 2.3028 -1.1565 1.2587, 2.3028 -0.2646 1.2892, 2.3028 0.0252 1.5354, 2.3028 -0.3037 1.2933, 2.3028 -0.3506 1.2876, 2.3028 -0.3944 1.2707, 2.3028 -0.4138 1.2587, 2.3028 -0.4175 1.2563, 2.3028 -1.1565 1.123, 2.3028 -0.6213 1.123, 2.3028 -0.6131 1.1417, 2.3028 -0.5902 1.1709, 2.3028 -0.5185 1.2119, 2.3028 -0.4811 1.2165, 2.3028 -0.4398 1.2372, 2.3028 -0.4702 1.2159, 2.3028 -0.4593 1.2146, 2.3028 -0.5838 1.177, 2.3028 -0.5537 1.1982, 2.3028 -0.5654 0.9341, 2.3028 -0.595 0.9594, 2.3028 -1.1565 0.9113, 2.3028 -0.5311 0.9174, 2.3028 -0.6166 0.9902, 2.3028 -0.6302 1.0255, 2.3028 -1.1565 1.0838, 2.3028 -0.6348 1.0628, 2.3028 -0.6346 1.0718, 2.3028 -0.6324 1.0838, 2.3028 -0.6282 1.1075, 2.3028 -1.1565 0.8584, 2.3028 -0.4682 0.8584, 2.3028 -0.4768 0.862, 2.3028 -0.5191 0.9138, 2.3028 -0.5179 0.9113, 2.3028 -0.5095 0.8934, 2.3028 -0.4954 0.876, 2.3028 0.0252 0.8584, 2.3028 -0.3897 0.8584, 2.3028 -1.0975 0.4724, 2.3028 -1.0948 0.4928, 2.3028 -1.0869 0.5118, 2.3028 -1.0744 0.5281, 2.3028 -1.0581 0.5406, 2.3028 -0.4059 0.8521, 2.3028 -0.4289 0.8493, 2.3028 -0.4325 0.8494, 2.3028 -1.1414 0.322, 2.3028 -1.1292 0.3353, 2.3028 -1.1143 0.3454, 2.3028 -1.0975 0.3518, 2.3028 -1.0391 0.5485, 2.3028 -1.0187 0.5512, 2.3028 -0.4549 0.8528, 2.3028 -1.1503 0.3064, 2.3028 -1.1565 0.2891, 2.3028 -1.1554 0.2891, 2.3028 -0.34 0.9113, 2.3028 -0.3402 0.9107, 2.3028 -0.3514 0.8896, 2.3028 -0.3658 0.8735, 2.3028 -0.3847 0.8603, 2.3028 -0.2189 0.9672, 2.3028 -0.2124 0.9698, 2.3028 -0.2012 1.0239, 2.3028 -0.0295 1.0448, 2.3028 -0.0338 1.011, 2.3028 0.0252 0.9113, 2.3028 -0.3578 1.0078, 2.3028 -0.2306 1.0742, 2.3028 -0.3744 1.0229, 2.3028 -0.3945 1.0337, 2.3028 -0.2247 0.9631, 2.3028 -0.0457 0.9809, 2.3028 -0.0646 0.9546, 2.3028 -0.0904 0.9328, 2.3028 -0.205 0.9707, 2.3028 -0.2041 0.9707, 2.3028 -0.2012 0.9701, 2.3028 -0.567 1.0267, 2.3028 -0.5558 1.0077, 2.3028 -0.5077 0.9977, 2.3028 -0.5388 0.9902, 2.3028 -0.5181 0.9774, 2.3028 -0.4726 1.0292, 2.3028 -0.5727 1.0838, 2.3028 -0.492 1.0157, 2.3028 -0.575 1.0647, 2.3028 -0.5739 1.0499, 2.3028 -0.4517 1.0372, 2.3028 -0.4289 1.04, 2.3028 -0.4174 1.0393, 2.3028 -0.2344 0.9413, 2.3028 -0.2342 0.9451, 2.3028 -0.334 0.9537, 2.3028 -0.2323 0.9523, 2.3028 -0.2286 0.9588, 2.3028 -0.1993 0.9698, 2.3028 -0.1566 0.9698, 2.3028 -0.148 0.9709, 2.3028 -0.2122 0.9128, 2.3028 -0.2185 0.9153, 2.3028 -0.2247 0.9196, 2.3028 -0.2269 0.9219, 2.3028 -0.231 0.9278, 2.3028 -0.2335 0.9343, 2.3028 -0.3346 0.9341, 2.3028 -0.334 0.9442, 2.3028 -0.1193 0.9186, 2.3028 -0.1509 0.9119, 2.3028 -0.2069 0.9119, 2.3028 -0.1057 0.9957, 2.3028 -0.0958 1.0109, 2.3028 -0.0899 1.028, 2.3028 -0.0883 1.0438, 2.3028 -0.0888 1.0527, 2.3028 -0.1304 0.9767, 2.3028 -0.115 0.9865, 2.3028 -0.1623 1.1178, 2.3028 -0.1699 1.1178, 2.3028 -0.1005 1.0838, 2.3028 -0.1468 1.1162, 2.3028 -0.0934 1.0709, 2.3028 -0.5722 1.0877, 2.3028 -0.5641 1.1089, 2.3028 -0.1024 1.0872, 2.3028 -0.115 1.1007, 2.3028 -0.13 1.1104, 2.3028 -0.1905 1.175, 2.3028 -0.2119 1.2005, 2.3028 -0.4299 1.1453, 2.3028 -0.2141 1.2025, 2.3028 -0.2407 1.221, 2.3028 -0.4154 1.1754, 2.3028 -0.5542 1.123, 2.3028 -0.4364 1.1489, 2.3028 -0.171 1.123, 2.3028 -0.1758 1.1445, 2.3028 -0.4577 1.1567, 2.3028 -0.4802 1.1596, 2.3028 -0.4902 1.159, 2.3028 -0.3941 1.2008, 2.3028 -0.2705 1.2324, 2.3028 -0.3687 1.2193, 2.3028 -0.3027 1.2364, 2.3028 -0.3377 1.2319, 2.3028 -0.5137 1.1534, 2.3028 -0.5348 1.1422, 2.3028 -0.5509 1.1278, 2.3028 -0.0585 1.123, 2.3028 -0.0455 1.1048, 2.3028 0.0252 1.0838, 2.3028 -0.0371 1.0838, 2.3028 -0.0338 1.0758, 2.3028 0.5827 1.1606, 2.3028 0.5338 1.1606, 2.3028 0.5964 1.1241, 2.3028 0.5338 1.123, 2.3028 0.6154 1.1241, 2.3028 1.8356 1.123, 2.3028 1.8356 1.2587, 2.3028 0.5646 1.2575, 2.3028 0.5338 1.2587, 2.3028 0.5272 1.1606, 2.3028 0.5143 1.1241, 2.3028 0.4916 1.123, 2.3028 0.4953 1.1241, 2.3028 0.4916 1.2587, 2.3028 0.5338 1.2251, 2.3028 0.5461 1.2575, 2.3028 0.2995 1.1842, 2.3028 0.2995 1.1393, 2.3028 0.3355 1.1393, 2.3028 0.3355 1.1995, 2.3028 0.3472 1.1995, 2.3028 0.351 1.2422, 2.3028 0.3667 1.2587, 2.3028 0.351 1.2575, 2.3028 0.3355 1.2587, 2.3028 0.3355 1.2575, 2.3028 0.3541 1.1393, 2.3028 0.3472 1.1842, 2.3028 0.3355 1.1842, 2.3028 0.3355 1.2422, 2.3028 0.2995 1.2422, 2.3028 0.2995 1.1995, 2.3028 0.2823 1.1241, 2.3028 0.2746 1.123, 2.3028 0.3355 1.123, 2.3028 0.3667 1.123, 2.3028 0.3541 1.1241, 2.3028 0.3355 1.1241, 2.3028 0.2823 1.2575, 2.3028 0.2746 1.2587, 2.3028 0.2376 1.2587, 2.3028 0.2424 1.2582, 2.3028 0.2556 1.2543, 2.3028 0.2556 1.2363, 2.3028 0.2556 1.1461, 2.3028 0.2556 1.1296, 2.3028 0.2533 1.1285, 2.3028 0.239 1.1238, 2.3028 0.2304 1.123, 2.3028 0.2279 1.1375, 2.3028 0.2429 1.1404, 2.3028 0.1737 1.1881, 2.3028 0.1737 1.1893, 2.3028 0.1858 1.2272, 2.3028 0.1796 1.2177, 2.3028 0.1754 1.2057, 2.3028 0.1758 1.1717, 2.3028 0.18 1.1608, 2.3028 0.1868 1.1512, 2.3028 0.2532 1.2376, 2.3028 0.2395 1.2425, 2.3028 0.1893 1.1488, 2.3028 0.198 1.1426, 2.3028 0.2241 1.2442, 2.3028 0.2182 1.244, 2.3028 0.2067 1.2416, 2.3028 0.2074 1.1389, 2.3028 0.2211 1.1372, 2.3028 0.1963 1.2366, 2.3028 0.1878 1.2294, 2.3028 0.1616 1.5354, 2.3028 0.2239 1.2598, 2.3028 0.2746 1.5354, 2.3028 0.2252 1.2598, 2.3028 0.213 1.2587, 2.3028 0.1616 1.2587, 2.3028 0.2073 1.2581, 2.3028 0.1929 1.2532, 2.3028 0.1658 1.2284, 2.3028 0.1749 1.2401, 2.3028 0.1796 1.2445, 2.3028 0.1616 1.158, 2.3028 0.1582 1.1669, 2.3028 0.1536 1.123, 2.3028 0.1557 1.1883, 2.3028 0.156 1.1966, 2.3028 0.1536 1.2587, 2.3028 0.1592 1.2138, 2.3028 0.1616 1.2191, 2.3028 0.196 1.1252, 2.3028 0.1834 1.1312, 2.3028 0.1616 1.123, 2.3028 0.1728 1.1401, 2.3028 0.1715 1.1415, 2.3028 0.1636 1.1529, 2.3028 0.2069 1.123, 2.3028 0.1616 1.0838, 2.3028 0.2104 1.1222, 2.3028 0.2186 1.1218, 2.3028 0.2746 1.0838, 2.3028 0.5338 -0.3543, 2.3028 0.561 -0.3543, 2.3028 0.561 0.5512, 2.3028 1.1965 0.5485, 2.3028 1.2155 0.5406, 2.3028 1.8356 0.8584, 2.3028 1.2318 0.5281, 2.3028 1.2443 0.5118, 2.3028 1.2522 0.4928, 2.3028 1.2549 0.4724, 2.3028 1.2549 0.3518, 2.3028 1.2717 0.3454, 2.3028 1.8039 0.3353, 2.3028 1.8188 0.3454, 2.3028 1.8356 0.3518, 2.3028 1.2866 0.3353, 2.3028 1.7828 0.3064, 2.3028 1.7917 0.322, 2.3028 1.3128 0.2891, 2.3028 1.7777 0.2891, 2.3028 1.3077 0.3064, 2.3028 1.2988 0.322, 2.3028 -1.6782 0.3518, 2.3028 -1.6614 0.3454, 2.3028 -1.6465 0.3353, 2.3028 -1.6343 0.322, 2.3028 -1.6254 0.3064, 2.3028 -1.6203 0.2891, 2.3028 0.1536 1.5354, 2.3028 0.3355 1.5354, 2.3028 0.3667 1.5354, 2.3028 0.4404 1.5354, 2.3028 0.4916 1.5354, 2.3028 1.8356 1.5945, 2.3028 0.6496 1.5945, 2.3028 0.6496 1.5354, 2.3028 0.5338 1.5354, 2.3028 0.4737 1.2339, 2.3028 0.4816 1.2219, 2.3028 0.484 1.1676, 2.3028 0.4773 1.1539, 2.3028 0.4678 1.2399, 2.3028 0.4553 1.2486, 2.3028 0.4404 1.1276, 2.3028 0.4404 1.123, 2.3028 0.4536 1.1327, 2.3028 0.4678 1.1428, 2.3028 0.4665 1.1416, 2.3028 0.4862 1.2088, 2.3028 0.4879 1.1925, 2.3028 0.4874 1.1831, 2.3028 0.4173 1.2575, 2.3028 0.4383 1.1268, 2.3028 0.416 1.1241, 2.3028 0.3793 1.1241, 2.3028 0.3793 1.2575, 2.3028 0.171 0.953, 2.3028 0.1743 0.9578, 2.3028 0.1769 0.9848, 2.3028 0.2132 0.9135, 2.3028 0.2069 0.9113, 2.3028 0.2275 0.9124, 2.3028 0.2191 0.9175, 2.3028 0.1878 0.9113, 2.3028 0.1814 0.9137, 2.3028 0.1616 0.9113, 2.3028 0.2267 1.0069, 2.3028 0.2696 0.9933, 2.3028 0.2727 0.9979, 2.3028 0.2138 0.9957, 2.3028 0.2081 0.9963, 2.3028 0.1992 0.969, 2.3028 0.1794 0.9622, 2.3028 0.1865 0.9659, 2.3028 0.1886 0.9921, 2.3028 0.1991 0.9955, 2.3028 0.1758 0.9176, 2.3028 0.1739 0.9195, 2.3028 0.1704 0.9247, 2.3028 0.2323 1.0037, 2.3028 0.2368 0.9995, 2.3028 0.2676 0.988, 2.3028 0.2402 0.9941, 2.3028 0.2428 0.9866, 2.3028 0.2275 0.9271, 2.3028 0.227 0.9271, 2.3028 0.2244 0.9232, 2.3028 0.1684 0.9303, 2.3028 0.1676 0.9379, 2.3028 0.1676 0.9399, 2.3028 0.2196 1.009, 2.3028 0.2097 1.0099, 2.3028 0.1942 1.0082, 2.3028 0.1687 0.9471, 2.3028 0.1769 1.001, 2.3028 0.1815 1.0036, 2.3028 0.2744 0.964, 2.3028 0.2668 0.933, 2.3028 0.2746 0.9639, 2.3028 0.2734 0.9289, 2.3028 0.2746 0.9285, 2.3028 0.2717 0.9669, 2.3028 0.2695 0.9704, 2.3028 0.2442 0.9737, 2.3028 0.2676 0.9755, 2.3028 0.2669 0.982, 2.3028 0.2275 0.973, 2.3028 0.2269 0.9804, 2.3028 0.2251 0.9863, 2.3028 0.2232 0.9898, 2.3028 0.2207 0.9924, 2.3028 0.2177 0.9944, 2.3028 0.2064 0.9111, 2.3028 0.2746 0.8584, 2.3028 0.1616 0.8584, 2.3028 0.1978 0.9101, 2.3028 0.1881 0.9113, 2.3028 0.2668 0.9157, 2.3028 0.2442 0.9124, 2.3028 0.2746 0.913, 2.3028 0.2746 0.9113, 2.3028 0.2788 0.9116, 2.3028 0.2817 0.9113, 2.3028 0.2927 0.9101, 2.3028 0.3355 0.8584, 2.3028 0.3266 1.0056, 2.3028 0.3266 0.9894, 2.3028 0.2776 1.0023, 2.3028 0.2815 1.0047, 2.3028 0.2746 0.9995, 2.3028 0.3304 0.9316, 2.3028 0.3283 0.9263, 2.3028 0.3252 0.9219, 2.3028 0.2904 1.0082, 2.3028 0.304 1.0099, 2.3028 0.3355 1.0838, 2.3028 0.3137 1.0092, 2.3028 0.3256 0.9541, 2.3028 0.3287 0.9495, 2.3028 0.3305 0.9445, 2.3028 0.3312 0.9383, 2.3028 0.3204 0.9177, 2.3028 0.3163 0.9152, 2.3028 0.3024 0.9963, 2.3028 0.2975 0.9959, 2.3028 0.2842 0.9835, 2.3028 0.293 0.9947, 2.3028 0.2892 0.9928, 2.3028 0.2843 0.9813, 2.3028 0.285 0.9787, 2.3028 0.2862 0.9764, 2.3028 0.2878 0.9746, 2.3028 0.2937 0.9709, 2.3028 0.3134 0.9951, 2.3028 0.304 0.9664, 2.3028 0.3228 0.9916, 2.3028 0.3105 0.9638, 2.3028 0.3216 0.9576, 2.3028 0.2867 0.9905, 2.3028 0.2853 0.9884, 2.3028 0.2845 0.9861, 2.3028 0.2838 0.925, 2.3028 0.2922 0.9543, 2.3028 0.2823 0.9588, 2.3028 0.2943 0.9238, 2.3028 0.2951 0.9238, 2.3028 0.3032 0.9497, 2.3028 0.3036 0.9247, 2.3028 0.314 0.9367, 2.3028 0.3139 0.9388, 2.3028 0.3079 0.9263, 2.3028 0.3095 0.9272, 2.3028 0.3114 0.9289, 2.3028 0.3128 0.9311, 2.3028 0.3137 0.9335, 2.3028 0.3131 0.9414, 2.3028 0.3118 0.9436, 2.3028 0.3097 0.9457, 2.3028 0.3934 0.9113, 2.3028 0.4404 0.9113, 2.3028 0.4314 1.0077, 2.3028 0.4404 1.0838, 2.3028 0.4141 1.0077, 2.3028 0.3835 0.9361, 2.3028 0.3855 0.9282, 2.3028 0.386 0.9282, 2.3028 0.3667 1.0838, 2.3028 0.3667 0.9845, 2.3028 0.388 0.9359, 2.3028 0.3867 0.9315, 2.3028 0.3667 0.9396, 2.3028 0.3399 1.0077, 2.3028 0.3586 1.0077, 2.3028 0.3767 0.9113, 2.3028 0.3773 0.9126, 2.3028 0.3667 0.8892, 2.3028 0.3667 0.8893, 2.3028 0.3667 0.9113, 2.3028 0.3699 0.8953, 2.3028 0.3433 0.8837, 2.3028 0.3433 0.8689, 2.3028 0.3468 0.8826, 2.3028 0.3528 0.8818, 2.3028 0.3568 0.8823, 2.3028 0.3667 0.8705, 2.3028 0.3609 0.8683, 2.3028 0.3667 0.8584, 2.3028 0.3541 0.8675, 2.3028 0.3504 0.8676, 2.3028 0.3605 0.8836, 2.3028 0.3636 0.8858, 2.3028 0.3881 0.898, 2.3028 0.3806 0.8833, 2.3028 0.4404 0.8584, 2.3028 0.3744 0.8759, 2.3028 0.3733 0.8749, 2.3028 0.3675 0.8708, 2.3028 0.4666 0.9725, 2.3028 0.4666 0.9276, 2.3028 0.4916 0.9276, 2.3028 0.5212 0.9276, 2.3028 0.5212 0.9124, 2.3028 0.5338 0.9113, 2.3028 0.4916 0.9113, 2.3028 0.5338 1.0838, 2.3028 0.5181 1.0458, 2.3028 0.5181 1.0305, 2.3028 0.5143 0.9725, 2.3028 0.5143 0.9878, 2.3028 0.4916 0.9878, 2.3028 0.4916 0.9725, 2.3028 0.4916 1.0305, 2.3028 0.4666 1.0305, 2.3028 0.4666 0.9878, 2.3028 0.4916 0.9124, 2.3028 0.4494 0.9124, 2.3028 0.1502 1.1393, 2.3028 0.1502 1.1241, 2.3028 0.0798 1.1241, 2.3028 0.0798 1.2575, 2.3028 0.097 1.2575, 2.3028 0.097 1.1393, 2.3028 0.1536 1.0838, 2.3028 0.7635 0.9124, 2.3028 0.7499 0.9489, 2.3028 0.6943 0.9489, 2.3028 0.6815 0.9124, 2.3028 0.6624 0.9124, 2.3028 0.7825 0.9124, 2.3028 1.8356 0.9113, 2.3028 0.7317 1.0458, 2.3028 1.8356 1.0838, 2.3028 0.7133 1.0458, 2.3028 0.5464 1.0458, 2.3028 0.5464 0.9124, 2.3028 0.5831 0.9124, 2.3028 0.6054 0.9151, 2.3028 0.6207 0.9209, 2.3028 0.6533 0.9971, 2.3028 0.655 0.9808, 2.3028 0.6545 0.9714, 2.3028 0.6511 0.9559, 2.3028 0.6444 0.9422, 2.3028 0.6349 0.9311, 2.3028 0.6336 0.9299, 2.3028 0.6349 1.0282, 2.3028 0.6408 1.0222, 2.3028 0.6488 1.0102, 2.3028 0.5844 1.0458, 2.3028 0.6065 1.0432, 2.3028 0.6224 1.0369, 2.3028 0.097 1.0305, 2.3028 0.097 0.9878, 2.3028 0.1486 1.0305, 2.3028 0.1448 0.9878, 2.3028 0.1448 0.9725, 2.3028 0.1516 0.9276, 2.3028 0.1536 0.9113, 2.3028 0.1516 0.9124, 2.3028 0.0798 0.9124, 2.3028 0.0798 1.0458, 2.3028 0.1486 1.0458, 2.3028 0.097 0.9276, 2.3028 0.097 0.9725, 2.3028 0.4916 0.8584, 2.3028 0.5338 0.8584, 2.3028 0.1536 0.8584, 2.3028 -1.6782 1.5945, 2.3028 -1.6782 1.2587, 2.3028 -1.6782 1.123, 2.3028 -1.6782 1.0838, 2.3028 -1.6782 0.9113, 2.3028 -1.6782 0.8584, 2.3028 0.1536 -0.3543, 2.3028 0.1616 -0.3543, 2.3028 0.2746 -0.3543, 2.3028 0.3355 -0.3543, 2.3028 0.3667 -0.3543, 2.3028 0.4404 -0.3543, 2.3028 0.4916 -0.3543, 2.3028 1.1761 0.5512
            ]
        }
        coordIndex [
            0,1,2,-1,3,4,5,-1,6,7,8,-1,9,10,11,-1,12,13,14,-1,14,13,15,-1,16,17,14,-1,14,17,18,-1,14,18,12,-1,19,20,14,-1,14,20,21,-1,14,21,16,-1,22,23,24,-1,24,23,25,-1,26,27,28,-1,28,27,24,-1,28,24,29,-1,29,24,30,-1,30,24,31,-1,31,24,25,-1,31,25,32,-1,33,34,25,-1,25,34,35,-1,25,35,36,-1,25,37,32,-1,32,37,38,-1,32,38,39,-1,39,38,40,-1,39,40,41,-1,36,42,25,-1,25,42,43,-1,25,43,37,-1,44,45,46,-1,44,46,47,-1,45,48,46,-1,46,48,49,-1,46,49,50,-1,50,49,51,-1,51,52,50,-1,50,52,53,-1,50,53,33,-1,33,53,54,-1,33,54,34,-1,55,56,57,-1,58,47,59,-1,59,47,46,-1,59,46,60,-1,60,46,55,-1,60,55,61,-1,61,55,57,-1,9,62,63,-1,64,65,55,-1,65,66,55,-1,55,66,67,-1,55,67,68,-1,63,69,9,-1,9,69,70,-1,9,70,71,-1,72,73,55,-1,55,73,74,-1,55,74,64,-1,64,74,75,-1,68,76,55,-1,55,76,77,-1,55,77,56,-1,56,77,9,-1,56,9,78,-1,78,9,71,-1,72,55,79,-1,79,55,80,-1,79,80,81,-1,82,83,62,-1,62,83,84,-1,84,85,62,-1,62,85,86,-1,62,86,63,-1,87,88,89,-1,90,91,92,-1,93,94,95,-1,95,94,96,-1,87,89,97,-1,91,98,92,-1,92,98,99,-1,92,99,100,-1,88,101,89,-1,89,101,102,-1,89,102,103,-1,104,105,106,-1,106,105,107,-1,106,107,108,-1,109,110,111,-1,111,110,112,-1,111,112,106,-1,106,112,113,-1,106,113,104,-1,109,114,110,-1,110,114,115,-1,110,115,94,-1,94,115,116,-1,94,116,96,-1,117,118,119,-1,119,118,120,-1,119,120,89,-1,89,120,121,-1,89,121,97,-1,103,122,89,-1,89,122,123,-1,89,123,124,-1,125,126,82,-1,82,126,127,-1,82,127,128,-1,128,129,82,-1,82,129,130,-1,82,130,131,-1,131,130,117,-1,131,117,132,-1,132,117,119,-1,100,133,92,-1,92,133,134,-1,92,134,82,-1,82,134,135,-1,82,135,125,-1,136,137,89,-1,89,137,138,-1,89,138,94,-1,94,138,139,-1,94,139,140,-1,124,141,89,-1,89,141,142,-1,89,142,136,-1,143,144,145,-1,143,145,146,-1,140,147,94,-1,94,147,145,-1,94,145,110,-1,110,145,144,-1,110,144,148,-1,148,144,149,-1,150,151,145,-1,145,151,152,-1,145,152,146,-1,153,154,155,-1,154,156,155,-1,155,156,157,-1,155,157,158,-1,159,155,160,-1,149,144,159,-1,159,144,161,-1,159,161,155,-1,155,161,162,-1,155,162,153,-1,160,163,159,-1,159,163,164,-1,159,164,165,-1,158,157,166,-1,166,157,167,-1,166,167,168,-1,168,167,169,-1,168,169,170,-1,171,172,165,-1,165,172,173,-1,165,173,159,-1,13,174,15,-1,15,174,175,-1,15,175,176,-1,176,175,177,-1,176,177,178,-1,179,180,181,-1,181,180,182,-1,181,182,183,-1,184,185,186,-1,186,185,187,-1,180,188,182,-1,182,188,189,-1,182,189,190,-1,190,189,191,-1,190,191,192,-1,192,191,193,-1,192,193,187,-1,187,193,194,-1,187,194,186,-1,195,196,197,-1,198,199,200,-1,200,199,201,-1,200,201,202,-1,202,201,203,-1,202,203,204,-1,205,206,197,-1,197,206,207,-1,197,207,195,-1,200,208,198,-1,198,208,209,-1,198,209,210,-1,211,212,213,-1,199,206,201,-1,201,206,205,-1,201,205,214,-1,214,205,215,-1,214,215,213,-1,213,215,216,-1,213,216,211,-1,204,203,217,-1,217,203,218,-1,217,218,211,-1,219,220,218,-1,218,220,221,-1,218,221,222,-1,223,224,212,-1,224,225,212,-1,212,225,226,-1,212,226,227,-1,228,229,230,-1,230,229,223,-1,230,223,231,-1,232,233,223,-1,223,233,234,-1,223,234,231,-1,235,236,237,-1,211,218,212,-1,212,218,222,-1,212,222,223,-1,223,222,238,-1,223,238,239,-1,235,237,230,-1,230,237,240,-1,230,240,241,-1,239,242,223,-1,223,242,243,-1,223,243,244,-1,241,245,230,-1,230,245,246,-1,230,246,228,-1,244,247,223,-1,223,247,248,-1,223,248,232,-1,249,250,251,-1,251,250,252,-1,251,252,219,-1,253,254,255,-1,255,254,256,-1,257,258,254,-1,254,258,259,-1,254,259,256,-1,260,261,262,-1,262,261,263,-1,263,264,265,-1,265,264,266,-1,265,266,254,-1,254,266,267,-1,254,267,257,-1,268,269,270,-1,269,271,270,-1,270,271,272,-1,270,272,273,-1,268,270,274,-1,274,270,275,-1,274,275,276,-1,276,275,277,-1,277,275,278,-1,277,278,227,-1,279,280,281,-1,282,283,284,-1,283,285,284,-1,284,285,286,-1,284,286,287,-1,288,289,290,-1,287,291,284,-1,284,291,292,-1,284,292,293,-1,290,294,288,-1,288,294,295,-1,288,295,287,-1,287,295,296,-1,287,296,291,-1,297,298,299,-1,299,298,295,-1,299,295,300,-1,300,295,294,-1,301,302,55,-1,302,303,55,-1,55,303,304,-1,55,304,80,-1,80,304,305,-1,80,305,306,-1,27,265,307,-1,307,265,254,-1,307,254,249,-1,249,254,253,-1,249,253,250,-1,219,218,251,-1,251,218,203,-1,251,203,308,-1,308,203,201,-1,308,201,309,-1,309,8,310,-1,310,8,192,-1,310,192,311,-1,311,192,187,-1,312,313,185,-1,185,313,314,-1,185,314,187,-1,187,314,315,-1,187,315,311,-1,316,317,192,-1,318,319,190,-1,316,192,320,-1,8,7,192,-1,192,7,321,-1,192,321,320,-1,322,323,324,-1,324,323,190,-1,319,325,190,-1,190,325,326,-1,190,326,324,-1,317,327,192,-1,192,327,328,-1,192,328,190,-1,190,328,329,-1,190,329,318,-1,309,201,8,-1,8,201,330,-1,8,330,6,-1,322,331,323,-1,323,331,332,-1,323,332,214,-1,214,332,333,-1,214,333,201,-1,201,333,334,-1,201,334,330,-1,335,336,337,-1,338,339,340,-1,338,340,341,-1,342,343,344,-1,345,346,347,-1,348,349,350,-1,336,351,337,-1,337,351,352,-1,337,352,353,-1,353,352,350,-1,353,350,354,-1,354,350,349,-1,343,355,344,-1,344,355,356,-1,344,356,357,-1,345,358,346,-1,346,358,359,-1,346,359,360,-1,360,359,361,-1,360,361,362,-1,363,364,340,-1,340,364,365,-1,340,365,341,-1,357,366,344,-1,344,366,367,-1,344,367,368,-1,369,275,370,-1,370,275,371,-1,335,337,372,-1,372,337,373,-1,372,373,275,-1,275,373,374,-1,275,374,371,-1,375,376,377,-1,377,376,378,-1,377,378,379,-1,380,381,382,-1,382,381,383,-1,382,383,362,-1,362,383,384,-1,362,384,360,-1,385,386,350,-1,350,386,387,-1,350,387,388,-1,388,389,350,-1,350,389,390,-1,350,390,348,-1,339,391,392,-1,392,391,393,-1,393,391,394,-1,393,394,395,-1,375,380,376,-1,376,380,382,-1,376,382,396,-1,396,382,397,-1,396,397,398,-1,398,397,399,-1,398,399,400,-1,400,399,401,-1,402,401,392,-1,392,401,399,-1,392,399,339,-1,339,399,397,-1,339,397,340,-1,402,392,4,-1,4,392,403,-1,4,403,5,-1,404,405,5,-1,406,407,278,-1,369,345,275,-1,275,345,347,-1,275,347,278,-1,278,347,408,-1,278,408,406,-1,409,410,5,-1,5,410,411,-1,407,412,278,-1,278,412,413,-1,278,413,414,-1,414,413,415,-1,414,415,404,-1,416,417,405,-1,405,417,418,-1,405,418,5,-1,5,418,419,-1,5,419,409,-1,411,420,5,-1,5,420,421,-1,5,421,3,-1,422,423,424,-1,424,423,425,-1,424,425,426,-1,424,427,422,-1,422,427,428,-1,422,428,429,-1,429,430,422,-1,422,430,431,-1,422,431,432,-1,432,431,433,-1,432,433,434,-1,434,433,435,-1,434,435,405,-1,405,435,436,-1,405,436,416,-1,437,438,426,-1,426,438,439,-1,426,439,424,-1,440,441,379,-1,379,441,442,-1,379,442,377,-1,440,443,441,-1,441,443,444,-1,441,444,445,-1,445,444,446,-1,445,447,448,-1,446,449,445,-1,445,449,450,-1,445,450,451,-1,451,452,445,-1,445,452,453,-1,445,453,447,-1,448,454,445,-1,445,454,455,-1,445,455,456,-1,457,458,459,-1,459,458,460,-1,459,460,461,-1,462,463,464,-1,460,465,461,-1,461,465,466,-1,461,466,467,-1,467,466,462,-1,467,462,468,-1,468,462,464,-1,469,470,5,-1,404,5,414,-1,414,5,470,-1,414,470,465,-1,465,470,471,-1,465,471,466,-1,472,473,469,-1,474,475,476,-1,476,475,477,-1,476,477,472,-1,472,469,476,-1,476,469,5,-1,476,5,478,-1,478,5,403,-1,478,403,479,-1,478,480,476,-1,476,480,481,-1,476,481,482,-1,483,484,485,-1,485,484,486,-1,485,486,403,-1,403,486,487,-1,403,487,479,-1,482,488,476,-1,476,488,489,-1,476,489,474,-1,490,491,492,-1,490,492,457,-1,491,493,492,-1,492,493,494,-1,492,494,485,-1,485,494,495,-1,485,495,483,-1,496,497,498,-1,499,500,501,-1,501,500,502,-1,2,1,503,-1,503,1,504,-1,503,504,505,-1,506,503,507,-1,507,503,505,-1,507,505,508,-1,501,503,499,-1,499,503,506,-1,499,506,498,-1,498,506,509,-1,498,509,496,-1,505,510,508,-1,508,510,511,-1,508,511,512,-1,500,513,502,-1,502,513,514,-1,502,514,458,-1,458,514,0,-1,458,0,460,-1,460,0,2,-1,263,265,262,-1,262,265,515,-1,262,515,516,-1,15,517,14,-1,14,517,518,-1,14,518,519,-1,520,515,519,-1,519,515,265,-1,519,265,14,-1,14,265,27,-1,14,27,19,-1,19,27,26,-1,227,278,212,-1,212,278,414,-1,212,414,213,-1,213,414,465,-1,213,465,214,-1,214,465,460,-1,214,460,323,-1,323,460,2,-1,323,2,190,-1,190,2,503,-1,190,503,182,-1,273,260,270,-1,270,260,262,-1,270,262,275,-1,275,262,521,-1,522,523,524,-1,525,526,501,-1,524,525,522,-1,522,525,501,-1,522,501,527,-1,527,501,528,-1,527,528,529,-1,529,528,530,-1,186,183,184,-1,184,183,182,-1,184,182,530,-1,530,182,503,-1,530,503,529,-1,529,503,531,-1,532,503,533,-1,533,503,501,-1,533,501,534,-1,534,501,526,-1,534,526,535,-1,535,526,536,-1,537,538,531,-1,531,538,539,-1,531,539,526,-1,526,539,540,-1,526,540,541,-1,541,542,526,-1,526,542,543,-1,526,543,536,-1,544,545,531,-1,531,545,546,-1,531,546,537,-1,532,547,503,-1,503,547,548,-1,503,548,531,-1,531,548,549,-1,531,549,544,-1,550,551,552,-1,552,551,553,-1,552,553,554,-1,555,556,521,-1,521,556,344,-1,521,344,275,-1,275,344,368,-1,275,368,372,-1,555,557,556,-1,556,557,558,-1,556,558,92,-1,92,558,176,-1,92,176,90,-1,90,176,178,-1,558,559,176,-1,176,559,521,-1,176,521,15,-1,15,521,262,-1,15,262,517,-1,517,262,516,-1,559,560,521,-1,521,560,552,-1,521,552,555,-1,555,552,554,-1,555,554,561,-1,561,554,562,-1,457,492,458,-1,458,492,563,-1,458,563,502,-1,502,563,564,-1,502,564,501,-1,501,564,284,-1,501,284,528,-1,82,62,92,-1,92,62,565,-1,92,565,556,-1,556,565,393,-1,556,393,344,-1,344,393,395,-1,344,395,342,-1,23,566,25,-1,25,566,567,-1,25,567,33,-1,33,567,568,-1,33,568,50,-1,50,568,569,-1,50,569,46,-1,46,569,570,-1,46,570,55,-1,55,570,571,-1,55,571,301,-1,9,11,62,-1,62,11,572,-1,62,572,565,-1,565,572,573,-1,565,573,393,-1,393,573,574,-1,393,574,392,-1,392,574,575,-1,392,575,403,-1,403,575,576,-1,403,576,485,-1,485,576,577,-1,485,577,492,-1,492,577,578,-1,492,578,563,-1,563,578,279,-1,563,279,564,-1,564,279,281,-1,564,281,284,-1,284,281,579,-1,284,579,282,-1,
        ]
    }
}
Shape{
    appearance Appearance {
        material  Material 	{
            diffuseColor 0.25098039215686274 0.25098039215686274 0.25098039215686274
            specularColor 0.12549019607843137 0.12549019607843137 0.12549019607843137
            ambientIntensity 0.251
            transparency 0.0
            shininess 0.5
        }
    }
    geometry IndexedFaceSet {
        ccw TRUE
        solid FALSE
        coord DEF co Coordinate {
            point [
                -1.1618 0.0787 4.5925, -1.4177 0.0787 3.9724, -1.1395 0.3053 4.5925, -1.3905 0.3552 3.9724, -1.0734 0.5232 4.5925, -1.3098 0.6211 3.9724, -0.9661 0.724 4.5925, -1.1788 0.8661 3.9724, -0.8216 0.9 4.5925, -1.0026 1.0809 3.9724, -0.6456 1.0444 4.5925, -0.7878 1.2572 3.9724, -0.4448 1.1517 4.5925, -0.5428 1.3881 3.9724, -0.227 1.2178 4.5925, -0.2769 1.4688 3.9724, -0.0004 1.2401 4.5925, -0.0004 1.496 3.9724, 0.2262 1.2178 4.5925, 0.2761 1.4688 3.9724, 0.4441 1.1517 4.5925, 0.542 1.3881 3.9724, 0.6449 1.0444 4.5925, 0.787 1.2572 3.9724, 0.8209 0.9 4.5925, 1.0018 1.0809 3.9724, 0.9653 0.724 4.5925, 1.1781 0.8661 3.9724, 1.0726 0.5232 4.5925, 1.3091 0.6211 3.9724, 1.1387 0.3053 4.5925, 1.3897 0.3552 3.9724, 1.161 0.0787 4.5925, 1.4169 0.0787 3.9724, -1.5752 0.0787 7.122, -1.559 0.3038 7.122, -1.5752 0.0787 3.9724, -1.559 0.3038 3.9724, 0.3146 1.1811 7.0039, 0.3146 1.1811 7.122, 0.3039 1.2626 7.0039, 0.3039 1.2626 7.122, 0.2724 1.3385 7.0039, 0.2724 1.3385 7.122, 0.2223 1.4038 7.0039, 0.2223 1.4038 7.122, 0.1571 1.4538 7.0039, 0.1571 1.4538 7.122, 0.0811 1.4853 7.0039, 0.0811 1.4853 7.122, -0.0004 1.496 7.0039, -0.0004 1.496 7.122, -0.0819 1.4853 7.0039, -0.0819 1.4853 7.122, -0.1579 1.4538 7.0039, -0.1579 1.4538 7.122, -0.2231 1.4038 7.0039, -0.2231 1.4038 7.122, -0.2731 1.3385 7.0039, -0.2731 1.3385 7.122, -0.3046 1.2626 7.0039, -0.3046 1.2626 7.122, -0.3153 1.1811 7.0039, -0.3153 1.1811 7.122, 0.787 0.0787 7.0039, 0.787 0.0787 7.122, 0.7911 0.0481 7.0039, 0.7911 0.0481 7.122, 0.8029 0.0197 7.0039, 0.8029 0.0197 7.122, 0.8216 -0.0048 7.0039, 0.8216 -0.0048 7.122, 0.8461 -0.0236 7.0039, 0.8461 -0.0236 7.122, 0.8746 -0.0354 7.0039, 0.8746 -0.0354 7.122, 0.9051 -0.0394 7.0039, 0.9051 -0.0394 7.122, -1.3783 0.0787 7.0039, -1.3783 0.0787 7.122, -1.3743 0.0481 7.0039, -1.3743 0.0481 7.122, -1.3625 0.0197 7.0039, -1.3625 0.0197 7.122, -1.3437 -0.0048 7.0039, -1.3437 -0.0048 7.122, -1.3193 -0.0236 7.0039, -1.3193 -0.0236 7.122, -1.2908 -0.0354 7.0039, -1.2908 -0.0354 7.122, -1.2602 -0.0394 7.0039, -1.2602 -0.0394 7.122, 0.3933 0.0787 6.8858, 0.3933 0.0787 7.122, 0.3799 0.1806 6.8858, 0.3799 0.1806 7.122, 0.3406 0.2756 6.8858, 0.3406 0.2756 7.122, 0.278 0.3571 6.8858, 0.278 0.3571 7.122, 0.1965 0.4197 6.8858, 0.1965 0.4197 7.122, 0.1015 0.459 6.8858, 0.1015 0.459 7.122, -0.0004 0.4724 6.8858, -0.0004 0.4724 7.122, -0.1023 0.459 6.8858, -0.1023 0.459 7.122, -0.1972 0.4197 6.8858, -0.1972 0.4197 7.122, -0.2788 0.3571 6.8858, -0.2788 0.3571 7.122, -0.3413 0.2756 6.8858, -0.3413 0.2756 7.122, -0.3807 0.1806 6.8858, -0.3807 0.1806 7.122, -0.3941 0.0787 6.8858, -0.3941 0.0787 7.122
            ]
        }
        coordIndex [
            0,1,2,-1,2,1,3,-1,2,3,4,-1,4,3,5,-1,4,5,6,-1,6,5,7,-1,6,7,8,-1,8,7,9,-1,8,9,10,-1,10,9,11,-1,10,11,12,-1,12,11,13,-1,12,13,14,-1,14,13,15,-1,14,15,16,-1,16,15,17,-1,16,17,18,-1,18,17,19,-1,18,19,20,-1,20,19,21,-1,20,21,22,-1,22,21,23,-1,22,23,24,-1,24,23,25,-1,24,25,26,-1,26,25,27,-1,26,27,28,-1,28,27,29,-1,28,29,30,-1,30,29,31,-1,30,31,32,-1,32,31,33,-1,34,35,36,-1,36,35,37,-1,38,39,40,-1,40,39,41,-1,40,41,42,-1,42,41,43,-1,42,43,44,-1,44,43,45,-1,44,45,46,-1,46,45,47,-1,46,47,48,-1,48,47,49,-1,48,49,50,-1,50,49,51,-1,50,51,52,-1,52,51,53,-1,52,53,54,-1,54,53,55,-1,54,55,56,-1,56,55,57,-1,56,57,58,-1,58,57,59,-1,58,59,60,-1,60,59,61,-1,60,61,62,-1,62,61,63,-1,64,65,66,-1,66,65,67,-1,66,67,68,-1,68,67,69,-1,68,69,70,-1,70,69,71,-1,70,71,72,-1,72,71,73,-1,72,73,74,-1,74,73,75,-1,74,75,76,-1,76,75,77,-1,78,79,80,-1,80,79,81,-1,80,81,82,-1,82,81,83,-1,82,83,84,-1,84,83,85,-1,84,85,86,-1,86,85,87,-1,86,87,88,-1,88,87,89,-1,88,89,90,-1,90,89,91,-1,92,93,94,-1,94,93,95,-1,94,95,96,-1,96,95,97,-1,96,97,98,-1,98,97,99,-1,98,99,100,-1,100,99,101,-1,100,101,102,-1,102,101,103,-1,102,103,104,-1,104,103,105,-1,104,105,106,-1,106,105,107,-1,106,107,108,-1,108,107,109,-1,108,109,110,-1,110,109,111,-1,110,111,112,-1,112,111,113,-1,112,113,114,-1,114,113,115,-1,114,115,116,-1,116,115,117,-1,
        ]
    }
}
Shape{
    appearance Appearance {
        material  Material 	{
            diffuseColor 0.7529411764705882 0.7529411764705882 0.7529411764705882
            specularColor 0.3764705882352941 0.3764705882352941 0.3764705882352941
            ambientIntensity 0.7529
            transparency 0.0
            shininess 0.5
        }
    }
    geometry IndexedFaceSet {
        ccw TRUE
        solid FALSE
        coord DEF co Coordinate {
            point [
                1.3702 -0.1184 1.9176, 1.3843 0.0787 1.9176, 1.3776 0.0787 1.9685, 1.3636 -0.1174 1.9685, 1.3441 -0.207 1.9685, 1.3282 -0.3114 1.9176, 1.3218 -0.3095 1.9685, 1.2576 -0.4815 1.9685, 1.2592 -0.4965 1.9176, 1.2531 -0.4937 1.9685, 1.1645 -0.6699 1.9176, 1.1588 -0.6663 1.9685, 1.1117 -0.7292 1.9685, 1.0461 -0.8281 1.9176, 1.041 -0.8237 1.9685, 0.9205 -0.9442 1.9685, 0.9064 -0.9678 1.9176, 0.902 -0.9627 1.9685, 0.7482 -1.0861 1.9176, 0.7446 -1.0805 1.9685, 0.6871 -1.1119 1.9685, 0.5748 -1.1808 1.9176, 0.572 -1.1747 1.9685, 0.3897 -1.2499 1.9176, 0.4247 -1.2297 1.9685, 0.3878 -1.2434 1.9685, 0.1967 -1.2919 1.9176, 0.1957 -1.2852 1.9685, 0.1435 -1.289 1.9685, -0.0004 -1.306 1.9176, -0.0004 -1.2992 1.9685, -0.1974 -1.2919 1.9176, -0.1442 -1.289 1.9685, -0.1965 -1.2852 1.9685, -0.3905 -1.2499 1.9176, -0.3886 -1.2434 1.9685, -0.4254 -1.2297 1.9685, -0.5756 -1.1808 1.9176, -0.5728 -1.1747 1.9685, -0.749 -1.0861 1.9176, -0.6879 -1.1119 1.9685, -0.7454 -1.0805 1.9685, -0.9071 -0.9678 1.9176, -0.9027 -0.9627 1.9685, -0.9213 -0.9442 1.9685, -1.0468 -0.8281 1.9176, -1.0418 -0.8237 1.9685, -1.1652 -0.6699 1.9176, -1.1125 -0.7292 1.9685, -1.1596 -0.6663 1.9685, -1.2599 -0.4965 1.9176, -1.2538 -0.4937 1.9685, -1.2584 -0.4815 1.9685, -1.3289 -0.3114 1.9176, -1.3225 -0.3095 1.9685, -1.3709 -0.1184 1.9176, -1.3783 0.0787 1.9685, -1.385 0.0787 1.9176, -1.3643 -0.1174 1.9685, -1.3448 -0.207 1.9685, -1.4047 0.0787 1.8701, -1.3904 -0.1212 1.8701, -1.3478 -0.3169 1.8701, -1.2778 -0.5047 1.8701, -1.1818 -0.6805 1.8701, -1.0617 -0.8409 1.8701, -0.92 -0.9826 1.8701, -0.7596 -1.1027 1.8701, -0.5838 -1.1987 1.8701, -0.396 -1.2687 1.8701, -0.2002 -1.3113 1.8701, -0.0004 -1.3256 1.8701, 0.1995 -1.3113 1.8701, 0.3953 -1.2687 1.8701, 0.583 -1.1987 1.8701, 0.7589 -1.1027 1.8701, 0.9193 -0.9826 1.8701, 1.0609 -0.8409 1.8701, 1.181 -0.6805 1.8701, 1.277 -0.5047 1.8701, 1.3471 -0.3169 1.8701, 1.3897 -0.1212 1.8701, 1.404 0.0787 1.8701, -1.436 0.0787 1.8293, -1.4214 -0.1256 1.8293, -1.3778 -0.3258 1.8293, -1.3062 -0.5177 1.8293, -1.2081 -0.6974 1.8293, -1.0853 -0.8614 1.8293, -0.9405 -1.0063 1.8293, -0.7765 -1.129 1.8293, -0.5967 -1.2272 1.8293, -0.4048 -1.2988 1.8293, -0.2047 -1.3423 1.8293, -0.0004 -1.3569 1.8293, 0.2039 -1.3423 1.8293, 0.4041 -1.2988 1.8293, 0.596 -1.2272 1.8293, 0.7758 -1.129 1.8293, 0.9397 -1.0063 1.8293, 1.0846 -0.8614 1.8293, 1.2073 -0.6974 1.8293, 1.3055 -0.5177 1.8293, 1.3771 -0.3258 1.8293, 1.4206 -0.1256 1.8293, 1.4352 0.0787 1.8293, -1.4768 0.0787 1.798, -1.4617 -0.1314 1.798, -1.4169 -0.3372 1.798, -1.3433 -0.5346 1.798, -1.2424 -0.7195 1.798, -1.1161 -0.8881 1.798, -0.9672 -1.0371 1.798, -0.7986 -1.1633 1.798, -0.6137 -1.2643 1.798, -0.4163 -1.3379 1.798, -0.2105 -1.3826 1.798, -0.0004 -1.3977 1.798, 0.2097 -1.3826 1.798, 0.4156 -1.3379 1.798, 0.6129 -1.2643 1.798, 0.7978 -1.1633 1.798, 0.9664 -1.0371 1.798, 1.1154 -0.8881 1.798, 1.2416 -0.7195 1.798, 1.3426 -0.5346 1.798, 1.4162 -0.3372 1.798, 1.461 -0.1314 1.798, 1.476 0.0787 1.798, -1.5242 0.0787 1.7784, -1.5087 -0.1382 1.7784, -1.4625 -0.3506 1.7784, -1.3865 -0.5543 1.7784, -1.2823 -0.7452 1.7784, -1.152 -0.9192 1.7784, -0.9983 -1.0729 1.7784, -0.8242 -1.2032 1.7784, -0.6334 -1.3074 1.7784, -0.4297 -1.3834 1.7784, -0.2172 -1.4296 1.7784, -0.0004 -1.4451 1.7784, 0.2165 -1.4296 1.7784, 0.4289 -1.3834 1.7784, 0.6327 -1.3074 1.7784, 0.8235 -1.2032 1.7784, 0.9975 -1.0729 1.7784, 1.1513 -0.9192 1.7784, 1.2816 -0.7452 1.7784, 1.3858 -0.5543 1.7784, 1.4618 -0.3506 1.7784, 1.508 -0.1382 1.7784, 1.5235 0.0787 1.7784, -1.5752 0.0787 1.7717, -1.5591 -0.1454 1.7717, -1.5114 -0.365 1.7717, -1.4329 -0.5755 1.7717, -1.3252 -0.7727 1.7717, -1.1905 -0.9526 1.7717, -1.0317 -1.1115 1.7717, -0.8518 -1.2461 1.7717, -0.6546 -1.3538 1.7717, -0.444 -1.4323 1.7717, -0.2245 -1.4801 1.7717, -0.0004 -1.4961 1.7717, 0.2237 -1.4801 1.7717, 0.4433 -1.4323 1.7717, 0.6538 -1.3538 1.7717, 0.851 -1.2461 1.7717, 1.0309 -1.1115 1.7717, 1.1898 -0.9526 1.7717, 1.3244 -0.7727 1.7717, 1.4321 -0.5755 1.7717, 1.5106 -0.365 1.7717, 1.5584 -0.1454 1.7717, 1.5744 0.0787 1.7717, 1.0232 0.0787 4.5925, 1.0232 0.0787 3.7402, 0.9976 0.3065 3.7402, 0.9976 0.3065 4.5925, 0.9219 0.5228 3.7402, 0.9219 0.5228 4.5925, 0.7999 0.7169 3.7402, 0.7999 0.7169 4.5925, 0.6378 0.879 3.7402, 0.6378 0.879 4.5925, 0.4438 1.001 3.7402, 0.4438 1.001 4.5925, 0.2274 1.0767 3.7402, 0.2274 1.0767 4.5925, -0.0004 1.1023 3.7402, -0.0004 1.1023 4.5925, -0.2282 1.0767 3.7402, -0.2282 1.0767 4.5925, -0.4445 1.001 3.7402, -0.4445 1.001 4.5925, -0.6386 0.879 3.7402, -0.6386 0.879 4.5925, -0.8007 0.7169 3.7402, -0.8007 0.7169 4.5925, -0.9226 0.5228 3.7402, -0.9226 0.5228 4.5925, -0.9983 0.3065 3.7402, -0.9983 0.3065 4.5925, -1.024 0.0787 3.7402, -1.024 0.0787 4.5925, 1.3776 0.0787 3.2283, 1.3475 0.3652 3.2283, 1.0009 0.2915 3.7402, 0.9907 0.3228 3.7402, 1.2584 0.6392 3.2283, 0.9348 0.495 3.7402, 0.9019 0.552 3.7402, 1.1144 0.8886 3.2283, 0.8278 0.6804 3.7402, 0.7617 0.7538 3.7402, 0.9217 1.1027 3.2283, 0.6846 0.8394 3.7402, 0.578 0.9168 3.7402, 0.6886 1.272 3.2283, 0.5114 0.9652 3.7402, 0.361 1.0322 3.7402, 0.4254 1.3892 3.2283, 0.3159 1.0522 3.7402, 0.1227 1.0933 3.7402, 0.1437 1.4491 3.2283, 0.1066 1.0967 3.7402, -0.1444 1.4491 3.2283, -0.1074 1.0967 3.7402, -0.1234 1.0933 3.7402, -0.4262 1.3892 3.2283, -0.3167 1.0522 3.7402, -0.3617 1.0322 3.7402, -0.6894 1.272 3.2283, -0.5122 0.9652 3.7402, -0.5787 0.9168 3.7402, -0.9224 1.1027 3.2283, -0.6853 0.8394 3.7402, -0.7624 0.7538 3.7402, -1.1152 0.8886 3.2283, -0.8285 0.6804 3.7402, -0.9026 0.552 3.7402, -1.2592 0.6392 3.2283, -0.9355 0.495 3.7402, -0.9915 0.3228 3.7402, -1.3482 0.3652 3.2283, -1.0016 0.2915 3.7402, -1.3783 0.0787 3.2283, 1.3636 0.2748 1.9685, 1.2576 0.6389 1.9685, 1.3218 0.4669 1.9685, 1.3441 0.3645 1.9685, 1.2531 0.6511 1.9685, 1.1588 0.8237 1.9685, 0.9205 1.1016 1.9685, 1.041 0.9811 1.9685, 1.1117 0.8866 1.9685, 0.902 1.1201 1.9685, 0.7446 1.2379 1.9685, 0.4247 1.3871 1.9685, 0.572 1.3321 1.9685, 0.6871 1.2693 1.9685, 0.3878 1.4008 1.9685, 0.1957 1.4426 1.9685, -0.1442 1.4464 1.9685, -0.0004 1.4567 1.9685, 0.1435 1.4464 1.9685, -0.1965 1.4426 1.9685, -0.3886 1.4008 1.9685, -0.6879 1.2693 1.9685, -0.5728 1.3321 1.9685, -0.4254 1.3871 1.9685, -0.7454 1.2379 1.9685, -0.9027 1.1201 1.9685, -1.1125 0.8866 1.9685, -1.0418 0.9811 1.9685, -0.9213 1.1016 1.9685, -1.1596 0.8237 1.9685, -1.2538 0.6511 1.9685, -1.2584 0.6389 1.9685, -1.3225 0.4669 1.9685, -1.3643 0.2748 1.9685, -1.3448 0.3645 1.9685, -2.1385 1.2551 0.2736, -2.1384 1.2549 0.2736, -2.1343 1.2549 0.2711, -2.1343 1.8356 0.2711, -2.1384 1.8356 0.2736, -2.1384 1.8354 0.2736, -2.1401 1.2643 0.2758, -2.1404 1.8219 0.2772, -2.1409 1.2707 0.2776, -2.1407 1.8197 0.2778, -2.1395 1.2597 0.2745, -2.1394 1.8287 0.2754, -2.1418 1.278 0.2796, -2.1423 1.808 0.2809, -2.1427 1.2852 0.2816, -2.1429 1.804 0.2819, -2.1428 1.2864 0.2819, -2.1414 1.8149 0.2791, -2.1409 1.2709 0.2776, -2.1447 1.3021 0.2862, -2.1444 1.299 0.2854, -2.1451 1.7884 0.2861, -2.1444 1.7937 0.2847, -2.1434 1.8009 0.2828, -2.1435 1.2921 0.2835, -2.1452 1.3059 0.2873, -2.1453 1.7871 0.2864, -2.146 1.3128 0.2891, -2.146 1.7825 0.2877, -2.146 1.7777 0.2891, -2.1264 1.2549 0.2695, -2.1264 1.8356 0.2695, -2.1297 1.2549 0.2697, -2.1297 1.8356 0.2697, 0.9839 -2.6477 0.685, 0.9839 -2.2835 0.685, 0.95 -2.2835 0.6811, 0.95 -2.6477 0.6811, 0.9179 -2.2835 0.6695, 0.9179 -2.6477 0.6695, 0.8893 -2.2835 0.6508, 0.8893 -2.6477 0.6508, 0.8658 -2.2835 0.626, 0.8658 -2.6477 0.626, 0.9839 -2.6477 0.626, 0.9839 -2.2835 0.626, 1.0055 -2.6477 0.6233, 1.0055 -2.2835 0.6233, 1.0258 -2.6477 0.6155, 1.0258 -2.2835 0.6155, 1.0435 -2.6477 0.6029, 1.0435 -2.2835 0.6029, 1.0577 -2.6477 0.5864, 1.0577 -2.2835 0.5864, 1.0674 -2.6477 0.5669, 1.0674 -2.2835 0.5669, -0.9846 -2.6477 0.685, -0.9846 -2.2835 0.685, -1.0185 -2.2835 0.6811, -1.0185 -2.6477 0.6811, -1.0507 -2.2835 0.6695, -1.0507 -2.6477 0.6695, -1.0792 -2.2835 0.6508, -1.0792 -2.6477 0.6508, -1.1027 -2.2835 0.626, -1.1027 -2.6477 0.626, -0.9846 -2.6477 0.626, -0.9846 -2.2835 0.626, -0.963 -2.6477 0.6233, -0.963 -2.2835 0.6233, -0.9428 -2.6477 0.6155, -0.9428 -2.2835 0.6155, -0.925 -2.6477 0.6029, -0.925 -2.2835 0.6029, -0.9108 -2.6477 0.5864, -0.9108 -2.2835 0.5864, -0.9011 -2.6477 0.5669, -0.9011 -2.2835 0.5669, -2.1264 1.8356 0.112, -2.118 1.8356 0.1122, -2.1264 1.2549 0.112, -2.118 1.2549 0.1122
            ]
        }
        coordIndex [
            0,1,2,-1,2,3,0,-1,0,3,4,-1,0,4,5,-1,4,6,5,-1,5,6,7,-1,5,7,8,-1,8,7,9,-1,8,9,10,-1,9,11,10,-1,10,11,12,-1,10,12,13,-1,12,14,13,-1,13,14,15,-1,13,15,16,-1,16,15,17,-1,16,17,18,-1,17,19,18,-1,18,19,20,-1,18,20,21,-1,21,20,22,-1,21,22,23,-1,22,24,23,-1,23,24,25,-1,23,25,26,-1,25,27,26,-1,26,27,28,-1,26,28,29,-1,29,28,30,-1,29,30,31,-1,30,32,31,-1,31,32,33,-1,31,33,34,-1,33,35,34,-1,34,35,36,-1,34,36,37,-1,37,36,38,-1,37,38,39,-1,38,40,39,-1,39,40,41,-1,39,41,42,-1,41,43,42,-1,42,43,44,-1,42,44,45,-1,45,44,46,-1,45,46,47,-1,46,48,47,-1,47,48,49,-1,47,49,50,-1,49,51,50,-1,50,51,52,-1,50,52,53,-1,53,52,54,-1,53,54,55,-1,56,57,58,-1,58,57,55,-1,58,55,59,-1,59,55,54,-1,57,60,55,-1,55,60,61,-1,55,61,53,-1,53,61,62,-1,53,62,50,-1,50,62,63,-1,50,63,47,-1,47,63,64,-1,47,64,45,-1,45,64,65,-1,45,65,42,-1,42,65,66,-1,42,66,39,-1,39,66,67,-1,39,67,37,-1,37,67,68,-1,37,68,34,-1,34,68,69,-1,34,69,31,-1,31,69,70,-1,31,70,29,-1,29,70,71,-1,29,71,26,-1,26,71,72,-1,26,72,23,-1,23,72,73,-1,23,73,21,-1,21,73,74,-1,21,74,18,-1,18,74,75,-1,18,75,16,-1,16,75,76,-1,16,76,13,-1,13,76,77,-1,13,77,10,-1,10,77,78,-1,10,78,8,-1,8,78,79,-1,8,79,5,-1,5,79,80,-1,5,80,0,-1,0,80,81,-1,0,81,1,-1,1,81,82,-1,60,83,61,-1,61,83,84,-1,61,84,62,-1,62,84,85,-1,62,85,63,-1,63,85,86,-1,63,86,64,-1,64,86,87,-1,64,87,65,-1,65,87,88,-1,65,88,66,-1,66,88,89,-1,66,89,67,-1,67,89,90,-1,67,90,68,-1,68,90,91,-1,68,91,69,-1,69,91,92,-1,69,92,70,-1,70,92,93,-1,70,93,71,-1,71,93,94,-1,71,94,72,-1,72,94,95,-1,72,95,73,-1,73,95,96,-1,73,96,74,-1,74,96,97,-1,74,97,75,-1,75,97,98,-1,75,98,76,-1,76,98,99,-1,76,99,77,-1,77,99,100,-1,77,100,78,-1,78,100,101,-1,78,101,79,-1,79,101,102,-1,79,102,80,-1,80,102,103,-1,80,103,81,-1,81,103,104,-1,81,104,82,-1,82,104,105,-1,83,106,84,-1,84,106,107,-1,84,107,85,-1,85,107,108,-1,85,108,86,-1,86,108,109,-1,86,109,87,-1,87,109,110,-1,87,110,88,-1,88,110,111,-1,88,111,89,-1,89,111,112,-1,89,112,90,-1,90,112,113,-1,90,113,91,-1,91,113,114,-1,91,114,92,-1,92,114,115,-1,92,115,93,-1,93,115,116,-1,93,116,94,-1,94,116,117,-1,94,117,95,-1,95,117,118,-1,95,118,96,-1,96,118,119,-1,96,119,97,-1,97,119,120,-1,97,120,98,-1,98,120,121,-1,98,121,99,-1,99,121,122,-1,99,122,100,-1,100,122,123,-1,100,123,101,-1,101,123,124,-1,101,124,102,-1,102,124,125,-1,102,125,103,-1,103,125,126,-1,103,126,104,-1,104,126,127,-1,104,127,105,-1,105,127,128,-1,106,129,107,-1,107,129,130,-1,107,130,108,-1,108,130,131,-1,108,131,109,-1,109,131,132,-1,109,132,110,-1,110,132,133,-1,110,133,111,-1,111,133,134,-1,111,134,112,-1,112,134,135,-1,112,135,113,-1,113,135,136,-1,113,136,114,-1,114,136,137,-1,114,137,115,-1,115,137,138,-1,115,138,116,-1,116,138,139,-1,116,139,117,-1,117,139,140,-1,117,140,118,-1,118,140,141,-1,118,141,119,-1,119,141,142,-1,119,142,120,-1,120,142,143,-1,120,143,121,-1,121,143,144,-1,121,144,122,-1,122,144,145,-1,122,145,123,-1,123,145,146,-1,123,146,124,-1,124,146,147,-1,124,147,125,-1,125,147,148,-1,125,148,126,-1,126,148,149,-1,126,149,127,-1,127,149,150,-1,127,150,128,-1,128,150,151,-1,129,152,130,-1,130,152,153,-1,130,153,131,-1,131,153,154,-1,131,154,132,-1,132,154,155,-1,132,155,133,-1,133,155,156,-1,133,156,134,-1,134,156,157,-1,134,157,135,-1,135,157,158,-1,135,158,136,-1,136,158,159,-1,136,159,137,-1,137,159,160,-1,137,160,138,-1,138,160,161,-1,138,161,139,-1,139,161,162,-1,139,162,140,-1,140,162,163,-1,140,163,141,-1,141,163,164,-1,141,164,142,-1,142,164,165,-1,142,165,143,-1,143,165,166,-1,143,166,144,-1,144,166,167,-1,144,167,145,-1,145,167,168,-1,145,168,146,-1,146,168,169,-1,146,169,147,-1,147,169,170,-1,147,170,148,-1,148,170,171,-1,148,171,149,-1,149,171,172,-1,149,172,150,-1,150,172,173,-1,150,173,151,-1,151,173,174,-1,175,176,177,-1,175,177,178,-1,178,177,179,-1,178,179,180,-1,180,179,181,-1,180,181,182,-1,182,181,183,-1,182,183,184,-1,184,183,185,-1,184,185,186,-1,186,185,187,-1,186,187,188,-1,188,187,189,-1,188,189,190,-1,190,189,191,-1,190,191,192,-1,192,191,193,-1,192,193,194,-1,194,193,195,-1,194,195,196,-1,196,195,197,-1,196,197,198,-1,198,197,199,-1,198,199,200,-1,200,199,201,-1,200,201,202,-1,202,201,203,-1,202,203,204,-1,205,206,176,-1,176,206,207,-1,207,206,208,-1,208,206,209,-1,208,209,210,-1,210,209,211,-1,211,209,212,-1,211,212,213,-1,213,212,214,-1,214,212,215,-1,214,215,216,-1,216,215,217,-1,217,215,218,-1,217,218,219,-1,219,218,220,-1,220,218,221,-1,220,221,222,-1,222,221,223,-1,223,221,224,-1,223,224,225,-1,225,224,226,-1,225,226,227,-1,227,226,228,-1,228,226,229,-1,228,229,230,-1,230,229,231,-1,231,229,232,-1,231,232,233,-1,233,232,234,-1,234,232,235,-1,234,235,236,-1,236,235,237,-1,237,235,238,-1,237,238,239,-1,239,238,240,-1,240,238,241,-1,240,241,242,-1,242,241,243,-1,243,241,244,-1,243,244,245,-1,245,244,246,-1,245,246,203,-1,2,247,205,-1,205,247,206,-1,248,209,249,-1,249,209,206,-1,249,206,250,-1,250,206,247,-1,248,251,209,-1,209,251,252,-1,209,252,212,-1,253,215,254,-1,254,215,212,-1,254,212,255,-1,255,212,252,-1,253,256,215,-1,215,256,257,-1,215,257,218,-1,258,221,259,-1,259,221,218,-1,259,218,260,-1,260,218,257,-1,258,261,221,-1,221,261,262,-1,221,262,224,-1,263,226,264,-1,264,226,224,-1,264,224,265,-1,265,224,262,-1,263,266,226,-1,226,266,267,-1,226,267,229,-1,268,232,269,-1,269,232,229,-1,269,229,270,-1,270,229,267,-1,268,271,232,-1,232,271,272,-1,232,272,235,-1,273,238,274,-1,274,238,235,-1,274,235,275,-1,275,235,272,-1,273,276,238,-1,238,276,277,-1,238,277,241,-1,277,278,241,-1,241,278,279,-1,241,279,244,-1,56,246,280,-1,280,246,244,-1,280,244,281,-1,281,244,279,-1,282,283,284,-1,285,286,287,-1,288,289,290,-1,290,289,291,-1,288,292,289,-1,289,292,282,-1,289,282,293,-1,294,295,296,-1,296,295,297,-1,296,297,298,-1,291,299,290,-1,290,299,295,-1,290,295,300,-1,300,295,294,-1,301,302,303,-1,303,302,304,-1,297,305,298,-1,298,305,304,-1,298,304,306,-1,306,304,302,-1,301,303,307,-1,307,303,308,-1,307,308,309,-1,309,308,310,-1,309,310,311,-1,312,313,314,-1,314,313,315,-1,314,315,284,-1,284,315,285,-1,284,285,282,-1,282,285,287,-1,282,287,293,-1,316,317,318,-1,316,318,319,-1,319,318,320,-1,319,320,321,-1,321,320,322,-1,321,322,323,-1,323,322,324,-1,323,324,325,-1,326,327,328,-1,328,327,329,-1,328,329,330,-1,330,329,331,-1,330,331,332,-1,332,331,333,-1,332,333,334,-1,334,333,335,-1,334,335,336,-1,336,335,337,-1,338,339,340,-1,338,340,341,-1,341,340,342,-1,341,342,343,-1,343,342,344,-1,343,344,345,-1,345,344,346,-1,345,346,347,-1,348,349,350,-1,350,349,351,-1,350,351,352,-1,352,351,353,-1,352,353,354,-1,354,353,355,-1,354,355,356,-1,356,355,357,-1,356,357,358,-1,358,357,359,-1,360,361,362,-1,362,361,363,-1,
        ]
    }
}
Shape{
    appearance Appearance {
        material  Material 	{
            diffuseColor 0.25098039215686274 0.25098039215686274 0.25098039215686274
            specularColor 0.12549019607843137 0.12549019607843137 0.12549019607843137
            ambientIntensity 0.251
            transparency 0.0
            shininess 0.5
        }
    }
    geometry IndexedFaceSet {
        ccw TRUE
        solid FALSE
        coord DEF co Coordinate {
            point [
                0.9051 0.0787 0.1929, 0.9051 0.0787 0.0945, 0.9145 0.15 0.1929, 0.9145 0.15 0.0945, 0.9421 0.2165 0.1929, 0.9421 0.2165 0.0945, 0.9859 0.2736 0.1929, 0.9859 0.2736 0.0945, 1.0429 0.3174 0.1929, 1.0429 0.3174 0.0945, 1.1094 0.3449 0.1929, 1.1094 0.3449 0.0945, 1.1807 0.3543 0.1929, 1.1807 0.3543 0.0945, -0.7878 0.0787 0.0354, -0.7878 0.0787 0.0945, -0.7609 0.2825 0.0945, -0.7609 0.2825 0.0354, -0.6823 0.4724 0.0945, -0.6823 0.4724 0.0354, -0.5572 0.6355 0.0945, -0.5572 0.6355 0.0354, -0.3941 0.7606 0.0945, -0.3941 0.7606 0.0354, -0.2042 0.8393 0.0945, -0.2042 0.8393 0.0354, -0.0004 0.8661 0.0945, -0.0004 0.8661 0.0354, 0.2034 0.8393 0.0945, 0.2034 0.8393 0.0354, 0.3933 0.7606 0.0945, 0.3933 0.7606 0.0354, 0.5564 0.6355 0.0945, 0.5564 0.6355 0.0354, 0.6815 0.4724 0.0945, 0.6815 0.4724 0.0354, 0.7602 0.2825 0.0945, 0.7602 0.2825 0.0354, 0.787 0.0787 0.0945, 0.787 0.0787 0.0354
            ]
        }
        coordIndex [
            0,1,2,-1,2,1,3,-1,2,3,4,-1,4,3,5,-1,4,5,6,-1,6,5,7,-1,6,7,8,-1,8,7,9,-1,8,9,10,-1,10,9,11,-1,10,11,12,-1,12,11,13,-1,14,15,16,-1,14,16,17,-1,17,16,18,-1,17,18,19,-1,19,18,20,-1,19,20,21,-1,21,20,22,-1,21,22,23,-1,23,22,24,-1,23,24,25,-1,25,24,26,-1,25,26,27,-1,27,26,28,-1,27,28,29,-1,29,28,30,-1,29,30,31,-1,31,30,32,-1,31,32,33,-1,33,32,34,-1,33,34,35,-1,35,34,36,-1,35,36,37,-1,37,36,38,-1,37,38,39,-1,
        ]
    }
}
Shape{
    appearance Appearance {
        material  Material 	{
            diffuseColor 0.7529411764705882 0.7529411764705882 0.7529411764705882
            specularColor 0.3764705882352941 0.3764705882352941 0.3764705882352941
            ambientIntensity 0.7529
            transparency 0.0
            shininess 0.5
        }
    }
    geometry IndexedFaceSet {
        ccw TRUE
        solid FALSE
        coord DEF co Coordinate {
            point [
                0.8658 2.8641 -1.2292, 0.8658 2.8641 0.3701, 0.8719 2.8718 -1.2353, 0.8869 2.8864 0.3701, 0.8875 2.8858 -1.2509, 0.8997 2.8968 -1.2631, 0.8893 2.8889 0.3701, 0.9179 2.9076 0.3701, 0.9462 2.9183 -1.3087, 0.9503 2.9192 -1.312, 0.9472 2.9186 -1.3101, 0.9533 2.9199 -1.3138, 0.95 2.9192 0.3701, 0.9421 2.9172 -1.3055, 0.9187 2.9059 -1.2821, 0.9839 2.9232 -1.3228, 0.9735 2.9228 -1.3218, 0.9839 2.9232 0.3701, 0.9723 2.9227 -1.3217, 0.9533 2.9196 0.3701, 0.959 2.9211 -1.3174, 0.9613 2.9214 -1.3181, 1.0613 2.8183 -1.2699, 1.0674 2.8051 -1.2638, 1.0674 2.8051 0.3701, 1.0609 2.8181 0.3701, 1.0577 2.8245 0.3701, 1.0605 2.82 -1.2707, 1.0494 2.8342 0.3701, 1.0499 2.8346 -1.2813, 1.0346 2.8473 0.3701, 1.0349 2.8478 -1.2962, 1.0496 2.835 -1.2816, 1.0435 2.8411 0.3701, 1.0256 2.8537 -1.3055, 1.0339 2.8487 -1.2973, 1.0173 2.8569 0.3701, 1.0175 2.8573 -1.312, 1.0258 2.8536 0.3701, 1.0055 2.8615 0.3701, 1.0153 2.8583 -1.3138, 1.0174 2.8573 -1.3121, 0.9983 2.8624 0.3701, 1.0044 2.8615 -1.3192, 1.0064 2.8609 -1.3182, 0.9839 2.8641 -1.3228, 0.9918 2.8637 -1.3223, 0.9839 2.8641 0.3701, 0.9942 2.8633 -1.3217, 0.9983 2.8626 -1.3207, -1.0507 2.9076 0.3701, -1.0503 2.9069 -1.2817, -1.077 2.8907 -1.2549, -1.1027 2.8641 -1.2292, -1.1027 2.8641 0.3701, -1.0814 2.8862 -1.2506, -1.0816 2.8864 0.3701, -1.0792 2.8889 0.3701, -1.0167 2.9197 -1.3131, -1.0152 2.9199 -1.3143, -1.0156 2.9198 -1.314, -1.0264 2.9172 -1.3055, -1.044 2.9107 -1.2879, -1.0152 2.9196 0.3701, -1.0185 2.9192 0.3701, -0.995 2.9227 -1.3217, -0.9846 2.9232 0.3701, -0.9923 2.9229 -1.3223, -0.9846 2.9232 -1.3228, -1.0182 2.9192 -1.312, -1.0071 2.9212 -1.3181, -1.0046 2.9217 -1.3194, -0.9074 2.8182 -1.2701, -0.9011 2.8051 -1.2638, -0.9011 2.8051 0.3701, -0.9076 2.8181 0.3701, -0.9108 2.8245 0.3701, -0.9095 2.8225 -1.2722, -0.9191 2.8342 0.3701, -0.9189 2.8343 -1.2816, -0.922 2.8382 -1.2846, -0.925 2.8411 0.3701, -0.9339 2.8473 0.3701, -0.934 2.8471 -1.2967, -0.9429 2.8537 -1.3055, -0.9508 2.8574 -1.3122, -0.9428 2.8536 0.3701, -0.951 2.8575 -1.3124, -0.9512 2.8569 0.3701, -0.9511 2.8575 -1.3125, -0.9846 2.8641 -1.3228, -0.9742 2.8635 -1.3219, -0.9846 2.8641 0.3701, -0.973 2.8634 -1.3218, -0.9702 2.8624 0.3701, -0.9702 2.8628 -1.3209, -0.963 2.8615 0.3701, -0.9621 2.8612 -1.3185, -0.9619 2.8612 -1.3184, 2.4209 0.561 -0.7604, 2.4209 -0.4036 -0.7604, 2.4194 0.561 -0.745, 2.4194 -0.4036 -0.745, 2.4149 0.561 -0.7302, 2.4149 -0.4036 -0.7302, 2.4076 0.561 -0.7166, 2.4076 -0.4036 -0.7166, 2.3978 0.561 -0.7047, 2.3978 -0.4036 -0.7047, -0.0004 -2.6477 0.685, -0.0004 -2.3819 0.685, -0.0343 -2.3819 0.6811, -0.0343 -2.6477 0.6811, -0.0664 -2.3819 0.6695, -0.0664 -2.6477 0.6695, -0.095 -2.3819 0.6508, -0.095 -2.6477 0.6508, -0.1185 -2.3819 0.626, -0.1185 -2.6477 0.626, -0.0004 -2.6477 0.626, -0.0004 -2.3819 0.626, 0.0212 -2.6477 0.6233, 0.0212 -2.3819 0.6233, 0.0415 -2.6477 0.6155, 0.0415 -2.3819 0.6155, 0.0593 -2.6477 0.6029, 0.0593 -2.3819 0.6029, 0.0734 -2.6477 0.5864, 0.0734 -2.3819 0.5864, 0.0831 -2.6477 0.5669, 0.0831 -2.3819 0.5669, 0.9593 2.8605 -1.3175, 0.9613 2.8609 -1.3181, 0.9421 2.8537 -1.3055, 0.947 2.856 -1.3099, 0.9503 2.8572 -1.3119, 0.9503 2.8572 -1.3119, 0.9721 2.8632 -1.3216, 0.9735 2.8633 -1.3218, 0.9695 2.8627 -1.3208, -1.0264 2.8537 -1.3055, -1.0182 2.8573 -1.3119, -1.0072 2.861 -1.3181, -1.014 2.8591 -1.3151, -1.0182 2.8573 -1.3119, -0.9905 2.8639 -1.3226, -0.995 2.8634 -1.3217, -0.9991 2.8628 -1.3209, -1.0018 2.8625 -1.3204, 2.5784 0.561 -0.7604, 2.5784 -0.4036 -0.7604, 2.5737 -0.4036 -0.8069, 2.5737 0.561 -0.8069, 2.5601 -0.4036 -0.8516, 2.5601 0.561 -0.8516, 0.9421 -2.9566 -1.3055, 0.9421 -2.8931 -1.3055, 0.9467 -2.9577 -1.309, 0.9503 -2.8967 -1.312, 0.9504 -2.9587 -1.3119, 0.952 -2.8975 -1.3134, 0.9525 -2.8977 -1.3138, 0.9543 -2.9596 -1.3149, 0.9614 -2.9004 -1.3182, 0.9614 -2.9608 -1.318, 0.9634 -2.901 -1.3192, 0.9731 -2.9026 -1.3216, 0.9667 -2.9616 -1.3203, 0.9735 -2.9027 -1.3217, 0.9735 -2.9622 -1.3216, 0.9759 -2.9031 -1.3223, 0.978 -2.9625 -1.3225, 0.9839 -2.9036 -1.3228, 0.9839 -2.9626 -1.3228, -1.0264 -2.9566 -1.3055, -1.0264 -2.8931 -1.3055, -1.0219 -2.9578 -1.3096, -1.0184 -2.8969 -1.3122, -1.0211 -2.958 -1.3102, -1.0182 -2.9586 -1.312, -1.0182 -2.897 -1.3125, -1.0166 -2.8975 -1.3133, -1.0101 -2.9603 -1.3171, -1.0073 -2.9006 -1.3184, -1.0071 -2.9607 -1.3181, -1.0072 -2.9007 -1.3185, -0.9963 -2.9028 -1.3218, -0.9972 -2.962 -1.3215, -0.9955 -2.9029 -1.3218, -0.995 -2.9621 -1.3217, -0.995 -2.9029 -1.3219, -0.9846 -2.9036 -1.3228, -0.9846 -2.9626 -1.3228, 2.1945 0.0787 -1.3172, 2.3398 0.0787 -1.378, 2.345 -0.0232 -1.3656, 2.1997 -0.0232 -1.3048, 2.3601 -0.1181 -1.3293, 2.2149 -0.1181 -1.2685, -0.0421 -2.9566 -1.3055, -0.0421 -2.8931 -1.3055, -0.0376 -2.9577 -1.309, -0.034 -2.8967 -1.312, -0.0339 -2.9587 -1.3119, -0.0323 -2.8975 -1.3134, -0.0318 -2.8977 -1.3138, -0.03 -2.9596 -1.3149, -0.0229 -2.9004 -1.3182, -0.0228 -2.9608 -1.318, -0.0209 -2.901 -1.3192, -0.0112 -2.9026 -1.3216, -0.0176 -2.9616 -1.3203, -0.0107 -2.9027 -1.3217, -0.0107 -2.9622 -1.3216, -0.0083 -2.9031 -1.3223, -0.0062 -2.9625 -1.3225, -0.0004 -2.9036 -1.3228, -0.0004 -2.9626 -1.3228
            ]
        }
        coordIndex [
            0,1,2,-1,2,1,3,-1,2,3,4,-1,4,3,5,-1,5,3,6,-1,5,6,7,-1,8,9,10,-1,9,8,11,-1,12,13,7,-1,7,13,14,-1,7,14,5,-1,15,16,17,-1,17,16,18,-1,10,13,8,-1,8,13,12,-1,8,12,11,-1,11,12,19,-1,11,19,20,-1,20,19,17,-1,20,17,21,-1,21,17,18,-1,22,23,24,-1,24,25,22,-1,22,25,26,-1,22,26,27,-1,27,26,28,-1,27,28,29,-1,30,31,32,-1,29,28,32,-1,32,28,33,-1,32,33,30,-1,34,35,36,-1,34,36,37,-1,31,30,35,-1,35,30,38,-1,35,38,36,-1,39,40,36,-1,36,40,41,-1,36,41,37,-1,42,43,39,-1,39,43,44,-1,39,44,40,-1,45,46,47,-1,47,46,48,-1,47,48,42,-1,42,48,49,-1,42,49,43,-1,50,51,52,-1,53,54,55,-1,55,54,56,-1,55,56,52,-1,52,56,57,-1,52,57,50,-1,58,59,60,-1,61,62,63,-1,51,50,62,-1,62,50,64,-1,62,64,63,-1,65,66,67,-1,67,66,68,-1,60,69,58,-1,58,69,61,-1,58,61,59,-1,59,61,63,-1,59,63,70,-1,70,63,66,-1,70,66,71,-1,71,66,65,-1,72,73,74,-1,74,75,72,-1,72,75,76,-1,72,76,77,-1,77,76,78,-1,77,78,79,-1,79,78,80,-1,78,81,80,-1,80,81,82,-1,80,82,83,-1,83,82,84,-1,84,82,85,-1,85,82,86,-1,85,86,87,-1,87,86,88,-1,87,88,89,-1,90,91,92,-1,92,91,93,-1,92,93,94,-1,94,93,95,-1,94,95,96,-1,96,95,97,-1,96,97,88,-1,88,97,98,-1,88,98,89,-1,99,100,101,-1,101,100,102,-1,101,102,103,-1,103,102,104,-1,103,104,105,-1,105,104,106,-1,105,106,107,-1,107,106,108,-1,109,110,111,-1,109,111,112,-1,112,111,113,-1,112,113,114,-1,114,113,115,-1,114,115,116,-1,116,115,117,-1,116,117,118,-1,119,120,121,-1,121,120,122,-1,121,122,123,-1,123,122,124,-1,123,124,125,-1,125,124,126,-1,125,126,127,-1,127,126,128,-1,127,128,129,-1,129,128,130,-1,131,9,132,-1,132,9,11,-1,133,13,134,-1,134,13,10,-1,134,10,135,-1,135,10,9,-1,135,9,136,-1,136,9,131,-1,21,18,137,-1,137,18,138,-1,11,20,132,-1,132,20,21,-1,132,21,139,-1,139,21,137,-1,18,16,138,-1,138,16,15,-1,138,15,45,-1,140,61,141,-1,141,61,69,-1,59,70,142,-1,59,142,60,-1,60,142,143,-1,60,143,69,-1,69,143,144,-1,69,144,141,-1,68,90,67,-1,67,90,145,-1,67,145,65,-1,65,145,146,-1,65,146,71,-1,71,146,147,-1,71,147,70,-1,70,147,148,-1,70,148,142,-1,149,150,151,-1,149,151,152,-1,152,151,153,-1,152,153,154,-1,155,156,157,-1,157,156,158,-1,157,158,159,-1,158,160,159,-1,159,160,161,-1,159,161,162,-1,162,161,163,-1,162,163,164,-1,163,165,164,-1,164,165,166,-1,164,166,167,-1,167,166,168,-1,167,168,169,-1,169,168,170,-1,169,170,171,-1,171,170,172,-1,171,172,173,-1,174,175,176,-1,176,175,177,-1,176,177,178,-1,178,177,179,-1,177,180,179,-1,179,180,181,-1,179,181,182,-1,182,181,183,-1,182,183,184,-1,183,185,184,-1,184,185,186,-1,184,186,187,-1,187,186,188,-1,187,188,189,-1,188,190,189,-1,189,190,191,-1,189,191,192,-1,193,194,195,-1,193,195,196,-1,196,195,197,-1,196,197,198,-1,199,200,201,-1,201,200,202,-1,201,202,203,-1,202,204,203,-1,203,204,205,-1,203,205,206,-1,206,205,207,-1,206,207,208,-1,207,209,208,-1,208,209,210,-1,208,210,211,-1,211,210,212,-1,211,212,213,-1,213,212,214,-1,213,214,215,-1,215,214,216,-1,215,216,217,-1,
        ]
    }
}
Shape{
    appearance Appearance {
        material  Material 	{
            diffuseColor 0.25098039215686274 0.25098039215686274 0.25098039215686274
            specularColor 0.12549019607843137 0.12549019607843137 0.12549019607843137
            ambientIntensity 0.251
            transparency 0.0
            shininess 0.5
        }
    }
    geometry IndexedFaceSet {
        ccw TRUE
        solid FALSE
        coord DEF co Coordinate {
            point [
                2.3028 1.9291 0.4488, 2.3028 1.8622 0.4488, 2.1355 1.9291 0.4488, 2.1355 1.8622 0.4488
            ]
        }
        coordIndex [
            0,1,2,-1,2,1,3,-1,
        ]
    }
}
Shape{
    appearance Appearance {
        material  Material 	{
            diffuseColor 0.7529411764705882 0.7529411764705882 0.7529411764705882
            specularColor 0.3764705882352941 0.3764705882352941 0.3764705882352941
            ambientIntensity 0.7529
            transparency 0.0
            shininess 0.5
        }
    }
    geometry IndexedFaceSet {
        ccw TRUE
        solid FALSE
        coord DEF co Coordinate {
            point [
                -2.0732 1.4124 1.4173, -2.1323 1.4124 1.4173, -2.0732 1.4567 1.4173, -2.1323 1.4567 1.4173, -2.0732 -1.2992 1.4173, -2.1323 -1.2992 1.4173, -2.0732 -1.255 1.4173, -2.1323 -1.255 1.4173, 2.0725 -1.255 1.4173, 2.0725 -1.255 1.1024, 2.1315 -1.255 1.4173, 2.1355 -1.255 1.1024, 2.1355 -1.255 1.4173, 2.1355 1.4124 1.4173, 2.1355 1.4124 1.1024, 2.1315 1.4124 1.4173, 2.0725 1.4124 1.1024, 2.0725 1.4124 1.4173, -2.0732 -1.2992 1.1024, -2.0732 -1.255 1.1024, -2.1323 -1.2992 1.1024, -2.1362 -1.255 1.1024, -2.1323 -1.5338 1.1024, -2.1362 -1.6969 1.1024, -2.0732 -1.6969 1.1024, -2.0732 -1.676 1.1024, -2.0772 -1.6361 1.1024, -2.0891 -1.5978 1.1024, -2.1083 -1.5627 1.1024, 2.0725 -1.2992 1.1024, 2.0883 -1.5978 1.1024, 2.0765 -1.6361 1.1024, 2.1355 -1.6969 1.1024, 2.0725 -1.676 1.1024, 2.0725 -1.6969 1.1024, 2.1315 -1.2992 1.1024, 2.1315 -1.5338 1.1024, 2.1075 -1.5627 1.1024, -2.1362 1.4124 1.1024, -2.0732 1.4124 1.1024, -2.0732 1.4567 1.1024, -2.1323 1.4567 1.1024, -2.1323 1.6912 1.1024, -2.1362 1.8543 1.1024, -2.1083 1.7201 1.1024, -2.0891 1.7553 1.1024, -2.0772 1.7936 1.1024, -2.0732 1.8335 1.1024, -2.0732 1.8543 1.1024, 2.1355 1.8543 1.1024, 2.0725 1.8543 1.1024, 2.0725 1.8335 1.1024, 2.0725 1.4567 1.1024, 2.1315 1.4567 1.1024, 2.1315 1.6912 1.1024, 2.1075 1.7201 1.1024, 2.0765 1.7936 1.1024, 2.0883 1.7553 1.1024, 2.1355 1.4567 1.1063, 2.1355 1.4567 1.4213, 2.1315 1.4567 1.4173, 2.0725 1.4567 1.4173, -2.1362 1.4567 1.4213, -2.1362 1.4567 1.1063, -2.1362 1.4124 1.4173, -2.1362 -1.255 1.4173, -2.1362 -1.2992 1.1063, -2.1362 -1.2992 1.4213, 2.1315 -1.2992 1.4173, 2.1355 -1.2992 1.4213, 2.1355 -1.2992 1.1063, 2.0725 -1.2992 1.4173
            ]
        }
        coordIndex [
            0,1,2,-1,2,1,3,-1,4,5,6,-1,6,5,7,-1,8,9,10,-1,10,9,11,-1,10,11,12,-1,13,14,15,-1,15,14,16,-1,15,16,17,-1,18,19,20,-1,20,19,21,-1,20,21,22,-1,22,21,23,-1,24,25,23,-1,23,25,26,-1,26,27,23,-1,23,27,28,-1,23,28,22,-1,11,9,29,-1,30,31,32,-1,32,31,33,-1,32,33,34,-1,29,35,11,-1,11,35,36,-1,11,36,32,-1,32,36,37,-1,32,37,30,-1,38,39,40,-1,40,41,38,-1,38,41,42,-1,38,42,43,-1,43,42,44,-1,43,44,45,-1,45,46,43,-1,43,46,47,-1,43,47,48,-1,49,50,51,-1,52,16,53,-1,53,16,14,-1,53,14,54,-1,54,14,49,-1,54,49,55,-1,51,56,49,-1,49,56,57,-1,49,57,55,-1,58,59,60,-1,58,60,53,-1,53,60,61,-1,53,61,52,-1,3,62,63,-1,3,63,2,-1,2,63,41,-1,2,41,40,-1,0,39,1,-1,1,39,38,-1,1,38,64,-1,65,21,7,-1,7,21,19,-1,7,19,6,-1,66,67,5,-1,66,5,20,-1,20,5,4,-1,20,4,18,-1,68,69,70,-1,68,70,71,-1,71,70,35,-1,71,35,29,-1,8,10,71,-1,71,10,68,-1,61,60,17,-1,17,60,15,-1,
        ]
    }
}
Shape{
    appearance Appearance {
        material  Material 	{
            diffuseColor 0.25098039215686274 0.25098039215686274 0.25098039215686274
            specularColor 0.12549019607843137 0.12549019607843137 0.12549019607843137
            ambientIntensity 0.251
            transparency 0.0
            shininess 0.5
        }
    }
    geometry IndexedFaceSet {
        ccw TRUE
        solid FALSE
        coord DEF co Coordinate {
            point [
                2.1355 1.1811 0.3306, 2.1355 1.9291 0.3306, 2.1355 1.8622 0.4488, 2.1355 1.9291 0.4488, 2.1355 1.4124 1.4173, 2.1355 -1.255 1.4173, 2.1355 -1.255 1.1024, 2.1355 0.6693 0.252, 2.1355 1.1811 0.252, 2.1355 0.6693 0.4488, 2.1355 -1.7048 0.4488, 2.1355 -0.5118 0.252, 2.1355 -0.5118 0.4488, 2.1355 1.4124 1.1024, 2.1355 1.8543 1.1024, 2.1355 1.8622 1.1024, 2.1355 -1.6969 1.1024, 2.1355 -1.7048 1.1024, 2.1355 -1.7717 0.4488, 2.1355 -1.7717 0.3306, 2.1355 -1.0237 0.3306, 2.1355 -1.0237 0.252
            ]
        }
        coordIndex [
            0,1,2,-1,2,1,3,-1,4,5,6,-1,7,8,9,-1,9,8,0,-1,10,11,12,-1,12,9,13,-1,13,9,0,-1,13,0,14,-1,14,0,2,-1,14,2,15,-1,13,4,12,-1,12,4,6,-1,12,6,10,-1,10,6,16,-1,10,16,17,-1,18,19,10,-1,10,19,20,-1,10,20,11,-1,11,20,21,-1,
        ]
    }
}
Shape{
    appearance Appearance {
        material  Material 	{
            diffuseColor 0.7529411764705882 0.7529411764705882 0.7529411764705882
            specularColor 0.3764705882352941 0.3764705882352941 0.3764705882352941
            ambientIntensity 0.7529
            transparency 0.0
            shininess 0.5
        }
    }
    geometry IndexedFaceSet {
        ccw TRUE
        solid FALSE
        coord DEF co Coordinate {
            point [
                2.1355 1.4567 1.4213, 2.1355 1.4567 1.1063, 2.1355 1.6929 1.1063, 2.1355 -1.5355 1.1063, 2.1355 -1.2992 1.1063, 2.1355 -1.5355 1.6115, 2.1355 -1.2992 1.4213, 2.1355 -0.4922 1.6115, 2.1355 0.6496 1.6115, 2.1355 0.6496 1.6142, 2.1355 0.6292 1.6169, 2.1355 0.6102 1.6247, 2.1355 0.5939 1.6372, 2.1355 0.5814 1.6535, 2.1355 0.5735 1.6725, 2.1355 1.6929 1.6115, 2.1355 0.5708 1.6929, 2.1355 0.5708 1.7717, 2.1355 -0.4134 1.7717, 2.1355 -0.4922 1.6142, 2.1355 -0.4718 1.6169, 2.1355 -0.4528 1.6247, 2.1355 -0.4365 1.6372, 2.1355 -0.4134 1.6929, 2.1355 -0.4161 1.6725, 2.1355 -0.424 1.6535, -2.1362 -1.2992 1.4213, -2.1362 -1.2992 1.1063, -2.1362 -1.5355 1.1063, -2.1362 -1.5355 1.6115, -2.1362 -0.4922 1.6115, -2.1362 1.4567 1.4213, -2.1362 0.5814 1.6535, -2.1362 0.5939 1.6372, -2.1362 -0.4161 1.6725, -2.1362 -0.424 1.6535, -2.1362 -0.4718 1.6169, -2.1362 -0.4528 1.6247, -2.1362 0.6496 1.6115, -2.1362 -0.4365 1.6372, -2.1362 -0.4922 1.6142, -2.1362 1.6929 1.6115, -2.1362 1.4567 1.1063, -2.1362 1.6929 1.1063, -2.1362 0.6496 1.6142, -2.1362 0.6292 1.6169, -2.1362 0.6102 1.6247, -2.1362 -0.4134 1.7717, -2.1362 0.5708 1.7717, -2.1362 -0.4134 1.6929, -2.1362 0.5708 1.6929, -2.1362 0.5735 1.6725, -0.1775 -2.9036 0.1647, -0.2956 -2.9036 0.1647, -0.1775 -2.8445 0.1647, -0.2956 -2.8445 0.1647, -0.1775 -2.9036 -1.1701, -0.1775 -2.8445 -1.1701, 0.2949 -2.9036 0.1647, 0.1768 -2.9036 0.1647, 0.2949 -2.8445 0.1647, 0.1768 -2.8445 0.1647, 0.1768 -2.8445 -1.1701, 0.1768 -2.9036 -1.1701, 0.0831 -2.8445 -1.2638, 0.1177 -2.9036 -1.2292, 0.0784 -2.8543 -1.2685, 0.1116 -2.9112 -1.2353, 0.0748 -2.8619 -1.2722, 0.1011 -2.9207 -1.2458, 0.0665 -2.8724 -1.2805, 0.0838 -2.9363 -1.2631, 0.0623 -2.8776 -1.2846, 0.071 -2.9424 -1.2759, 0.0502 -2.8866 -1.2967, 0.0414 -2.9566 -1.3055, 0.0414 -2.8931 -1.3055, -0.0004 -2.9036 -1.3228, 0.01 -2.9028 -1.3218, -0.0004 -2.9626 -1.3228, 0.01 -2.9622 -1.3218, 0.0112 -2.9622 -1.3217, 0.0105 -2.9027 -1.3217, 0.0222 -2.9608 -1.3181, 0.0114 -2.9027 -1.3216, 0.0222 -2.9003 -1.3181, 0.0245 -2.9605 -1.3174, 0.0242 -2.8999 -1.3175, 0.0332 -2.9587 -1.312, 0.0369 -2.9578 -1.3096, 0.0332 -2.8967 -1.3119, 0.0365 -2.8955 -1.3099, 0.0315 -2.8973 -1.313, 0.0363 -2.958 -1.3101, -0.1185 -2.9036 -1.2292, -0.0839 -2.8445 -1.2638, -0.0793 -2.8544 -1.2683, -0.077 -2.8594 -1.2707, -0.1019 -2.9208 -1.2458, -0.0674 -2.8726 -1.2802, -0.0927 -2.9302 -1.2549, -0.0661 -2.8744 -1.2816, -0.0514 -2.8872 -1.2962, -0.0718 -2.9428 -1.2758, -0.0504 -2.8881 -1.2973, -0.0597 -2.9502 -1.2879, -0.0421 -2.8931 -1.3055, -0.0421 -2.9566 -1.3055, -0.1185 -2.9036 0.3701, -0.2956 -2.9036 0.3701, -0.2956 -2.8445 0.3701, -0.2956 -2.8396 0.4139, -0.2956 -2.8972 0.427, -0.2956 -2.825 0.4555, -0.2956 -2.8782 0.4811, -0.2956 -2.8016 0.4928, -0.2956 -2.8477 0.5296, -0.2956 -2.7704 0.524, -0.2956 -2.8072 0.5702, -0.2956 -2.7331 0.5474, -0.2956 -2.7587 0.6006, -0.2956 -2.6915 0.562, -0.2956 -2.7046 0.6196, -0.2956 -2.6477 0.5669, -0.2956 -2.6477 0.626, -0.2956 -2.3819 0.5669, -0.2956 -2.3819 0.626, -0.0839 -2.8445 0.3701, -0.034 -2.8967 -1.312, -0.0321 -2.897 0.3701, -0.0422 -2.8931 0.3701, -0.022 -2.9009 0.3701, -0.0318 -2.8977 -1.3138, -0.0323 -2.8975 -1.3134, 0.0104 -2.9022 0.3701, -0.0083 -2.9031 -1.3223, -0.0107 -2.9027 -1.3217, -0.0004 -2.9036 0.3701, -0.0112 -2.9026 -1.3216, -0.0112 -2.9022 0.3701, -0.0209 -2.901 -1.3192, -0.0229 -2.9004 -1.3182, 0.0212 -2.9009 0.3701, 0.0314 -2.897 0.3701, 0.0415 -2.8931 0.3701, 0.0504 -2.8868 0.3701, 0.0593 -2.8805 0.3701, 0.0663 -2.8722 0.3701, 0.0734 -2.864 0.3701, 0.0783 -2.8543 0.3701, 0.0831 -2.8445 0.3701, -0.079 -2.8543 0.3701, -0.0742 -2.864 0.3701, -0.0671 -2.8722 0.3701, -0.0511 -2.8868 0.3701, -0.06 -2.8805 0.3701, 0.2949 -2.8445 0.3701, 0.2949 -2.3819 0.5669, 0.2949 -2.3819 0.626, 0.2949 -2.6477 0.5669, 0.2949 -2.6477 0.626, 0.2949 -2.6915 0.562, 0.2949 -2.7046 0.6196, 0.2949 -2.7331 0.5474, 0.2949 -2.7587 0.6006, 0.2949 -2.7704 0.524, 0.2949 -2.8072 0.5702, 0.2949 -2.8016 0.4928, 0.2949 -2.8477 0.5296, 0.2949 -2.825 0.4555, 0.2949 -2.8782 0.4811, 0.2949 -2.8396 0.4139, 0.2949 -2.8972 0.427, 0.2949 -2.9036 0.3701, 0.1177 -2.9036 0.3701, 0.0714 -2.9433 0.3701, 0.0942 -2.9283 0.3701, 0.1013 -2.9209 0.3701, -0.0004 -2.9626 0.3701, 0.0335 -2.9587 0.3701, 0.0367 -2.9575 0.3701, 0.0657 -2.947 0.3701, -0.0107 -2.9622 -1.3216, -0.0176 -2.9616 -1.3203, -0.0228 -2.9608 -1.318, -0.0062 -2.9625 -1.3225, -0.0375 -2.9575 0.3701, -0.0376 -2.9577 -1.309, -0.0343 -2.9587 0.3701, -0.0339 -2.9587 -1.3119, -0.03 -2.9596 -1.3149, -0.0664 -2.947 0.3701, -0.0721 -2.9433 0.3701, -0.095 -2.9283 0.3701, -0.102 -2.9209 0.3701, -2.4245 0.561 -1.1773, -2.3609 0.2756 -1.3293, -2.5608 0.561 -0.8516, -2.3457 0.1806 -1.3656, -2.3405 0.0787 -1.378, -2.4245 -0.4036 -1.1773, -2.5608 -0.4036 -0.8516, -2.3609 -0.1181 -1.3293, -2.3457 -0.0232 -1.3656, -2.2792 0.561 -1.1165, -2.2156 0.2756 -1.2685, -2.2156 -0.1181 -1.2685, -2.2004 -0.0232 -1.3048, -2.1953 0.0787 -1.3172, -2.2004 0.1806 -1.3048, -2.2792 -0.4036 -1.1165, -2.3035 0.561 0.5512, -2.146 0.561 0.5512, -2.3035 0.561 -0.3543, -2.146 0.561 -0.3543, -2.3062 0.561 -0.3747, -2.4155 0.561 -0.7908, -2.4206 0.561 -0.7729, -2.5761 0.561 -0.798, -2.4214 0.561 -0.7544, -2.5784 0.561 -0.7424, -2.4178 0.561 -0.7362, -2.5677 0.561 -0.6877, -2.4101 0.561 -0.7193, -2.5444 0.561 -0.6371, -2.3986 0.561 -0.7047, -2.5099 0.561 -0.5933, -2.2152 0.561 -0.5214, -2.3266 0.561 -0.41, -2.1859 0.561 -0.4856, -2.3141 0.561 -0.3937, -2.164 0.561 -0.4447, -2.1506 0.561 -0.4004, -2.146 -0.4036 0.5512, -2.3035 -0.4036 0.5512, -2.146 -0.4036 -0.3543, -2.3035 -0.4036 -0.3543, -2.1506 -0.4036 -0.4004, -2.3062 -0.4036 -0.3747, -2.164 -0.4036 -0.4447, -2.3141 -0.4036 -0.3937, -2.4155 -0.4036 -0.7908, -2.5761 -0.4036 -0.798, -2.4206 -0.4036 -0.7729, -2.5784 -0.4036 -0.7424, -2.4214 -0.4036 -0.7544, -2.5677 -0.4036 -0.6877, -2.4178 -0.4036 -0.7362, -2.5444 -0.4036 -0.6371, -2.4101 -0.4036 -0.7193, -2.5099 -0.4036 -0.5933, -2.3986 -0.4036 -0.7047, -2.3266 -0.4036 -0.41, -2.2152 -0.4036 -0.5214, -2.1859 -0.4036 -0.4856, 2.3601 0.2756 -1.3293, 2.4238 0.561 -1.1773, 2.5601 0.561 -0.8516, 2.5601 -0.4036 -0.8516, 2.4238 -0.4036 -1.1773, 2.3601 -0.1181 -1.3293, 2.345 0.1806 -1.3656, 2.345 -0.0232 -1.3656, 2.3398 0.0787 -1.378, 2.2149 0.2756 -1.2685, 2.2785 0.561 -1.1165, 2.3028 -0.4036 0.5512, 2.1453 -0.4036 0.5512, 2.3028 -0.4036 -0.3543, 2.1453 -0.4036 -0.3543, 2.3043 -0.4036 -0.3697, 2.1498 -0.4036 -0.4004, 2.3088 -0.4036 -0.3845, 2.1633 -0.4036 -0.4447, 2.316 -0.4036 -0.3981, 2.1851 -0.4036 -0.4856, 2.3258 -0.4036 -0.41, 2.2145 -0.4036 -0.5214, 2.5092 -0.4036 -0.5933, 2.3978 -0.4036 -0.7047, 2.5386 -0.4036 -0.6291, 2.4076 -0.4036 -0.7166, 2.5604 -0.4036 -0.67, 2.4149 -0.4036 -0.7302, 2.5738 -0.4036 -0.7143, 2.4194 -0.4036 -0.745, 2.5784 -0.4036 -0.7604, 2.4209 -0.4036 -0.7604, 2.5737 -0.4036 -0.8069, 2.4193 -0.4036 -0.7759, 2.4148 -0.4036 -0.7908, 2.2785 -0.4036 -1.1165, 2.2149 -0.1181 -1.2685, 2.1997 0.1806 -1.3048, 2.1945 0.0787 -1.3172, 2.4148 0.561 -0.7908, 2.5737 0.561 -0.8069, 2.4193 0.561 -0.7759, 2.5784 0.561 -0.7604, 2.4209 0.561 -0.7604, 2.5738 0.561 -0.7143, 2.4194 0.561 -0.745, 2.5604 0.561 -0.67, 2.4149 0.561 -0.7302, 2.5386 0.561 -0.6291, 2.4076 0.561 -0.7166, 2.5092 0.561 -0.5933, 2.3978 0.561 -0.7047, 2.3258 0.561 -0.41, 2.2145 0.561 -0.5214, 2.316 0.561 -0.3981, 2.1851 0.561 -0.4856, 2.3088 0.561 -0.3845, 2.1633 0.561 -0.4447, 2.3043 0.561 -0.3697, 2.1498 0.561 -0.4004, 2.3028 0.561 -0.3543, 2.1453 0.561 -0.3543, 2.3028 0.561 0.5512, 2.1453 0.561 0.5512, -0.6894 -2.9036 0.1647, -0.8075 -2.9036 0.1647, -0.6894 -2.8445 0.1647, -0.8075 -2.8445 0.1647, -0.8075 -2.8445 -1.1701, -0.8075 -2.9036 -1.1701, -0.9011 -2.8445 -1.2638, -0.8665 -2.9036 -1.2292, -0.9057 -2.8544 -1.2683, -0.9429 -2.9566 -1.3055, -0.9429 -2.8931 -1.3055, -0.9253 -2.9502 -1.2879, -0.9346 -2.8881 -1.2973, -0.9132 -2.9428 -1.2758, -0.9336 -2.8872 -1.2962, -0.8923 -2.9302 -1.2549, -0.9189 -2.8744 -1.2816, -0.8831 -2.9208 -1.2458, -0.9176 -2.8726 -1.2802, -0.908 -2.8594 -1.2707, -0.9846 -2.9626 -1.3228, -0.9846 -2.9036 -1.3228, -0.977 -2.9624 -1.3223, -0.9787 -2.9034 -1.3226, -0.9743 -2.9621 -1.3217, -0.9743 -2.9028 -1.3217, -0.9647 -2.9611 -1.3194, -0.9738 -2.9027 -1.3216, -0.9621 -2.9607 -1.3181, -0.9674 -2.9019 -1.3204, -0.9621 -2.9004 -1.3181, -0.9536 -2.9592 -1.314, -0.9552 -2.8986 -1.3151, -0.951 -2.9586 -1.312, -0.9527 -2.8975 -1.3132, -0.9511 -2.8967 -1.3119, -0.9474 -2.9577 -1.3091, -1.1618 -2.9036 -1.1701, -1.1618 -2.9036 0.1647, -1.1618 -2.8445 -1.1701, -1.1618 -2.8445 0.1647, -1.2799 -2.9036 0.1647, -1.2799 -2.8445 0.1647, -1.1027 -2.9036 -1.2292, -1.0264 -2.8931 -1.3055, -1.0264 -2.9566 -1.3055, -1.0352 -2.8866 -1.2967, -1.056 -2.9424 -1.2759, -1.0473 -2.8776 -1.2846, -1.0688 -2.9363 -1.2631, -1.0515 -2.8724 -1.2805, -1.0861 -2.9207 -1.2458, -1.0598 -2.8619 -1.2722, -1.0966 -2.9112 -1.2353, -1.0634 -2.8543 -1.2685, -1.0681 -2.8445 -1.2638, -1.2799 -2.8445 0.3701, -1.2799 -2.9036 0.3701, -1.2799 -2.8396 0.4139, -1.2799 -2.8972 0.427, -1.2799 -2.825 0.4555, -1.2799 -2.8782 0.4811, -1.2799 -2.8016 0.4928, -1.2799 -2.8477 0.5296, -1.2799 -2.7704 0.524, -1.2799 -2.8072 0.5702, -1.2799 -2.7331 0.5474, -1.2799 -2.7587 0.6006, -1.2799 -2.6915 0.562, -1.2799 -2.7046 0.6196, -1.2799 -2.6477 0.5669, -1.2799 -2.6477 0.626, -1.2799 -2.5492 0.5669, -1.2799 -2.5492 0.626, -0.1185 -2.8961 0.4269, -0.1185 -2.8949 0.4363, -0.1185 -2.8766 0.4804, -0.1185 -2.8693 0.498, -0.1185 -2.846 0.5283, -0.1185 -2.8286 0.551, -0.1185 -2.8059 0.5685, -0.1185 -2.7756 0.5917, -0.1185 -2.758 0.599, -0.1185 -2.7139 0.6173, -0.1185 -2.7045 0.6185, -0.1185 -2.6477 0.626, -0.0839 -2.6477 0.5669, -0.0839 -2.6915 0.562, -0.0839 -2.7331 0.5474, -0.0839 -2.7704 0.524, -0.0839 -2.8016 0.4928, -0.0839 -2.825 0.4555, -0.0839 -2.8396 0.4139, 0.0593 -2.8574 0.4711, 0.0593 -2.8747 0.4219, 0.0415 -2.8869 0.4247, 0.0734 -2.8586 0.4182, 0.0734 -2.6958 0.581, 0.0734 -2.6477 0.5864, 0.0831 -2.6477 0.5669, 0.0831 -2.8396 0.4139, 0.0831 -2.825 0.4555, 0.0734 -2.8426 0.4639, 0.0831 -2.8016 0.4928, 0.0734 -2.8168 0.505, 0.0831 -2.7704 0.524, 0.0415 -2.7023 0.6093, 0.0415 -2.6477 0.6155, 0.0593 -2.6477 0.6029, 0.0212 -2.704 0.617, 0.0212 -2.6477 0.6233, 0.0831 -2.6915 0.562, 0.0831 -2.7331 0.5474, 0.0734 -2.7415 0.565, 0.0734 -2.7825 0.5392, 0.0593 -2.7928 0.5521, 0.0593 -2.8297 0.5152, 0.0415 -2.8395 0.5231, 0.0415 -2.8688 0.4765, 0.0212 -2.8758 0.48, 0.0212 -2.8946 0.4264, -0.0004 -2.8972 0.427, -0.0004 -2.7046 0.6196, -0.0004 -2.6477 0.626, -0.022 -2.6477 0.6233, -0.022 -2.704 0.617, -0.022 -2.7575 0.5982, 0.0593 -2.6995 0.5971, 0.0593 -2.7487 0.5798, 0.0415 -2.7541 0.5912, 0.0415 -2.8007 0.5619, 0.0212 -2.8056 0.5681, 0.0212 -2.8457 0.528, -0.0004 -2.8477 0.5296, -0.0004 -2.8782 0.4811, -0.022 -2.8758 0.48, -0.022 -2.8946 0.4264, -0.0422 -2.8869 0.4247, -0.0422 -2.6477 0.6155, -0.0422 -2.7023 0.6093, -0.0422 -2.7541 0.5912, -0.0422 -2.8007 0.5619, -0.06 -2.6477 0.6029, -0.06 -2.6995 0.5971, -0.06 -2.7487 0.5798, -0.06 -2.7928 0.5521, -0.06 -2.8297 0.5152, 0.0212 -2.7575 0.5982, -0.0004 -2.7587 0.6006, -0.0004 -2.8072 0.5702, -0.022 -2.8056 0.5681, -0.022 -2.8457 0.528, -0.0422 -2.8395 0.5231, -0.0422 -2.8688 0.4765, -0.06 -2.8574 0.4711, -0.06 -2.8747 0.4219, -0.0742 -2.8586 0.4182, -0.0742 -2.6477 0.5864, -0.0742 -2.6958 0.581, -0.0742 -2.7415 0.565, -0.0742 -2.7825 0.5392, -0.0742 -2.8168 0.505, -0.0742 -2.8426 0.4639, 0.1177 -2.8961 0.4269, 0.1177 -2.8949 0.4363, 0.1177 -2.8766 0.4804, 0.1177 -2.8693 0.498, 0.1177 -2.846 0.5283, 0.1177 -2.8286 0.551, 0.1177 -2.8059 0.5685, 0.1177 -2.7756 0.5917, 0.1177 -2.758 0.599, 0.1177 -2.7139 0.6173, 0.1177 -2.7045 0.6185, 0.1177 -2.6477 0.626, 0.0942 -2.8907 0.5104, 0.0942 -2.8461 0.5685, 0.0942 -2.788 0.6132, 0.0942 -2.7203 0.6412, 0.0942 -2.6477 0.6508, -0.095 -2.8907 0.5104, -0.095 -2.8461 0.5685, -0.095 -2.788 0.6132, -0.095 -2.9188 0.4427, -0.0664 -2.9368 0.4476, -0.0664 -2.9069 0.5198, -0.0343 -2.917 0.5256, -0.0343 -2.9481 0.4506, -0.0004 -2.9204 0.5276, -0.0004 -2.9519 0.4516, 0.0335 -2.917 0.5256, 0.0335 -2.9481 0.4506, 0.0657 -2.9069 0.5198, -0.0664 -2.8594 0.5818, -0.0343 -2.8676 0.59, -0.0004 -2.8704 0.5928, 0.0335 -2.8676 0.59, 0.0657 -2.8594 0.5818, 0.0657 -2.9368 0.4476, 0.0942 -2.9188 0.4427, 0.0657 -2.7252 0.6593, 0.0657 -2.6477 0.6695, 0.0335 -2.7282 0.6705, 0.0335 -2.6477 0.6811, -0.0004 -2.7292 0.6743, -0.0004 -2.6477 0.685, -0.0343 -2.7282 0.6705, -0.0343 -2.6477 0.6811, -0.0664 -2.7252 0.6593, -0.0664 -2.6477 0.6695, -0.095 -2.7203 0.6412, -0.095 -2.6477 0.6508, 0.0657 -2.7974 0.6293, 0.0335 -2.8032 0.6394, -0.0004 -2.8052 0.6428, -0.0343 -2.8032 0.6394, -0.0664 -2.7974 0.6293, 0.8067 -2.9036 0.1647, 0.6886 -2.9036 0.1647, 0.8067 -2.8445 0.1647, 0.6886 -2.8445 0.1647, 0.8067 -2.9036 -1.1701, 0.8067 -2.8445 -1.1701, 1.2792 -2.5492 0.5669, 1.2792 -2.5492 0.626, 1.2792 -2.6477 0.5669, 1.2792 -2.6477 0.626, 1.2792 -2.6915 0.562, 1.2792 -2.7046 0.6196, 1.2792 -2.7331 0.5474, 1.2792 -2.7587 0.6006, 1.2792 -2.7704 0.524, 1.2792 -2.8072 0.5702, 1.2792 -2.8016 0.4928, 1.2792 -2.8477 0.5296, 1.2792 -2.825 0.4555, 1.2792 -2.8782 0.4811, 1.2792 -2.8396 0.4139, 1.2792 -2.8972 0.427, 1.2792 -2.8445 0.3701, 1.2792 -2.9036 0.3701, 1.2792 -2.8445 0.1647, 1.2792 -2.9036 0.1647, 1.161 -2.9036 0.1647, 1.161 -2.8445 0.1647, 1.161 -2.8445 -1.1701, 1.161 -2.9036 -1.1701, 1.0674 -2.8445 -1.2638, 1.102 -2.9036 -1.2292, 1.0627 -2.8543 -1.2685, 1.0958 -2.9112 -1.2353, 1.0256 -2.9566 -1.3055, 1.0256 -2.8931 -1.3055, 1.0552 -2.9424 -1.2759, 1.0345 -2.8866 -1.2967, 1.0681 -2.9363 -1.2631, 1.0465 -2.8776 -1.2846, 1.0854 -2.9207 -1.2458, 1.0507 -2.8724 -1.2805, 1.059 -2.8619 -1.2722, 0.9839 -2.9036 -1.3228, 0.9942 -2.9028 -1.3218, 0.9839 -2.9626 -1.3228, 0.9943 -2.9622 -1.3218, 0.9954 -2.9622 -1.3217, 0.9947 -2.9027 -1.3217, 1.0064 -2.9608 -1.3181, 0.9957 -2.9027 -1.3216, 1.0064 -2.9003 -1.3181, 1.0087 -2.9605 -1.3174, 1.0085 -2.8999 -1.3175, 1.0175 -2.9587 -1.312, 1.0211 -2.9578 -1.3096, 1.0175 -2.8967 -1.3119, 1.0208 -2.8955 -1.3099, 1.0157 -2.8973 -1.313, 1.0205 -2.958 -1.3101, 0.8658 -2.9036 -1.2292, 0.9004 -2.8445 -1.2638, 0.9049 -2.8544 -1.2683, 0.9073 -2.8594 -1.2707, 0.8824 -2.9208 -1.2458, 0.9168 -2.8726 -1.2802, 0.8915 -2.9302 -1.2549, 0.9182 -2.8744 -1.2816, 0.9328 -2.8872 -1.2962, 0.9124 -2.9428 -1.2758, 0.9338 -2.8881 -1.2973, 0.9245 -2.9502 -1.2879, 0.9421 -2.8931 -1.3055, 0.9421 -2.9566 -1.3055, 2.1997 -0.0232 -1.3048, -1.2799 2.8641 0.1647, -1.1618 2.8641 0.1647, -1.2799 2.8051 0.1647, -1.1618 2.8051 0.1647, -1.1618 2.8051 -1.1701, -1.1618 2.8641 -1.1701, -0.9621 2.9212 -1.3181, -0.9619 2.8612 -1.3184, -0.9621 2.8612 -1.3185, -0.9702 2.8628 -1.3209, -0.973 2.8634 -1.3218, -0.972 2.9225 -1.3215, -0.9742 2.8635 -1.3219, -0.9743 2.9227 -1.3217, -0.9846 2.8641 -1.3228, -0.9846 2.9232 -1.3228, -0.951 2.9192 -1.312, -0.9511 2.8575 -1.3125, -0.9541 2.9198 -1.3139, -0.9592 2.9208 -1.3171, -0.9429 2.9172 -1.3055, -0.9429 2.8537 -1.3055, -0.9481 2.9186 -1.3102, -0.9508 2.8574 -1.3122, -0.951 2.8575 -1.3124, -1.0681 2.8051 -1.2638, -1.1027 2.8641 -1.2292, -1.0621 2.8183 -1.2699, -1.0264 2.9172 -1.3055, -1.0264 2.8537 -1.3055, -1.044 2.9107 -1.2879, -1.0347 2.8487 -1.2973, -1.0503 2.9069 -1.2817, -1.0357 2.8478 -1.2962, -1.077 2.8907 -1.2549, -1.0503 2.835 -1.2816, -1.0814 2.8862 -1.2506, -1.0506 2.8346 -1.2813, -1.0612 2.82 -1.2707, -0.8075 2.8641 0.1647, -0.8075 2.8051 0.1647, -0.8075 2.8641 -1.1701, -0.8075 2.8051 -1.1701, -0.6894 2.8641 0.1647, -0.6894 2.8051 0.1647, -0.8665 2.8641 -1.2292, -0.934 2.8471 -1.2967, -0.9194 2.9059 -1.2821, -0.922 2.8382 -1.2846, -0.9004 2.8968 -1.2631, -0.9189 2.8343 -1.2816, -0.8882 2.8858 -1.2509, -0.9095 2.8225 -1.2722, -0.8727 2.8718 -1.2353, -0.9074 2.8182 -1.2701, -0.9011 2.8051 -1.2638, 0.6886 2.8641 0.1647, 0.8067 2.8641 0.1647, 0.6886 2.8051 0.1647, 0.8067 2.8051 0.1647, 0.8067 2.8051 -1.1701, 0.8067 2.8641 -1.1701, 0.9004 2.8051 -1.2638, 0.8658 2.8641 -1.2292, 0.9067 2.8182 -1.2701, 0.8719 2.8718 -1.2353, 0.9421 2.9172 -1.3055, 0.9421 2.8537 -1.3055, 0.9187 2.9059 -1.2821, 0.9333 2.8471 -1.2967, 0.8997 2.8968 -1.2631, 0.9212 2.8382 -1.2846, 0.8875 2.8858 -1.2509, 0.9182 2.8343 -1.2816, 0.9087 2.8225 -1.2722, 1.0064 2.8609 -1.3182, 1.0044 2.8615 -1.3192, 1.0063 2.9213 -1.318, 0.9983 2.8626 -1.3207, 1.0011 2.9222 -1.3203, 0.9942 2.8633 -1.3217, 0.9942 2.9227 -1.3216, 0.9918 2.8637 -1.3223, 0.9897 2.9231 -1.3225, 0.9839 2.8641 -1.3228, 0.9839 2.9232 -1.3228, 1.0135 2.9202 -1.3149, 1.0144 2.92 -1.3141, 1.0153 2.8583 -1.3138, 1.0174 2.9192 -1.3119, 1.0174 2.8573 -1.3121, 1.0175 2.8573 -1.312, 1.0256 2.9172 -1.3055, 1.0256 2.8537 -1.3055, 1.161 2.8641 -1.1701, 1.161 2.8641 0.1647, 1.161 2.8051 -1.1701, 1.161 2.8051 0.1647, 1.2792 2.8641 0.1647, 1.2792 2.8051 0.1647, 1.102 2.8641 -1.2292, 1.0674 2.8051 -1.2638, 1.0613 2.8183 -1.2699, 1.0605 2.82 -1.2707, 1.0499 2.8346 -1.2813, 1.0806 2.8862 -1.2506, 1.0496 2.835 -1.2816, 1.0762 2.8907 -1.2549, 1.0349 2.8478 -1.2962, 1.0495 2.9069 -1.2817, 1.0339 2.8487 -1.2973, 1.0432 2.9107 -1.2879
            ]
        }
        coordIndex [
            0,1,2,-1,3,4,5,-1,5,4,6,-1,5,6,7,-1,7,6,0,-1,8,9,10,-1,11,12,7,-1,7,12,13,-1,7,13,14,-1,2,15,0,-1,0,15,8,-1,0,8,7,-1,7,8,10,-1,7,10,11,-1,16,17,18,-1,19,7,20,-1,20,7,14,-1,20,14,21,-1,21,14,22,-1,18,23,16,-1,16,23,24,-1,16,24,14,-1,14,24,25,-1,14,25,22,-1,26,27,28,-1,28,29,26,-1,26,29,30,-1,26,30,31,-1,32,33,34,-1,34,33,35,-1,36,37,38,-1,38,37,39,-1,38,39,35,-1,40,36,30,-1,30,36,38,-1,30,38,31,-1,31,38,41,-1,31,41,42,-1,42,41,43,-1,44,38,45,-1,45,38,35,-1,45,35,46,-1,46,35,33,-1,47,48,49,-1,49,48,50,-1,49,50,34,-1,34,50,51,-1,34,51,32,-1,52,53,54,-1,54,53,55,-1,56,52,57,-1,57,52,54,-1,58,59,60,-1,60,59,61,-1,62,61,63,-1,63,61,59,-1,62,63,64,-1,64,63,65,-1,64,65,66,-1,66,65,67,-1,66,67,68,-1,68,67,69,-1,68,69,70,-1,70,69,71,-1,70,71,72,-1,72,71,73,-1,72,73,74,-1,74,73,75,-1,74,75,76,-1,77,78,79,-1,79,78,80,-1,80,78,81,-1,81,78,82,-1,81,82,83,-1,82,84,83,-1,83,84,85,-1,83,85,86,-1,86,85,87,-1,86,87,88,-1,89,90,75,-1,75,90,91,-1,75,91,76,-1,87,92,88,-1,88,92,90,-1,88,90,93,-1,93,90,89,-1,56,57,94,-1,94,57,95,-1,95,96,94,-1,94,96,97,-1,94,97,98,-1,98,97,99,-1,98,99,100,-1,99,101,100,-1,100,101,102,-1,100,102,103,-1,103,102,104,-1,103,104,105,-1,105,104,106,-1,105,106,107,-1,56,94,52,-1,52,94,108,-1,52,108,53,-1,53,108,109,-1,55,53,110,-1,110,53,109,-1,110,109,111,-1,111,109,112,-1,111,112,113,-1,113,112,114,-1,113,114,115,-1,115,114,116,-1,115,116,117,-1,117,116,118,-1,117,118,119,-1,119,118,120,-1,119,120,121,-1,121,120,122,-1,121,122,123,-1,123,122,124,-1,123,124,125,-1,125,124,126,-1,55,110,54,-1,54,110,127,-1,54,127,57,-1,57,127,95,-1,128,106,129,-1,129,106,104,-1,129,104,130,-1,131,132,129,-1,129,132,133,-1,129,133,128,-1,77,134,78,-1,78,134,82,-1,77,135,134,-1,134,135,136,-1,134,136,137,-1,137,136,138,-1,137,138,139,-1,139,138,140,-1,139,140,131,-1,131,140,141,-1,131,141,132,-1,82,134,84,-1,84,134,142,-1,84,142,85,-1,91,90,143,-1,143,90,92,-1,143,92,142,-1,142,92,87,-1,142,87,85,-1,91,143,76,-1,76,143,144,-1,76,144,74,-1,74,144,145,-1,74,145,72,-1,72,145,146,-1,72,146,70,-1,70,146,147,-1,70,147,68,-1,68,147,148,-1,68,148,66,-1,148,149,66,-1,66,149,150,-1,66,150,64,-1,96,95,127,-1,127,151,96,-1,96,151,152,-1,96,152,97,-1,97,152,153,-1,97,153,99,-1,130,104,154,-1,154,104,102,-1,154,102,101,-1,99,153,101,-1,101,153,155,-1,101,155,154,-1,62,64,61,-1,61,64,150,-1,61,150,60,-1,60,150,156,-1,157,158,159,-1,159,158,160,-1,159,160,161,-1,161,160,162,-1,161,162,163,-1,163,162,164,-1,163,164,165,-1,165,164,166,-1,165,166,167,-1,167,166,168,-1,167,168,169,-1,169,168,170,-1,169,170,171,-1,171,170,172,-1,171,172,156,-1,156,172,173,-1,156,173,60,-1,60,173,58,-1,65,63,59,-1,58,173,59,-1,59,173,174,-1,59,174,65,-1,175,71,176,-1,176,71,69,-1,176,69,177,-1,177,69,67,-1,177,67,174,-1,174,67,65,-1,83,178,81,-1,81,178,80,-1,83,86,178,-1,178,86,88,-1,178,88,179,-1,179,88,93,-1,179,93,180,-1,180,93,89,-1,180,89,181,-1,181,89,75,-1,181,75,175,-1,175,75,73,-1,175,73,71,-1,182,178,183,-1,183,178,184,-1,182,185,178,-1,178,185,79,-1,178,79,80,-1,103,105,186,-1,105,107,186,-1,186,107,187,-1,186,187,188,-1,188,187,189,-1,188,189,178,-1,178,189,190,-1,178,190,184,-1,186,191,103,-1,103,191,192,-1,103,192,100,-1,100,192,193,-1,100,193,98,-1,193,194,98,-1,98,194,108,-1,98,108,94,-1,195,196,197,-1,197,196,198,-1,197,198,199,-1,200,201,202,-1,202,201,197,-1,202,197,203,-1,203,197,199,-1,204,205,195,-1,195,205,196,-1,206,202,203,-1,206,203,207,-1,207,203,199,-1,207,199,208,-1,208,199,198,-1,208,198,209,-1,209,198,196,-1,209,196,205,-1,206,210,202,-1,202,210,200,-1,211,212,213,-1,213,212,214,-1,213,214,215,-1,204,195,216,-1,216,195,197,-1,216,197,217,-1,217,197,218,-1,217,218,219,-1,219,218,220,-1,219,220,221,-1,221,220,222,-1,221,222,223,-1,223,222,224,-1,223,224,225,-1,225,224,226,-1,225,226,227,-1,227,226,228,-1,227,228,229,-1,229,228,230,-1,229,230,231,-1,231,230,215,-1,231,215,232,-1,232,215,214,-1,233,234,235,-1,235,234,236,-1,235,236,237,-1,237,236,238,-1,237,238,239,-1,239,238,240,-1,200,210,201,-1,201,210,241,-1,201,241,242,-1,242,241,243,-1,242,243,244,-1,244,243,245,-1,244,245,246,-1,246,245,247,-1,246,247,248,-1,248,247,249,-1,248,249,250,-1,250,249,251,-1,250,251,252,-1,252,251,253,-1,252,253,240,-1,240,253,254,-1,240,254,239,-1,255,256,257,-1,258,259,257,-1,257,259,260,-1,255,257,261,-1,260,262,257,-1,257,262,263,-1,257,263,261,-1,264,265,255,-1,255,265,256,-1,266,267,268,-1,268,267,269,-1,268,269,270,-1,270,269,271,-1,270,271,272,-1,272,271,273,-1,272,273,274,-1,274,273,275,-1,274,275,276,-1,276,275,277,-1,276,277,278,-1,278,277,279,-1,278,279,280,-1,280,279,281,-1,280,281,282,-1,282,281,283,-1,282,283,284,-1,284,283,285,-1,284,285,286,-1,286,285,287,-1,286,287,288,-1,288,287,289,-1,288,289,258,-1,258,289,290,-1,258,290,259,-1,259,290,291,-1,291,292,259,-1,259,292,260,-1,264,255,261,-1,264,261,293,-1,293,261,263,-1,293,263,294,-1,256,265,257,-1,257,265,295,-1,257,295,296,-1,296,295,297,-1,296,297,298,-1,298,297,299,-1,298,299,300,-1,300,299,301,-1,300,301,302,-1,302,301,303,-1,302,303,304,-1,304,303,305,-1,304,305,306,-1,306,305,307,-1,306,307,308,-1,308,307,309,-1,308,309,310,-1,310,309,311,-1,310,311,312,-1,312,311,313,-1,312,313,314,-1,314,313,315,-1,314,315,316,-1,316,315,317,-1,316,317,318,-1,318,317,319,-1,320,321,322,-1,322,321,323,-1,324,323,325,-1,325,323,321,-1,324,325,326,-1,326,325,327,-1,326,327,328,-1,329,330,331,-1,331,330,332,-1,331,332,333,-1,333,332,334,-1,333,334,335,-1,335,334,336,-1,335,336,337,-1,337,336,338,-1,337,338,327,-1,327,338,339,-1,327,339,328,-1,340,341,342,-1,342,341,343,-1,342,343,344,-1,344,343,345,-1,344,345,346,-1,346,345,347,-1,346,347,348,-1,347,349,348,-1,348,349,350,-1,348,350,351,-1,351,350,352,-1,351,352,353,-1,352,354,353,-1,353,354,355,-1,353,355,356,-1,356,355,330,-1,356,330,329,-1,357,358,359,-1,359,358,360,-1,358,361,360,-1,360,361,362,-1,363,357,359,-1,364,365,366,-1,366,365,367,-1,366,367,368,-1,368,367,369,-1,368,369,370,-1,370,369,371,-1,370,371,372,-1,372,371,373,-1,372,373,374,-1,374,373,363,-1,374,363,375,-1,375,363,359,-1,362,361,376,-1,376,361,377,-1,376,377,378,-1,378,377,379,-1,378,379,380,-1,380,379,381,-1,380,381,382,-1,382,381,383,-1,382,383,384,-1,384,383,385,-1,384,385,386,-1,386,385,387,-1,386,387,388,-1,388,387,389,-1,388,389,390,-1,390,389,391,-1,390,391,392,-1,392,391,393,-1,109,108,394,-1,109,394,112,-1,112,394,395,-1,112,395,114,-1,395,396,114,-1,114,396,397,-1,114,397,116,-1,397,398,116,-1,116,398,399,-1,116,399,118,-1,399,400,118,-1,118,400,401,-1,118,401,120,-1,401,402,120,-1,120,402,403,-1,120,403,122,-1,403,404,122,-1,122,404,405,-1,122,405,124,-1,123,406,121,-1,121,406,407,-1,121,407,119,-1,119,407,408,-1,119,408,117,-1,117,408,409,-1,117,409,115,-1,115,409,410,-1,115,410,113,-1,113,410,411,-1,113,411,111,-1,111,411,412,-1,111,412,110,-1,110,412,127,-1,413,414,415,-1,149,148,416,-1,417,418,419,-1,150,149,420,-1,420,149,416,-1,420,416,421,-1,421,416,422,-1,421,422,423,-1,423,422,424,-1,423,424,425,-1,148,147,416,-1,416,147,414,-1,416,414,422,-1,422,414,413,-1,422,413,424,-1,426,427,428,-1,429,430,427,-1,431,432,433,-1,433,432,434,-1,433,434,435,-1,435,434,436,-1,435,436,437,-1,437,436,438,-1,437,438,439,-1,439,438,440,-1,439,440,441,-1,147,146,414,-1,414,146,145,-1,414,145,415,-1,415,145,144,-1,415,144,143,-1,432,425,434,-1,434,425,424,-1,434,424,436,-1,436,424,413,-1,436,413,438,-1,438,413,415,-1,438,415,440,-1,440,415,143,-1,442,443,430,-1,444,443,445,-1,445,443,442,-1,445,442,446,-1,418,417,447,-1,447,417,448,-1,447,448,449,-1,449,448,450,-1,449,450,451,-1,451,450,452,-1,451,452,453,-1,453,452,454,-1,453,454,455,-1,455,454,456,-1,455,456,457,-1,143,142,440,-1,440,142,134,-1,440,134,441,-1,441,134,137,-1,441,137,139,-1,419,431,417,-1,417,431,433,-1,417,433,448,-1,448,433,435,-1,448,435,450,-1,450,435,437,-1,450,437,452,-1,452,437,439,-1,452,439,454,-1,454,439,441,-1,454,441,456,-1,456,441,139,-1,458,444,459,-1,459,444,445,-1,459,445,460,-1,460,445,446,-1,460,446,461,-1,462,458,463,-1,463,458,459,-1,463,459,464,-1,464,459,460,-1,464,460,465,-1,465,460,461,-1,465,461,466,-1,427,426,429,-1,429,426,467,-1,429,467,468,-1,468,467,469,-1,468,469,470,-1,470,469,471,-1,470,471,472,-1,472,471,473,-1,472,473,474,-1,474,473,475,-1,474,475,476,-1,139,131,456,-1,456,131,129,-1,456,129,457,-1,457,129,130,-1,457,130,154,-1,154,475,457,-1,457,475,473,-1,457,473,455,-1,455,473,471,-1,455,471,453,-1,453,471,469,-1,453,469,451,-1,451,469,467,-1,451,467,449,-1,449,467,426,-1,449,426,447,-1,447,426,428,-1,447,428,418,-1,477,462,478,-1,478,462,463,-1,478,463,479,-1,479,463,464,-1,479,464,480,-1,480,464,465,-1,480,465,481,-1,481,465,466,-1,481,466,482,-1,406,477,407,-1,407,477,478,-1,407,478,408,-1,408,478,479,-1,408,479,409,-1,409,479,480,-1,409,480,410,-1,410,480,481,-1,410,481,411,-1,411,481,482,-1,411,482,412,-1,154,155,475,-1,475,155,153,-1,475,153,476,-1,476,153,152,-1,476,152,151,-1,430,429,442,-1,442,429,468,-1,442,468,446,-1,446,468,470,-1,446,470,461,-1,461,470,472,-1,461,472,466,-1,466,472,474,-1,466,474,482,-1,482,474,476,-1,482,476,412,-1,412,476,151,-1,412,151,127,-1,419,159,431,-1,431,159,161,-1,431,161,432,-1,432,161,163,-1,432,163,425,-1,425,163,165,-1,425,165,423,-1,423,165,167,-1,423,167,421,-1,421,167,169,-1,421,169,420,-1,420,169,171,-1,420,171,150,-1,150,171,156,-1,173,172,174,-1,174,172,483,-1,483,172,484,-1,484,172,170,-1,484,170,485,-1,485,170,486,-1,486,170,168,-1,486,168,487,-1,487,168,488,-1,488,168,166,-1,488,166,489,-1,489,166,490,-1,490,166,164,-1,490,164,491,-1,491,164,492,-1,492,164,162,-1,492,162,493,-1,493,162,160,-1,493,160,494,-1,485,486,495,-1,487,488,496,-1,489,490,497,-1,491,492,498,-1,493,494,499,-1,398,397,500,-1,400,399,501,-1,403,402,502,-1,400,501,401,-1,108,194,394,-1,394,194,503,-1,394,503,395,-1,395,503,396,-1,194,193,503,-1,503,193,192,-1,503,192,504,-1,397,396,500,-1,500,396,503,-1,500,503,505,-1,505,503,504,-1,505,504,506,-1,506,504,507,-1,506,507,508,-1,508,507,509,-1,508,509,510,-1,510,509,511,-1,510,511,512,-1,192,191,504,-1,504,191,186,-1,504,186,507,-1,507,186,188,-1,507,188,509,-1,509,188,178,-1,509,178,511,-1,511,178,179,-1,399,398,501,-1,501,398,500,-1,501,500,513,-1,513,500,505,-1,513,505,514,-1,514,505,506,-1,514,506,515,-1,515,506,508,-1,515,508,516,-1,516,508,510,-1,516,510,517,-1,517,510,512,-1,517,512,496,-1,518,519,495,-1,492,493,498,-1,498,493,499,-1,498,499,520,-1,520,499,521,-1,520,521,522,-1,522,521,523,-1,522,523,524,-1,524,523,525,-1,524,525,526,-1,526,525,527,-1,526,527,528,-1,528,527,529,-1,528,529,530,-1,530,529,531,-1,530,531,404,-1,404,531,405,-1,490,491,497,-1,497,491,498,-1,497,498,532,-1,532,498,520,-1,532,520,533,-1,533,520,522,-1,533,522,534,-1,534,522,524,-1,534,524,535,-1,535,524,526,-1,535,526,536,-1,536,526,528,-1,536,528,502,-1,502,528,530,-1,502,530,403,-1,403,530,404,-1,488,489,496,-1,496,489,497,-1,496,497,517,-1,517,497,532,-1,517,532,516,-1,516,532,533,-1,516,533,515,-1,515,533,534,-1,515,534,514,-1,514,534,535,-1,514,535,513,-1,513,535,536,-1,513,536,501,-1,501,536,502,-1,501,502,401,-1,401,502,402,-1,179,180,511,-1,511,180,518,-1,511,518,512,-1,512,518,495,-1,512,495,496,-1,496,495,486,-1,496,486,487,-1,180,181,518,-1,518,181,175,-1,518,175,519,-1,519,175,176,-1,519,176,177,-1,485,495,484,-1,484,495,519,-1,484,519,483,-1,483,519,177,-1,483,177,174,-1,537,538,539,-1,539,538,540,-1,541,537,542,-1,542,537,539,-1,543,544,545,-1,545,544,546,-1,545,546,547,-1,547,546,548,-1,547,548,549,-1,549,548,550,-1,549,550,551,-1,551,550,552,-1,551,552,553,-1,553,552,554,-1,553,554,555,-1,555,554,556,-1,555,556,557,-1,557,556,558,-1,557,558,559,-1,559,558,560,-1,559,560,561,-1,561,560,562,-1,562,563,561,-1,561,563,564,-1,565,564,566,-1,566,564,563,-1,565,566,567,-1,567,566,568,-1,567,568,569,-1,569,568,570,-1,571,572,573,-1,573,572,574,-1,573,574,575,-1,575,574,576,-1,575,576,577,-1,577,576,578,-1,577,578,570,-1,570,578,579,-1,570,579,569,-1,580,581,582,-1,582,581,583,-1,583,581,584,-1,584,581,585,-1,584,585,586,-1,585,587,586,-1,586,587,588,-1,586,588,589,-1,589,588,590,-1,589,590,591,-1,592,593,571,-1,571,593,594,-1,571,594,572,-1,590,595,591,-1,591,595,593,-1,591,593,596,-1,596,593,592,-1,541,542,597,-1,597,542,598,-1,598,599,597,-1,597,599,600,-1,597,600,601,-1,601,600,602,-1,601,602,603,-1,602,604,603,-1,603,604,605,-1,603,605,606,-1,606,605,607,-1,606,607,608,-1,608,607,609,-1,608,609,610,-1,250,226,224,-1,250,224,248,-1,248,224,222,-1,248,222,246,-1,246,222,220,-1,246,220,244,-1,244,220,218,-1,244,218,242,-1,242,218,197,-1,242,197,201,-1,205,204,216,-1,241,210,216,-1,216,210,206,-1,216,206,207,-1,207,208,216,-1,216,208,209,-1,216,209,205,-1,306,278,280,-1,306,280,304,-1,304,280,282,-1,304,282,302,-1,302,282,284,-1,302,284,300,-1,300,284,286,-1,300,286,298,-1,290,295,265,-1,265,264,290,-1,290,264,293,-1,290,293,294,-1,294,611,290,-1,290,611,292,-1,290,292,291,-1,612,613,614,-1,614,613,615,-1,616,615,617,-1,617,615,613,-1,618,619,620,-1,620,621,618,-1,618,621,622,-1,618,622,623,-1,623,622,624,-1,623,624,625,-1,625,624,626,-1,625,626,627,-1,628,629,630,-1,630,629,619,-1,630,619,631,-1,631,619,618,-1,632,633,634,-1,634,633,635,-1,634,635,628,-1,628,635,636,-1,628,636,629,-1,616,617,637,-1,637,617,638,-1,637,638,639,-1,640,641,642,-1,642,641,643,-1,642,643,644,-1,644,643,645,-1,644,645,646,-1,646,645,647,-1,646,647,648,-1,648,647,649,-1,648,649,638,-1,638,649,650,-1,638,650,639,-1,651,652,653,-1,653,652,654,-1,651,655,652,-1,652,655,656,-1,657,653,654,-1,633,632,658,-1,658,632,659,-1,658,659,660,-1,660,659,661,-1,660,661,662,-1,662,661,663,-1,662,663,664,-1,664,663,665,-1,664,665,666,-1,666,665,657,-1,666,657,667,-1,667,657,654,-1,668,669,670,-1,670,669,671,-1,671,669,672,-1,672,669,673,-1,672,673,674,-1,674,673,675,-1,674,675,676,-1,676,675,677,-1,678,679,680,-1,680,679,681,-1,680,681,682,-1,682,681,683,-1,682,683,684,-1,684,683,685,-1,684,685,677,-1,677,685,686,-1,677,686,676,-1,687,688,689,-1,689,688,690,-1,689,690,691,-1,691,690,692,-1,691,692,693,-1,693,692,694,-1,693,694,695,-1,695,694,696,-1,695,696,697,-1,689,698,687,-1,687,698,699,-1,687,699,700,-1,700,699,701,-1,700,701,702,-1,702,701,703,-1,703,701,704,-1,703,704,705,-1,706,707,708,-1,708,707,709,-1,707,710,709,-1,709,710,711,-1,706,708,712,-1,712,708,713,-1,712,713,714,-1,714,715,712,-1,712,715,716,-1,712,716,717,-1,717,716,718,-1,717,718,719,-1,719,718,720,-1,719,720,721,-1,721,720,722,-1,721,722,723,-1,723,722,705,-1,723,705,704,-1,
        ]
    }
}
Shape{
    appearance Appearance {
        material  Material 	{
            diffuseColor 0.25098039215686274 0.25098039215686274 0.25098039215686274
            specularColor 0.12549019607843137 0.12549019607843137 0.12549019607843137
            ambientIntensity 0.251
            transparency 0.0
            shininess 0.5
        }
    }
    geometry IndexedFaceSet {
        ccw TRUE
        solid FALSE
        coord DEF co Coordinate {
            point [
                0.7602 -0.1251 0.0354, -0.7878 0.0787 0.0354, 0.787 0.0787 0.0354, -0.7609 0.2825 0.0354, -0.6823 0.4724 0.0354, -0.2042 -0.6819 0.0354, -0.3941 -0.6032 0.0354, -0.5572 0.6355 0.0354, -0.3941 0.7606 0.0354, 0.7602 0.2825 0.0354, 0.6815 0.4724 0.0354, -0.5572 -0.4781 0.0354, -0.6823 -0.315 0.0354, -0.7609 -0.1251 0.0354, -0.0004 0.8661 0.0354, 0.2034 0.8393 0.0354, 0.3933 0.7606 0.0354, 0.6815 -0.315 0.0354, 0.5564 -0.4781 0.0354, 0.3933 -0.6032 0.0354, 0.2034 -0.6819 0.0354, -0.0004 -0.7087 0.0354, -0.2042 0.8393 0.0354, 0.5564 0.6355 0.0354
            ]
        }
        coordIndex [
            0,1,2,-1,2,1,3,-1,2,3,4,-1,5,6,1,-1,4,7,2,-1,2,7,8,-1,2,8,9,-1,9,8,10,-1,6,11,1,-1,1,11,12,-1,1,12,13,-1,14,15,16,-1,0,17,1,-1,1,17,18,-1,1,18,19,-1,19,20,1,-1,1,20,21,-1,1,21,5,-1,8,22,10,-1,10,22,14,-1,10,14,23,-1,23,14,16,-1,
        ]
    }
}
Shape{
    appearance Appearance {
        material  Material 	{
            diffuseColor 0.7529411764705882 0.7529411764705882 0.7529411764705882
            specularColor 0.3764705882352941 0.3764705882352941 0.3764705882352941
            ambientIntensity 0.7529
            transparency 0.0
            shininess 0.5
        }
    }
    geometry IndexedFaceSet {
        ccw TRUE
        solid FALSE
        coord DEF co Coordinate {
            point [
                -1.2799 -2.8445 0.1647, -1.2799 -2.8445 0.3701, -1.1618 -2.8445 0.1647, -1.0681 -2.8445 0.3701, -1.1618 -2.8445 -1.1701, -1.0681 -2.8445 -1.2638, -0.9429 -2.8931 -1.3055, -0.9529 -2.897 0.3701, -0.9346 -2.8881 -1.2973, -0.9428 -2.8931 0.3701, -0.9336 -2.8872 -1.2962, -0.9339 -2.8868 0.3701, -0.9189 -2.8744 -1.2816, -0.925 -2.8805 0.3701, -0.9176 -2.8726 -1.2802, -0.9179 -2.8722 0.3701, -0.908 -2.8594 -1.2707, -0.9108 -2.864 0.3701, -0.9057 -2.8544 -1.2683, -0.906 -2.8543 0.3701, -0.9011 -2.8445 0.3701, -0.9011 -2.8445 -1.2638, -1.0634 -2.8543 -1.2685, -1.0633 -2.8543 0.3701, -1.0584 -2.864 0.3701, -1.0598 -2.8619 -1.2722, -1.0513 -2.8722 0.3701, -1.0515 -2.8724 -1.2805, -1.0473 -2.8776 -1.2846, -1.0443 -2.8805 0.3701, -1.0354 -2.8868 0.3701, -1.0265 -2.8931 0.3701, -1.0264 -2.8931 -1.3055, -1.0352 -2.8866 -1.2967, -1.0072 -2.9007 -1.3185, -1.0073 -2.9006 -1.3184, -0.9954 -2.9022 0.3701, -1.0062 -2.9009 0.3701, -1.0166 -2.8975 -1.3133, -1.0164 -2.897 0.3701, -1.0182 -2.897 -1.3125, -1.0184 -2.8969 -1.3122, -0.9743 -2.9028 -1.3217, -0.9787 -2.9034 -1.3226, -0.9846 -2.9036 -1.3228, -0.9738 -2.9022 0.3701, -0.9738 -2.9027 -1.3216, -0.995 -2.9029 -1.3219, -0.9846 -2.9036 0.3701, -0.9955 -2.9029 -1.3218, -0.9963 -2.9028 -1.3218, -0.9511 -2.8967 -1.3119, -0.9527 -2.8975 -1.3132, -0.963 -2.9009 0.3701, -0.9552 -2.8986 -1.3151, -0.9621 -2.9004 -1.3181, -0.9674 -2.9019 -1.3204, -0.8075 -2.8445 -1.1701, -0.8075 -2.8445 0.1647, -0.6894 -2.8445 0.1647, -0.6894 -2.8445 0.3701, -0.6894 -2.2835 0.5669, -0.6894 -2.2835 0.626, -0.6894 -2.6477 0.5669, -0.6894 -2.6477 0.626, -0.6894 -2.6915 0.562, -0.6894 -2.7046 0.6196, -0.6894 -2.7331 0.5474, -0.6894 -2.7587 0.6006, -0.6894 -2.7704 0.524, -0.6894 -2.8072 0.5702, -0.6894 -2.8016 0.4928, -0.6894 -2.8477 0.5296, -0.6894 -2.825 0.4555, -0.6894 -2.8782 0.4811, -0.6894 -2.8396 0.4139, -0.6894 -2.8972 0.427, -0.6894 -2.9036 0.3701, -0.6894 -2.9036 0.1647, -0.8665 -2.9036 -1.2292, -0.8075 -2.9036 -1.1701, -0.8075 -2.9036 0.1647, -0.8665 -2.9036 0.3701, -1.1027 -2.9036 0.3701, -1.1027 -2.9036 -1.2292, -1.0863 -2.9209 0.3701, -1.0966 -2.9112 -1.2353, -1.0861 -2.9207 -1.2458, -0.9129 -2.9433 0.3701, -0.9132 -2.9428 -1.2758, -0.8923 -2.9302 -1.2549, -0.8831 -2.9208 -1.2458, -0.883 -2.9209 0.3701, -0.89 -2.9283 0.3701, -0.9253 -2.9502 -1.2879, -0.9475 -2.9575 0.3701, -0.9429 -2.9566 -1.3055, -0.9474 -2.9577 -1.3091, -0.9186 -2.947 0.3701, -0.9846 -2.9626 -1.3228, -0.977 -2.9624 -1.3223, -0.9846 -2.9626 0.3701, -0.9743 -2.9621 -1.3217, -0.9647 -2.9611 -1.3194, -0.9621 -2.9607 -1.3181, -0.9536 -2.9592 -1.314, -0.951 -2.9586 -1.312, -0.9507 -2.9587 0.3701, -1.0185 -2.9587 0.3701, -1.0182 -2.9586 -1.312, -1.0101 -2.9603 -1.3171, -1.0071 -2.9607 -1.3181, -0.9972 -2.962 -1.3215, -0.995 -2.9621 -1.3217, -1.0217 -2.9575 0.3701, -1.0507 -2.947 0.3701, -1.056 -2.9424 -1.2759, -1.0564 -2.9433 0.3701, -1.0688 -2.9363 -1.2631, -1.0264 -2.9566 -1.3055, -1.0219 -2.9578 -1.3096, -1.0211 -2.958 -1.3102, -1.0792 -2.9283 0.3701, -1.1618 -2.9036 -1.1701, -1.1618 -2.9036 0.1647, -1.2799 -2.9036 0.1647, -1.2799 -2.9036 0.3701, -0.2956 -2.3819 0.626, -0.2956 -2.6477 0.626, -0.1185 -2.3819 0.626, -0.1185 -2.6477 0.626, -0.0839 -2.3819 0.5669, -0.0839 -2.6477 0.5669, -0.2956 -2.3819 0.5669, -0.2956 -2.6477 0.5669, -0.0742 -2.6477 0.5864, -0.0742 -2.3819 0.5864, -0.06 -2.6477 0.6029, -0.06 -2.3819 0.6029, -0.0422 -2.6477 0.6155, -0.0422 -2.3819 0.6155, -0.022 -2.6477 0.6233, -0.022 -2.3819 0.6233, -0.0004 -2.6477 0.626, -0.0004 -2.3819 0.626, 0.2949 -2.3819 0.5669, 0.2949 -2.6477 0.5669, 0.0831 -2.3819 0.5669, 0.0831 -2.6477 0.5669, 0.1177 -2.3819 0.626, 0.1177 -2.6477 0.626, 0.2949 -2.3819 0.626, 0.2949 -2.6477 0.626, 0.0942 -2.3819 0.6508, 0.0942 -2.6477 0.6508, 0.0657 -2.3819 0.6695, 0.0657 -2.6477 0.6695, 0.0335 -2.3819 0.6811, 0.0335 -2.6477 0.6811, -0.0004 -2.3819 0.685, -0.0004 -2.6477 0.685, 0.8067 -2.9036 -1.1701, 0.8658 -2.9036 -1.2292, 0.8067 -2.9036 0.1647, 0.8658 -2.9036 0.3701, 0.6886 -2.9036 0.1647, 0.6886 -2.9036 0.3701, 0.6886 -2.8445 0.1647, 0.6886 -2.8445 0.3701, 0.6886 -2.8396 0.4139, 0.6886 -2.8972 0.427, 0.6886 -2.825 0.4555, 0.6886 -2.8782 0.4811, 0.6886 -2.8016 0.4928, 0.6886 -2.8477 0.5296, 0.6886 -2.7704 0.524, 0.6886 -2.8072 0.5702, 0.6886 -2.7331 0.5474, 0.6886 -2.7587 0.6006, 0.6886 -2.6915 0.562, 0.6886 -2.7046 0.6196, 0.6886 -2.6477 0.5669, 0.6886 -2.6477 0.626, 0.6886 -2.2835 0.5669, 0.6886 -2.2835 0.626, 0.8067 -2.8445 0.1647, 0.9004 -2.8445 0.3701, 0.8067 -2.8445 -1.1701, 0.9004 -2.8445 -1.2638, 0.942 -2.8931 0.3701, 0.9521 -2.897 0.3701, 0.9338 -2.8881 -1.2973, 0.952 -2.8975 -1.3134, 0.9503 -2.8967 -1.312, 0.9421 -2.8931 -1.3055, 0.9525 -2.8977 -1.3138, 0.9623 -2.9009 0.3701, 0.9614 -2.9004 -1.3182, 0.9634 -2.901 -1.3192, 0.9731 -2.9022 0.3701, 0.9731 -2.9026 -1.3216, 0.9839 -2.9036 -1.3228, 0.9759 -2.9031 -1.3223, 0.9735 -2.9027 -1.3217, 0.9942 -2.9028 -1.3218, 0.9839 -2.9036 0.3701, 0.9947 -2.9027 -1.3217, 0.9947 -2.9022 0.3701, 0.9957 -2.9027 -1.3216, 1.0055 -2.9009 0.3701, 1.0064 -2.9003 -1.3181, 1.0208 -2.8955 -1.3099, 1.0175 -2.8967 -1.3119, 1.0156 -2.897 0.3701, 1.0157 -2.8973 -1.313, 1.0085 -2.8999 -1.3175, 1.0256 -2.8931 -1.3055, 1.0258 -2.8931 0.3701, 1.0345 -2.8866 -1.2967, 1.0346 -2.8868 0.3701, 1.0465 -2.8776 -1.2846, 1.0435 -2.8805 0.3701, 1.0507 -2.8724 -1.2805, 1.0506 -2.8722 0.3701, 1.059 -2.8619 -1.2722, 1.0577 -2.864 0.3701, 1.0627 -2.8543 -1.2685, 1.0625 -2.8543 0.3701, 1.0674 -2.8445 0.3701, 1.0674 -2.8445 -1.2638, 0.9049 -2.8544 -1.2683, 0.9052 -2.8543 0.3701, 0.9101 -2.864 0.3701, 0.9073 -2.8594 -1.2707, 0.9172 -2.8722 0.3701, 0.9168 -2.8726 -1.2802, 0.9331 -2.8868 0.3701, 0.9328 -2.8872 -1.2962, 0.9182 -2.8744 -1.2816, 0.9242 -2.8805 0.3701, 1.161 -2.8445 -1.1701, 1.161 -2.8445 0.1647, 1.2792 -2.8445 0.1647, 1.2792 -2.8445 0.3701, 1.102 -2.9036 -1.2292, 1.161 -2.9036 -1.1701, 1.161 -2.9036 0.1647, 1.2792 -2.9036 0.1647, 1.2792 -2.9036 0.3701, 1.102 -2.9036 0.3701, 1.0556 -2.9433 0.3701, 1.0681 -2.9363 -1.2631, 1.0785 -2.9283 0.3701, 1.0854 -2.9207 -1.2458, 1.0855 -2.9209 0.3701, 1.0958 -2.9112 -1.2353, 1.0064 -2.9608 -1.3181, 0.9839 -2.9626 0.3701, 0.9954 -2.9622 -1.3217, 0.9943 -2.9622 -1.3218, 1.0087 -2.9605 -1.3174, 1.0175 -2.9587 -1.312, 1.0178 -2.9587 0.3701, 1.0205 -2.958 -1.3101, 1.021 -2.9575 0.3701, 1.0211 -2.9578 -1.3096, 1.0499 -2.947 0.3701, 1.0256 -2.9566 -1.3055, 1.0552 -2.9424 -1.2759, 0.9735 -2.9622 -1.3216, 0.9667 -2.9616 -1.3203, 0.9614 -2.9608 -1.318, 0.978 -2.9625 -1.3225, 0.9839 -2.9626 -1.3228, 0.9124 -2.9428 -1.2758, 0.9245 -2.9502 -1.2879, 0.9468 -2.9575 0.3701, 0.9421 -2.9566 -1.3055, 0.9467 -2.9577 -1.309, 0.95 -2.9587 0.3701, 0.9504 -2.9587 -1.3119, 0.9543 -2.9596 -1.3149, 0.9179 -2.947 0.3701, 0.9121 -2.9433 0.3701, 0.8915 -2.9302 -1.2549, 0.8893 -2.9283 0.3701, 0.8824 -2.9208 -1.2458, 0.8822 -2.9209 0.3701, -2.5099 0.561 -0.5933, -2.5099 -0.4036 -0.5933, -2.3266 0.561 -0.41, -2.3266 -0.4036 -0.41, -2.4155 -0.4036 -0.7908, -2.4155 0.561 -0.7908, -2.4206 -0.4036 -0.7729, -2.4206 0.561 -0.7729, -2.4214 -0.4036 -0.7544, -2.4214 0.561 -0.7544, -2.4178 -0.4036 -0.7362, -2.4178 0.561 -0.7362, -2.4101 -0.4036 -0.7193, -2.4101 0.561 -0.7193, -2.3986 -0.4036 -0.7047, -2.3986 0.561 -0.7047, 2.3258 -0.4036 -0.41, 2.5092 -0.4036 -0.5933, 2.3258 0.561 -0.41, 2.5092 0.561 -0.5933, 2.4148 0.561 -0.7908, 2.4148 -0.4036 -0.7908, 2.4193 0.561 -0.7759, 2.4193 -0.4036 -0.7759, 2.4209 0.561 -0.7604, 2.4209 -0.4036 -0.7604, 2.0337 2.4215 1.6142, 2.0389 2.4189 1.6142, 2.011 2.4275 1.6142, 1.9091 2.4409 1.6142, 1.9484 2.4409 1.6142, 1.9922 2.436 1.6142, 1.4366 2.3622 1.6142, 1.6729 2.3622 1.6142, 1.4366 2.4409 1.6142, 1.6729 2.4409 1.6142, 0.8855 2.3622 1.6142, 1.1217 2.3622 1.6142, 0.8855 2.4409 1.6142, 1.1217 2.4409 1.6142, -1.1224 2.3622 1.6142, -0.8862 2.3622 1.6142, -1.1224 2.4409 1.6142, -0.8862 2.4409 1.6142, -1.6736 2.3622 1.6142, -1.4374 2.3622 1.6142, -1.6736 2.4409 1.6142, -1.4374 2.4409 1.6142, -1.9492 2.4409 1.6142, -1.9098 2.4409 1.6142, -2.0117 2.4275 1.6142, -2.0397 2.4189 1.6142, -2.0344 2.4215 1.6142, -1.9929 2.436 1.6142, -0.6894 2.8051 0.1647, -0.6894 2.8641 0.1647, -0.6894 2.8051 0.3701, -0.6894 2.8641 0.3701, -0.6894 2.7984 0.421, -0.6894 2.8554 0.4363, -0.6894 2.7787 0.4685, -0.6894 2.8299 0.498, -0.6894 2.7474 0.5093, -0.6894 2.7892 0.551, -0.6894 2.7067 0.5406, -0.6894 2.7362 0.5917, -0.6894 2.6592 0.5602, -0.6894 2.6745 0.6173, -0.6894 2.6082 0.5669, -0.6894 2.6082 0.626, -0.6894 2.4409 0.5669, -0.6894 2.4409 0.626, -0.8075 2.8051 0.1647, -0.9011 2.8051 0.3701, -0.8075 2.8051 -1.1701, -0.9011 2.8051 -1.2638, -1.0264 2.8537 -1.3055, -1.0182 2.8573 -1.3119, -1.0181 2.8569 0.3701, -0.9905 2.8639 -1.3226, -0.9846 2.8641 -1.3228, -0.9846 2.8641 0.3701, -1.0062 2.8615 0.3701, -1.014 2.8591 -1.3151, -1.0072 2.861 -1.3181, -0.999 2.8624 0.3701, -1.0182 2.8573 -1.3119, -1.0018 2.8625 -1.3204, -0.9991 2.8628 -1.3209, -0.995 2.8634 -1.3217, -1.0347 2.8487 -1.2973, -1.0265 2.8536 0.3701, -1.0357 2.8478 -1.2962, -1.0354 2.8473 0.3701, -1.0503 2.835 -1.2816, -1.0443 2.8411 0.3701, -1.0506 2.8346 -1.2813, -1.0502 2.8342 0.3701, -1.0612 2.82 -1.2707, -1.0584 2.8245 0.3701, -1.0621 2.8183 -1.2699, -1.0617 2.8181 0.3701, -1.0681 2.8051 0.3701, -1.0681 2.8051 -1.2638, -1.1618 2.8051 -1.1701, -1.1618 2.8051 0.1647, -1.2799 2.8051 0.1647, -1.2799 2.8051 0.3701, -1.2799 2.4409 0.5669, -1.2799 2.4409 0.626, -1.2799 2.6082 0.5669, -1.2799 2.6082 0.626, -1.2799 2.6592 0.5602, -1.2799 2.6745 0.6173, -1.2799 2.7067 0.5406, -1.2799 2.7362 0.5917, -1.2799 2.7474 0.5093, -1.2799 2.7892 0.551, -1.2799 2.7787 0.4685, -1.2799 2.8299 0.498, -1.2799 2.7984 0.421, -1.2799 2.8554 0.4363, -1.2799 2.8641 0.3701, -1.2799 2.8641 0.1647, -1.1027 2.8641 -1.2292, -1.1618 2.8641 -1.1701, -1.1618 2.8641 0.1647, -1.1027 2.8641 0.3701, -0.9541 2.9196 0.3701, -0.9541 2.9198 -1.3139, -0.9846 2.9232 0.3701, -0.9592 2.9208 -1.3171, -0.9621 2.9212 -1.3181, -0.972 2.9225 -1.3215, -0.9743 2.9227 -1.3217, -0.9846 2.9232 -1.3228, -0.9194 2.9059 -1.2821, -0.9429 2.9172 -1.3055, -0.9481 2.9186 -1.3102, -0.951 2.9192 -1.312, -0.9507 2.9192 0.3701, -0.9186 2.9076 0.3701, -0.9004 2.8968 -1.2631, -0.8882 2.8858 -1.2509, -0.8877 2.8864 0.3701, -0.8665 2.8641 0.3701, -0.8665 2.8641 -1.2292, -0.89 2.8889 0.3701, -0.8727 2.8718 -1.2353, -0.8075 2.8641 -1.1701, -0.8075 2.8641 0.1647, 1.2792 2.8051 0.1647, 1.2792 2.8641 0.1647, 1.2792 2.8051 0.3701, 1.2792 2.8641 0.3701, 1.2792 2.8001 0.4139, 1.2792 2.8577 0.427, 1.2792 2.7856 0.4555, 1.2792 2.8388 0.4811, 1.2792 2.7621 0.4928, 1.2792 2.8083 0.5296, 1.2792 2.731 0.524, 1.2792 2.7678 0.5702, 1.2792 2.6936 0.5474, 1.2792 2.7193 0.6006, 1.2792 2.652 0.562, 1.2792 2.6652 0.6196, 1.2792 2.6082 0.5669, 1.2792 2.6082 0.626, 1.2792 2.4409 0.5669, 1.2792 2.4409 0.626, 1.161 2.8051 0.1647, 1.0674 2.8051 0.3701, 1.161 2.8051 -1.1701, 1.0674 2.8051 -1.2638, 0.9695 2.8624 0.3701, 0.9721 2.8632 -1.3216, 0.9839 2.8641 0.3701, 0.9735 2.8633 -1.3218, 0.9839 2.8641 -1.3228, 0.9623 2.8615 0.3701, 0.9613 2.8609 -1.3181, 0.9695 2.8627 -1.3208, 0.947 2.856 -1.3099, 0.9503 2.8572 -1.3119, 0.9505 2.8569 0.3701, 0.9503 2.8572 -1.3119, 0.9593 2.8605 -1.3175, 0.9421 2.8537 -1.3055, 0.942 2.8536 0.3701, 0.9333 2.8471 -1.2967, 0.9331 2.8473 0.3701, 0.9212 2.8382 -1.2846, 0.9242 2.8411 0.3701, 0.9182 2.8343 -1.2816, 0.9183 2.8342 0.3701, 0.9087 2.8225 -1.2722, 0.9101 2.8245 0.3701, 0.9067 2.8182 -1.2701, 0.9068 2.8181 0.3701, 0.9004 2.8051 0.3701, 0.9004 2.8051 -1.2638, 0.8067 2.8051 -1.1701, 0.8067 2.8051 0.1647, 0.6886 2.8051 0.1647, 0.6886 2.8051 0.3701, 0.6886 2.4409 0.5669, 0.6886 2.4409 0.626, 0.6886 2.6082 0.5669, 0.6886 2.6082 0.626, 0.6886 2.6592 0.5602, 0.6886 2.6745 0.6173, 0.6886 2.7067 0.5406, 0.6886 2.7362 0.5917, 0.6886 2.7474 0.5093, 0.6886 2.7892 0.551, 0.6886 2.7787 0.4685, 0.6886 2.8299 0.498, 0.6886 2.7984 0.421, 0.6886 2.8554 0.4363, 0.6886 2.8641 0.3701, 0.6886 2.8641 0.1647, 0.8658 2.8641 -1.2292, 0.8067 2.8641 -1.1701, 0.8067 2.8641 0.1647, 0.8658 2.8641 0.3701, 0.9839 2.9232 0.3701, 1.0144 2.9196 0.3701, 1.0144 2.92 -1.3141, 1.0135 2.9202 -1.3149, 1.0063 2.9213 -1.318, 1.0011 2.9222 -1.3203, 0.9942 2.9227 -1.3216, 0.9897 2.9231 -1.3225, 0.9839 2.9232 -1.3228, 1.0495 2.9069 -1.2817, 1.0432 2.9107 -1.2879, 1.0256 2.9172 -1.3055, 1.0174 2.9192 -1.3119, 1.0178 2.9192 0.3701, 1.0499 2.9076 0.3701, 1.0762 2.8907 -1.2549, 1.0785 2.8889 0.3701, 1.0806 2.8862 -1.2506, 1.0808 2.8864 0.3701, 1.102 2.8641 0.3701, 1.102 2.8641 -1.2292, 1.161 2.8641 -1.1701, 1.161 2.8641 0.1647
            ]
        }
        coordIndex [
            0,1,2,-1,2,1,3,-1,2,3,4,-1,4,3,5,-1,6,7,8,-1,8,7,9,-1,8,9,10,-1,10,9,11,-1,10,11,12,-1,12,11,13,-1,12,13,14,-1,14,13,15,-1,14,15,16,-1,16,15,17,-1,16,17,18,-1,17,19,18,-1,18,19,20,-1,18,20,21,-1,22,5,3,-1,3,23,22,-1,22,23,24,-1,22,24,25,-1,25,24,26,-1,25,26,27,-1,27,26,28,-1,28,26,29,-1,28,29,30,-1,31,32,30,-1,30,32,33,-1,30,33,28,-1,34,35,36,-1,36,35,37,-1,37,35,38,-1,37,38,39,-1,39,38,40,-1,39,40,31,-1,31,40,41,-1,31,41,32,-1,42,43,44,-1,45,46,42,-1,42,44,45,-1,45,44,47,-1,45,47,48,-1,48,47,49,-1,48,49,36,-1,36,49,50,-1,36,50,34,-1,6,51,7,-1,7,51,52,-1,7,52,53,-1,52,54,53,-1,53,54,55,-1,53,55,45,-1,45,55,56,-1,45,56,46,-1,57,21,58,-1,58,21,20,-1,58,20,59,-1,59,20,60,-1,61,62,63,-1,63,62,64,-1,63,64,65,-1,65,64,66,-1,65,66,67,-1,67,66,68,-1,67,68,69,-1,69,68,70,-1,69,70,71,-1,71,70,72,-1,71,72,73,-1,73,72,74,-1,73,74,75,-1,75,74,76,-1,75,76,60,-1,60,76,77,-1,60,77,59,-1,59,77,78,-1,79,80,81,-1,78,77,81,-1,81,77,82,-1,81,82,79,-1,83,84,85,-1,85,84,86,-1,85,86,87,-1,88,89,90,-1,79,82,91,-1,91,82,92,-1,91,92,90,-1,90,92,93,-1,90,93,88,-1,94,95,96,-1,96,95,97,-1,89,88,94,-1,94,88,98,-1,94,98,95,-1,99,100,101,-1,101,100,102,-1,101,102,103,-1,103,104,101,-1,101,104,105,-1,101,105,106,-1,97,95,106,-1,106,95,107,-1,106,107,101,-1,108,109,101,-1,101,109,110,-1,101,110,111,-1,111,112,101,-1,101,112,113,-1,101,113,99,-1,114,115,116,-1,116,115,117,-1,116,117,118,-1,116,119,114,-1,114,119,120,-1,114,120,108,-1,108,120,121,-1,108,121,109,-1,118,117,87,-1,87,117,122,-1,87,122,85,-1,123,84,124,-1,124,84,83,-1,124,83,125,-1,125,83,126,-1,127,128,129,-1,129,128,130,-1,131,132,133,-1,133,132,134,-1,132,131,135,-1,135,131,136,-1,135,136,137,-1,137,136,138,-1,137,138,139,-1,139,138,140,-1,139,140,141,-1,141,140,142,-1,141,142,143,-1,143,142,144,-1,145,146,147,-1,147,146,148,-1,149,150,151,-1,151,150,152,-1,150,149,153,-1,150,153,154,-1,154,153,155,-1,154,155,156,-1,156,155,157,-1,156,157,158,-1,158,157,159,-1,158,159,160,-1,161,162,163,-1,163,162,164,-1,163,164,165,-1,165,164,166,-1,167,165,168,-1,168,165,166,-1,168,166,169,-1,169,166,170,-1,169,170,171,-1,171,170,172,-1,171,172,173,-1,173,172,174,-1,173,174,175,-1,175,174,176,-1,175,176,177,-1,177,176,178,-1,177,178,179,-1,179,178,180,-1,179,180,181,-1,181,180,182,-1,181,182,183,-1,183,182,184,-1,167,168,185,-1,185,168,186,-1,185,186,187,-1,187,186,188,-1,189,190,191,-1,192,193,190,-1,190,193,194,-1,190,194,191,-1,192,190,195,-1,195,190,196,-1,195,196,197,-1,197,196,198,-1,198,196,199,-1,198,199,200,-1,201,202,199,-1,199,202,203,-1,199,203,200,-1,201,199,204,-1,204,199,205,-1,204,205,206,-1,206,205,207,-1,206,207,208,-1,208,207,209,-1,208,209,210,-1,211,212,213,-1,213,212,214,-1,213,214,209,-1,209,214,215,-1,209,215,210,-1,211,213,216,-1,216,213,217,-1,216,217,218,-1,218,217,219,-1,218,219,220,-1,220,219,221,-1,220,221,222,-1,222,221,223,-1,222,223,224,-1,224,223,225,-1,224,225,226,-1,225,227,226,-1,226,227,228,-1,226,228,229,-1,230,188,186,-1,186,231,230,-1,230,231,232,-1,230,232,233,-1,233,232,234,-1,233,234,235,-1,189,191,236,-1,236,191,237,-1,236,237,238,-1,235,234,238,-1,238,234,239,-1,238,239,236,-1,240,229,241,-1,241,229,228,-1,241,228,242,-1,242,228,243,-1,244,245,246,-1,247,248,246,-1,246,248,249,-1,246,249,244,-1,250,251,252,-1,252,251,253,-1,252,253,254,-1,254,253,255,-1,254,255,249,-1,249,255,244,-1,256,257,258,-1,258,257,259,-1,256,260,257,-1,257,260,261,-1,257,261,262,-1,262,261,263,-1,262,263,264,-1,264,263,265,-1,264,265,266,-1,266,265,267,-1,266,267,250,-1,250,267,268,-1,250,268,251,-1,269,257,270,-1,270,257,271,-1,269,272,257,-1,257,272,273,-1,257,273,259,-1,274,275,276,-1,275,277,276,-1,276,277,278,-1,276,278,279,-1,279,278,280,-1,279,280,257,-1,257,280,281,-1,257,281,271,-1,276,282,274,-1,274,282,283,-1,274,283,284,-1,284,283,285,-1,284,285,286,-1,285,287,286,-1,286,287,164,-1,286,164,162,-1,288,289,290,-1,290,289,291,-1,292,293,294,-1,294,293,295,-1,294,295,296,-1,296,295,297,-1,296,297,298,-1,298,297,299,-1,298,299,300,-1,300,299,301,-1,300,301,302,-1,302,301,303,-1,304,305,306,-1,306,305,307,-1,308,309,310,-1,310,309,311,-1,310,311,312,-1,312,311,313,-1,314,315,316,-1,317,318,316,-1,316,318,319,-1,316,319,314,-1,320,321,322,-1,322,321,323,-1,324,325,326,-1,326,325,327,-1,328,329,330,-1,330,329,331,-1,332,333,334,-1,334,333,335,-1,336,337,338,-1,339,340,338,-1,338,340,341,-1,338,341,336,-1,342,343,344,-1,344,343,345,-1,344,345,346,-1,346,345,347,-1,346,347,348,-1,348,347,349,-1,348,349,350,-1,350,349,351,-1,350,351,352,-1,352,351,353,-1,352,353,354,-1,354,353,355,-1,354,355,356,-1,356,355,357,-1,356,357,358,-1,358,357,359,-1,342,344,360,-1,360,344,361,-1,360,361,362,-1,362,361,363,-1,364,365,366,-1,367,368,369,-1,366,365,370,-1,371,372,373,-1,370,365,373,-1,373,365,374,-1,373,374,371,-1,372,375,373,-1,373,375,376,-1,373,376,369,-1,369,376,377,-1,369,377,367,-1,364,366,378,-1,378,366,379,-1,378,379,380,-1,380,379,381,-1,380,381,382,-1,382,381,383,-1,382,383,384,-1,384,383,385,-1,384,385,386,-1,386,385,387,-1,386,387,388,-1,387,389,388,-1,388,389,390,-1,388,390,391,-1,392,391,393,-1,393,391,390,-1,393,390,394,-1,394,390,395,-1,396,397,398,-1,398,397,399,-1,398,399,400,-1,400,399,401,-1,400,401,402,-1,402,401,403,-1,402,403,404,-1,404,403,405,-1,404,405,406,-1,406,405,407,-1,406,407,408,-1,408,407,409,-1,408,409,395,-1,395,409,410,-1,395,410,394,-1,394,410,411,-1,412,413,414,-1,411,410,414,-1,414,410,415,-1,414,415,412,-1,416,417,418,-1,418,417,419,-1,418,419,420,-1,420,421,418,-1,418,421,422,-1,418,422,423,-1,424,425,416,-1,425,426,416,-1,416,426,427,-1,416,427,417,-1,416,428,424,-1,424,428,429,-1,424,429,430,-1,430,429,431,-1,432,433,434,-1,429,435,431,-1,431,435,432,-1,431,432,436,-1,436,432,434,-1,437,434,438,-1,438,434,433,-1,438,433,343,-1,343,433,345,-1,439,440,441,-1,441,440,442,-1,441,442,443,-1,443,442,444,-1,443,444,445,-1,445,444,446,-1,445,446,447,-1,447,446,448,-1,447,448,449,-1,449,448,450,-1,449,450,451,-1,451,450,452,-1,451,452,453,-1,453,452,454,-1,453,454,455,-1,455,454,456,-1,455,456,457,-1,457,456,458,-1,439,441,459,-1,459,441,460,-1,459,460,461,-1,461,460,462,-1,463,464,465,-1,465,464,466,-1,465,466,467,-1,468,469,463,-1,463,469,470,-1,463,470,464,-1,471,472,473,-1,473,472,474,-1,473,474,468,-1,468,474,475,-1,468,475,469,-1,471,473,476,-1,476,473,477,-1,476,477,478,-1,478,477,479,-1,478,479,480,-1,480,479,481,-1,480,481,482,-1,482,481,483,-1,482,483,484,-1,484,483,485,-1,484,485,486,-1,485,487,486,-1,486,487,488,-1,486,488,489,-1,490,489,491,-1,491,489,488,-1,491,488,492,-1,492,488,493,-1,494,495,496,-1,496,495,497,-1,496,497,498,-1,498,497,499,-1,498,499,500,-1,500,499,501,-1,500,501,502,-1,502,501,503,-1,502,503,504,-1,504,503,505,-1,504,505,506,-1,506,505,507,-1,506,507,493,-1,493,507,508,-1,493,508,492,-1,492,508,509,-1,510,511,512,-1,509,508,512,-1,512,508,513,-1,512,513,510,-1,514,515,516,-1,516,517,514,-1,514,517,518,-1,514,518,519,-1,519,520,514,-1,514,520,521,-1,514,521,522,-1,523,524,515,-1,524,525,515,-1,515,525,526,-1,515,526,516,-1,515,527,523,-1,523,527,528,-1,523,528,529,-1,529,528,530,-1,529,530,531,-1,530,532,531,-1,531,532,533,-1,531,533,534,-1,535,534,536,-1,536,534,533,-1,536,533,440,-1,440,533,442,-1,
        ]
    }
}
Shape{
    appearance Appearance {
        material  Material 	{
            diffuseColor 0.25098039215686274 0.25098039215686274 0.25098039215686274
            specularColor 0.12549019607843137 0.12549019607843137 0.12549019607843137
            ambientIntensity 0.251
            transparency 0.0
            shininess 0.5
        }
    }
    geometry IndexedFaceSet {
        ccw TRUE
        solid FALSE
        coord DEF co Coordinate {
            point [
                0.787 0.0787 0.0354, 0.787 0.0787 0.0945, 0.7602 -0.1251 0.0945, 0.7602 -0.1251 0.0354, 0.6815 -0.315 0.0945, 0.6815 -0.315 0.0354, 0.5564 -0.4781 0.0945, 0.5564 -0.4781 0.0354, 0.3933 -0.6032 0.0945, 0.3933 -0.6032 0.0354, 0.2034 -0.6819 0.0945, 0.2034 -0.6819 0.0354, -0.0004 -0.7087 0.0945, -0.0004 -0.7087 0.0354, -0.2042 -0.6819 0.0945, -0.2042 -0.6819 0.0354, -0.3941 -0.6032 0.0945, -0.3941 -0.6032 0.0354, -0.5572 -0.4781 0.0945, -0.5572 -0.4781 0.0354, -0.6823 -0.315 0.0945, -0.6823 -0.315 0.0354, -0.7609 -0.1251 0.0945, -0.7609 -0.1251 0.0354, -0.7878 0.0787 0.0945, -0.7878 0.0787 0.0354, -1.1815 0.3543 0.1929, -1.1815 0.3543 0.0945, -1.1101 0.3449 0.1929, -1.1101 0.3449 0.0945, -1.0437 0.3174 0.1929, -1.0437 0.3174 0.0945, -0.9866 0.2736 0.1929, -0.9866 0.2736 0.0945, -0.9428 0.2165 0.1929, -0.9428 0.2165 0.0945, -0.9153 0.15 0.1929, -0.9153 0.15 0.0945, -0.9059 0.0787 0.1929, -0.9059 0.0787 0.0945, -0.9153 0.0074 0.1929, -0.9153 0.0074 0.0945, -0.9428 -0.0591 0.1929, -0.9428 -0.0591 0.0945, -0.9866 -0.1162 0.1929, -0.9866 -0.1162 0.0945, -1.0437 -0.16 0.1929, -1.0437 -0.16 0.0945, -1.1101 -0.1875 0.1929, -1.1101 -0.1875 0.0945, -1.1815 -0.1969 0.1929, -1.1815 -0.1969 0.0945, 1.1807 -0.1969 0.1929, 1.1807 -0.1969 0.0945, 1.1094 -0.1875 0.1929, 1.1094 -0.1875 0.0945, 1.0429 -0.16 0.1929, 1.0429 -0.16 0.0945, 0.9859 -0.1162 0.1929, 0.9859 -0.1162 0.0945, 0.9421 -0.0591 0.1929, 0.9421 -0.0591 0.0945, 0.9145 0.0074 0.1929, 0.9145 0.0074 0.0945, 0.9051 0.0787 0.1929, 0.9051 0.0787 0.0945
            ]
        }
        coordIndex [
            0,1,2,-1,0,2,3,-1,3,2,4,-1,3,4,5,-1,5,4,6,-1,5,6,7,-1,7,6,8,-1,7,8,9,-1,9,8,10,-1,9,10,11,-1,11,10,12,-1,11,12,13,-1,13,12,14,-1,13,14,15,-1,15,14,16,-1,15,16,17,-1,17,16,18,-1,17,18,19,-1,19,18,20,-1,19,20,21,-1,21,20,22,-1,21,22,23,-1,23,22,24,-1,23,24,25,-1,26,27,28,-1,28,27,29,-1,28,29,30,-1,30,29,31,-1,30,31,32,-1,32,31,33,-1,32,33,34,-1,34,33,35,-1,34,35,36,-1,36,35,37,-1,36,37,38,-1,38,37,39,-1,38,39,40,-1,40,39,41,-1,40,41,42,-1,42,41,43,-1,42,43,44,-1,44,43,45,-1,44,45,46,-1,46,45,47,-1,46,47,48,-1,48,47,49,-1,48,49,50,-1,50,49,51,-1,52,53,54,-1,54,53,55,-1,54,55,56,-1,56,55,57,-1,56,57,58,-1,58,57,59,-1,58,59,60,-1,60,59,61,-1,60,61,62,-1,62,61,63,-1,62,63,64,-1,64,63,65,-1,
        ]
    }
}
Shape{
    appearance Appearance {
        material  Material 	{
            diffuseColor 0.7529411764705882 0.7529411764705882 0.7529411764705882
            specularColor 0.3764705882352941 0.3764705882352941 0.3764705882352941
            ambientIntensity 0.7529
            transparency 0.0
            shininess 0.5
        }
    }
    geometry IndexedFaceSet {
        ccw TRUE
        solid FALSE
        coord DEF co Coordinate {
            point [
                -1.2799 -2.6477 0.5669, -1.0681 -2.6477 0.5669, -1.2799 -2.6915 0.562, -1.0681 -2.6915 0.562, -1.2799 -2.7331 0.5474, -1.0681 -2.7331 0.5474, -1.2799 -2.7704 0.524, -1.0681 -2.7704 0.524, -1.2799 -2.8016 0.4928, -1.0681 -2.8016 0.4928, -1.2799 -2.825 0.4555, -1.0681 -2.825 0.4555, -1.2799 -2.8396 0.4139, -1.0681 -2.8396 0.4139, -1.2799 -2.8445 0.3701, -1.0681 -2.8445 0.3701, -0.925 -2.8574 0.4711, -0.925 -2.8747 0.4219, -0.9428 -2.8869 0.4247, -0.906 -2.8543 0.3701, -0.9108 -2.864 0.3701, -0.9108 -2.8586 0.4182, -0.9108 -2.6958 0.581, -0.9108 -2.6477 0.5864, -0.9011 -2.6477 0.5669, -0.9011 -2.8445 0.3701, -0.9011 -2.8396 0.4139, -0.9011 -2.825 0.4555, -0.9108 -2.8426 0.4639, -0.9011 -2.8016 0.4928, -0.9108 -2.8168 0.505, -0.9011 -2.7704 0.524, -0.9179 -2.8722 0.3701, -0.9428 -2.7023 0.6093, -0.9428 -2.6477 0.6155, -0.925 -2.6477 0.6029, -0.963 -2.704 0.617, -0.963 -2.6477 0.6233, -0.9011 -2.6915 0.562, -0.9011 -2.7331 0.5474, -0.9108 -2.7415 0.565, -0.9108 -2.7825 0.5392, -0.925 -2.7928 0.5521, -0.925 -2.8297 0.5152, -0.9428 -2.8395 0.5231, -0.9428 -2.8688 0.4765, -0.963 -2.8758 0.48, -0.963 -2.8946 0.4264, -0.9846 -2.8972 0.427, -0.925 -2.8805 0.3701, -0.9339 -2.8868 0.3701, -0.9428 -2.8931 0.3701, -0.9529 -2.897 0.3701, -0.9846 -2.7046 0.6196, -0.9846 -2.6477 0.626, -1.0062 -2.6477 0.6233, -1.0062 -2.704 0.617, -1.0062 -2.7575 0.5982, -0.925 -2.6995 0.5971, -0.925 -2.7487 0.5798, -0.9428 -2.7541 0.5912, -0.9428 -2.8007 0.5619, -0.963 -2.8056 0.5681, -0.963 -2.8457 0.528, -0.9846 -2.8477 0.5296, -0.9846 -2.8782 0.4811, -1.0062 -2.8758 0.48, -1.0062 -2.8946 0.4264, -1.0265 -2.8869 0.4247, -0.963 -2.9009 0.3701, -0.9738 -2.9022 0.3701, -0.9846 -2.9036 0.3701, -0.9954 -2.9022 0.3701, -1.0265 -2.6477 0.6155, -1.0265 -2.7023 0.6093, -1.0265 -2.7541 0.5912, -1.0265 -2.8007 0.5619, -1.0443 -2.6477 0.6029, -1.0443 -2.6995 0.5971, -1.0443 -2.7487 0.5798, -1.0443 -2.7928 0.5521, -1.0443 -2.8297 0.5152, -0.963 -2.7575 0.5982, -0.9846 -2.7587 0.6006, -0.9846 -2.8072 0.5702, -1.0062 -2.8056 0.5681, -1.0062 -2.8457 0.528, -1.0265 -2.8395 0.5231, -1.0265 -2.8688 0.4765, -1.0443 -2.8574 0.4711, -1.0443 -2.8747 0.4219, -1.0584 -2.8586 0.4182, -1.0062 -2.9009 0.3701, -1.0164 -2.897 0.3701, -1.0265 -2.8931 0.3701, -1.0354 -2.8868 0.3701, -1.0584 -2.6477 0.5864, -1.0584 -2.6958 0.581, -1.0584 -2.7415 0.565, -1.0584 -2.7825 0.5392, -1.0584 -2.8168 0.505, -1.0584 -2.8426 0.4639, -1.0443 -2.8805 0.3701, -1.0513 -2.8722 0.3701, -1.0584 -2.864 0.3701, -1.0633 -2.8543 0.3701, -0.6894 -2.6477 0.5669, -0.6894 -2.6915 0.562, -0.6894 -2.7331 0.5474, -0.6894 -2.7704 0.524, -0.6894 -2.8016 0.4928, -0.6894 -2.825 0.4555, -0.6894 -2.8396 0.4139, -0.6894 -2.8445 0.3701, -0.6894 -2.9036 0.3701, -0.6894 -2.8972 0.427, -0.8665 -2.9036 0.3701, -0.8665 -2.8961 0.4269, -0.8665 -2.8949 0.4363, -0.6894 -2.8782 0.4811, -0.8665 -2.8766 0.4804, -0.8665 -2.8693 0.498, -0.6894 -2.8477 0.5296, -0.8665 -2.846 0.5283, -0.8665 -2.8286 0.551, -0.6894 -2.8072 0.5702, -0.8665 -2.8059 0.5685, -0.8665 -2.7756 0.5917, -0.6894 -2.7587 0.6006, -0.8665 -2.758 0.599, -0.8665 -2.7139 0.6173, -0.6894 -2.7046 0.6196, -0.8665 -2.7045 0.6185, -0.6894 -2.6477 0.626, -0.8665 -2.6477 0.626, -0.89 -2.8907 0.5104, -0.89 -2.8461 0.5685, -0.89 -2.788 0.6132, -0.89 -2.7203 0.6412, -0.89 -2.6477 0.6508, -1.1027 -2.846 0.5283, -1.1027 -2.8693 0.498, -1.0792 -2.8907 0.5104, -1.1027 -2.8059 0.5685, -1.1027 -2.8286 0.551, -1.0792 -2.8461 0.5685, -1.1027 -2.7139 0.6173, -1.1027 -2.758 0.599, -1.0792 -2.788 0.6132, -1.1027 -2.7756 0.5917, -1.1027 -2.9036 0.3701, -1.0863 -2.9209 0.3701, -1.1027 -2.8961 0.4269, -1.0792 -2.9188 0.4427, -1.1027 -2.8949 0.4363, -1.1027 -2.8766 0.4804, -1.0792 -2.9283 0.3701, -1.0564 -2.9433 0.3701, -1.0507 -2.9368 0.4476, -1.0507 -2.9069 0.5198, -1.0185 -2.917 0.5256, -1.0185 -2.9481 0.4506, -0.9846 -2.9204 0.5276, -0.9846 -2.9519 0.4516, -0.9507 -2.917 0.5256, -0.9507 -2.9481 0.4506, -0.9186 -2.9069 0.5198, -1.0507 -2.947 0.3701, -1.0217 -2.9575 0.3701, -1.0185 -2.9587 0.3701, -0.9846 -2.9626 0.3701, -0.9507 -2.9587 0.3701, -1.0507 -2.8594 0.5818, -1.0185 -2.8676 0.59, -0.9846 -2.8704 0.5928, -0.9507 -2.8676 0.59, -0.9186 -2.8594 0.5818, -0.9186 -2.9368 0.4476, -0.89 -2.9188 0.4427, -0.9186 -2.7252 0.6593, -0.9186 -2.6477 0.6695, -0.9507 -2.7282 0.6705, -0.9507 -2.6477 0.6811, -0.9846 -2.7292 0.6743, -0.9846 -2.6477 0.685, -1.0185 -2.7282 0.6705, -1.0185 -2.6477 0.6811, -1.0507 -2.7252 0.6593, -1.0507 -2.6477 0.6695, -1.0792 -2.7203 0.6412, -1.0792 -2.6477 0.6508, -1.1027 -2.7045 0.6185, -1.1027 -2.6477 0.626, -0.9186 -2.7974 0.6293, -0.9507 -2.8032 0.6394, -0.9846 -2.8052 0.6428, -1.0185 -2.8032 0.6394, -1.0507 -2.7974 0.6293, -0.9475 -2.9575 0.3701, -0.9186 -2.947 0.3701, -0.9129 -2.9433 0.3701, -0.89 -2.9283 0.3701, -0.883 -2.9209 0.3701, -1.2799 -2.9036 0.3701, -1.2799 -2.8972 0.427, -1.2799 -2.8782 0.4811, -1.2799 -2.8477 0.5296, -1.2799 -2.8072 0.5702, -1.2799 -2.7587 0.6006, -1.2799 -2.7046 0.6196, -1.2799 -2.6477 0.626, -1.5722 -2.5197 0.626, -1.5722 -2.5197 0.5669, -1.5607 -2.4855 0.626, -1.5607 -2.4855 0.5669, -1.5413 -2.4551 0.626, -1.5413 -2.4551 0.5669, -1.515 -2.4303 0.626, -1.515 -2.4303 0.5669, -1.4836 -2.4127 0.626, -1.4836 -2.4127 0.5669, -1.4488 -2.4031 0.626, -1.4488 -2.4031 0.5669, -1.4127 -2.4024 0.626, -1.4127 -2.4024 0.5669, -1.3775 -2.4103 0.626, -1.3775 -2.4103 0.5669, -1.3453 -2.4266 0.626, -1.3453 -2.4266 0.5669, -1.318 -2.4502 0.626, -1.318 -2.4502 0.5669, -1.2973 -2.4798 0.626, -1.2973 -2.4798 0.5669, -1.2843 -2.5134 0.626, -1.2843 -2.5134 0.5669, -1.2799 -2.5492 0.626, -1.2799 -2.5492 0.5669, -1.8114 -2.5197 0.5669, -1.8114 -2.5197 0.626
            ]
        }
        coordIndex [
            0,1,2,-1,2,1,3,-1,2,3,4,-1,4,3,5,-1,4,5,6,-1,6,5,7,-1,6,7,8,-1,8,7,9,-1,8,9,10,-1,10,9,11,-1,10,11,12,-1,12,11,13,-1,12,13,14,-1,14,13,15,-1,16,17,18,-1,19,20,21,-1,22,23,24,-1,25,19,26,-1,26,19,21,-1,26,21,27,-1,27,21,28,-1,27,28,29,-1,29,28,30,-1,29,30,31,-1,20,32,21,-1,21,32,17,-1,21,17,28,-1,28,17,16,-1,28,16,30,-1,33,34,35,-1,36,37,34,-1,38,39,40,-1,40,39,41,-1,40,41,42,-1,42,41,43,-1,42,43,44,-1,44,43,45,-1,44,45,46,-1,46,45,47,-1,46,47,48,-1,32,49,17,-1,17,49,50,-1,17,50,18,-1,18,50,51,-1,18,51,52,-1,39,31,41,-1,41,31,30,-1,41,30,43,-1,43,30,16,-1,43,16,45,-1,45,16,18,-1,45,18,47,-1,47,18,52,-1,53,54,37,-1,55,54,56,-1,56,54,53,-1,56,53,57,-1,23,22,58,-1,58,22,59,-1,58,59,60,-1,60,59,61,-1,60,61,62,-1,62,61,63,-1,62,63,64,-1,64,63,65,-1,64,65,66,-1,66,65,67,-1,66,67,68,-1,52,69,47,-1,47,69,70,-1,47,70,48,-1,48,70,71,-1,48,71,72,-1,24,38,22,-1,22,38,40,-1,22,40,59,-1,59,40,42,-1,59,42,61,-1,61,42,44,-1,61,44,63,-1,63,44,46,-1,63,46,65,-1,65,46,48,-1,65,48,67,-1,67,48,72,-1,73,55,74,-1,74,55,56,-1,74,56,75,-1,75,56,57,-1,75,57,76,-1,77,73,78,-1,78,73,74,-1,78,74,79,-1,79,74,75,-1,79,75,80,-1,80,75,76,-1,80,76,81,-1,34,33,36,-1,36,33,82,-1,36,82,83,-1,83,82,84,-1,83,84,85,-1,85,84,86,-1,85,86,87,-1,87,86,88,-1,87,88,89,-1,89,88,90,-1,89,90,91,-1,72,92,67,-1,67,92,93,-1,67,93,68,-1,68,93,94,-1,68,94,95,-1,95,90,68,-1,68,90,88,-1,68,88,66,-1,66,88,86,-1,66,86,64,-1,64,86,84,-1,64,84,62,-1,62,84,82,-1,62,82,60,-1,60,82,33,-1,60,33,58,-1,58,33,35,-1,58,35,23,-1,96,77,97,-1,97,77,78,-1,97,78,98,-1,98,78,79,-1,98,79,99,-1,99,79,80,-1,99,80,100,-1,100,80,81,-1,100,81,101,-1,1,96,3,-1,3,96,97,-1,3,97,5,-1,5,97,98,-1,5,98,7,-1,7,98,99,-1,7,99,9,-1,9,99,100,-1,9,100,11,-1,11,100,101,-1,11,101,13,-1,95,102,90,-1,90,102,103,-1,90,103,91,-1,91,103,104,-1,91,104,105,-1,37,36,53,-1,53,36,83,-1,53,83,57,-1,57,83,85,-1,57,85,76,-1,76,85,87,-1,76,87,81,-1,81,87,89,-1,81,89,101,-1,101,89,91,-1,101,91,13,-1,13,91,105,-1,13,105,15,-1,24,106,38,-1,38,106,107,-1,38,107,39,-1,39,107,108,-1,39,108,31,-1,31,108,109,-1,31,109,29,-1,29,109,110,-1,29,110,27,-1,27,110,111,-1,27,111,26,-1,26,111,112,-1,26,112,25,-1,25,112,113,-1,114,115,116,-1,116,115,117,-1,117,115,118,-1,118,115,119,-1,118,119,120,-1,120,119,121,-1,121,119,122,-1,121,122,123,-1,123,122,124,-1,124,122,125,-1,124,125,126,-1,126,125,127,-1,127,125,128,-1,127,128,129,-1,129,128,130,-1,130,128,131,-1,130,131,132,-1,132,131,133,-1,132,133,134,-1,120,121,135,-1,123,124,136,-1,126,127,137,-1,129,130,138,-1,132,134,139,-1,140,141,142,-1,143,144,145,-1,146,147,148,-1,143,145,149,-1,150,151,152,-1,152,151,153,-1,152,153,154,-1,154,153,155,-1,151,156,153,-1,153,156,157,-1,153,157,158,-1,141,155,142,-1,142,155,153,-1,142,153,159,-1,159,153,158,-1,159,158,160,-1,160,158,161,-1,160,161,162,-1,162,161,163,-1,162,163,164,-1,164,163,165,-1,164,165,166,-1,157,167,158,-1,158,167,168,-1,158,168,161,-1,161,168,169,-1,161,169,163,-1,163,169,170,-1,163,170,165,-1,165,170,171,-1,144,140,145,-1,145,140,142,-1,145,142,172,-1,172,142,159,-1,172,159,173,-1,173,159,160,-1,173,160,174,-1,174,160,162,-1,174,162,175,-1,175,162,164,-1,175,164,176,-1,176,164,166,-1,176,166,136,-1,177,178,135,-1,130,132,138,-1,138,132,139,-1,138,139,179,-1,179,139,180,-1,179,180,181,-1,181,180,182,-1,181,182,183,-1,183,182,184,-1,183,184,185,-1,185,184,186,-1,185,186,187,-1,187,186,188,-1,187,188,189,-1,189,188,190,-1,189,190,191,-1,191,190,192,-1,127,129,137,-1,137,129,138,-1,137,138,193,-1,193,138,179,-1,193,179,194,-1,194,179,181,-1,194,181,195,-1,195,181,183,-1,195,183,196,-1,196,183,185,-1,196,185,197,-1,197,185,187,-1,197,187,148,-1,148,187,189,-1,148,189,146,-1,146,189,191,-1,124,126,136,-1,136,126,137,-1,136,137,176,-1,176,137,193,-1,176,193,175,-1,175,193,194,-1,175,194,174,-1,174,194,195,-1,174,195,173,-1,173,195,196,-1,173,196,172,-1,172,196,197,-1,172,197,145,-1,145,197,148,-1,145,148,149,-1,149,148,147,-1,171,198,165,-1,165,198,177,-1,165,177,166,-1,166,177,135,-1,166,135,136,-1,136,135,121,-1,136,121,123,-1,198,199,177,-1,177,199,200,-1,177,200,178,-1,178,200,201,-1,178,201,202,-1,120,135,118,-1,118,135,178,-1,118,178,117,-1,117,178,202,-1,117,202,116,-1,203,150,152,-1,203,152,204,-1,204,152,154,-1,204,154,205,-1,154,155,205,-1,205,155,141,-1,205,141,206,-1,141,140,206,-1,206,140,144,-1,206,144,207,-1,144,143,207,-1,207,143,149,-1,207,149,208,-1,149,147,208,-1,208,147,146,-1,208,146,209,-1,146,191,209,-1,209,191,192,-1,209,192,210,-1,211,212,213,-1,213,212,214,-1,213,214,215,-1,215,214,216,-1,215,216,217,-1,217,216,218,-1,217,218,219,-1,219,218,220,-1,219,220,221,-1,221,220,222,-1,221,222,223,-1,223,222,224,-1,223,224,225,-1,225,224,226,-1,225,226,227,-1,227,226,228,-1,227,228,229,-1,229,228,230,-1,229,230,231,-1,231,230,232,-1,231,232,233,-1,233,232,234,-1,233,234,235,-1,235,234,236,-1,237,212,238,-1,238,212,211,-1,
        ]
    }
}
Shape{
    appearance Appearance {
        material  Material 	{
            diffuseColor 0.25098039215686274 0.25098039215686274 0.25098039215686274
            specularColor 0.12549019607843137 0.12549019607843137 0.12549019607843137
            ambientIntensity 0.251
            transparency 0.0
            shininess 0.5
        }
    }
    geometry IndexedFaceSet {
        ccw TRUE
        solid FALSE
        coord DEF co Coordinate {
            point [
                0.4918 -2.3819 0.4488, 0.4918 -2.3819 0.9409, 0.2949 -2.3819 0.626, -0.4925 -2.3819 0.9409, -0.4925 -2.3819 0.4488, -0.2956 -2.3819 0.5669, 0.2949 -2.3819 0.5669, 0.0831 -2.3819 0.5669, -0.0839 -2.3819 0.5669, 0.0734 -2.3819 0.5864, 0.0593 -2.3819 0.6029, 0.0415 -2.3819 0.6155, 0.0212 -2.3819 0.6233, -0.0004 -2.3819 0.626, -0.022 -2.3819 0.6233, -0.0422 -2.3819 0.6155, -0.2956 -2.3819 0.626, -0.1185 -2.3819 0.626, -0.095 -2.3819 0.6508, 0.1177 -2.3819 0.626, 0.0942 -2.3819 0.6508, 0.0657 -2.3819 0.6695, 0.0335 -2.3819 0.6811, -0.06 -2.3819 0.6029, -0.0742 -2.3819 0.5864, -0.0664 -2.3819 0.6695, -0.0343 -2.3819 0.6811, -0.0004 -2.3819 0.685
            ]
        }
        coordIndex [
            0,1,2,-1,3,4,5,-1,2,6,0,-1,0,6,7,-1,0,7,4,-1,4,7,8,-1,4,8,5,-1,9,10,7,-1,7,10,11,-1,7,11,12,-1,12,13,7,-1,7,13,14,-1,7,14,15,-1,5,16,3,-1,3,16,17,-1,3,17,18,-1,19,2,20,-1,20,2,1,-1,20,1,21,-1,21,1,22,-1,15,23,7,-1,7,23,24,-1,7,24,8,-1,18,25,3,-1,3,25,26,-1,3,26,1,-1,1,26,27,-1,1,27,22,-1,
        ]
    }
}
Shape{
    appearance Appearance {
        material  Material 	{
            diffuseColor 0.7529411764705882 0.7529411764705882 0.7529411764705882
            specularColor 0.3764705882352941 0.3764705882352941 0.3764705882352941
            ambientIntensity 0.7529
            transparency 0.0
            shininess 0.5
        }
    }
    geometry IndexedFaceSet {
        ccw TRUE
        solid FALSE
        coord DEF co Coordinate {
            point [
                0.6886 -2.9036 0.3701, 0.8658 -2.9036 0.3701, 0.8658 -2.8961 0.4269, 0.6886 -2.8972 0.427, 0.8658 -2.8949 0.4363, 0.6886 -2.8782 0.4811, 0.8658 -2.8766 0.4804, 0.8658 -2.8693 0.498, 0.6886 -2.8477 0.5296, 0.8658 -2.846 0.5283, 0.8658 -2.8286 0.551, 0.6886 -2.8072 0.5702, 0.8658 -2.8059 0.5685, 0.8658 -2.7756 0.5917, 0.6886 -2.7587 0.6006, 0.8658 -2.758 0.599, 0.8658 -2.7139 0.6173, 0.6886 -2.7046 0.6196, 0.8658 -2.7045 0.6185, 0.8658 -2.6477 0.626, 0.6886 -2.6477 0.626, 0.6886 -2.6477 0.5669, 0.9004 -2.6477 0.5669, 0.6886 -2.6915 0.562, 0.9004 -2.6915 0.562, 0.6886 -2.7331 0.5474, 0.9004 -2.7331 0.5474, 0.6886 -2.7704 0.524, 0.9004 -2.7704 0.524, 0.6886 -2.8016 0.4928, 0.9004 -2.8016 0.4928, 0.6886 -2.825 0.4555, 0.9004 -2.825 0.4555, 0.6886 -2.8396 0.4139, 0.9004 -2.8396 0.4139, 0.6886 -2.8445 0.3701, 0.9004 -2.8445 0.3701, 1.0435 -2.8574 0.4711, 1.0435 -2.8747 0.4219, 1.0258 -2.8869 0.4247, 1.0625 -2.8543 0.3701, 1.0577 -2.864 0.3701, 1.0577 -2.8586 0.4182, 1.0577 -2.6958 0.581, 1.0577 -2.6477 0.5864, 1.0674 -2.6477 0.5669, 1.0674 -2.8445 0.3701, 1.0674 -2.8396 0.4139, 1.0674 -2.825 0.4555, 1.0577 -2.8426 0.4639, 1.0674 -2.8016 0.4928, 1.0577 -2.8168 0.505, 1.0674 -2.7704 0.524, 1.0506 -2.8722 0.3701, 1.0258 -2.7023 0.6093, 1.0258 -2.6477 0.6155, 1.0435 -2.6477 0.6029, 1.0055 -2.704 0.617, 1.0055 -2.6477 0.6233, 1.0674 -2.6915 0.562, 1.0674 -2.7331 0.5474, 1.0577 -2.7415 0.565, 1.0577 -2.7825 0.5392, 1.0435 -2.7928 0.5521, 1.0435 -2.8297 0.5152, 1.0258 -2.8395 0.5231, 1.0258 -2.8688 0.4765, 1.0055 -2.8758 0.48, 1.0055 -2.8946 0.4264, 0.9839 -2.8972 0.427, 1.0435 -2.8805 0.3701, 1.0346 -2.8868 0.3701, 1.0258 -2.8931 0.3701, 1.0156 -2.897 0.3701, 0.9839 -2.7046 0.6196, 0.9839 -2.6477 0.626, 0.9623 -2.6477 0.6233, 0.9623 -2.704 0.617, 0.9623 -2.7575 0.5982, 1.0435 -2.6995 0.5971, 1.0435 -2.7487 0.5798, 1.0258 -2.7541 0.5912, 1.0258 -2.8007 0.5619, 1.0055 -2.8056 0.5681, 1.0055 -2.8457 0.528, 0.9839 -2.8477 0.5296, 0.9839 -2.8782 0.4811, 0.9623 -2.8758 0.48, 0.9623 -2.8946 0.4264, 0.942 -2.8869 0.4247, 1.0055 -2.9009 0.3701, 0.9947 -2.9022 0.3701, 0.9839 -2.9036 0.3701, 0.9731 -2.9022 0.3701, 0.942 -2.6477 0.6155, 0.942 -2.7023 0.6093, 0.942 -2.7541 0.5912, 0.942 -2.8007 0.5619, 0.9242 -2.6477 0.6029, 0.9242 -2.6995 0.5971, 0.9242 -2.7487 0.5798, 0.9242 -2.7928 0.5521, 0.9242 -2.8297 0.5152, 1.0055 -2.7575 0.5982, 0.9839 -2.7587 0.6006, 0.9839 -2.8072 0.5702, 0.9623 -2.8056 0.5681, 0.9623 -2.8457 0.528, 0.942 -2.8395 0.5231, 0.942 -2.8688 0.4765, 0.9242 -2.8574 0.4711, 0.9242 -2.8747 0.4219, 0.9101 -2.8586 0.4182, 0.9623 -2.9009 0.3701, 0.9521 -2.897 0.3701, 0.942 -2.8931 0.3701, 0.9331 -2.8868 0.3701, 0.9101 -2.6477 0.5864, 0.9101 -2.6958 0.581, 0.9101 -2.7415 0.565, 0.9101 -2.7825 0.5392, 0.9101 -2.8168 0.505, 0.9101 -2.8426 0.4639, 0.9242 -2.8805 0.3701, 0.9172 -2.8722 0.3701, 0.9101 -2.864 0.3701, 0.9052 -2.8543 0.3701, 1.2792 -2.6477 0.5669, 1.2792 -2.6915 0.562, 1.2792 -2.7331 0.5474, 1.2792 -2.7704 0.524, 1.2792 -2.8016 0.4928, 1.2792 -2.825 0.4555, 1.2792 -2.8396 0.4139, 1.2792 -2.8445 0.3701, 1.8106 -2.5197 0.626, 1.5714 -2.5197 0.626, 1.8106 -2.5197 0.5669, 1.5714 -2.5197 0.5669, 1.2792 -2.5492 0.626, 1.2792 -2.5492 0.5669, 1.2836 -2.5134 0.626, 1.2836 -2.5134 0.5669, 1.2965 -2.4798 0.626, 1.2965 -2.4798 0.5669, 1.3173 -2.4502 0.626, 1.3173 -2.4502 0.5669, 1.3446 -2.4266 0.626, 1.3446 -2.4266 0.5669, 1.3768 -2.4103 0.626, 1.3768 -2.4103 0.5669, 1.412 -2.4024 0.626, 1.412 -2.4024 0.5669, 1.448 -2.4031 0.626, 1.448 -2.4031 0.5669, 1.4828 -2.4127 0.626, 1.4828 -2.4127 0.5669, 1.5143 -2.4303 0.626, 1.5143 -2.4303 0.5669, 1.5405 -2.4551 0.626, 1.5405 -2.4551 0.5669, 1.56 -2.4855 0.626, 1.56 -2.4855 0.5669, 1.2792 -2.9036 0.3701, 1.2792 -2.8972 0.427, 1.102 -2.9036 0.3701, 1.102 -2.8961 0.4269, 1.102 -2.8949 0.4363, 1.2792 -2.8782 0.4811, 1.102 -2.8766 0.4804, 1.102 -2.8693 0.498, 1.2792 -2.8477 0.5296, 1.102 -2.846 0.5283, 1.102 -2.8286 0.551, 1.2792 -2.8072 0.5702, 1.102 -2.8059 0.5685, 1.102 -2.7756 0.5917, 1.2792 -2.7587 0.6006, 1.102 -2.758 0.599, 1.102 -2.7139 0.6173, 1.2792 -2.7046 0.6196, 1.102 -2.7045 0.6185, 1.2792 -2.6477 0.626, 1.102 -2.6477 0.626, 1.0785 -2.8907 0.5104, 1.0785 -2.8461 0.5685, 1.0785 -2.788 0.6132, 1.0785 -2.7203 0.6412, 1.0785 -2.6477 0.6508, 0.8893 -2.8907 0.5104, 0.8893 -2.8461 0.5685, 0.8893 -2.788 0.6132, 0.8822 -2.9209 0.3701, 0.8893 -2.9188 0.4427, 0.8893 -2.9283 0.3701, 0.9121 -2.9433 0.3701, 0.9179 -2.9368 0.4476, 0.9179 -2.9069 0.5198, 0.95 -2.917 0.5256, 0.95 -2.9481 0.4506, 0.9839 -2.9204 0.5276, 0.9839 -2.9519 0.4516, 1.0178 -2.917 0.5256, 1.0178 -2.9481 0.4506, 1.0499 -2.9069 0.5198, 0.9179 -2.947 0.3701, 0.9468 -2.9575 0.3701, 0.95 -2.9587 0.3701, 0.9839 -2.9626 0.3701, 1.0178 -2.9587 0.3701, 0.9179 -2.8594 0.5818, 0.95 -2.8676 0.59, 0.9839 -2.8704 0.5928, 1.0178 -2.8676 0.59, 1.0499 -2.8594 0.5818, 1.0499 -2.9368 0.4476, 1.0785 -2.9188 0.4427, 1.0499 -2.7252 0.6593, 1.0499 -2.6477 0.6695, 1.0178 -2.7282 0.6705, 1.0178 -2.6477 0.6811, 0.9839 -2.7292 0.6743, 0.9839 -2.6477 0.685, 0.95 -2.7282 0.6705, 0.95 -2.6477 0.6811, 0.9179 -2.7252 0.6593, 0.9179 -2.6477 0.6695, 0.8893 -2.7203 0.6412, 0.8893 -2.6477 0.6508, 1.0499 -2.7974 0.6293, 1.0178 -2.8032 0.6394, 0.9839 -2.8052 0.6428, 0.95 -2.8032 0.6394, 0.9179 -2.7974 0.6293, 1.021 -2.9575 0.3701, 1.0499 -2.947 0.3701, 1.0556 -2.9433 0.3701, 1.0785 -2.9283 0.3701, 1.0855 -2.9209 0.3701, -2.0344 -2.2641 1.6142, -2.0397 -2.2615 1.6142, -2.0117 -2.2701 1.6142, -1.9098 -2.2835 1.6142, -1.9492 -2.2835 1.6142, -1.9929 -2.2786 1.6142, -1.4374 -2.2048 1.6142, -1.6736 -2.2048 1.6142, -1.4374 -2.2835 1.6142, -1.6736 -2.2835 1.6142, -0.8862 -2.2048 1.6142, -1.1224 -2.2048 1.6142, -0.8862 -2.2835 1.6142, -1.1224 -2.2835 1.6142, 1.1217 -2.2048 1.6142, 0.8855 -2.2048 1.6142, 1.1217 -2.2835 1.6142, 0.8855 -2.2835 1.6142, 1.6729 -2.2048 1.6142, 1.4366 -2.2048 1.6142, 1.6729 -2.2835 1.6142, 1.4366 -2.2835 1.6142, 1.9484 -2.2835 1.6142, 1.9091 -2.2835 1.6142, 2.011 -2.2701 1.6142, 2.0389 -2.2615 1.6142, 2.0337 -2.2641 1.6142, 1.9922 -2.2786 1.6142, -1.536 -1.6782 0.1396, -2.118 -1.6782 0.1122, -1.3787 -1.5207 0.147, -2.118 -1.0975 0.1122, -1.3787 -1.4518 0.147, -1.7326 -1.0975 0.1303, -1.3861 -1.4518 0.3042, -1.7401 -1.0975 0.2875, -1.3861 -1.5207 0.3042, -1.5434 -1.6782 0.2967, -1.3787 1.6781 0.147, -1.536 1.8356 0.1396, -1.3861 1.6781 0.3042, -1.5434 1.8356 0.2967, -1.3787 1.6092 0.147, -1.3861 1.6092 0.3042, -1.7326 1.2549 0.1303, -1.7401 1.2549 0.2875, -2.118 1.2549 0.1122, -2.118 1.8356 0.1122, -2.2618 -1.1113 0.1763, -2.2348 -1.0975 0.149, -2.2314 -1.0975 0.1465, -2.3035 -1.1554 0.2891, -2.303 -1.1525 0.2812, -2.3035 -1.6203 0.2891, -2.2995 -1.6313 0.2588, -2.2963 -1.1393 0.2452, -2.2897 -1.1302 0.2209, -2.2862 -1.6474 0.2162, -2.302 -1.1472 0.2666, -2.2999 -1.1444 0.2588, -2.2985 -1.6341 0.2511, -2.2976 -1.6366 0.2442, -2.2869 -1.1282 0.2161, -2.2825 -1.1251 0.2084, -2.2857 -1.6479 0.2151, -2.2667 -1.1138 0.1812, -2.2803 -1.6531 0.2018, -2.2408 -1.6753 0.1543, -2.2517 -1.6701 0.164, -2.2635 -1.1121 0.1779, -2.2627 -1.6636 0.1784, -2.2651 -1.6621 0.1816, -2.1487 -1.6782 0.1134, -2.1487 -1.0975 0.1134, -2.1921 -1.6782 0.1246, -2.1921 -1.0975 0.1246, -2.2314 -1.6782 0.1465, -2.2348 -1.6782 0.149, -2.3266 0.561 -0.41, -2.3266 -0.4036 -0.41, -2.3141 0.561 -0.3937, -2.3141 -0.4036 -0.3937, -2.3062 0.561 -0.3747, -2.3062 -0.4036 -0.3747, -2.3035 0.561 -0.3543, -2.3035 -0.4036 -0.3543, -2.2897 1.8028 0.2209, -2.288 1.804 0.218, -2.287 1.2864 0.2183, -2.2825 1.808 0.2084, -2.2857 1.2852 0.2151, -2.2667 1.8193 0.1812, -2.2803 1.28 0.2018, -2.2976 1.2965 0.2442, -2.2985 1.299 0.2511, -2.2963 1.7938 0.2452, -2.2997 1.3021 0.2596, -2.3002 1.7884 0.2597, -2.302 1.7858 0.2666, -2.303 1.7806 0.2812, -2.3035 1.3128 0.2891, -2.3035 1.7777 0.2891, -2.1264 1.8356 0.112, -2.1264 1.2549 0.112, -2.156 1.2549 0.1145, -2.156 1.8356 0.1145, -2.1978 1.2549 0.127, -2.1978 1.8356 0.127, -2.2348 1.2549 0.149, -2.2348 1.8356 0.149, -2.2352 1.2551 0.1494, -2.2352 1.8354 0.1495, -2.2408 1.2578 0.1543, -2.2618 1.8218 0.1763, -2.2517 1.263 0.164, -2.2659 1.8197 0.1804, -2.2648 1.2708 0.1812, -2.2651 1.2709 0.1816, -2.2152 0.561 -0.5214, -2.2152 -0.4036 -0.5214, -2.3986 0.561 -0.7047, -2.3986 -0.4036 -0.7047, -2.149 -1.1112 0.2702, -2.1404 -1.1112 0.2772, -2.1394 -1.1043 0.2754, -2.1525 -1.125 0.2756, -2.1423 -1.125 0.2809, -2.1414 -1.1181 0.2791, -2.2083 -1.1181 0.2347, -2.1405 -1.1121 0.2774, -2.2182 -1.1322 0.254, -2.1428 -1.1282 0.2817, -2.2237 -1.1459 0.2745, -2.1653 -1.1459 0.2833, -2.1555 -1.1459 0.2848, -2.1549 -1.1393 0.2818, -2.1657 -1.1525 0.2874, -2.1559 -1.1525 0.2878, -2.1847 -1.1459 0.2804, -2.1854 -1.1525 0.2865, -2.2247 -1.1525 0.2847, -2.2216 -1.1393 0.2645, -2.1539 -1.1322 0.2786, -2.1631 -1.1322 0.2751, -2.1644 -1.1393 0.2793, -2.1815 -1.1322 0.2681, -2.1835 -1.1393 0.2744, -2.2137 -1.125 0.2439, -2.1509 -1.1181 0.2728, -2.1591 -1.1181 0.2674, -2.1613 -1.125 0.2711, -2.1755 -1.1181 0.2565, -2.1787 -1.125 0.262, -2.1384 -1.0975 0.2736, -2.1444 -1.0975 0.2658, -2.1468 -1.1044 0.2679, -2.1537 -1.1044 0.2608, -2.1566 -1.1112 0.2639, -2.1673 -1.1044 0.2466, -2.1717 -1.1112 0.2513, -2.1947 -1.1044 0.2183, -2.2019 -1.1112 0.2261, -2.1505 -1.0975 0.258, -2.1625 -1.0975 0.2424, -2.1866 -1.0975 0.2113, -2.2248 -1.1554 0.2891, -2.1854 -1.1554 0.2891, -2.1657 -1.1554 0.2891, -2.146 -1.1554 0.2891, -2.146 -1.1506 0.2877, -2.1453 -1.1459 0.2864, -2.1451 -1.1444 0.286, -2.1444 -1.1394 0.2847, -2.1434 -1.1322 0.2828, -2.1254 -1.0975 0.2695, -2.0773 -1.0975 0.2717, -2.0771 -1.0975 0.2716, -2.138 -1.0975 0.2733, -2.1337 -1.0975 0.2709, -2.1288 -1.0975 0.2696, -2.1866 -1.6782 0.2113, -2.0771 -1.6782 0.2716, -2.0773 -1.6782 0.2717, -2.138 -1.6782 0.2733, -2.1337 -1.6782 0.2709, -2.1288 -1.6782 0.2696, -2.1254 -1.6782 0.2695, -2.1384 -1.6782 0.2736, -2.1505 -1.6782 0.258, -2.1625 -1.6782 0.2424, -2.1557 -1.6272 0.2859, -2.1452 -1.6272 0.2873, -2.146 -1.6203 0.2891, -2.1543 -1.641 0.2797, -2.1435 -1.6409 0.2835, -2.1444 -1.634 0.2854, -2.1975 -1.6687 0.2211, -2.1548 -1.6687 0.2619, -2.1477 -1.6687 0.2687, -2.1497 -1.6622 0.2711, -2.1518 -1.6753 0.2591, -2.1455 -1.6753 0.2666, -2.169 -1.6687 0.2483, -2.1646 -1.6753 0.2441, -2.19 -1.6753 0.2141, -2.2041 -1.6621 0.2289, -2.2104 -1.655 0.238, -2.2155 -1.6479 0.2477, -2.2195 -1.641 0.2577, -2.1559 -1.6203 0.2891, -2.1655 -1.6272 0.2849, -2.1648 -1.6341 0.2807, -2.1851 -1.6272 0.2827, -2.184 -1.6341 0.2764, -2.2242 -1.6272 0.2785, -2.2224 -1.6341 0.2679, -2.1657 -1.6203 0.2891, -2.1854 -1.6203 0.2891, -2.2248 -1.6203 0.2891, -2.1395 -1.6734 0.2745, -2.1401 -1.6688 0.2758, -2.1407 -1.6636 0.2772, -2.1409 -1.6622 0.2776, -2.1418 -1.655 0.2796, -2.173 -1.6622 0.253, -2.1574 -1.6622 0.265, -2.1515 -1.655 0.2738, -2.1427 -1.6479 0.2816, -2.1767 -1.655 0.2585, -2.1599 -1.655 0.2687, -2.1531 -1.6479 0.2767, -2.1427 -1.6474 0.2817, -2.1799 -1.6479 0.2643, -2.162 -1.6479 0.2726, -2.1823 -1.641 0.2703, -2.1636 -1.641 0.2766, -2.1552 -1.6341 0.2828, -2.1447 -1.6313 0.2861, -2.149 1.8218 0.2702, -2.1404 1.8219 0.2772, -2.1394 1.8287 0.2754, -2.1525 1.808 0.2756, -2.1423 1.808 0.2809, -2.1414 1.8149 0.2791, -2.1384 1.8354 0.2736, -2.1384 1.8356 0.2736, -2.1444 1.8356 0.2658, -2.2083 1.8149 0.2347, -2.1407 1.8197 0.2778, -2.2182 1.8009 0.254, -2.1429 1.804 0.2819, -2.1653 1.7872 0.2833, -2.1555 1.7872 0.2848, -2.1549 1.7937 0.2818, -2.1657 1.7806 0.2874, -2.1559 1.7806 0.2878, -2.1847 1.7872 0.2804, -2.1854 1.7806 0.2865, -2.2237 1.7872 0.2745, -2.2247 1.7806 0.2847, -2.1539 1.8009 0.2786, -2.1631 1.8009 0.2751, -2.1644 1.7937 0.2793, -2.1815 1.8009 0.2681, -2.1835 1.7937 0.2744, -2.2216 1.7938 0.2645, -2.2137 1.808 0.2439, -2.1509 1.8149 0.2728, -2.1591 1.8149 0.2674, -2.1613 1.808 0.2711, -2.1755 1.8149 0.2565, -2.1787 1.808 0.262, -2.2019 1.8218 0.2261, -2.1468 1.8287 0.2679, -2.1537 1.8287 0.2608, -2.1566 1.8218 0.2639, -2.1673 1.8287 0.2466, -2.1717 1.8218 0.2513, -2.1947 1.8287 0.2183, -2.1505 1.8356 0.258, -2.1625 1.8356 0.2424, -2.1866 1.8356 0.2113, -2.2248 1.7777 0.2891, -2.1854 1.7777 0.2891, -2.1657 1.7777 0.2891, -2.146 1.7777 0.2891, -2.146 1.7825 0.2877, -2.1453 1.7871 0.2864, -2.1451 1.7884 0.2861, -2.1444 1.7937 0.2847, -2.1434 1.8009 0.2828, -2.1254 1.8356 0.2695, -2.0773 1.8356 0.2717, -2.0771 1.8356 0.2716, -2.1343 1.8356 0.2711, -2.1297 1.8356 0.2697, -2.1264 1.8356 0.2695, -2.0771 1.2549 0.2716, -2.0773 1.2549 0.2717, -2.1505 1.2549 0.258, -2.1625 1.2549 0.2424, -2.1866 1.2549 0.2113, -2.1384 1.2549 0.2736, -2.1343 1.2549 0.2711, -2.1297 1.2549 0.2697, -2.1264 1.2549 0.2695, -2.1254 1.2549 0.2695, -2.1557 1.3059 0.2859, -2.1452 1.3059 0.2873, -2.146 1.3128 0.2891, -2.1543 1.2921 0.2797, -2.1435 1.2921 0.2835, -2.1444 1.299 0.2854, -2.1975 1.2643 0.2211, -2.1548 1.2643 0.2619, -2.1477 1.2643 0.2687, -2.1497 1.2709 0.2711, -2.1518 1.2577 0.2591, -2.1455 1.2577 0.2666, -2.169 1.2643 0.2483, -2.1646 1.2577 0.2441, -2.19 1.2577 0.2141, -2.2041 1.2709 0.2289, -2.2104 1.2781 0.238, -2.2155 1.2852 0.2477, -2.2195 1.2921 0.2577, -2.1559 1.3128 0.2891, -2.1655 1.3059 0.2849, -2.1648 1.299 0.2807, -2.1851 1.3059 0.2827, -2.184 1.299 0.2764, -2.2242 1.3059 0.2785, -2.2224 1.299 0.2679, -2.1657 1.3128 0.2891, -2.1854 1.3128 0.2891, -2.2248 1.3128 0.2891, -2.1385 1.2551 0.2736, -2.1395 1.2597 0.2745, -2.1401 1.2643 0.2758, -2.1409 1.2707 0.2776, -2.1409 1.2709 0.2776, -2.1418 1.278 0.2796, -2.173 1.2709 0.253, -2.1574 1.2709 0.265, -2.1515 1.2781 0.2738, -2.1427 1.2852 0.2816, -2.1767 1.2781 0.2585, -2.1599 1.2781 0.2687, -2.1531 1.2852 0.2767, -2.1428 1.2864 0.2819, -2.1799 1.2852 0.2643, -2.162 1.2852 0.2726, -2.1823 1.2921 0.2703, -2.1636 1.2921 0.2766, -2.1552 1.299 0.2828, -2.1447 1.3021 0.2862, -2.1264 -1.8111 1.6142, -2.3035 -1.8111 1.6142, -2.3035 -1.8898 1.6142, -2.0717 -2.2407 1.6142, -2.1067 -2.2308 1.6142, -2.1029 -2.2097 1.6142, -2.1882 -2.1682 1.6142, -2.1264 -2.1725 1.6142, -2.2508 -2.0866 1.6142, -2.2901 -1.9917 1.6142, 2.1256 -2.1725 1.6142, 2.1256 -2.1725 1.7717, 2.1021 -2.2097 1.7717, 2.1021 -2.2097 1.6142, 2.071 -2.2407 1.7717, 2.071 -2.2407 1.6142, 2.0337 -2.2641 1.7717, 1.9922 -2.2786 1.7717, 1.9484 -2.2835 1.7717, 1.6729 -2.2048 1.7717, 1.6729 -2.2835 1.7717, 1.4366 -2.2048 1.7717, 1.4366 -2.2835 1.7717, 1.1217 -2.2048 1.7717, 1.1217 -2.2835 1.7717, 0.8855 -2.2048 1.7717, 0.8855 -2.2835 1.7717, -0.8862 -2.2048 1.7717, -0.8862 -2.2835 1.7717, -1.1224 -2.2048 1.7717, -1.1224 -2.2835 1.7717, -1.4374 -2.2048 1.7717, -1.4374 -2.2835 1.7717, -1.6736 -2.2048 1.7717, -1.6736 -2.2835 1.7717, -1.9098 -2.2835 1.1063, 1.9091 -2.2835 1.1063, -1.9492 -2.2835 1.7717, -1.9929 -2.2786 1.7717, -2.0344 -2.2641 1.7717, -2.0717 -2.2407 1.7717, -2.1029 -2.2097 1.7717, -2.1264 -2.1725 1.7717, -2.1264 2.3299 1.6142, -2.1264 2.3299 1.7717, -2.1029 2.3671 1.7717, -2.1029 2.3671 1.6142, -2.0717 2.3981 1.7717, -2.0717 2.3981 1.6142, -2.0397 2.4189 1.6142, -2.0344 2.4215 1.7717, -2.0344 2.4215 1.6142, -1.9929 2.436 1.7717, -1.9929 2.436 1.6142, -1.9492 2.4409 1.7717, -1.9492 2.4409 1.6142, -1.6736 2.3622 1.7717, -1.6736 2.3622 1.6142, -1.6736 2.4409 1.7717, -1.6736 2.4409 1.6142, -1.4374 2.3622 1.7717, -1.4374 2.3622 1.6142, -1.4374 2.4409 1.7717, -1.4374 2.4409 1.6142, -1.1224 2.3622 1.7717, -1.1224 2.3622 1.6142, -1.1224 2.4409 1.7717, -1.1224 2.4409 1.6142, -0.8862 2.3622 1.7717, -0.8862 2.3622 1.6142, -0.8862 2.4409 1.7717, -0.8862 2.4409 1.6142, 0.8855 2.3622 1.7717, 0.8855 2.3622 1.6142, 0.8855 2.4409 1.7717, 0.8855 2.4409 1.6142, 1.1217 2.3622 1.7717, 1.1217 2.3622 1.6142, 1.1217 2.4409 1.7717, 1.1217 2.4409 1.6142, 1.4366 2.3622 1.7717, 1.4366 2.3622 1.6142, 1.4366 2.4409 1.7717, 1.4366 2.4409 1.6142, 1.6729 2.3622 1.7717, 1.6729 2.3622 1.6142, 1.6729 2.4409 1.7717, 1.6729 2.4409 1.6142, 2.3258 -0.4036 -0.41, 2.3258 0.561 -0.41, 2.316 -0.4036 -0.3981, 2.316 0.561 -0.3981, 2.3088 -0.4036 -0.3845, 2.3088 0.561 -0.3845, 2.3043 -0.4036 -0.3697, 2.3043 0.561 -0.3697, 2.3028 -0.4036 -0.3543, 2.3028 0.561 -0.3543, 2.3028 -1.6203 0.2891, 2.3023 -1.6232 0.2812, 2.3028 -1.1554 0.2891, 2.2988 -1.1443 0.2588, 2.2955 -1.6364 0.2452, 2.2889 -1.6454 0.2209, 2.2855 -1.1282 0.2162, 2.3013 -1.6284 0.2666, 2.2992 -1.6313 0.2588, 2.2978 -1.1416 0.2511, 2.2969 -1.1391 0.2442, 2.2861 -1.6474 0.2161, 2.2817 -1.6506 0.2084, 2.285 -1.1278 0.2151, 2.266 -1.6619 0.1812, 2.2795 -1.1226 0.2018, 2.2611 -1.6644 0.1763, 2.2307 -1.0975 0.1465, 2.234 -1.0975 0.149, 2.24 -1.1003 0.1543, 2.251 -1.1056 0.164, 2.2627 -1.6635 0.1779, 2.2619 -1.1121 0.1784, 2.2643 -1.1135 0.1816, 2.1173 -1.6782 0.1122, 2.1173 -1.0975 0.1122, 2.1479 -1.0975 0.1134, 2.1479 -1.6782 0.1134, 2.1914 -1.0975 0.1246, 2.1914 -1.6782 0.1246, 2.2307 -1.6782 0.1465, 2.234 -1.6782 0.149, 2.2611 1.2687 0.1763, 2.234 1.2549 0.149, 2.2307 1.2549 0.1465, 2.1173 1.2549 0.1122, 2.1173 1.8356 0.1122, 2.1479 1.8356 0.1134, 2.24 1.8327 0.1543, 2.251 1.8275 0.164, 2.2627 1.2695 0.1779, 2.2619 1.821 0.1784, 2.266 1.2712 0.1812, 2.2643 1.8195 0.1816, 2.2795 1.8105 0.2018, 2.2817 1.2825 0.2084, 2.285 1.8053 0.2151, 2.2861 1.2856 0.2161, 2.2855 1.8049 0.2162, 2.2889 1.2876 0.2209, 2.2969 1.794 0.2442, 2.2978 1.7915 0.2511, 2.2955 1.2967 0.2452, 2.2988 1.7887 0.2588, 2.2992 1.3018 0.2588, 2.3013 1.3047 0.2666, 2.3023 1.3099 0.2812, 2.3028 1.7777 0.2891, 2.3028 1.3128 0.2891, 2.1479 1.2549 0.1134, 2.1914 1.8356 0.1246, 2.1914 1.2549 0.1246, 2.2307 1.8356 0.1465, 2.234 1.8356 0.149, 2.1483 -1.6644 0.2702, 2.1396 -1.6645 0.2772, 2.1386 -1.6713 0.2754, 2.1518 -1.6506 0.2756, 2.1416 -1.6506 0.2809, 2.1406 -1.6575 0.2791, 2.2075 -1.6575 0.2347, 2.1397 -1.6636 0.2774, 2.2175 -1.6435 0.254, 2.142 -1.6474 0.2817, 2.2229 -1.6298 0.2745, 2.1645 -1.6297 0.2833, 2.1548 -1.6297 0.2848, 2.1542 -1.6363 0.2818, 2.1649 -1.6232 0.2874, 2.1551 -1.6232 0.2878, 2.184 -1.6298 0.2804, 2.1846 -1.6232 0.2865, 2.2239 -1.6232 0.2847, 2.2208 -1.6363 0.2645, 2.1532 -1.6435 0.2786, 2.1623 -1.6435 0.2751, 2.1637 -1.6363 0.2793, 2.1807 -1.6435 0.2681, 2.1827 -1.6363 0.2744, 2.2129 -1.6506 0.2439, 2.1502 -1.6575 0.2728, 2.1584 -1.6575 0.2674, 2.1605 -1.6506 0.2711, 2.1748 -1.6575 0.2565, 2.178 -1.6506 0.262, 2.1377 -1.6782 0.2736, 2.1437 -1.6782 0.2658, 2.1461 -1.6713 0.2679, 2.1529 -1.6713 0.2608, 2.1558 -1.6644 0.2639, 2.1666 -1.6713 0.2466, 2.1709 -1.6644 0.2513, 2.1939 -1.6713 0.2183, 2.2012 -1.6644 0.2261, 2.1497 -1.6782 0.258, 2.1617 -1.6782 0.2424, 2.1858 -1.6782 0.2113, 2.224 -1.6203 0.2891, 2.1847 -1.6203 0.2891, 2.165 -1.6203 0.2891, 2.1453 -1.6203 0.2891, 2.1452 -1.6251 0.2877, 2.1446 -1.6297 0.2864, 2.1444 -1.6313 0.286, 2.1436 -1.6363 0.2847, 2.1426 -1.6435 0.2828, 2.155 -1.1485 0.2859, 2.1445 -1.1485 0.2873, 2.1453 -1.1554 0.2891, 2.1536 -1.1347 0.2797, 2.1428 -1.1347 0.2835, 2.1436 -1.1416 0.2854, 2.1967 -1.1069 0.2211, 2.154 -1.1069 0.2619, 2.1469 -1.1069 0.2687, 2.1489 -1.1135 0.2711, 2.1511 -1.1003 0.2591, 2.1447 -1.1003 0.2666, 2.1683 -1.1069 0.2483, 2.1638 -1.1003 0.2441, 2.1893 -1.1003 0.2141, 2.2034 -1.1135 0.2289, 2.2096 -1.1207 0.238, 2.2148 -1.1278 0.2477, 2.2188 -1.1347 0.2577, 2.1551 -1.1554 0.2891, 2.1647 -1.1485 0.2849, 2.164 -1.1416 0.2807, 2.1843 -1.1485 0.2827, 2.1832 -1.1416 0.2764, 2.2234 -1.1485 0.2785, 2.2217 -1.1416 0.2679, 2.165 -1.1554 0.2891, 2.1847 -1.1554 0.2891, 2.224 -1.1554 0.2891, 2.1858 -1.0975 0.2113, 2.1617 -1.0975 0.2424, 2.1497 -1.0975 0.258, 2.1377 -1.0975 0.2736, 2.1388 -1.1023 0.2745, 2.1394 -1.1069 0.2758, 2.14 -1.1121 0.2772, 2.1402 -1.1135 0.2776, 2.141 -1.1206 0.2796, 2.1723 -1.1135 0.253, 2.1567 -1.1135 0.265, 2.1508 -1.1206 0.2738, 2.1419 -1.1278 0.2816, 2.176 -1.1206 0.2585, 2.1592 -1.1206 0.2687, 2.1524 -1.1278 0.2767, 2.142 -1.1282 0.2817, 2.1791 -1.1278 0.2643, 2.1613 -1.1278 0.2726, 2.1815 -1.1347 0.2703, 2.1629 -1.1347 0.2766, 2.1544 -1.1416 0.2828, 2.144 -1.1444 0.2861, 2.3978 -0.4036 -0.7047, 2.2145 -0.4036 -0.5214, 2.3978 0.561 -0.7047, 2.2145 0.561 -0.5214, 2.1483 1.2686 0.2702, 2.1396 1.2686 0.2772, 2.1386 1.2617 0.2754, 2.1518 1.2825 0.2756, 2.1416 1.2825 0.2809, 2.1406 1.2755 0.2791, 2.2075 1.2756 0.2347, 2.1397 1.2695 0.2774, 2.2175 1.2896 0.254, 2.142 1.2856 0.2817, 2.2229 1.3033 0.2745, 2.1645 1.3033 0.2833, 2.1548 1.3033 0.2848, 2.1542 1.2967 0.2818, 2.1649 1.3099 0.2874, 2.1551 1.3099 0.2878, 2.184 1.3033 0.2804, 2.1846 1.3099 0.2865, 2.2239 1.3099 0.2847, 2.2208 1.2967 0.2645, 2.1532 1.2896 0.2786, 2.1623 1.2896 0.2751, 2.1637 1.2967 0.2793, 2.1807 1.2896 0.2681, 2.1827 1.2967 0.2744, 2.2129 1.2825 0.2439, 2.1502 1.2755 0.2728, 2.1584 1.2755 0.2674, 2.1605 1.2825 0.2711, 2.1748 1.2756 0.2565, 2.178 1.2825 0.262, 2.1377 1.2549 0.2736, 2.1437 1.2549 0.2658, 2.1461 1.2618 0.2679, 2.1529 1.2618 0.2608, 2.1558 1.2686 0.2639, 2.1666 1.2618 0.2466, 2.1709 1.2686 0.2513, 2.1939 1.2618 0.2183, 2.2012 1.2687 0.2261, 2.1497 1.2549 0.258, 2.1617 1.2549 0.2424, 2.1858 1.2549 0.2113, 2.224 1.3128 0.2891, 2.1847 1.3128 0.2891, 2.165 1.3128 0.2891, 2.1453 1.3128 0.2891, 2.1452 1.308 0.2877, 2.1446 1.3033 0.2864, 2.1444 1.3018 0.286, 2.1436 1.2968 0.2847, 2.1426 1.2896 0.2828, 2.155 1.7846 0.2859, 2.1445 1.7846 0.2873, 2.1453 1.7777 0.2891, 2.1536 1.7984 0.2797, 2.1428 1.7984 0.2835, 2.1436 1.7914 0.2854, 2.1967 1.8261 0.2211, 2.154 1.8262 0.2619, 2.1469 1.8262 0.2687, 2.1489 1.8196 0.2711, 2.1511 1.8327 0.2591, 2.1447 1.8327 0.2666, 2.1683 1.8261 0.2483, 2.1638 1.8327 0.2441, 2.1893 1.8327 0.2141, 2.2034 1.8196 0.2289, 2.2096 1.8124 0.238, 2.2148 1.8053 0.2477, 2.2188 1.7984 0.2577, 2.1551 1.7777 0.2891, 2.1647 1.7846 0.2849, 2.164 1.7915 0.2807, 2.1843 1.7846 0.2827, 2.1832 1.7915 0.2764, 2.2234 1.7846 0.2785, 2.2217 1.7915 0.2679, 2.165 1.7777 0.2891, 2.1847 1.7777 0.2891, 2.224 1.7777 0.2891, 2.1858 1.8356 0.2113, 2.1617 1.8356 0.2424, 2.1497 1.8356 0.258, 2.1377 1.8356 0.2736, 2.1388 1.8308 0.2745, 2.1394 1.8262 0.2758, 2.14 1.821 0.2772, 2.1402 1.8196 0.2776, 2.141 1.8124 0.2796, 2.1723 1.8196 0.253, 2.1567 1.8196 0.265, 2.1508 1.8124 0.2738, 2.1419 1.8053 0.2816, 2.176 1.8124 0.2585, 2.1592 1.8124 0.2687, 2.1524 1.8053 0.2767, 2.142 1.8048 0.2817, 2.1791 1.8053 0.2643, 2.1613 1.8053 0.2726, 2.1815 1.7984 0.2703, 2.1629 1.7984 0.2766, 2.1544 1.7915 0.2828, 2.144 1.7887 0.2861, 1.9484 2.4409 1.6142, 1.9484 2.4409 1.7717, 1.9922 2.436 1.7717, 1.9922 2.436 1.6142, 2.0337 2.4215 1.7717, 2.0337 2.4215 1.6142, 2.0389 2.4189 1.6142, 2.071 2.3981 1.7717, 2.071 2.3981 1.6142, 2.1021 2.3671 1.7717, 2.1021 2.3671 1.6142, 2.1256 2.3299 1.7717, 2.1256 2.3299 1.6142, -2.3035 2.0472 1.6142, -2.3035 1.9685 1.6142, -2.1264 1.9685 1.6142, -2.2901 2.1491 1.6142, -2.1067 2.3882 1.6142, -2.1882 2.3256 1.6142, -2.2508 2.2441 1.6142, 2.1256 1.9685 1.6142, 2.3028 1.9685 1.6142, 2.3028 2.0472 1.6142, 2.1059 2.3882 1.6142, 2.1875 2.3256 1.6142, 2.25 2.2441 1.6142, 2.2894 2.1491 1.6142, 1.9091 2.4409 1.1063, 1.9091 2.4409 1.6142, 2.011 2.4275 1.6142, 2.011 2.4275 1.1063, 2.1059 2.3882 1.1063, 2.1875 2.3256 1.1063, 2.25 2.2441 1.1063, 2.2894 2.1491 1.1063, 2.3028 2.0472 1.1063, -1.9098 2.4409 1.1063, -1.9098 2.4409 1.6142, -2.3035 2.0472 1.1063, -2.2901 2.1491 1.1063, -2.2508 2.2441 1.1063, -2.1882 2.3256 1.1063, -2.1067 2.3882 1.1063, -2.0117 2.4275 1.1063, -2.0117 2.4275 1.6142, -0.6894 2.6082 0.5669, -0.9011 2.6082 0.5669, -0.6894 2.6592 0.5602, -0.9011 2.6592 0.5602, -0.6894 2.7067 0.5406, -0.9011 2.7067 0.5406, -0.6894 2.7474 0.5093, -0.9011 2.7474 0.5093, -0.6894 2.7787 0.4685, -0.9011 2.7787 0.4685, -0.6894 2.7984 0.421, -0.9011 2.7984 0.421, -0.6894 2.8051 0.3701, -0.9011 2.8051 0.3701, -1.0443 2.8099 0.4865, -1.0443 2.8331 0.4303, -1.0265 2.8453 0.4336, -1.0617 2.8181 0.3701, -1.0584 2.8245 0.3701, -1.0584 2.8172 0.4261, -1.0681 2.8051 0.3701, -1.0681 2.7984 0.421, -1.0681 2.7787 0.4685, -1.0584 2.7956 0.4782, -1.0681 2.7474 0.5093, -1.0584 2.7612 0.523, -1.0681 2.7067 0.5406, -1.0443 2.6685 0.595, -1.0443 2.6082 0.6029, -1.0584 2.6082 0.5864, -1.0502 2.8342 0.3701, -1.0062 2.6738 0.6147, -1.0062 2.6082 0.6233, -1.0265 2.6082 0.6155, -1.0681 2.6082 0.5669, -1.0681 2.6592 0.5602, -1.0584 2.6642 0.579, -1.0584 2.7164 0.5574, -1.0443 2.7246 0.5717, -1.0443 2.7729 0.5347, -1.0265 2.7817 0.5436, -1.0265 2.8207 0.4928, -1.0062 2.8275 0.4967, -1.0062 2.8528 0.4356, -0.9846 2.8554 0.4363, -1.0443 2.8411 0.3701, -1.0354 2.8473 0.3701, -1.0265 2.8536 0.3701, -1.0181 2.8569 0.3701, -0.9846 2.6745 0.6173, -0.9846 2.6082 0.626, -0.963 2.6738 0.6147, -0.963 2.6082 0.6233, -1.0265 2.6717 0.6071, -1.0265 2.7309 0.5826, -1.0062 2.7349 0.5894, -1.0062 2.7873 0.5491, -0.9846 2.7892 0.551, -0.9846 2.8299 0.498, -0.963 2.8275 0.4967, -0.963 2.8528 0.4356, -0.9428 2.8453 0.4336, -1.0062 2.8615 0.3701, -0.999 2.8624 0.3701, -0.9846 2.8641 0.3701, -0.9702 2.8624 0.3701, -0.9428 2.6082 0.6155, -0.9428 2.6717 0.6071, -0.9428 2.7309 0.5826, -0.925 2.6082 0.6029, -0.925 2.6685 0.595, -0.925 2.7246 0.5717, -0.925 2.7729 0.5347, -0.9846 2.7362 0.5917, -0.963 2.7349 0.5894, -0.963 2.7873 0.5491, -0.9428 2.7817 0.5436, -0.9428 2.8207 0.4928, -0.925 2.8099 0.4865, -0.925 2.8331 0.4303, -0.9108 2.8172 0.4261, -0.963 2.8615 0.3701, -0.9512 2.8569 0.3701, -0.9428 2.8536 0.3701, -0.9339 2.8473 0.3701, -0.9108 2.6082 0.5864, -0.9108 2.6642 0.579, -0.9108 2.7164 0.5574, -0.9108 2.7612 0.523, -0.9108 2.7956 0.4782, -0.925 2.8411 0.3701, -0.9191 2.8342 0.3701, -0.9108 2.8245 0.3701, -0.9076 2.8181 0.3701, -1.2799 2.6082 0.5669, -1.2799 2.6592 0.5602, -1.2799 2.7067 0.5406, -1.2799 2.7474 0.5093, -1.2799 2.7787 0.4685, -1.2799 2.7984 0.421, -1.2799 2.8051 0.3701, -1.1027 2.8641 0.3701, -1.2799 2.8641 0.3701, -1.2799 2.8554 0.4363, -1.1027 2.8554 0.4363, -1.2799 2.8299 0.498, -1.1027 2.8299 0.498, -1.2799 2.7892 0.551, -1.1027 2.7892 0.551, -1.2799 2.7362 0.5917, -1.1027 2.7362 0.5917, -1.2799 2.6745 0.6173, -1.1027 2.6745 0.6173, -1.2799 2.6082 0.626, -1.1027 2.6082 0.626, -0.8665 2.8554 0.4363, -0.8665 2.8641 0.3701, -0.8877 2.8864 0.3701, -0.89 2.8793 0.4427, -0.89 2.8889 0.3701, -0.9186 2.8974 0.4476, -0.9186 2.9076 0.3701, -0.9507 2.9086 0.4506, -0.9507 2.9192 0.3701, -0.9541 2.9196 0.3701, -0.9846 2.9125 0.4516, -0.8665 2.6082 0.626, -0.8665 2.6745 0.6173, -0.89 2.6082 0.6508, -0.89 2.6809 0.6412, -0.9186 2.6082 0.6695, -0.9186 2.6857 0.6593, -0.9507 2.6082 0.6811, -0.9507 2.6887 0.6705, -0.9846 2.6082 0.685, -0.9846 2.6898 0.6743, -1.0185 2.6082 0.6811, -1.0185 2.6887 0.6705, -1.0507 2.6082 0.6695, -1.0507 2.6857 0.6593, -1.0792 2.6082 0.6508, -1.0792 2.6809 0.6412, -0.8665 2.7362 0.5917, -0.89 2.7486 0.6132, -0.9186 2.7579 0.6293, -0.9507 2.7637 0.6394, -0.9846 2.7657 0.6428, -1.0185 2.7637 0.6394, -1.0507 2.7579 0.6293, -1.0792 2.7486 0.6132, -0.8665 2.7892 0.551, -0.89 2.8067 0.5685, -0.9186 2.8199 0.5818, -0.9507 2.8282 0.59, -0.9846 2.8309 0.5928, -1.0185 2.8282 0.59, -1.0507 2.8199 0.5818, -1.0792 2.8067 0.5685, -0.8665 2.8299 0.498, -0.89 2.8513 0.5104, -0.9186 2.8675 0.5198, -0.9507 2.8776 0.5256, -0.9846 2.881 0.5276, -1.0185 2.8776 0.5256, -1.0507 2.8675 0.5198, -1.0792 2.8513 0.5104, -1.0185 2.9086 0.4506, -1.0507 2.8974 0.4476, -1.0792 2.8793 0.4427, -0.9846 2.9232 0.3701, -1.0152 2.9196 0.3701, -1.0185 2.9192 0.3701, -1.0507 2.9076 0.3701, -1.0792 2.8889 0.3701, -1.0816 2.8864 0.3701, -0.6894 2.8641 0.3701, -0.6894 2.8554 0.4363, -0.6894 2.8299 0.498, -0.6894 2.7892 0.551, -0.6894 2.7362 0.5917, -0.6894 2.6745 0.6173, -0.6894 2.6082 0.626, 1.2792 2.652 0.562, 1.2792 2.6082 0.5669, 1.0674 2.6082 0.5669, 1.0674 2.6519 0.5612, 1.0674 2.6592 0.5602, 1.2792 2.6936 0.5474, 1.0674 2.6931 0.5462, 1.0674 2.7067 0.5406, 1.2792 2.731 0.524, 1.0674 2.73 0.5227, 1.0674 2.7474 0.5093, 1.2792 2.7621 0.4928, 1.0674 2.7608 0.4918, 1.0674 2.7787 0.4685, 1.2792 2.7856 0.4555, 1.0674 2.7843 0.455, 1.0674 2.7984 0.421, 1.2792 2.8001 0.4139, 1.0674 2.7993 0.4138, 1.2792 2.8051 0.3701, 1.0674 2.8051 0.3701, 1.0577 2.7956 0.4782, 0.9004 2.7474 0.5093, 0.9004 2.7787 0.4685, 0.9101 2.7956 0.4782, 0.9004 2.7067 0.5406, 0.9101 2.7612 0.523, 0.9004 2.6592 0.5602, 0.9101 2.7164 0.5574, 0.9004 2.6082 0.5669, 0.9101 2.6642 0.579, 0.9004 2.8051 0.3701, 0.9068 2.8181 0.3701, 0.9004 2.7984 0.421, 0.9101 2.8172 0.4261, 0.9101 2.8245 0.3701, 0.9183 2.8342 0.3701, 0.9242 2.8331 0.4303, 0.9242 2.8411 0.3701, 0.9331 2.8473 0.3701, 0.942 2.8453 0.4336, 0.942 2.8536 0.3701, 0.9505 2.8569 0.3701, 0.9623 2.8528 0.4356, 0.9623 2.8615 0.3701, 0.9695 2.8624 0.3701, 0.9839 2.8554 0.4363, 0.9839 2.8641 0.3701, 0.9983 2.8624 0.3701, 1.0055 2.8528 0.4356, 1.0055 2.8615 0.3701, 1.0173 2.8569 0.3701, 1.0258 2.8453 0.4336, 1.0258 2.8536 0.3701, 1.0346 2.8473 0.3701, 1.0435 2.8331 0.4303, 0.9242 2.8099 0.4865, 0.942 2.8207 0.4928, 0.9623 2.8275 0.4967, 0.9839 2.8299 0.498, 1.0055 2.8275 0.4967, 1.0258 2.8207 0.4928, 1.0435 2.8099 0.4865, 1.0577 2.8172 0.4261, 1.0577 2.6642 0.579, 0.9101 2.6082 0.5864, 0.9242 2.6685 0.595, 0.9242 2.6082 0.6029, 0.942 2.6717 0.6071, 0.942 2.6082 0.6155, 0.9623 2.6738 0.6147, 0.9623 2.6082 0.6233, 0.9839 2.6745 0.6173, 0.9839 2.6082 0.626, 1.0055 2.6738 0.6147, 1.0055 2.6082 0.6233, 1.0258 2.6717 0.6071, 1.0258 2.6082 0.6155, 1.0435 2.6685 0.595, 1.0435 2.6082 0.6029, 1.0577 2.6082 0.5864, 1.0577 2.7164 0.5574, 0.9242 2.7246 0.5717, 0.942 2.7309 0.5826, 0.9623 2.7349 0.5894, 0.9839 2.7362 0.5917, 1.0055 2.7349 0.5894, 1.0258 2.7309 0.5826, 1.0435 2.7246 0.5717, 1.0577 2.7612 0.523, 0.9242 2.7729 0.5347, 0.942 2.7817 0.5436, 0.9623 2.7873 0.5491, 0.9839 2.7892 0.551, 1.0055 2.7873 0.5491, 1.0258 2.7817 0.5436, 1.0435 2.7729 0.5347, 1.0435 2.8411 0.3701, 1.0494 2.8342 0.3701, 1.0577 2.8245 0.3701, 1.0609 2.8181 0.3701, 0.6886 2.6082 0.5669, 0.6886 2.6592 0.5602, 0.6886 2.7067 0.5406, 0.6886 2.7474 0.5093, 0.6886 2.7787 0.4685, 0.6886 2.7984 0.421, 0.6886 2.8051 0.3701, 0.8658 2.8641 0.3701, 0.6886 2.8641 0.3701, 0.6886 2.8554 0.4363, 0.8658 2.8554 0.4363, 0.6886 2.8299 0.498, 0.8658 2.8299 0.498, 0.6886 2.7892 0.551, 0.8658 2.7892 0.551, 0.6886 2.7362 0.5917, 0.8658 2.7362 0.5917, 0.6886 2.6745 0.6173, 0.8658 2.6745 0.6173, 0.6886 2.6082 0.626, 0.8658 2.6082 0.626, 1.102 2.8066 0.5283, 1.102 2.8299 0.498, 1.0785 2.8513 0.5104, 1.102 2.7665 0.5685, 1.102 2.7892 0.551, 1.0785 2.8067 0.5685, 1.102 2.6745 0.6173, 1.102 2.7186 0.599, 1.0785 2.7486 0.6132, 1.102 2.7362 0.5917, 1.102 2.8567 0.4269, 1.102 2.8641 0.3701, 1.0808 2.8864 0.3701, 1.102 2.8371 0.4804, 1.102 2.8554 0.4363, 1.0785 2.8793 0.4427, 1.0785 2.8889 0.3701, 1.0499 2.8974 0.4476, 1.0499 2.9076 0.3701, 1.0178 2.9086 0.4506, 1.0178 2.9192 0.3701, 1.0144 2.9196 0.3701, 0.9839 2.9125 0.4516, 1.102 2.6082 0.626, 1.102 2.665 0.6185, 1.0785 2.6082 0.6508, 1.0785 2.6809 0.6412, 1.0499 2.6082 0.6695, 1.0499 2.6857 0.6593, 1.0178 2.6082 0.6811, 1.0178 2.6887 0.6705, 0.9839 2.6082 0.685, 0.9839 2.6898 0.6743, 0.95 2.6082 0.6811, 0.95 2.6887 0.6705, 0.9179 2.6082 0.6695, 0.9179 2.6857 0.6593, 0.8893 2.6082 0.6508, 0.8893 2.6809 0.6412, 1.0499 2.7579 0.6293, 1.0178 2.7637 0.6394, 0.9839 2.7657 0.6428, 0.95 2.7637 0.6394, 0.9179 2.7579 0.6293, 0.8893 2.7486 0.6132, 1.0499 2.8199 0.5818, 1.0178 2.8282 0.59, 0.9839 2.8309 0.5928, 0.95 2.8282 0.59, 0.9179 2.8199 0.5818, 0.8893 2.8067 0.5685, 1.0499 2.8675 0.5198, 1.0178 2.8776 0.5256, 0.9839 2.881 0.5276, 0.95 2.8776 0.5256, 0.9179 2.8675 0.5198, 0.8893 2.8513 0.5104, 0.95 2.9086 0.4506, 0.9179 2.8974 0.4476, 0.8893 2.8793 0.4427, 0.9839 2.9232 0.3701, 0.9533 2.9196 0.3701, 0.95 2.9192 0.3701, 0.9179 2.9076 0.3701, 0.8893 2.8889 0.3701, 0.8869 2.8864 0.3701, 1.2792 2.8641 0.3701, 1.2792 2.8577 0.427, 1.2792 2.8388 0.4811, 1.2792 2.8083 0.5296, 1.2792 2.7678 0.5702, 1.2792 2.7193 0.6006, 1.2792 2.6652 0.6196, 1.2792 2.6082 0.626, 2.1247 1.2549 0.2695, 2.0766 1.2549 0.2717, 2.0764 1.2549 0.2716, 1.7393 1.2549 0.2875, 1.7319 1.2549 0.1303, 2.1373 1.2549 0.2733, 2.1329 1.2549 0.2709, 2.1281 1.2549 0.2696, 1.5353 1.8356 0.1396, 1.378 1.6781 0.147, 1.378 1.6092 0.147, 1.5427 1.8356 0.2967, 2.0764 1.8356 0.2716, 2.0766 1.8356 0.2717, 2.1373 1.8356 0.2733, 2.1329 1.8356 0.2709, 2.1281 1.8356 0.2696, 2.1247 1.8356 0.2695, 1.3854 1.6092 0.3042, 1.3854 1.6781 0.3042
            ]
        }
        coordIndex [
            0,1,2,-1,0,2,3,-1,3,2,4,-1,3,4,5,-1,4,6,5,-1,5,6,7,-1,5,7,8,-1,7,9,8,-1,8,9,10,-1,8,10,11,-1,10,12,11,-1,11,12,13,-1,11,13,14,-1,13,15,14,-1,14,15,16,-1,14,16,17,-1,16,18,17,-1,17,18,19,-1,17,19,20,-1,21,22,23,-1,23,22,24,-1,23,24,25,-1,25,24,26,-1,25,26,27,-1,27,26,28,-1,27,28,29,-1,29,28,30,-1,29,30,31,-1,31,30,32,-1,31,32,33,-1,33,32,34,-1,33,34,35,-1,35,34,36,-1,37,38,39,-1,40,41,42,-1,43,44,45,-1,46,40,47,-1,47,40,42,-1,47,42,48,-1,48,42,49,-1,48,49,50,-1,50,49,51,-1,50,51,52,-1,41,53,42,-1,42,53,38,-1,42,38,49,-1,49,38,37,-1,49,37,51,-1,54,55,56,-1,57,58,55,-1,59,60,61,-1,61,60,62,-1,61,62,63,-1,63,62,64,-1,63,64,65,-1,65,64,66,-1,65,66,67,-1,67,66,68,-1,67,68,69,-1,53,70,38,-1,38,70,71,-1,38,71,39,-1,39,71,72,-1,39,72,73,-1,60,52,62,-1,62,52,51,-1,62,51,64,-1,64,51,37,-1,64,37,66,-1,66,37,39,-1,66,39,68,-1,68,39,73,-1,74,75,58,-1,76,75,77,-1,77,75,74,-1,77,74,78,-1,44,43,79,-1,79,43,80,-1,79,80,81,-1,81,80,82,-1,81,82,83,-1,83,82,84,-1,83,84,85,-1,85,84,86,-1,85,86,87,-1,87,86,88,-1,87,88,89,-1,73,90,68,-1,68,90,91,-1,68,91,69,-1,69,91,92,-1,69,92,93,-1,45,59,43,-1,43,59,61,-1,43,61,80,-1,80,61,63,-1,80,63,82,-1,82,63,65,-1,82,65,84,-1,84,65,67,-1,84,67,86,-1,86,67,69,-1,86,69,88,-1,88,69,93,-1,94,76,95,-1,95,76,77,-1,95,77,96,-1,96,77,78,-1,96,78,97,-1,98,94,99,-1,99,94,95,-1,99,95,100,-1,100,95,96,-1,100,96,101,-1,101,96,97,-1,101,97,102,-1,55,54,57,-1,57,54,103,-1,57,103,104,-1,104,103,105,-1,104,105,106,-1,106,105,107,-1,106,107,108,-1,108,107,109,-1,108,109,110,-1,110,109,111,-1,110,111,112,-1,93,113,88,-1,88,113,114,-1,88,114,89,-1,89,114,115,-1,89,115,116,-1,116,111,89,-1,89,111,109,-1,89,109,87,-1,87,109,107,-1,87,107,85,-1,85,107,105,-1,85,105,83,-1,83,105,103,-1,83,103,81,-1,81,103,54,-1,81,54,79,-1,79,54,56,-1,79,56,44,-1,117,98,118,-1,118,98,99,-1,118,99,119,-1,119,99,100,-1,119,100,120,-1,120,100,101,-1,120,101,121,-1,121,101,102,-1,121,102,122,-1,22,117,24,-1,24,117,118,-1,24,118,26,-1,26,118,119,-1,26,119,28,-1,28,119,120,-1,28,120,30,-1,30,120,121,-1,30,121,32,-1,32,121,122,-1,32,122,34,-1,116,123,111,-1,111,123,124,-1,111,124,112,-1,112,124,125,-1,112,125,126,-1,58,57,74,-1,74,57,104,-1,74,104,78,-1,78,104,106,-1,78,106,97,-1,97,106,108,-1,97,108,102,-1,102,108,110,-1,102,110,122,-1,122,110,112,-1,122,112,34,-1,34,112,126,-1,34,126,36,-1,45,127,59,-1,59,127,128,-1,59,128,60,-1,60,128,129,-1,60,129,52,-1,52,129,130,-1,52,130,50,-1,50,130,131,-1,50,131,48,-1,48,131,132,-1,48,132,47,-1,47,132,133,-1,47,133,46,-1,46,133,134,-1,135,136,137,-1,137,136,138,-1,139,140,141,-1,141,140,142,-1,141,142,143,-1,143,142,144,-1,143,144,145,-1,145,144,146,-1,145,146,147,-1,147,146,148,-1,147,148,149,-1,149,148,150,-1,149,150,151,-1,151,150,152,-1,151,152,153,-1,153,152,154,-1,153,154,155,-1,155,154,156,-1,155,156,157,-1,157,156,158,-1,157,158,159,-1,159,158,160,-1,159,160,161,-1,161,160,162,-1,161,162,136,-1,136,162,138,-1,163,164,165,-1,165,164,166,-1,166,164,167,-1,167,164,168,-1,167,168,169,-1,169,168,170,-1,170,168,171,-1,170,171,172,-1,172,171,173,-1,173,171,174,-1,173,174,175,-1,175,174,176,-1,176,174,177,-1,176,177,178,-1,178,177,179,-1,179,177,180,-1,179,180,181,-1,181,180,182,-1,181,182,183,-1,169,170,184,-1,172,173,185,-1,175,176,186,-1,178,179,187,-1,181,183,188,-1,9,7,189,-1,12,10,190,-1,16,15,191,-1,12,190,13,-1,1,192,2,-1,2,192,193,-1,2,193,4,-1,4,193,6,-1,192,194,193,-1,193,194,195,-1,193,195,196,-1,7,6,189,-1,189,6,193,-1,189,193,197,-1,197,193,196,-1,197,196,198,-1,198,196,199,-1,198,199,200,-1,200,199,201,-1,200,201,202,-1,202,201,203,-1,202,203,204,-1,195,205,196,-1,196,205,206,-1,196,206,199,-1,199,206,207,-1,199,207,201,-1,201,207,208,-1,201,208,203,-1,203,208,209,-1,10,9,190,-1,190,9,189,-1,190,189,210,-1,210,189,197,-1,210,197,211,-1,211,197,198,-1,211,198,212,-1,212,198,200,-1,212,200,213,-1,213,200,202,-1,213,202,214,-1,214,202,204,-1,214,204,185,-1,215,216,184,-1,179,181,187,-1,187,181,188,-1,187,188,217,-1,217,188,218,-1,217,218,219,-1,219,218,220,-1,219,220,221,-1,221,220,222,-1,221,222,223,-1,223,222,224,-1,223,224,225,-1,225,224,226,-1,225,226,227,-1,227,226,228,-1,227,228,18,-1,18,228,19,-1,176,178,186,-1,186,178,187,-1,186,187,229,-1,229,187,217,-1,229,217,230,-1,230,217,219,-1,230,219,231,-1,231,219,221,-1,231,221,232,-1,232,221,223,-1,232,223,233,-1,233,223,225,-1,233,225,191,-1,191,225,227,-1,191,227,16,-1,16,227,18,-1,173,175,185,-1,185,175,186,-1,185,186,214,-1,214,186,229,-1,214,229,213,-1,213,229,230,-1,213,230,212,-1,212,230,231,-1,212,231,211,-1,211,231,232,-1,211,232,210,-1,210,232,233,-1,210,233,190,-1,190,233,191,-1,190,191,13,-1,13,191,15,-1,209,234,203,-1,203,234,215,-1,203,215,204,-1,204,215,184,-1,204,184,185,-1,185,184,170,-1,185,170,172,-1,234,235,215,-1,215,235,236,-1,215,236,216,-1,216,236,237,-1,216,237,238,-1,169,184,167,-1,167,184,216,-1,167,216,166,-1,166,216,238,-1,166,238,165,-1,239,240,241,-1,242,243,241,-1,241,243,244,-1,241,244,239,-1,245,246,247,-1,247,246,248,-1,249,250,251,-1,251,250,252,-1,253,254,255,-1,255,254,256,-1,257,258,259,-1,259,258,260,-1,261,262,263,-1,264,265,263,-1,263,265,266,-1,263,266,261,-1,267,268,269,-1,269,268,270,-1,269,270,271,-1,271,270,272,-1,273,271,274,-1,274,271,272,-1,275,269,273,-1,273,269,271,-1,276,267,275,-1,275,267,269,-1,277,278,279,-1,279,278,280,-1,281,277,282,-1,282,277,279,-1,283,281,284,-1,284,281,282,-1,281,283,277,-1,277,283,285,-1,277,285,278,-1,278,285,286,-1,287,288,289,-1,290,291,292,-1,292,291,293,-1,294,295,296,-1,291,297,293,-1,293,297,298,-1,293,298,299,-1,299,298,294,-1,299,294,300,-1,300,294,296,-1,295,301,296,-1,296,301,302,-1,296,302,303,-1,303,302,304,-1,303,304,305,-1,289,306,287,-1,287,306,307,-1,287,307,308,-1,308,307,309,-1,308,309,304,-1,304,309,310,-1,304,310,305,-1,270,268,311,-1,270,311,312,-1,312,311,313,-1,312,313,314,-1,314,313,315,-1,314,315,289,-1,289,315,316,-1,289,316,306,-1,317,318,319,-1,319,318,320,-1,319,320,321,-1,321,320,322,-1,321,322,323,-1,323,322,324,-1,325,326,327,-1,327,326,328,-1,327,328,329,-1,329,328,330,-1,329,330,331,-1,327,332,325,-1,325,332,333,-1,325,333,334,-1,334,333,335,-1,334,335,336,-1,336,335,337,-1,337,335,338,-1,338,335,339,-1,338,339,340,-1,341,342,343,-1,341,343,344,-1,344,343,345,-1,344,345,346,-1,346,345,347,-1,346,347,348,-1,348,347,349,-1,348,349,350,-1,350,349,351,-1,350,351,352,-1,352,351,353,-1,352,353,354,-1,354,353,355,-1,354,355,330,-1,330,355,356,-1,330,356,331,-1,357,358,359,-1,359,358,360,-1,361,362,363,-1,364,365,366,-1,308,304,367,-1,362,361,368,-1,301,295,369,-1,365,364,370,-1,298,297,371,-1,372,373,374,-1,375,376,373,-1,373,372,375,-1,375,372,377,-1,375,377,378,-1,378,377,371,-1,378,371,379,-1,379,371,297,-1,379,297,291,-1,380,294,298,-1,370,364,381,-1,381,364,382,-1,381,382,383,-1,383,382,384,-1,383,384,385,-1,385,384,369,-1,385,369,380,-1,380,369,295,-1,380,295,294,-1,386,302,301,-1,368,361,387,-1,387,361,388,-1,387,388,389,-1,389,388,390,-1,389,390,391,-1,391,390,367,-1,391,367,386,-1,386,367,304,-1,386,304,302,-1,392,393,394,-1,394,393,395,-1,394,395,396,-1,396,395,397,-1,396,397,398,-1,398,397,399,-1,398,399,400,-1,400,399,287,-1,400,287,308,-1,393,401,395,-1,395,401,402,-1,395,402,397,-1,397,402,403,-1,397,403,399,-1,399,403,288,-1,399,288,287,-1,291,290,379,-1,379,290,404,-1,379,404,378,-1,378,404,405,-1,378,405,375,-1,375,405,406,-1,375,406,376,-1,376,406,407,-1,407,408,376,-1,376,408,409,-1,376,409,373,-1,373,409,410,-1,373,410,374,-1,374,410,411,-1,374,411,412,-1,298,371,380,-1,380,371,377,-1,380,377,385,-1,385,377,372,-1,385,372,383,-1,383,372,374,-1,383,374,381,-1,381,374,412,-1,381,412,370,-1,301,369,386,-1,386,369,384,-1,386,384,391,-1,391,384,382,-1,391,382,389,-1,389,382,364,-1,389,364,387,-1,387,364,366,-1,387,366,368,-1,308,367,400,-1,400,367,390,-1,400,390,398,-1,398,390,388,-1,398,388,396,-1,396,388,361,-1,396,361,394,-1,394,361,363,-1,394,363,392,-1,413,414,415,-1,274,272,270,-1,393,392,416,-1,393,416,401,-1,274,270,415,-1,415,270,312,-1,415,312,413,-1,288,403,289,-1,289,403,402,-1,402,401,289,-1,289,401,416,-1,289,416,314,-1,314,416,417,-1,314,417,312,-1,312,417,418,-1,312,418,413,-1,419,316,315,-1,267,276,268,-1,268,276,420,-1,268,420,311,-1,311,420,421,-1,422,315,423,-1,423,315,313,-1,423,313,424,-1,424,313,311,-1,424,311,425,-1,425,311,421,-1,422,426,427,-1,422,427,315,-1,315,427,428,-1,315,428,419,-1,429,430,431,-1,432,433,434,-1,309,307,435,-1,436,437,438,-1,439,440,437,-1,437,436,439,-1,439,436,441,-1,439,441,442,-1,442,441,435,-1,442,435,443,-1,443,435,307,-1,443,307,306,-1,444,310,309,-1,310,444,305,-1,303,305,445,-1,296,303,446,-1,447,300,296,-1,300,447,299,-1,431,448,429,-1,429,448,449,-1,429,449,450,-1,450,449,451,-1,450,451,452,-1,452,451,453,-1,452,453,454,-1,454,453,293,-1,454,293,299,-1,448,455,449,-1,449,455,456,-1,449,456,451,-1,451,456,457,-1,451,457,453,-1,453,457,292,-1,453,292,293,-1,306,316,443,-1,443,316,419,-1,443,419,442,-1,442,419,428,-1,442,428,439,-1,439,428,427,-1,439,427,440,-1,440,427,426,-1,426,458,440,-1,440,458,459,-1,440,459,437,-1,437,459,460,-1,437,460,438,-1,438,460,461,-1,438,461,462,-1,309,435,444,-1,444,435,441,-1,444,441,463,-1,463,441,436,-1,463,436,464,-1,464,436,438,-1,464,438,465,-1,465,438,462,-1,465,462,466,-1,305,444,445,-1,445,444,463,-1,445,463,467,-1,467,463,464,-1,467,464,468,-1,468,464,465,-1,468,465,469,-1,469,465,466,-1,469,466,470,-1,303,445,446,-1,446,445,467,-1,446,467,471,-1,471,467,468,-1,471,468,472,-1,472,468,469,-1,472,469,432,-1,432,469,470,-1,432,470,433,-1,296,446,447,-1,447,446,471,-1,447,471,473,-1,473,471,472,-1,473,472,474,-1,474,472,432,-1,474,432,475,-1,475,432,434,-1,475,434,476,-1,299,447,454,-1,454,447,473,-1,454,473,452,-1,452,473,474,-1,452,474,450,-1,450,474,475,-1,450,475,429,-1,429,475,476,-1,429,476,430,-1,477,478,479,-1,480,481,482,-1,483,484,485,-1,354,330,486,-1,478,477,487,-1,326,325,488,-1,481,480,489,-1,490,491,492,-1,493,494,491,-1,491,490,493,-1,493,490,495,-1,493,495,496,-1,496,495,497,-1,496,497,498,-1,338,498,337,-1,337,498,497,-1,337,497,336,-1,336,497,334,-1,489,480,499,-1,499,480,500,-1,499,500,501,-1,501,500,502,-1,501,502,503,-1,503,502,488,-1,503,488,504,-1,504,488,325,-1,504,325,334,-1,505,328,326,-1,487,477,506,-1,506,477,507,-1,506,507,508,-1,508,507,509,-1,508,509,510,-1,510,509,486,-1,510,486,505,-1,505,486,330,-1,505,330,328,-1,511,352,354,-1,483,485,512,-1,512,485,513,-1,512,513,514,-1,514,513,515,-1,514,515,516,-1,516,515,517,-1,516,517,511,-1,511,517,350,-1,511,350,352,-1,485,518,513,-1,513,518,519,-1,513,519,515,-1,515,519,520,-1,515,520,517,-1,517,520,348,-1,517,348,350,-1,338,340,498,-1,498,340,521,-1,498,521,496,-1,496,521,522,-1,496,522,493,-1,493,522,523,-1,493,523,494,-1,494,523,524,-1,524,525,494,-1,494,525,526,-1,494,526,491,-1,491,526,527,-1,491,527,492,-1,492,527,528,-1,492,528,529,-1,334,497,504,-1,504,497,495,-1,504,495,503,-1,503,495,490,-1,503,490,501,-1,501,490,492,-1,501,492,499,-1,499,492,529,-1,499,529,489,-1,326,488,505,-1,505,488,502,-1,505,502,510,-1,510,502,500,-1,510,500,508,-1,508,500,480,-1,508,480,506,-1,506,480,482,-1,506,482,487,-1,354,486,511,-1,511,486,509,-1,511,509,516,-1,516,509,507,-1,516,507,514,-1,514,507,477,-1,514,477,512,-1,512,477,479,-1,512,479,483,-1,530,531,532,-1,485,484,533,-1,485,533,518,-1,348,520,346,-1,346,520,519,-1,519,518,346,-1,346,518,533,-1,346,533,344,-1,344,533,534,-1,344,534,341,-1,341,534,535,-1,535,530,341,-1,341,530,532,-1,341,532,286,-1,286,532,280,-1,286,280,278,-1,283,284,285,-1,285,284,536,-1,285,536,342,-1,342,536,537,-1,538,539,345,-1,345,539,540,-1,345,540,347,-1,541,538,542,-1,542,538,345,-1,542,345,543,-1,543,345,343,-1,543,343,544,-1,544,343,342,-1,544,342,545,-1,545,342,537,-1,546,547,548,-1,549,550,551,-1,355,353,552,-1,349,347,540,-1,553,554,555,-1,556,557,554,-1,554,553,556,-1,556,553,558,-1,556,558,559,-1,559,558,552,-1,559,552,560,-1,560,552,353,-1,560,353,351,-1,561,356,355,-1,356,561,331,-1,329,331,562,-1,327,329,563,-1,564,332,327,-1,332,564,333,-1,548,565,546,-1,546,565,566,-1,546,566,567,-1,567,566,568,-1,567,568,569,-1,569,568,570,-1,569,570,571,-1,571,570,335,-1,571,335,333,-1,565,572,566,-1,566,572,573,-1,566,573,568,-1,568,573,574,-1,568,574,570,-1,570,574,339,-1,570,339,335,-1,351,349,560,-1,560,349,540,-1,560,540,559,-1,559,540,539,-1,559,539,556,-1,556,539,538,-1,556,538,557,-1,557,538,541,-1,557,541,575,-1,575,576,557,-1,557,576,577,-1,557,577,554,-1,554,577,578,-1,554,578,555,-1,555,578,579,-1,555,579,580,-1,355,552,561,-1,561,552,558,-1,561,558,581,-1,581,558,553,-1,581,553,582,-1,582,553,555,-1,582,555,583,-1,583,555,580,-1,583,580,584,-1,331,561,562,-1,562,561,581,-1,562,581,585,-1,585,581,582,-1,585,582,586,-1,586,582,583,-1,586,583,587,-1,587,583,584,-1,587,584,588,-1,329,562,563,-1,563,562,585,-1,563,585,589,-1,589,585,586,-1,589,586,590,-1,590,586,587,-1,590,587,549,-1,549,587,588,-1,549,588,550,-1,327,563,564,-1,564,563,589,-1,564,589,591,-1,591,589,590,-1,591,590,592,-1,592,590,549,-1,592,549,593,-1,593,549,551,-1,593,551,594,-1,333,564,571,-1,571,564,591,-1,571,591,569,-1,569,591,592,-1,569,592,567,-1,567,592,593,-1,567,593,546,-1,546,593,594,-1,546,594,547,-1,595,596,597,-1,240,598,599,-1,599,598,600,-1,599,600,601,-1,601,600,602,-1,601,602,603,-1,603,602,595,-1,603,595,604,-1,604,595,597,-1,605,606,607,-1,605,607,608,-1,608,607,609,-1,608,609,610,-1,610,609,264,-1,264,609,611,-1,264,611,265,-1,265,611,612,-1,265,612,266,-1,266,612,613,-1,266,613,261,-1,614,257,615,-1,615,257,259,-1,616,258,614,-1,614,258,257,-1,617,260,616,-1,616,260,258,-1,618,253,619,-1,619,253,255,-1,620,254,618,-1,618,254,253,-1,621,256,620,-1,620,256,254,-1,622,249,623,-1,623,249,251,-1,624,250,622,-1,622,250,249,-1,625,252,624,-1,624,252,250,-1,626,245,627,-1,627,245,247,-1,628,246,626,-1,626,246,245,-1,629,248,628,-1,628,248,246,-1,260,630,631,-1,261,613,262,-1,262,613,615,-1,262,615,631,-1,631,615,259,-1,631,259,260,-1,256,621,623,-1,251,252,630,-1,623,251,256,-1,256,251,630,-1,256,630,255,-1,255,630,260,-1,255,260,619,-1,619,260,617,-1,632,243,629,-1,629,243,242,-1,629,242,248,-1,248,242,630,-1,248,630,247,-1,247,630,252,-1,247,252,627,-1,627,252,625,-1,243,632,633,-1,243,633,244,-1,244,633,634,-1,244,634,239,-1,239,634,240,-1,240,634,635,-1,240,635,598,-1,598,635,636,-1,598,636,600,-1,600,636,637,-1,600,637,602,-1,638,639,640,-1,638,640,641,-1,641,640,642,-1,641,642,643,-1,643,642,644,-1,644,642,645,-1,644,645,646,-1,646,645,647,-1,646,647,648,-1,648,647,649,-1,648,649,650,-1,651,652,653,-1,653,652,654,-1,655,656,651,-1,651,656,652,-1,657,658,655,-1,655,658,656,-1,659,660,661,-1,661,660,662,-1,663,664,659,-1,659,664,660,-1,665,666,663,-1,663,666,664,-1,667,668,669,-1,669,668,670,-1,671,672,667,-1,667,672,668,-1,673,674,671,-1,671,674,672,-1,675,676,677,-1,677,676,678,-1,679,680,675,-1,675,680,676,-1,681,682,679,-1,679,682,680,-1,683,684,685,-1,685,684,686,-1,685,686,687,-1,687,686,688,-1,687,688,689,-1,689,688,690,-1,689,690,691,-1,691,690,692,-1,693,694,695,-1,695,694,696,-1,697,698,699,-1,694,700,696,-1,696,700,701,-1,696,701,702,-1,702,701,697,-1,702,697,703,-1,703,697,699,-1,698,704,699,-1,699,704,705,-1,699,705,706,-1,706,705,707,-1,706,707,708,-1,709,710,711,-1,711,712,709,-1,709,712,713,-1,709,713,714,-1,714,713,715,-1,714,715,707,-1,707,715,716,-1,707,716,708,-1,717,718,719,-1,717,719,720,-1,720,719,721,-1,720,721,722,-1,722,721,710,-1,722,710,723,-1,723,710,709,-1,723,709,724,-1,725,726,727,-1,728,729,730,-1,727,731,725,-1,725,731,732,-1,725,732,733,-1,733,732,734,-1,733,734,735,-1,734,736,735,-1,735,736,737,-1,735,737,738,-1,738,737,739,-1,738,739,740,-1,740,739,741,-1,740,741,742,-1,741,743,742,-1,742,743,744,-1,742,744,745,-1,745,744,746,-1,745,746,747,-1,747,746,748,-1,748,746,749,-1,749,746,750,-1,749,750,751,-1,728,730,752,-1,752,730,753,-1,752,753,754,-1,754,753,755,-1,754,755,727,-1,727,755,756,-1,727,756,731,-1,757,758,759,-1,760,761,762,-1,714,707,763,-1,758,757,764,-1,704,698,765,-1,761,760,766,-1,701,700,767,-1,768,769,770,-1,771,772,769,-1,769,768,771,-1,771,768,773,-1,771,773,774,-1,774,773,767,-1,774,767,775,-1,775,767,700,-1,775,700,694,-1,776,697,701,-1,766,760,777,-1,777,760,778,-1,777,778,779,-1,779,778,780,-1,779,780,781,-1,781,780,765,-1,781,765,776,-1,776,765,698,-1,776,698,697,-1,782,705,704,-1,764,757,783,-1,783,757,784,-1,783,784,785,-1,785,784,786,-1,785,786,787,-1,787,786,763,-1,787,763,782,-1,782,763,707,-1,782,707,705,-1,788,789,790,-1,790,789,791,-1,790,791,792,-1,792,791,793,-1,792,793,794,-1,794,793,795,-1,794,795,796,-1,796,795,709,-1,796,709,714,-1,789,797,791,-1,791,797,798,-1,791,798,793,-1,793,798,799,-1,793,799,795,-1,795,799,724,-1,795,724,709,-1,694,693,775,-1,775,693,800,-1,775,800,774,-1,774,800,801,-1,774,801,771,-1,771,801,802,-1,771,802,772,-1,772,802,803,-1,803,804,772,-1,772,804,805,-1,772,805,769,-1,769,805,806,-1,769,806,770,-1,770,806,807,-1,770,807,808,-1,701,767,776,-1,776,767,773,-1,776,773,781,-1,781,773,768,-1,781,768,779,-1,779,768,770,-1,779,770,777,-1,777,770,808,-1,777,808,766,-1,704,765,782,-1,782,765,780,-1,782,780,787,-1,787,780,778,-1,787,778,785,-1,785,778,760,-1,785,760,783,-1,783,760,762,-1,783,762,764,-1,714,763,796,-1,796,763,786,-1,796,786,794,-1,794,786,784,-1,794,784,792,-1,792,784,757,-1,792,757,790,-1,790,757,759,-1,790,759,788,-1,809,810,811,-1,812,813,814,-1,715,713,815,-1,816,817,818,-1,819,820,817,-1,817,816,819,-1,819,816,821,-1,819,821,822,-1,822,821,815,-1,822,815,823,-1,823,815,713,-1,823,713,712,-1,824,716,715,-1,716,824,708,-1,706,708,825,-1,699,706,826,-1,827,703,699,-1,703,827,702,-1,811,828,809,-1,809,828,829,-1,809,829,830,-1,830,829,831,-1,830,831,832,-1,832,831,833,-1,832,833,834,-1,834,833,696,-1,834,696,702,-1,828,835,829,-1,829,835,836,-1,829,836,831,-1,831,836,837,-1,831,837,833,-1,833,837,695,-1,833,695,696,-1,712,711,823,-1,823,711,838,-1,823,838,822,-1,822,838,839,-1,822,839,819,-1,819,839,840,-1,819,840,820,-1,820,840,841,-1,841,842,820,-1,820,842,843,-1,820,843,817,-1,817,843,844,-1,817,844,818,-1,818,844,845,-1,818,845,846,-1,715,815,824,-1,824,815,821,-1,824,821,847,-1,847,821,816,-1,847,816,848,-1,848,816,818,-1,848,818,849,-1,849,818,846,-1,849,846,850,-1,708,824,825,-1,825,824,847,-1,825,847,851,-1,851,847,848,-1,851,848,852,-1,852,848,849,-1,852,849,853,-1,853,849,850,-1,853,850,854,-1,706,825,826,-1,826,825,851,-1,826,851,855,-1,855,851,852,-1,855,852,856,-1,856,852,853,-1,856,853,812,-1,812,853,854,-1,812,854,813,-1,699,826,827,-1,827,826,855,-1,827,855,857,-1,857,855,856,-1,857,856,858,-1,858,856,812,-1,858,812,859,-1,859,812,814,-1,859,814,860,-1,702,827,834,-1,834,827,857,-1,834,857,832,-1,832,857,858,-1,832,858,830,-1,830,858,859,-1,830,859,809,-1,809,859,860,-1,809,860,810,-1,861,862,863,-1,863,862,864,-1,865,866,867,-1,868,869,870,-1,733,735,871,-1,866,865,872,-1,740,742,873,-1,869,868,874,-1,747,748,875,-1,876,877,878,-1,879,880,877,-1,877,876,879,-1,879,876,881,-1,879,881,882,-1,882,881,875,-1,882,875,883,-1,883,875,748,-1,883,748,749,-1,884,745,747,-1,874,868,885,-1,885,868,886,-1,885,886,887,-1,887,886,888,-1,887,888,889,-1,889,888,873,-1,889,873,884,-1,884,873,742,-1,884,742,745,-1,890,738,740,-1,872,865,891,-1,891,865,892,-1,891,892,893,-1,893,892,894,-1,893,894,895,-1,895,894,871,-1,895,871,890,-1,890,871,735,-1,890,735,738,-1,896,897,898,-1,898,897,899,-1,898,899,900,-1,900,899,901,-1,900,901,902,-1,902,901,903,-1,902,903,904,-1,904,903,725,-1,904,725,733,-1,897,905,899,-1,899,905,906,-1,899,906,901,-1,901,906,907,-1,901,907,903,-1,903,907,726,-1,903,726,725,-1,749,751,883,-1,883,751,908,-1,883,908,882,-1,882,908,909,-1,882,909,879,-1,879,909,910,-1,879,910,880,-1,880,910,911,-1,911,912,880,-1,880,912,913,-1,880,913,877,-1,877,913,914,-1,877,914,878,-1,878,914,915,-1,878,915,916,-1,747,875,884,-1,884,875,881,-1,884,881,889,-1,889,881,876,-1,889,876,887,-1,887,876,878,-1,887,878,885,-1,885,878,916,-1,885,916,874,-1,740,873,890,-1,890,873,888,-1,890,888,895,-1,895,888,886,-1,895,886,893,-1,893,886,868,-1,893,868,891,-1,891,868,870,-1,891,870,872,-1,733,871,904,-1,904,871,894,-1,904,894,902,-1,902,894,892,-1,902,892,900,-1,900,892,865,-1,900,865,898,-1,898,865,867,-1,898,867,896,-1,917,918,919,-1,920,921,922,-1,734,732,923,-1,924,925,926,-1,927,928,925,-1,925,924,927,-1,927,924,929,-1,927,929,930,-1,930,929,923,-1,930,923,931,-1,931,923,732,-1,931,732,731,-1,932,736,734,-1,736,932,737,-1,739,737,933,-1,741,739,934,-1,935,743,741,-1,743,935,744,-1,919,936,917,-1,917,936,937,-1,917,937,938,-1,938,937,939,-1,938,939,940,-1,940,939,941,-1,940,941,942,-1,942,941,746,-1,942,746,744,-1,936,943,937,-1,937,943,944,-1,937,944,939,-1,939,944,945,-1,939,945,941,-1,941,945,750,-1,941,750,746,-1,731,756,931,-1,931,756,946,-1,931,946,930,-1,930,946,947,-1,930,947,927,-1,927,947,948,-1,927,948,928,-1,928,948,949,-1,949,950,928,-1,928,950,951,-1,928,951,925,-1,925,951,952,-1,925,952,926,-1,926,952,953,-1,926,953,954,-1,734,923,932,-1,932,923,929,-1,932,929,955,-1,955,929,924,-1,955,924,956,-1,956,924,926,-1,956,926,957,-1,957,926,954,-1,957,954,958,-1,737,932,933,-1,933,932,955,-1,933,955,959,-1,959,955,956,-1,959,956,960,-1,960,956,957,-1,960,957,961,-1,961,957,958,-1,961,958,962,-1,739,933,934,-1,934,933,959,-1,934,959,963,-1,963,959,960,-1,963,960,964,-1,964,960,961,-1,964,961,920,-1,920,961,962,-1,920,962,921,-1,741,934,935,-1,935,934,963,-1,935,963,965,-1,965,963,964,-1,965,964,966,-1,966,964,920,-1,966,920,967,-1,967,920,922,-1,967,922,968,-1,744,935,942,-1,942,935,965,-1,942,965,940,-1,940,965,966,-1,940,966,938,-1,938,966,967,-1,938,967,917,-1,917,967,968,-1,917,968,918,-1,969,970,971,-1,969,971,972,-1,972,971,973,-1,972,973,974,-1,974,973,975,-1,975,973,976,-1,975,976,977,-1,977,976,978,-1,977,978,979,-1,979,978,980,-1,979,980,981,-1,982,983,984,-1,982,984,985,-1,644,986,643,-1,643,986,641,-1,641,986,638,-1,638,986,987,-1,638,987,984,-1,984,987,988,-1,984,988,985,-1,989,990,991,-1,975,977,992,-1,992,977,979,-1,992,979,993,-1,993,979,981,-1,993,981,994,-1,994,981,989,-1,994,989,995,-1,995,989,991,-1,996,997,998,-1,996,998,999,-1,999,998,975,-1,999,975,1000,-1,975,992,1000,-1,1000,992,993,-1,1000,993,1001,-1,1001,993,994,-1,1001,994,1002,-1,1002,994,995,-1,1002,995,1003,-1,1003,995,991,-1,1003,991,1004,-1,658,996,1005,-1,650,649,1006,-1,1006,649,653,-1,1006,653,1005,-1,1005,653,654,-1,1005,654,658,-1,666,665,669,-1,670,674,996,-1,669,670,666,-1,666,670,996,-1,666,996,662,-1,662,996,658,-1,662,658,661,-1,661,658,657,-1,673,677,674,-1,674,677,678,-1,674,678,996,-1,996,678,682,-1,996,682,997,-1,997,682,681,-1,997,681,969,-1,969,681,970,-1,1007,982,985,-1,1007,985,1008,-1,1008,985,988,-1,1008,988,1009,-1,1009,988,987,-1,1009,987,1010,-1,1010,987,986,-1,1010,986,1011,-1,1011,986,644,-1,1011,644,1012,-1,644,1013,1012,-1,1012,1013,1006,-1,1012,1006,1005,-1,1014,1015,1016,-1,1016,1015,1017,-1,1016,1017,1018,-1,1018,1017,1019,-1,1018,1019,1020,-1,1020,1019,1021,-1,1020,1021,1022,-1,1022,1021,1023,-1,1022,1023,1024,-1,1024,1023,1025,-1,1024,1025,1026,-1,1026,1025,1027,-1,1028,1029,1030,-1,1031,1032,1033,-1,1034,1031,1035,-1,1035,1031,1033,-1,1035,1033,1036,-1,1036,1033,1037,-1,1036,1037,1038,-1,1038,1037,1039,-1,1038,1039,1040,-1,1041,1042,1043,-1,1032,1044,1033,-1,1033,1044,1029,-1,1033,1029,1037,-1,1037,1029,1028,-1,1037,1028,1039,-1,1045,1046,1047,-1,1048,1049,1050,-1,1050,1049,1051,-1,1050,1051,1052,-1,1052,1051,1053,-1,1052,1053,1054,-1,1054,1053,1055,-1,1054,1055,1056,-1,1056,1055,1057,-1,1056,1057,1058,-1,1044,1059,1029,-1,1029,1059,1060,-1,1029,1060,1030,-1,1030,1060,1061,-1,1030,1061,1062,-1,1049,1040,1051,-1,1051,1040,1039,-1,1051,1039,1053,-1,1053,1039,1028,-1,1053,1028,1055,-1,1055,1028,1030,-1,1055,1030,1057,-1,1057,1030,1062,-1,1063,1064,1046,-1,1065,1066,1064,-1,1042,1041,1067,-1,1067,1041,1068,-1,1067,1068,1069,-1,1069,1068,1070,-1,1069,1070,1071,-1,1071,1070,1072,-1,1071,1072,1073,-1,1073,1072,1074,-1,1073,1074,1075,-1,1062,1076,1057,-1,1057,1076,1077,-1,1057,1077,1058,-1,1058,1077,1078,-1,1058,1078,1079,-1,1079,1074,1058,-1,1058,1074,1072,-1,1058,1072,1056,-1,1056,1072,1070,-1,1056,1070,1054,-1,1054,1070,1068,-1,1054,1068,1052,-1,1052,1068,1041,-1,1052,1041,1050,-1,1050,1041,1043,-1,1050,1043,1048,-1,1080,1066,1081,-1,1081,1066,1065,-1,1081,1065,1082,-1,1083,1080,1084,-1,1084,1080,1081,-1,1084,1081,1085,-1,1085,1081,1082,-1,1085,1082,1086,-1,1046,1045,1063,-1,1063,1045,1087,-1,1063,1087,1088,-1,1088,1087,1089,-1,1088,1089,1090,-1,1090,1089,1091,-1,1090,1091,1092,-1,1092,1091,1093,-1,1092,1093,1094,-1,1079,1095,1074,-1,1074,1095,1096,-1,1074,1096,1075,-1,1075,1096,1097,-1,1075,1097,1098,-1,1098,1093,1075,-1,1075,1093,1091,-1,1075,1091,1073,-1,1073,1091,1089,-1,1073,1089,1071,-1,1071,1089,1087,-1,1071,1087,1069,-1,1069,1087,1045,-1,1069,1045,1067,-1,1067,1045,1047,-1,1067,1047,1042,-1,1099,1083,1100,-1,1100,1083,1084,-1,1100,1084,1101,-1,1101,1084,1085,-1,1101,1085,1102,-1,1102,1085,1086,-1,1102,1086,1103,-1,1015,1099,1017,-1,1017,1099,1100,-1,1017,1100,1019,-1,1019,1100,1101,-1,1019,1101,1021,-1,1021,1101,1102,-1,1021,1102,1023,-1,1023,1102,1103,-1,1023,1103,1025,-1,1098,1104,1093,-1,1093,1104,1105,-1,1093,1105,1094,-1,1094,1105,1106,-1,1094,1106,1107,-1,1064,1063,1065,-1,1065,1063,1088,-1,1065,1088,1082,-1,1082,1088,1090,-1,1082,1090,1086,-1,1086,1090,1092,-1,1086,1092,1103,-1,1103,1092,1094,-1,1103,1094,1025,-1,1025,1094,1107,-1,1025,1107,1027,-1,1048,1108,1049,-1,1049,1108,1109,-1,1049,1109,1040,-1,1040,1109,1110,-1,1040,1110,1038,-1,1038,1110,1111,-1,1038,1111,1036,-1,1036,1111,1112,-1,1036,1112,1035,-1,1035,1112,1113,-1,1035,1113,1034,-1,1034,1113,1114,-1,1115,1116,1117,-1,1115,1117,1118,-1,1118,1117,1119,-1,1118,1119,1120,-1,1120,1119,1121,-1,1120,1121,1122,-1,1122,1121,1123,-1,1122,1123,1124,-1,1124,1123,1125,-1,1124,1125,1126,-1,1126,1125,1127,-1,1126,1127,1128,-1,1129,1130,1131,-1,1129,1131,1132,-1,1132,1131,1133,-1,1132,1133,1134,-1,1134,1133,1135,-1,1134,1135,1136,-1,1135,1137,1136,-1,1136,1137,1138,-1,1136,1138,1139,-1,1140,1141,1142,-1,1142,1141,1143,-1,1142,1143,1144,-1,1144,1143,1145,-1,1144,1145,1146,-1,1146,1145,1147,-1,1146,1147,1148,-1,1148,1147,1149,-1,1148,1149,1150,-1,1150,1149,1151,-1,1150,1151,1152,-1,1152,1151,1153,-1,1152,1153,1154,-1,1154,1153,1155,-1,1154,1155,1128,-1,1141,1156,1143,-1,1143,1156,1157,-1,1143,1157,1145,-1,1145,1157,1158,-1,1145,1158,1147,-1,1147,1158,1159,-1,1147,1159,1149,-1,1149,1159,1160,-1,1149,1160,1151,-1,1151,1160,1161,-1,1151,1161,1153,-1,1153,1161,1162,-1,1153,1162,1155,-1,1155,1162,1163,-1,1156,1164,1157,-1,1157,1164,1165,-1,1157,1165,1158,-1,1158,1165,1166,-1,1158,1166,1159,-1,1159,1166,1167,-1,1159,1167,1160,-1,1160,1167,1168,-1,1160,1168,1161,-1,1161,1168,1169,-1,1161,1169,1162,-1,1162,1169,1170,-1,1162,1170,1163,-1,1163,1170,1171,-1,1164,1172,1165,-1,1165,1172,1173,-1,1165,1173,1166,-1,1166,1173,1174,-1,1166,1174,1167,-1,1167,1174,1175,-1,1167,1175,1168,-1,1168,1175,1176,-1,1168,1176,1169,-1,1169,1176,1177,-1,1169,1177,1170,-1,1170,1177,1178,-1,1170,1178,1171,-1,1171,1178,1179,-1,1172,1129,1173,-1,1173,1129,1132,-1,1173,1132,1174,-1,1174,1132,1134,-1,1174,1134,1175,-1,1175,1134,1136,-1,1175,1136,1176,-1,1176,1136,1139,-1,1176,1139,1177,-1,1177,1139,1180,-1,1177,1180,1178,-1,1178,1180,1181,-1,1178,1181,1179,-1,1179,1181,1182,-1,1138,1183,1139,-1,1139,1183,1184,-1,1139,1184,1180,-1,1180,1184,1185,-1,1180,1185,1181,-1,1181,1185,1186,-1,1181,1186,1182,-1,1182,1186,1187,-1,1182,1187,1188,-1,1128,1155,1126,-1,1126,1155,1163,-1,1126,1163,1124,-1,1124,1163,1171,-1,1124,1171,1122,-1,1122,1171,1179,-1,1122,1179,1120,-1,1120,1179,1182,-1,1120,1182,1118,-1,1118,1182,1188,-1,1118,1188,1115,-1,1189,1130,1129,-1,1189,1129,1190,-1,1190,1129,1172,-1,1190,1172,1191,-1,1191,1172,1164,-1,1191,1164,1192,-1,1192,1164,1156,-1,1192,1156,1193,-1,1193,1156,1141,-1,1193,1141,1194,-1,1194,1141,1140,-1,1194,1140,1195,-1,1196,1197,1198,-1,1198,1199,1196,-1,1196,1199,1200,-1,1196,1200,1201,-1,1200,1202,1201,-1,1201,1202,1203,-1,1201,1203,1204,-1,1203,1205,1204,-1,1204,1205,1206,-1,1204,1206,1207,-1,1206,1208,1207,-1,1207,1208,1209,-1,1207,1209,1210,-1,1209,1211,1210,-1,1210,1211,1212,-1,1210,1212,1213,-1,1213,1212,1214,-1,1213,1214,1215,-1,1215,1214,1216,-1,1211,1209,1217,-1,1218,1219,1220,-1,1221,1218,1222,-1,1223,1221,1224,-1,1225,1223,1226,-1,1227,1228,1229,-1,1229,1228,1230,-1,1229,1230,1219,-1,1228,1231,1230,-1,1230,1231,1232,-1,1230,1232,1233,-1,1232,1234,1233,-1,1233,1234,1235,-1,1233,1235,1236,-1,1235,1237,1236,-1,1236,1237,1238,-1,1236,1238,1239,-1,1238,1240,1239,-1,1239,1240,1241,-1,1239,1241,1242,-1,1241,1243,1242,-1,1242,1243,1244,-1,1242,1244,1245,-1,1244,1246,1245,-1,1245,1246,1247,-1,1245,1247,1248,-1,1247,1249,1248,-1,1248,1249,1250,-1,1248,1250,1251,-1,1219,1230,1220,-1,1220,1230,1233,-1,1220,1233,1252,-1,1252,1233,1236,-1,1252,1236,1253,-1,1253,1236,1239,-1,1253,1239,1254,-1,1254,1239,1242,-1,1254,1242,1255,-1,1255,1242,1245,-1,1255,1245,1256,-1,1256,1245,1248,-1,1256,1248,1257,-1,1257,1248,1251,-1,1257,1251,1258,-1,1258,1251,1259,-1,1258,1259,1217,-1,1260,1200,1199,-1,1225,1226,1261,-1,1261,1226,1262,-1,1261,1262,1263,-1,1263,1262,1264,-1,1263,1264,1265,-1,1265,1264,1266,-1,1265,1266,1267,-1,1267,1266,1268,-1,1267,1268,1269,-1,1269,1268,1270,-1,1269,1270,1271,-1,1271,1270,1272,-1,1271,1272,1273,-1,1273,1272,1274,-1,1273,1274,1275,-1,1275,1274,1260,-1,1275,1260,1276,-1,1276,1260,1199,-1,1276,1199,1198,-1,1277,1203,1202,-1,1223,1224,1226,-1,1226,1224,1278,-1,1226,1278,1262,-1,1262,1278,1279,-1,1262,1279,1264,-1,1264,1279,1280,-1,1264,1280,1266,-1,1266,1280,1281,-1,1266,1281,1268,-1,1268,1281,1282,-1,1268,1282,1270,-1,1270,1282,1283,-1,1270,1283,1272,-1,1272,1283,1284,-1,1272,1284,1274,-1,1274,1284,1277,-1,1274,1277,1260,-1,1260,1277,1202,-1,1260,1202,1200,-1,1208,1206,1285,-1,1285,1206,1205,-1,1221,1222,1224,-1,1224,1222,1286,-1,1224,1286,1278,-1,1278,1286,1287,-1,1278,1287,1279,-1,1279,1287,1288,-1,1279,1288,1280,-1,1280,1288,1289,-1,1280,1289,1281,-1,1281,1289,1290,-1,1281,1290,1282,-1,1282,1290,1291,-1,1282,1291,1283,-1,1283,1291,1292,-1,1283,1292,1284,-1,1284,1292,1285,-1,1284,1285,1277,-1,1277,1285,1205,-1,1277,1205,1203,-1,1218,1220,1222,-1,1222,1220,1252,-1,1222,1252,1286,-1,1286,1252,1253,-1,1286,1253,1287,-1,1287,1253,1254,-1,1287,1254,1288,-1,1288,1254,1255,-1,1288,1255,1289,-1,1289,1255,1256,-1,1289,1256,1290,-1,1290,1256,1257,-1,1290,1257,1291,-1,1291,1257,1258,-1,1291,1258,1292,-1,1292,1258,1217,-1,1292,1217,1285,-1,1285,1217,1209,-1,1285,1209,1208,-1,1250,1293,1251,-1,1251,1293,1294,-1,1251,1294,1259,-1,1259,1294,1295,-1,1259,1295,1296,-1,1211,1217,1212,-1,1212,1217,1259,-1,1212,1259,1214,-1,1214,1259,1296,-1,1214,1296,1216,-1,1225,1297,1223,-1,1223,1297,1298,-1,1223,1298,1221,-1,1221,1298,1299,-1,1221,1299,1218,-1,1218,1299,1300,-1,1218,1300,1219,-1,1219,1300,1301,-1,1219,1301,1229,-1,1229,1301,1302,-1,1229,1302,1227,-1,1227,1302,1303,-1,1304,1305,1306,-1,1304,1306,1307,-1,1307,1306,1308,-1,1307,1308,1309,-1,1309,1308,1310,-1,1309,1310,1311,-1,1311,1310,1312,-1,1311,1312,1313,-1,1313,1312,1314,-1,1313,1314,1315,-1,1315,1314,1316,-1,1315,1316,1317,-1,1318,1319,1320,-1,1321,1322,1323,-1,1324,1325,1326,-1,1321,1323,1327,-1,1328,1329,1330,-1,1331,1332,1333,-1,1333,1332,1328,-1,1328,1330,1333,-1,1333,1330,1334,-1,1333,1334,1335,-1,1335,1334,1336,-1,1335,1336,1337,-1,1336,1338,1337,-1,1337,1338,1339,-1,1337,1339,1340,-1,1341,1342,1343,-1,1343,1342,1344,-1,1343,1344,1345,-1,1345,1344,1346,-1,1345,1346,1347,-1,1347,1346,1348,-1,1347,1348,1349,-1,1349,1348,1350,-1,1349,1350,1351,-1,1351,1350,1352,-1,1351,1352,1353,-1,1353,1352,1354,-1,1353,1354,1355,-1,1355,1354,1356,-1,1355,1356,1317,-1,1342,1324,1344,-1,1344,1324,1326,-1,1344,1326,1346,-1,1346,1326,1357,-1,1346,1357,1348,-1,1348,1357,1358,-1,1348,1358,1350,-1,1350,1358,1359,-1,1350,1359,1352,-1,1352,1359,1360,-1,1352,1360,1354,-1,1354,1360,1361,-1,1354,1361,1356,-1,1356,1361,1362,-1,1325,1327,1326,-1,1326,1327,1323,-1,1326,1323,1357,-1,1357,1323,1363,-1,1357,1363,1358,-1,1358,1363,1364,-1,1358,1364,1359,-1,1359,1364,1365,-1,1359,1365,1360,-1,1360,1365,1366,-1,1360,1366,1361,-1,1361,1366,1367,-1,1361,1367,1362,-1,1362,1367,1368,-1,1322,1318,1323,-1,1323,1318,1320,-1,1323,1320,1363,-1,1363,1320,1369,-1,1363,1369,1364,-1,1364,1369,1370,-1,1364,1370,1365,-1,1365,1370,1371,-1,1365,1371,1366,-1,1366,1371,1372,-1,1366,1372,1367,-1,1367,1372,1373,-1,1367,1373,1368,-1,1368,1373,1374,-1,1319,1331,1320,-1,1320,1331,1333,-1,1320,1333,1369,-1,1369,1333,1335,-1,1369,1335,1370,-1,1370,1335,1337,-1,1370,1337,1371,-1,1371,1337,1340,-1,1371,1340,1372,-1,1372,1340,1375,-1,1372,1375,1373,-1,1373,1375,1376,-1,1373,1376,1374,-1,1374,1376,1377,-1,1339,1378,1340,-1,1340,1378,1379,-1,1340,1379,1375,-1,1375,1379,1380,-1,1375,1380,1376,-1,1376,1380,1381,-1,1376,1381,1377,-1,1377,1381,1382,-1,1377,1382,1383,-1,1317,1356,1315,-1,1315,1356,1362,-1,1315,1362,1313,-1,1313,1362,1368,-1,1313,1368,1311,-1,1311,1368,1374,-1,1311,1374,1309,-1,1309,1374,1377,-1,1309,1377,1307,-1,1307,1377,1383,-1,1307,1383,1304,-1,1384,1329,1328,-1,1384,1328,1385,-1,1385,1328,1332,-1,1385,1332,1386,-1,1332,1331,1386,-1,1386,1331,1319,-1,1386,1319,1387,-1,1319,1318,1387,-1,1387,1318,1322,-1,1387,1322,1388,-1,1322,1321,1388,-1,1388,1321,1327,-1,1388,1327,1389,-1,1327,1325,1389,-1,1389,1325,1324,-1,1389,1324,1390,-1,1324,1342,1390,-1,1390,1342,1341,-1,1390,1341,1391,-1,1392,1393,1394,-1,1395,1396,728,-1,897,896,1397,-1,897,1397,905,-1,1395,728,1394,-1,1394,728,752,-1,1394,752,1392,-1,726,907,727,-1,727,907,906,-1,906,905,727,-1,727,905,1397,-1,727,1397,754,-1,754,1397,1398,-1,754,1398,752,-1,752,1398,1399,-1,752,1399,1392,-1,1400,729,1401,-1,1401,729,728,-1,1401,728,1402,-1,1402,728,1396,-1,946,756,755,-1,1400,1403,729,-1,729,1403,1404,-1,729,1404,730,-1,730,1404,1405,-1,1406,755,1407,-1,1407,755,753,-1,1407,753,1408,-1,1408,753,730,-1,1408,730,1409,-1,1409,730,1405,-1,1406,949,948,-1,1406,948,755,-1,755,948,947,-1,755,947,946,-1,1402,1396,1410,-1,1410,1396,1395,-1,1401,1402,1411,-1,1411,1402,1410,-1,1400,1401,1403,-1,1403,1401,1411,-1,
        ]
    }
}
Shape{
    appearance Appearance {
        material  Material 	{
            diffuseColor 0.25098039215686274 0.25098039215686274 0.25098039215686274
            specularColor 0.12549019607843137 0.12549019607843137 0.12549019607843137
            ambientIntensity 0.251
            transparency 0.0
            shininess 0.5
        }
    }
    geometry IndexedFaceSet {
        ccw TRUE
        solid FALSE
        coord DEF co Coordinate {
            point [
                -1.4571 -0.1969 0.1929, -1.1815 -0.1969 0.1929, -1.4571 -0.1969 0.0945, -1.1815 -0.1969 0.0945, -1.4571 0.3543 0.1929, -1.1815 0.3543 0.1929, -0.9059 0.0787 0.1929, -0.9153 0.0074 0.1929, -1.1101 0.3449 0.1929, -1.0437 0.3174 0.1929, -0.9866 0.2736 0.1929, -0.9428 -0.0591 0.1929, -0.9866 -0.1162 0.1929, -1.1101 -0.1875 0.1929, -1.0437 -0.16 0.1929, -0.9428 0.2165 0.1929, -0.9153 0.15 0.1929, -1.1815 0.3543 0.0945, -1.4571 0.3543 0.0945, 1.1807 -0.1969 0.1929, 1.4563 -0.1969 0.1929, 1.1807 -0.1969 0.0945, 1.4563 -0.1969 0.0945, 1.4563 0.3543 0.1929, 1.1807 0.3543 0.1929, 1.4563 0.3543 0.0945, 1.1807 0.3543 0.0945, 1.1094 -0.1875 0.1929, 1.0429 -0.16 0.1929, 0.9859 -0.1162 0.1929, 0.9421 -0.0591 0.1929, 0.9145 0.0074 0.1929, 0.9051 0.0787 0.1929, 0.9145 0.15 0.1929, 0.9421 0.2165 0.1929, 0.9859 0.2736 0.1929, 1.1094 0.3449 0.1929, 1.0429 0.3174 0.1929, 1.0429 -0.16 0.0945, 1.4563 -0.7838 0.0945, 0.9859 -0.1162 0.0945, 0.9421 -0.0591 0.0945, -0.6823 0.4724 0.0945, -0.7609 0.2825 0.0945, -0.9428 0.2165 0.0945, 1.1094 -0.1875 0.0945, 1.4563 0.9413 0.0945, 1.2864 1.1787 0.0945, 1.0429 0.3174 0.0945, 0.5728 1.6716 0.0945, 1.1094 0.3449 0.0945, 0.838 1.5495 0.0945, 1.0783 1.3835 0.0945, -0.5735 1.6716 0.0945, -0.2913 1.7464 0.0945, 0.9859 0.2736 0.0945, -0.0004 1.7716 0.0945, 0.2905 1.7464 0.0945, -1.4571 -0.7838 0.0945, -1.2872 -1.0213 0.0945, -1.1101 -0.1875 0.0945, -1.0437 -0.16 0.0945, -0.7609 -0.1251 0.0945, -0.9866 -0.1162 0.0945, -0.6823 -0.315 0.0945, -0.8387 -1.392 0.0945, -1.079 -1.2261 0.0945, -1.4571 0.9413 0.0945, 0.7602 0.2825 0.0945, 0.6815 0.4724 0.0945, 0.5564 0.6355 0.0945, 0.3933 0.7606 0.0945, 0.2034 0.8393 0.0945, -0.0004 0.8661 0.0945, -0.2042 0.8393 0.0945, -0.3941 0.7606 0.0945, -0.9428 -0.0591 0.0945, -0.9153 0.0074 0.0945, -0.7878 0.0787 0.0945, -0.9059 0.0787 0.0945, -0.9153 0.15 0.0945, -0.5572 -0.4781 0.0945, -0.3941 -0.6032 0.0945, -0.5735 -1.5142 0.0945, -0.2042 -0.6819 0.0945, -0.2913 -1.589 0.0945, -0.0004 -0.7087 0.0945, -0.5572 0.6355 0.0945, -0.9866 0.2736 0.0945, -1.0437 0.3174 0.0945, 0.2034 -0.6819 0.0945, 0.2905 -1.589 0.0945, -0.0004 -1.6142 0.0945, 0.9051 0.0787 0.0945, 0.9145 0.0074 0.0945, 0.6815 -0.315 0.0945, 0.7602 -0.1251 0.0945, 0.787 0.0787 0.0945, 0.9145 0.15 0.0945, 0.9421 0.2165 0.0945, -0.8387 1.5495 0.0945, -1.1101 0.3449 0.0945, -1.079 1.3835 0.0945, -1.2872 1.1787 0.0945, 1.2864 -1.0213 0.0945, 0.5564 -0.4781 0.0945, 1.0783 -1.2261 0.0945, 0.3933 -0.6032 0.0945, 0.838 -1.392 0.0945, 0.5728 -1.5142 0.0945, -1.1027 2.4409 0.3504, -0.5516 2.4409 0.3504, -1.1027 2.0472 0.3504, -0.5516 2.0472 0.3504, -0.5609 1.9759 0.3504, -0.5885 1.9094 0.3504, -0.6323 1.8523 0.3504, -0.6894 1.8085 0.3504, -0.7558 1.781 0.3504, -0.8271 1.7716 0.3504, -0.8985 1.781 0.3504, -0.9649 1.8085 0.3504, -1.022 1.8523 0.3504, -1.0933 1.9759 0.3504, -1.0658 1.9094 0.3504, 0.5508 2.0472 0.3504, 0.5508 2.4409 0.3504, 1.102 2.4409 0.3504, 1.102 2.0472 0.3504, 1.0926 1.9759 0.3504, 1.0651 1.9094 0.3504, 1.0213 1.8523 0.3504, 0.9642 1.8085 0.3504, 0.8977 1.781 0.3504, 0.8264 1.7716 0.3504, 0.7551 1.781 0.3504, 0.6886 1.8085 0.3504, 0.6315 1.8523 0.3504, 0.5877 1.9094 0.3504, 0.5602 1.9759 0.3504, 0.4918 -2.2835 0.4488, 0.4918 -2.3819 0.4488, -0.4925 -2.2835 0.4488, -0.4925 -2.3819 0.4488, 1.102 -2.2835 0.3504, 0.5508 -2.2835 0.3504, 1.102 -1.8898 0.3504, 0.5508 -1.8898 0.3504, 0.7551 -1.6236 0.3504, 0.8264 -1.6142 0.3504, 0.8977 -1.6236 0.3504, 0.9642 -1.6511 0.3504, 1.0213 -1.6949 0.3504, 1.0651 -1.752 0.3504, 1.0926 -1.8185 0.3504, 0.5602 -1.8185 0.3504, 0.5877 -1.752 0.3504, 0.6886 -1.6511 0.3504, 0.6315 -1.6949 0.3504, -0.5516 -1.8898 0.3504, -0.5516 -2.2835 0.3504, -1.1027 -2.2835 0.3504, -1.1027 -1.8898 0.3504, -1.0933 -1.8185 0.3504, -0.5609 -1.8185 0.3504, -0.5885 -1.752 0.3504, -0.8985 -1.6236 0.3504, -0.8271 -1.6142 0.3504, -0.7558 -1.6236 0.3504, -0.6323 -1.6949 0.3504, -1.0658 -1.752 0.3504, -1.022 -1.6949 0.3504, -0.9649 -1.6511 0.3504, -0.6894 -1.6511 0.3504
            ]
        }
        coordIndex [
            0,1,2,-1,2,1,3,-1,0,4,1,-1,1,4,5,-1,6,7,1,-1,5,8,1,-1,1,8,9,-1,1,9,10,-1,7,11,1,-1,1,11,12,-1,1,12,13,-1,13,12,14,-1,10,15,1,-1,1,15,16,-1,1,16,6,-1,5,4,17,-1,17,4,18,-1,19,20,21,-1,21,20,22,-1,23,24,25,-1,25,24,26,-1,23,20,24,-1,24,20,19,-1,24,19,27,-1,27,28,24,-1,24,28,29,-1,24,29,30,-1,30,31,24,-1,24,31,32,-1,24,32,33,-1,33,34,24,-1,24,34,35,-1,24,35,36,-1,36,35,37,-1,38,39,40,-1,40,39,41,-1,42,43,44,-1,38,45,39,-1,39,45,21,-1,39,21,22,-1,46,25,47,-1,47,25,26,-1,48,49,50,-1,50,49,51,-1,50,51,26,-1,26,51,52,-1,26,52,47,-1,53,54,55,-1,55,54,56,-1,55,56,48,-1,48,56,57,-1,48,57,49,-1,58,2,59,-1,59,2,3,-1,60,61,62,-1,62,61,63,-1,62,64,60,-1,60,64,65,-1,60,65,3,-1,3,65,66,-1,3,66,59,-1,17,18,67,-1,68,69,55,-1,55,69,70,-1,55,70,53,-1,53,70,71,-1,53,71,72,-1,72,73,53,-1,53,73,74,-1,53,74,75,-1,63,76,62,-1,62,76,77,-1,62,77,78,-1,78,77,79,-1,78,79,43,-1,43,79,80,-1,43,80,44,-1,64,81,65,-1,65,81,82,-1,65,82,83,-1,83,82,84,-1,83,84,85,-1,85,84,86,-1,42,44,87,-1,87,44,88,-1,87,88,89,-1,90,91,86,-1,86,91,92,-1,86,92,85,-1,93,94,95,-1,95,94,41,-1,95,96,93,-1,93,96,97,-1,93,97,98,-1,98,97,68,-1,98,68,99,-1,99,68,55,-1,75,87,53,-1,53,87,89,-1,53,89,100,-1,100,89,101,-1,100,101,102,-1,102,101,17,-1,102,17,103,-1,103,17,67,-1,41,39,95,-1,95,39,104,-1,95,104,105,-1,105,104,106,-1,105,106,107,-1,107,106,108,-1,107,108,90,-1,90,108,109,-1,90,109,91,-1,110,111,112,-1,112,111,113,-1,112,113,114,-1,114,115,112,-1,112,115,116,-1,112,116,117,-1,117,118,112,-1,112,118,119,-1,112,119,120,-1,120,121,112,-1,112,121,122,-1,112,122,123,-1,123,122,124,-1,125,126,127,-1,127,128,125,-1,125,128,129,-1,125,129,130,-1,130,131,125,-1,125,131,132,-1,125,132,133,-1,134,135,133,-1,133,135,136,-1,133,136,137,-1,137,138,133,-1,133,138,139,-1,133,139,125,-1,140,141,142,-1,142,141,143,-1,144,145,146,-1,146,145,147,-1,147,148,149,-1,149,150,147,-1,147,150,151,-1,147,151,152,-1,152,153,147,-1,147,153,154,-1,147,154,146,-1,147,155,148,-1,148,155,156,-1,148,156,157,-1,157,156,158,-1,159,160,161,-1,161,162,159,-1,159,162,163,-1,159,163,164,-1,164,163,165,-1,166,167,168,-1,165,163,169,-1,169,163,170,-1,169,170,171,-1,171,172,169,-1,169,172,166,-1,169,166,173,-1,173,166,168,-1,
        ]
    }
}
Shape{
    appearance Appearance {
        material  Material 	{
            diffuseColor 0.7529411764705882 0.7529411764705882 0.7529411764705882
            specularColor 0.3764705882352941 0.3764705882352941 0.3764705882352941
            ambientIntensity 0.7529
            transparency 0.0
            shininess 0.5
        }
    }
    geometry IndexedFaceSet {
        ccw TRUE
        solid FALSE
        coord DEF co Coordinate {
            point [
                2.1247 -1.6782 0.2695, 2.0766 -1.6782 0.2717, 2.0764 -1.6782 0.2716, 1.5427 -1.6782 0.2967, 1.5353 -1.6782 0.1396, 2.1173 -1.6782 0.1122, 2.1437 -1.6782 0.2658, 2.1377 -1.6782 0.2736, 2.1373 -1.6782 0.2733, 2.1497 -1.6782 0.258, 2.1479 -1.6782 0.1134, 2.1617 -1.6782 0.2424, 2.2307 -1.6782 0.1465, 2.1858 -1.6782 0.2113, 2.234 -1.6782 0.149, 2.1914 -1.6782 0.1246, 2.1329 -1.6782 0.2709, 2.1281 -1.6782 0.2696, 1.3854 -1.5207 0.3042, 1.378 -1.5207 0.147, 1.3854 -1.4518 0.3042, 1.378 -1.4518 0.147, 1.7319 -1.0975 0.1303, 2.1173 -1.0975 0.1122, 2.1858 -1.0975 0.2113, 2.234 -1.0975 0.149, 2.2307 -1.0975 0.1465, 1.7393 -1.0975 0.2875, 2.0764 -1.0975 0.2716, 2.1479 -1.0975 0.1134, 2.0766 -1.0975 0.2717, 2.1373 -1.0975 0.2733, 2.1329 -1.0975 0.2709, 2.1914 -1.0975 0.1246, 2.1281 -1.0975 0.2696, 2.1247 -1.0975 0.2695, 2.1377 -1.0975 0.2736, 2.1497 -1.0975 0.258, 2.1617 -1.0975 0.2424
            ]
        }
        coordIndex [
            0,1,2,-1,3,4,5,-1,6,7,8,-1,6,8,9,-1,3,5,2,-1,2,5,10,-1,2,10,0,-1,11,12,13,-1,13,12,14,-1,11,9,12,-1,12,9,8,-1,12,8,15,-1,15,8,16,-1,15,16,10,-1,10,16,17,-1,10,17,0,-1,18,19,3,-1,3,19,4,-1,20,21,18,-1,18,21,19,-1,21,22,19,-1,19,22,23,-1,19,23,4,-1,4,23,5,-1,24,25,26,-1,22,27,23,-1,23,27,28,-1,23,28,29,-1,29,28,30,-1,31,26,32,-1,32,26,33,-1,32,33,34,-1,34,33,29,-1,34,29,35,-1,35,29,30,-1,31,36,37,-1,31,37,26,-1,26,37,38,-1,26,38,24,-1,27,22,20,-1,20,22,21,-1,
        ]
    }
}
Shape{
    appearance Appearance {
        material  Material 	{
            diffuseColor 0.25098039215686274 0.25098039215686274 0.25098039215686274
            specularColor 0.12549019607843137 0.12549019607843137 0.12549019607843137
            ambientIntensity 0.251
            transparency 0.0
            shininess 0.5
        }
    }
    geometry IndexedFaceSet {
        ccw TRUE
        solid FALSE
        coord DEF co Coordinate {
            point [
                2.3028 -1.8898 0.0354, 2.3028 -1.8898 1.1024, 2.2894 -1.9917 1.1024, 2.2894 -1.9917 0.0354, 2.25 -2.0866 1.1024, 2.25 -2.0866 0.0354, 2.1875 -2.1682 1.1024, 2.1875 -2.1682 0.0354, 2.1059 -2.2308 1.1024, 2.1059 -2.2308 0.0354, 2.011 -2.2701 1.1024, 2.011 -2.2701 0.0354, 1.9091 -2.2835 1.1024, 1.9091 -2.2835 0.0354
            ]
        }
        coordIndex [
            0,1,2,-1,0,2,3,-1,3,2,4,-1,3,4,5,-1,5,4,6,-1,5,6,7,-1,7,6,8,-1,7,8,9,-1,9,8,10,-1,9,10,11,-1,11,10,12,-1,11,12,13,-1,
        ]
    }
}
Shape{
    appearance Appearance {
        material  Material 	{
            diffuseColor 0.7529411764705882 0.7529411764705882 0.7529411764705882
            specularColor 0.3764705882352941 0.3764705882352941 0.3764705882352941
            ambientIntensity 0.7529
            transparency 0.0
            shininess 0.5
        }
    }
    geometry IndexedFaceSet {
        ccw TRUE
        solid FALSE
        coord DEF co Coordinate {
            point [
                -1.8114 -2.2835 0.5669, -1.8114 -2.5197 0.5669, -1.8114 -2.2835 0.626, -1.8114 -2.5197 0.626, -1.5722 -2.5197 0.5669, -1.5607 -2.4855 0.5669, -1.4836 -2.4127 0.5669, -1.515 -2.4303 0.5669, -1.5413 -2.4551 0.5669, -1.2843 -2.5134 0.5669, -1.0681 -2.2835 0.5669, -1.2799 -2.5492 0.5669, -1.0681 -2.6477 0.5669, -1.2799 -2.6477 0.5669, -1.2973 -2.4798 0.5669, -1.318 -2.4502 0.5669, -1.3453 -2.4266 0.5669, -1.3775 -2.4103 0.5669, -1.4127 -2.4024 0.5669, -1.4488 -2.4031 0.5669, -1.0584 -2.6477 0.5864, -1.0584 -2.2835 0.5864, -1.0443 -2.6477 0.6029, -1.0443 -2.2835 0.6029, -1.0265 -2.6477 0.6155, -1.0265 -2.2835 0.6155, -1.0062 -2.6477 0.6233, -1.0062 -2.2835 0.6233, -0.9846 -2.6477 0.626, -0.9846 -2.2835 0.626, -0.6894 -2.2835 0.5669, -0.6894 -2.6477 0.5669, -0.9011 -2.2835 0.5669, -0.9011 -2.6477 0.5669, -0.8665 -2.6477 0.626, -0.6894 -2.6477 0.626, -0.8665 -2.2835 0.626, -0.6894 -2.2835 0.626, -0.89 -2.2835 0.6508, -0.89 -2.6477 0.6508, -0.9186 -2.2835 0.6695, -0.9186 -2.6477 0.6695, -0.9507 -2.2835 0.6811, -0.9507 -2.6477 0.6811, -0.9846 -2.2835 0.685, -0.9846 -2.6477 0.685, -1.5722 -2.5197 0.626, -1.5607 -2.4855 0.626, -1.5413 -2.4551 0.626, -1.515 -2.4303 0.626, -1.4127 -2.4024 0.626, -1.1027 -2.2835 0.626, -1.4488 -2.4031 0.626, -1.4836 -2.4127 0.626, -1.3775 -2.4103 0.626, -1.3453 -2.4266 0.626, -1.318 -2.4502 0.626, -1.2973 -2.4798 0.626, -1.2843 -2.5134 0.626, -1.1027 -2.6477 0.626, -1.2799 -2.5492 0.626, -1.2799 -2.6477 0.626
            ]
        }
        coordIndex [
            0,1,2,-1,2,1,3,-1,4,1,5,-1,5,1,0,-1,6,7,0,-1,0,7,8,-1,0,8,5,-1,9,10,11,-1,11,10,12,-1,11,12,13,-1,9,14,10,-1,10,14,15,-1,10,15,16,-1,16,17,10,-1,10,17,18,-1,10,18,0,-1,0,18,19,-1,0,19,6,-1,12,10,20,-1,20,10,21,-1,20,21,22,-1,22,21,23,-1,22,23,24,-1,24,23,25,-1,24,25,26,-1,26,25,27,-1,26,27,28,-1,28,27,29,-1,30,31,32,-1,32,31,33,-1,34,35,36,-1,36,35,37,-1,34,36,38,-1,34,38,39,-1,39,38,40,-1,39,40,41,-1,41,40,42,-1,41,42,43,-1,43,42,44,-1,43,44,45,-1,2,3,46,-1,46,47,2,-1,2,47,48,-1,2,48,49,-1,50,51,52,-1,52,51,2,-1,52,2,53,-1,53,2,49,-1,50,54,51,-1,51,54,55,-1,51,55,56,-1,56,57,51,-1,51,57,58,-1,51,58,59,-1,59,58,60,-1,59,60,61,-1,
        ]
    }
}
Shape{
    appearance Appearance {
        material  Material 	{
            diffuseColor 0.25098039215686274 0.25098039215686274 0.25098039215686274
            specularColor 0.12549019607843137 0.12549019607843137 0.12549019607843137
            ambientIntensity 0.251
            transparency 0.0
            shininess 0.5
        }
    }
    geometry IndexedFaceSet {
        ccw TRUE
        solid FALSE
        coord DEF co Coordinate {
            point [
                0.4918 -2.3819 0.9409, 0.4918 -2.3819 0.4488, 0.4918 -2.2835 0.9409, 0.4918 -2.2835 0.4488, -0.4925 -2.3819 0.9409, -0.4925 -2.2835 0.9409, -0.4925 -2.2835 0.4488, -0.4925 -2.3819 0.4488
            ]
        }
        coordIndex [
            0,1,2,-1,2,1,3,-1,0,2,4,-1,4,2,5,-1,5,6,4,-1,4,6,7,-1,
        ]
    }
}
Shape{
    appearance Appearance {
        material  Material 	{
            diffuseColor 0.7529411764705882 0.7529411764705882 0.7529411764705882
            specularColor 0.3764705882352941 0.3764705882352941 0.3764705882352941
            ambientIntensity 0.7529
            transparency 0.0
            shininess 0.5
        }
    }
    geometry IndexedFaceSet {
        ccw TRUE
        solid FALSE
        coord DEF co Coordinate {
            point [
                0.6886 -2.2835 0.626, 0.6886 -2.6477 0.626, 0.8658 -2.2835 0.626, 0.8658 -2.6477 0.626, 0.9004 -2.6477 0.5669, 0.6886 -2.6477 0.5669, 0.9004 -2.2835 0.5669, 0.6886 -2.2835 0.5669, 0.9101 -2.6477 0.5864, 0.9101 -2.2835 0.5864, 0.9242 -2.6477 0.6029, 0.9242 -2.2835 0.6029, 0.942 -2.6477 0.6155, 0.942 -2.2835 0.6155, 0.9623 -2.6477 0.6233, 0.9623 -2.2835 0.6233, 0.9839 -2.6477 0.626, 0.9839 -2.2835 0.626, 1.5405 -2.4551 0.5669, 1.5143 -2.4303 0.5669, 1.8106 -2.2835 0.5669, 1.4828 -2.4127 0.5669, 1.0674 -2.2835 0.5669, 1.3446 -2.4266 0.5669, 1.3173 -2.4502 0.5669, 1.2965 -2.4798 0.5669, 1.2836 -2.5134 0.5669, 1.0674 -2.6477 0.5669, 1.2792 -2.5492 0.5669, 1.2792 -2.6477 0.5669, 1.8106 -2.5197 0.5669, 1.5714 -2.5197 0.5669, 1.56 -2.4855 0.5669, 1.448 -2.4031 0.5669, 1.412 -2.4024 0.5669, 1.3768 -2.4103 0.5669, 1.8106 -2.5197 0.626, 1.8106 -2.2835 0.626, 1.4828 -2.4127 0.626, 1.5143 -2.4303 0.626, 1.2836 -2.5134 0.626, 1.102 -2.2835 0.626, 1.2792 -2.5492 0.626, 1.102 -2.6477 0.626, 1.2792 -2.6477 0.626, 1.2965 -2.4798 0.626, 1.3173 -2.4502 0.626, 1.3446 -2.4266 0.626, 1.5714 -2.5197 0.626, 1.56 -2.4855 0.626, 1.5405 -2.4551 0.626, 1.3768 -2.4103 0.626, 1.412 -2.4024 0.626, 1.448 -2.4031 0.626, 1.0785 -2.2835 0.6508, 1.0785 -2.6477 0.6508, 1.0499 -2.2835 0.6695, 1.0499 -2.6477 0.6695, 1.0178 -2.2835 0.6811, 1.0178 -2.6477 0.6811, 0.9839 -2.2835 0.685, 0.9839 -2.6477 0.685
            ]
        }
        coordIndex [
            0,1,2,-1,2,1,3,-1,4,5,6,-1,6,5,7,-1,4,6,8,-1,8,6,9,-1,8,9,10,-1,10,9,11,-1,10,11,12,-1,12,11,13,-1,12,13,14,-1,14,13,15,-1,14,15,16,-1,16,15,17,-1,18,19,20,-1,20,19,21,-1,22,23,24,-1,24,25,22,-1,22,25,26,-1,22,26,27,-1,27,26,28,-1,27,28,29,-1,30,31,20,-1,20,31,32,-1,20,32,18,-1,21,33,20,-1,20,33,34,-1,20,34,22,-1,22,34,35,-1,22,35,23,-1,36,30,37,-1,37,30,20,-1,38,39,37,-1,40,41,42,-1,42,41,43,-1,42,43,44,-1,40,45,41,-1,41,45,46,-1,41,46,47,-1,48,36,49,-1,49,36,37,-1,49,37,50,-1,50,37,39,-1,47,51,41,-1,41,51,52,-1,41,52,37,-1,37,52,53,-1,37,53,38,-1,43,41,54,-1,43,54,55,-1,55,54,56,-1,55,56,57,-1,57,56,58,-1,57,58,59,-1,59,58,60,-1,59,60,61,-1,
        ]
    }
}
Shape{
    appearance Appearance {
        material  Material 	{
            diffuseColor 0.25098039215686274 0.25098039215686274 0.25098039215686274
            specularColor 0.12549019607843137 0.12549019607843137 0.12549019607843137
            ambientIntensity 0.251
            transparency 0.0
            shininess 0.5
        }
    }
    geometry IndexedFaceSet {
        ccw TRUE
        solid FALSE
        coord DEF co Coordinate {
            point [
                -1.9098 -2.2835 0.0354, -1.9098 -2.2835 1.1024, -2.0117 -2.2701 1.1024, -2.0117 -2.2701 0.0354, -2.1067 -2.2308 1.1024, -2.1067 -2.2308 0.0354, -2.1882 -2.1682 1.1024, -2.1882 -2.1682 0.0354, -2.2508 -2.0866 1.1024, -2.2508 -2.0866 0.0354, -2.2901 -1.9917 1.1024, -2.2901 -1.9917 0.0354, -2.3035 -1.8898 1.1024, -2.3035 -1.8898 0.0354
            ]
        }
        coordIndex [
            0,1,2,-1,0,2,3,-1,3,2,4,-1,3,4,5,-1,5,4,6,-1,5,6,7,-1,7,6,8,-1,7,8,9,-1,9,8,10,-1,9,10,11,-1,11,10,12,-1,11,12,13,-1,
        ]
    }
}
Shape{
    appearance Appearance {
        material  Material 	{
            diffuseColor 0.7529411764705882 0.7529411764705882 0.7529411764705882
            specularColor 0.3764705882352941 0.3764705882352941 0.3764705882352941
            ambientIntensity 0.7529
            transparency 0.0
            shininess 0.5
        }
    }
    geometry IndexedFaceSet {
        ccw TRUE
        solid FALSE
        coord DEF co Coordinate {
            point [
                -1.9098 -2.2835 1.1063, -1.9098 -2.2835 1.6142, -2.0117 -2.2701 1.6142, -2.0117 -2.2701 1.1063, -2.0397 -2.2615 1.6142, -2.1067 -2.2308 1.1063, -2.1067 -2.2308 1.6142, -2.1882 -2.1682 1.6142, -2.1882 -2.1682 1.1063, -2.2508 -2.0866 1.6142, -2.2508 -2.0866 1.1063, -2.2901 -1.9917 1.6142, -2.2901 -1.9917 1.1063, -2.3035 -1.8898 1.6142, -2.3035 -1.8898 1.1063, 2.3028 -1.8898 1.6142, 2.3028 -1.8111 1.6142, 2.1256 -1.8111 1.6142, 2.2894 -1.9917 1.6142, 2.0389 -2.2615 1.6142, 2.1059 -2.2308 1.6142, 2.071 -2.2407 1.6142, 2.1021 -2.2097 1.6142, 2.1256 -2.1725 1.6142, 2.1875 -2.1682 1.6142, 2.25 -2.0866 1.6142, 2.3028 -1.8898 1.1063, 2.2894 -1.9917 1.1063, 2.25 -2.0866 1.1063, 2.1875 -2.1682 1.1063, 2.1059 -2.2308 1.1063, 2.011 -2.2701 1.1063, 2.011 -2.2701 1.6142, 1.9091 -2.2835 1.6142, 1.9091 -2.2835 1.1063
            ]
        }
        coordIndex [
            0,1,2,-1,0,2,3,-1,3,2,4,-1,3,4,5,-1,4,6,5,-1,5,6,7,-1,5,7,8,-1,8,7,9,-1,8,9,10,-1,10,9,11,-1,10,11,12,-1,12,11,13,-1,12,13,14,-1,15,16,17,-1,15,17,18,-1,19,20,21,-1,21,20,22,-1,22,20,23,-1,23,20,24,-1,23,24,17,-1,17,24,25,-1,17,25,18,-1,26,15,18,-1,26,18,27,-1,27,18,25,-1,27,25,28,-1,28,25,24,-1,28,24,29,-1,29,24,20,-1,29,20,30,-1,30,20,19,-1,30,19,31,-1,19,32,31,-1,31,32,33,-1,31,33,34,-1,
        ]
    }
}
Shape{
    appearance Appearance {
        material  Material 	{
            diffuseColor 0.25098039215686274 0.25098039215686274 0.25098039215686274
            specularColor 0.12549019607843137 0.12549019607843137 0.12549019607843137
            ambientIntensity 0.251
            transparency 0.0
            shininess 0.5
        }
    }
    geometry IndexedFaceSet {
        ccw TRUE
        solid FALSE
        coord DEF co Coordinate {
            point [
                -2.3035 -1.7717 0.0354, -2.3035 -1.8898 0.0354, -2.3035 -1.7717 0.4488, -2.3035 -1.8898 1.1024, -2.3035 -1.7048 0.4488, -2.3035 -1.7048 1.1024, -1.5161 -1.7717 0.0354, -2.2901 -1.9917 0.0354, -1.5161 -2.2835 0.0354, -1.9098 -2.2835 0.0354, -2.0117 -2.2701 0.0354, -2.1067 -2.2308 0.0354, -2.1882 -2.1682 0.0354, -2.2508 -2.0866 0.0354
            ]
        }
        coordIndex [
            0,1,2,-1,2,1,3,-1,2,3,4,-1,4,3,5,-1,1,0,6,-1,1,6,7,-1,8,9,6,-1,6,9,10,-1,6,10,11,-1,11,12,6,-1,6,12,13,-1,6,13,7,-1,
        ]
    }
}
Shape{
    appearance Appearance {
        material  Material 	{
            diffuseColor 0.7529411764705882 0.7529411764705882 0.7529411764705882
            specularColor 0.3764705882352941 0.3764705882352941 0.3764705882352941
            ambientIntensity 0.7529
            transparency 0.0
            shininess 0.5
        }
    }
    geometry IndexedFaceSet {
        ccw TRUE
        solid FALSE
        coord DEF co Coordinate {
            point [
                -1.5161 -2.2835 0.0945, -1.5161 -2.2835 0.0354, -1.5161 -1.7717 0.0945, -1.5161 -1.7717 0.0354
            ]
        }
        coordIndex [
            0,1,2,-1,2,1,3,-1,
        ]
    }
}
Shape{
    appearance Appearance {
        material  Material 	{
            diffuseColor 0.25098039215686274 0.25098039215686274 0.25098039215686274
            specularColor 0.12549019607843137 0.12549019607843137 0.12549019607843137
            ambientIntensity 0.251
            transparency 0.0
            shininess 0.5
        }
    }
    geometry IndexedFaceSet {
        ccw TRUE
        solid FALSE
        coord DEF co Coordinate {
            point [
                -1.3193 -2.2835 0.0945, -1.5161 -2.2835 0.0945, -1.3193 -1.7717 0.0945, -1.5161 -1.7717 0.0945
            ]
        }
        coordIndex [
            0,1,2,-1,2,1,3,-1,
        ]
    }
}
Shape{
    appearance Appearance {
        material  Material 	{
            diffuseColor 0.7529411764705882 0.7529411764705882 0.7529411764705882
            specularColor 0.3764705882352941 0.3764705882352941 0.3764705882352941
            ambientIntensity 0.7529
            transparency 0.0
            shininess 0.5
        }
    }
    geometry IndexedFaceSet {
        ccw TRUE
        solid FALSE
        coord DEF co Coordinate {
            point [
                -2.1254 -1.0975 0.2695, -2.1254 -1.6782 0.2695, -2.0773 -1.0975 0.2717, -2.0773 -1.6782 0.2717
            ]
        }
        coordIndex [
            0,1,2,-1,2,1,3,-1,
        ]
    }
}
Shape{
    appearance Appearance {
        material  Material 	{
            diffuseColor 0.25098039215686274 0.25098039215686274 0.25098039215686274
            specularColor 0.12549019607843137 0.12549019607843137 0.12549019607843137
            ambientIntensity 0.251
            transparency 0.0
            shininess 0.5
        }
    }
    geometry IndexedFaceSet {
        ccw TRUE
        solid FALSE
        coord DEF co Coordinate {
            point [
                -2.0771 -1.0975 0.2716, -2.0771 -1.0237 0.2716, -1.7401 -1.0975 0.2875, -1.4374 -1.0237 0.3017, -1.3861 -1.4518 0.3042, -1.2405 -1.2205 0.311, -1.3861 -1.5207 0.3042, -1.2405 -1.7717 0.311, -1.5434 -1.6782 0.2967, -2.0771 -1.7717 0.2716, -2.0771 -1.6782 0.2716, -1.3193 1.9291 0.0945, -1.5161 1.9291 0.0945, -1.3193 2.4409 0.0945, -1.5161 2.4409 0.0945
            ]
        }
        coordIndex [
            0,1,2,-1,2,1,3,-1,2,3,4,-1,4,3,5,-1,4,5,6,-1,6,5,7,-1,6,7,8,-1,8,7,9,-1,8,9,10,-1,11,12,13,-1,13,12,14,-1,
        ]
    }
}
Shape{
    appearance Appearance {
        material  Material 	{
            diffuseColor 0.7529411764705882 0.7529411764705882 0.7529411764705882
            specularColor 0.3764705882352941 0.3764705882352941 0.3764705882352941
            ambientIntensity 0.7529
            transparency 0.0
            shininess 0.5
        }
    }
    geometry IndexedFaceSet {
        ccw TRUE
        solid FALSE
        coord DEF co Coordinate {
            point [
                -1.5161 1.9291 0.0945, -1.5161 1.9291 0.0354, -1.5161 2.4409 0.0945, -1.5161 2.4409 0.0354
            ]
        }
        coordIndex [
            0,1,2,-1,2,1,3,-1,
        ]
    }
}
Shape{
    appearance Appearance {
        material  Material 	{
            diffuseColor 0.25098039215686274 0.25098039215686274 0.25098039215686274
            specularColor 0.12549019607843137 0.12549019607843137 0.12549019607843137
            ambientIntensity 0.251
            transparency 0.0
            shininess 0.5
        }
    }
    geometry IndexedFaceSet {
        ccw TRUE
        solid FALSE
        coord DEF co Coordinate {
            point [
                -1.9098 2.4409 0.0354, -1.5161 2.4409 0.0354, -1.5161 1.9291 0.0354, -2.0117 2.4275 0.0354, -2.3035 1.9291 0.0354, -2.3035 2.0472 0.0354, -2.2901 2.1491 0.0354, -2.2508 2.2441 0.0354, -2.1882 2.3256 0.0354, -2.1067 2.3882 0.0354, -2.0771 1.1811 0.2716, -2.0771 1.2549 0.2716, -1.7401 1.2549 0.2875, -2.0771 1.8356 0.2716, -2.0771 1.9291 0.2716, -1.5434 1.8356 0.2967, -1.2405 1.9291 0.311, -1.3861 1.6781 0.3042, -1.3861 1.6092 0.3042, -1.2405 1.3779 0.311, -1.4374 1.1811 0.3017
            ]
        }
        coordIndex [
            0,1,2,-1,0,2,3,-1,4,5,2,-1,2,5,6,-1,2,6,7,-1,7,8,2,-1,2,8,9,-1,2,9,3,-1,10,11,12,-1,13,14,15,-1,15,14,16,-1,15,16,17,-1,17,16,18,-1,18,16,19,-1,18,19,12,-1,12,19,20,-1,12,20,10,-1,
        ]
    }
}
Shape{
    appearance Appearance {
        material  Material 	{
            diffuseColor 0.7529411764705882 0.7529411764705882 0.7529411764705882
            specularColor 0.3764705882352941 0.3764705882352941 0.3764705882352941
            ambientIntensity 0.7529
            transparency 0.0
            shininess 0.5
        }
    }
    geometry IndexedFaceSet {
        ccw TRUE
        solid FALSE
        coord DEF co Coordinate {
            point [
                -2.0773 1.8356 0.2717, -2.1254 1.8356 0.2695, -2.0773 1.2549 0.2717, -2.1254 1.2549 0.2695, -2.1264 2.3299 1.7717, -2.1264 2.3299 1.6142, -2.1264 1.8356 1.7717, -2.1264 1.9685 1.6142, -2.1264 1.8356 1.6142, -2.3035 0.561 0.5512, -2.3035 0.561 -0.3543, -2.3035 -0.4036 -0.3543, -2.3035 0.6496 1.5945, -2.3035 1.8356 1.5945, -2.3035 0.6496 1.5354, -2.3035 1.8356 0.3518, -2.3035 1.8188 0.3454, -2.3035 1.2717 0.3454, -2.3035 1.2549 0.3518, -2.3035 1.2549 0.4724, -2.3035 -1.6782 1.5945, -2.3035 -0.4922 1.5945, -2.3035 -1.6782 0.3518, -2.3035 -0.4922 1.5354, -2.3035 -0.4036 0.5512, -2.3035 -1.0187 0.5512, -2.3035 1.2988 0.322, -2.3035 1.8039 0.3353, -2.3035 -1.6465 0.3353, -2.3035 -1.6614 0.3454, -2.3035 -1.0948 0.4928, -2.3035 -1.0869 0.5118, -2.3035 1.7828 0.3064, -2.3035 1.7777 0.2891, -2.3035 1.3128 0.2891, -2.3035 1.2529 0.49, -2.3035 1.2471 0.5066, -2.3035 -1.0391 0.5485, -2.3035 -1.0581 0.5406, -2.3035 -1.0744 0.5281, -2.3035 -1.0975 0.4724, -2.3035 -1.0975 0.3518, -2.3035 -1.1143 0.3454, -2.3035 1.7917 0.322, -2.3035 1.3077 0.3064, -2.3035 1.1761 0.5512, -2.3035 1.1937 0.5492, -2.3035 -1.1554 0.2891, -2.3035 -1.6203 0.2891, -2.3035 -1.1503 0.3064, -2.3035 -1.6254 0.3064, -2.3035 -1.1414 0.322, -2.3035 -1.1292 0.3353, -2.3035 1.2866 0.3353, -2.3035 1.2377 0.5215, -2.3035 1.2252 0.534, -2.3035 1.2103 0.5434, -2.3035 -1.6343 0.322, -2.1559 1.3128 0.2891, -2.146 1.3128 0.2891, -2.146 1.3077 0.3064, -2.146 1.2549 0.3518, -2.146 1.2717 0.3454, -2.146 1.2866 0.3353, -2.146 1.2988 0.322, -2.2248 1.3128 0.2891, -2.1657 1.3128 0.2891, -2.1854 1.3128 0.2891, -2.146 1.2549 0.4724, -2.146 1.1761 0.5512, -2.146 1.1937 0.5492, -2.146 1.2103 0.5434, -2.146 1.2252 0.534, -2.146 1.2377 0.5215, -2.146 1.2471 0.5066, -2.146 1.2529 0.49, -2.146 0.561 0.5512, -2.146 0.561 -0.3543, -2.146 -0.4036 -0.3543, -2.1506 -0.4036 -0.4004, -2.1506 0.561 -0.4004, -2.164 -0.4036 -0.4447, -2.164 0.561 -0.4447, -2.1859 -0.4036 -0.4856, -2.1859 0.561 -0.4856, -2.2152 -0.4036 -0.5214, -2.2152 0.561 -0.5214, -2.146 -0.4036 0.5512, -2.146 -1.0187 0.5512, -2.146 -1.0975 0.4724, -2.146 -1.0948 0.4928, -2.146 -1.0869 0.5118, -2.146 -1.0744 0.5281, -2.146 -1.0581 0.5406, -2.146 -1.0391 0.5485, -2.146 -1.0975 0.3518, -2.2248 -1.1554 0.2891, -2.146 -1.1554 0.2891, -2.1657 -1.1554 0.2891, -2.146 -1.1503 0.3064, -2.1854 -1.1554 0.2891, -2.146 -1.1414 0.322, -2.146 -1.1292 0.3353, -2.146 -1.1143 0.3454, -2.1435 -1.6409 0.2835, -2.1427 -1.6474 0.2817, -2.1428 -1.1282 0.2817, -2.1444 -1.634 0.2854, -2.1434 -1.1322 0.2828, -2.1447 -1.6313 0.2861, -2.1444 -1.1394 0.2847, -2.1451 -1.1444 0.286, -2.1452 -1.6272 0.2873, -2.1453 -1.1459 0.2864, -2.146 -1.6203 0.2891, -2.146 -1.1506 0.2877, -2.1418 -1.655 0.2796, -2.1405 -1.1121 0.2774, -2.1427 -1.6479 0.2816, -2.1414 -1.1181 0.2791, -2.1423 -1.125 0.2809, -2.1395 -1.6734 0.2745, -2.1384 -1.6782 0.2736, -2.138 -1.6782 0.2733, -2.1409 -1.6622 0.2776, -2.1407 -1.6636 0.2772, -2.1404 -1.1112 0.2772, -2.1401 -1.6688 0.2758, -2.1394 -1.1043 0.2754, -2.138 -1.0975 0.2733, -2.1384 -1.0975 0.2736, -2.1254 -1.6782 0.2695, -2.1254 -1.0975 0.2695, -2.1288 -1.6782 0.2696, -2.1288 -1.0975 0.2696, -2.1337 -1.6782 0.2709, -2.1337 -1.0975 0.2709, -2.2248 -1.6203 0.2891, -2.1854 -1.6203 0.2891, -2.146 -1.6254 0.3064, -2.146 -1.6343 0.322, -2.146 -1.6465 0.3353, -2.146 -1.6614 0.3454, -2.146 -1.6782 0.3518, -2.1657 -1.6203 0.2891, -2.1559 -1.6203 0.2891, -2.146 -0.4922 1.5354, -2.146 0.6496 1.5354, -2.146 1.8356 0.3518, -2.146 1.8356 1.5945, -2.1454 1.8356 1.5996, -2.2975 1.8356 1.6403, -2.1434 1.8356 1.6043, -2.2798 1.8356 1.6831, -2.1403 1.8356 1.6084, -2.2516 1.8356 1.7198, -2.1362 1.8356 1.6115, -2.2149 1.8356 1.7479, -2.1315 1.8356 1.6135, -2.1722 1.8356 1.7656, -2.2248 1.7777 0.2891, -2.146 1.7777 0.2891, -2.1657 1.7777 0.2891, -2.146 1.7828 0.3064, -2.1854 1.7777 0.2891, -2.146 1.7917 0.322, -2.146 1.8039 0.3353, -2.146 1.8188 0.3454, -2.1264 1.2549 0.2695, -2.1264 1.8356 0.2695, -2.1264 -1.6782 1.6142, -2.1264 -1.6782 1.7717, -2.1315 -1.6782 1.6135, -2.1722 -1.6782 1.7656, -2.1362 -1.6782 1.6115, -2.2149 -1.6782 1.7479, -2.1403 -1.6782 1.6084, -2.2516 -1.6782 1.7198, -2.1434 -1.6782 1.6043, -2.2798 -1.6782 1.6831, -2.1454 -1.6782 1.5996, -2.2975 -1.6782 1.6403, -2.146 -1.6782 1.5945, -2.1264 -2.1725 1.6142, -2.1264 -2.1725 1.7717, -2.1264 -1.8111 1.6142, -2.0771 -1.8111 1.6142, -2.0771 -1.6929 1.4961, -2.3035 -1.6929 1.4961, -2.3035 -1.8111 1.6142, -2.3035 -1.6929 1.1063, -2.3035 -1.8898 1.1063, -2.3035 -1.8898 1.6142, 2.3028 -1.8111 1.6142, 2.3028 -1.6929 1.4961, 2.1256 -1.8111 1.6142, 2.0764 -1.6929 1.4961, 2.0764 -1.8111 1.6142, 2.1256 -2.1725 1.7717, 2.1256 -2.1725 1.6142, 2.1256 -1.6782 1.7717, 2.1256 -1.6782 1.6142, -1.6736 -2.2835 1.7717, -1.6736 -2.2048 1.7717, -1.9492 -2.2835 1.7717, -1.9929 -2.2786 1.7717, -2.0344 -2.2641 1.7717, -2.1029 -2.2097 1.7717, -2.0717 -2.2407 1.7717, -1.9356 -0.4922 1.7717, -2.1264 -0.4922 1.7717, -1.8132 -0.8072 1.7717, -1.6399 -1.0974 1.7717, -1.4374 -2.2048 1.7717, -0.8696 -1.7422 1.7717, -1.1614 -1.5715 1.7717, -1.4206 -1.3546 1.7717, 0.8855 -2.2835 1.7717, 0.8855 -2.2048 1.7717, -0.8862 -2.2835 1.7717, -0.8862 -2.2048 1.7717, 1.1217 -2.2835 1.7717, 1.4366 -2.2835 1.7717, 1.1217 -2.2048 1.7717, 1.4366 -2.2048 1.7717, -1.4374 -2.2835 1.7717, -1.1224 -2.2835 1.7717, -1.1224 -2.2048 1.7717, 0.8689 -1.7422 1.7717, 1.1606 -1.5715 1.7717, 1.4198 -1.3546 1.7717, 1.6729 -2.2048 1.7717, 1.6729 -2.2835 1.7717, 1.9349 -0.4922 1.7717, 1.8125 -0.8072 1.7717, 2.1256 -0.4922 1.7717, 1.6391 -1.0974 1.7717, 1.9484 -2.2835 1.7717, 1.9922 -2.2786 1.7717, 2.0337 -2.2641 1.7717, 2.071 -2.2407 1.7717, 2.1021 -2.2097 1.7717, 0.8689 -1.7422 1.6142, 1.1606 -1.5715 1.6142, 1.4198 -1.3546 1.6142, 1.6391 -1.0974 1.6142, 1.8125 -0.8072 1.6142, 1.9349 -0.4922 1.6142, -0.8696 -1.7422 1.6142, -1.9356 -0.4922 1.6142, -1.8132 -0.8072 1.6142, -1.6399 -1.0974 1.6142, -1.4206 -1.3546 1.6142, -1.1614 -1.5715 1.6142, -1.6157 -0.4851 1.6173, -1.6167 -0.4854 1.6169, -1.5243 -0.7012 1.6169, -1.5973 -0.4787 1.6259, -1.5987 -0.4792 1.6247, -1.5074 -0.6926 1.6247, 1.5867 -0.4753 1.6339, 1.5826 -0.4738 1.6372, 1.4921 -0.6851 1.6372, -1.582 -0.4734 1.639, -1.5833 -0.4738 1.6372, -1.4929 -0.6851 1.6372, 1.5813 -0.4734 1.639, 1.5708 -0.4697 1.6535, 1.481 -0.6794 1.6535, -1.5639 -0.467 1.6736, -1.5641 -0.4671 1.6725, -1.4747 -0.6759 1.6725, 1.5632 -0.467 1.6736, 1.5608 -0.4662 1.6929, 1.4716 -0.6746 1.6929, 1.5633 -0.4671 1.6725, 1.474 -0.6759 1.6725, 1.4266 -0.7493 1.6929, 1.3569 -0.8704 1.6725, 1.3547 -0.8689 1.6929, 1.2143 -1.0472 1.6725, 1.2452 -1.0047 1.6929, 1.2123 -1.0454 1.6929, 1.0489 -1.2028 1.6725, 1.0472 -1.2007 1.6929, 1.0188 -1.2209 1.6929, 0.8637 -1.3342 1.6725, 0.8623 -1.332 1.6929, 0.7541 -1.3884 1.6929, 0.6623 -1.4392 1.6725, 0.6613 -1.4367 1.6929, 0.4485 -1.5155 1.6725, 0.4642 -1.5071 1.6929, 0.4477 -1.513 1.6929, 0.2262 -1.562 1.6725, 0.2258 -1.5593 1.6929, 0.1562 -1.5641 1.6929, -0.0004 -1.5775 1.6725, -0.0004 -1.5748 1.6929, -0.157 -1.5641 1.6929, -0.2269 -1.562 1.6725, -0.2266 -1.5593 1.6929, -0.4492 -1.5155 1.6725, -0.4485 -1.513 1.6929, -0.4649 -1.5071 1.6929, -0.6631 -1.4392 1.6725, -0.662 -1.4367 1.6929, -0.7548 -1.3884 1.6929, -0.8645 -1.3342 1.6725, -0.8631 -1.332 1.6929, -1.0496 -1.2028 1.6725, -1.0195 -1.2209 1.6929, -1.0479 -1.2007 1.6929, -1.2151 -1.0472 1.6725, -1.2131 -1.0454 1.6929, -1.2459 -1.0047 1.6929, -1.3576 -0.8704 1.6725, -1.5616 -0.4662 1.6929, -1.4723 -0.6746 1.6929, -1.4274 -0.7493 1.6929, -1.3555 -0.8689 1.6929, -1.5715 -0.4697 1.6535, -1.4817 -0.6794 1.6535, -1.3641 -0.875 1.6535, -1.2208 -1.0525 1.6535, -1.0546 -1.2088 1.6535, -0.8686 -1.3409 1.6535, -0.6662 -1.4464 1.6535, -0.4514 -1.5231 1.6535, -0.228 -1.5697 1.6535, -0.0004 -1.5854 1.6535, 0.2273 -1.5697 1.6535, 0.4506 -1.5231 1.6535, 0.6655 -1.4464 1.6535, 0.8678 -1.3409 1.6535, 1.0539 -1.2088 1.6535, 1.2201 -1.0525 1.6535, 1.3633 -0.875 1.6535, -1.3744 -0.8821 1.6372, -1.23 -1.061 1.6372, -1.0625 -1.2185 1.6372, -0.8751 -1.3516 1.6372, -0.6712 -1.4578 1.6372, -0.4547 -1.5352 1.6372, -0.2297 -1.5821 1.6372, -0.0004 -1.5979 1.6372, 0.229 -1.5821 1.6372, 0.454 -1.5352 1.6372, 0.6705 -1.4578 1.6372, 0.8744 -1.3516 1.6372, 1.0618 -1.2185 1.6372, 1.2293 -1.061 1.6372, 1.3736 -0.8821 1.6372, -1.5875 -0.4753 1.6339, -1.3877 -0.8915 1.6247, -1.242 -1.0721 1.6247, -1.0729 -1.2311 1.6247, -0.8836 -1.3655 1.6247, -0.6778 -1.4728 1.6247, -0.4592 -1.5509 1.6247, -0.2319 -1.5983 1.6247, -0.0004 -1.6142 1.6247, 0.2312 -1.5983 1.6247, 0.4584 -1.5509 1.6247, 0.677 -1.4728 1.6247, 0.8829 -1.3655 1.6247, 1.0721 -1.2311 1.6247, 1.2412 -1.0721 1.6247, 1.387 -0.8915 1.6247, 1.5066 -0.6926 1.6247, 1.5965 -0.4787 1.6259, 1.6159 -0.4854 1.6169, 1.6149 -0.4851 1.6173, 1.598 -0.4792 1.6247, -1.4033 -0.9024 1.6169, -1.2559 -1.085 1.6169, -1.0849 -1.2458 1.6169, -0.8935 -1.3817 1.6169, -0.6854 -1.4902 1.6169, -0.4643 -1.5691 1.6169, -0.2345 -1.6171 1.6169, -0.0004 -1.6332 1.6169, 0.2338 -1.6171 1.6169, 0.4636 -1.5691 1.6169, 0.6846 -1.4902 1.6169, 0.8928 -1.3817 1.6169, 1.0842 -1.2458 1.6169, 1.2551 -1.085 1.6169, 1.4025 -0.9024 1.6169, 1.5235 -0.7012 1.6169, -1.6359 -0.4922 1.6142, -1.5424 -0.7105 1.6142, -1.42 -0.914 1.6142, -1.2708 -1.0989 1.6142, -1.0978 -1.2616 1.6142, -0.9042 -1.3991 1.6142, -0.6935 -1.5089 1.6142, -0.4698 -1.5888 1.6142, -0.2373 -1.6373 1.6142, -0.0004 -1.6536 1.6142, 0.2366 -1.6373 1.6142, 0.4691 -1.5888 1.6142, 0.6928 -1.5089 1.6142, 0.9034 -1.3991 1.6142, 1.0971 -1.2616 1.6142, 1.2701 -1.0989 1.6142, 1.4192 -0.914 1.6142, 1.5417 -0.7105 1.6142, 1.6351 -0.4922 1.6142, -1.3783 0.0787 1.9685, -1.3643 -0.1174 1.9685, -1.3783 0.0787 3.2283, -1.3482 -0.2078 3.2283, -1.2584 -0.4815 1.9685, -1.2592 -0.4818 3.2283, -1.3225 -0.3095 1.9685, -1.3448 -0.207 1.9685, -1.2538 -0.4937 1.9685, -1.1596 -0.6663 1.9685, -1.1152 -0.7312 3.2283, -0.9213 -0.9442 1.9685, -0.9224 -0.9453 3.2283, -1.0418 -0.8237 1.9685, -1.1125 -0.7292 1.9685, -0.9027 -0.9627 1.9685, -0.7454 -1.0805 1.9685, -0.6894 -1.1146 3.2283, -0.4254 -1.2297 1.9685, -0.4262 -1.2318 3.2283, -0.5728 -1.1747 1.9685, -0.6879 -1.1119 1.9685, -0.3886 -1.2434 1.9685, -0.1965 -1.2852 1.9685, -0.1444 -1.2917 3.2283, 0.1435 -1.289 1.9685, 0.1437 -1.2917 3.2283, -0.0004 -1.2992 1.9685, -0.1442 -1.289 1.9685, 0.1957 -1.2852 1.9685, 0.3878 -1.2434 1.9685, 0.4254 -1.2318 3.2283, 0.6871 -1.1119 1.9685, 0.6886 -1.1146 3.2283, 0.572 -1.1747 1.9685, 0.4247 -1.2297 1.9685, 0.7446 -1.0805 1.9685, 0.902 -0.9627 1.9685, 0.9217 -0.9453 3.2283, 1.1117 -0.7292 1.9685, 1.1144 -0.7312 3.2283, 1.041 -0.8237 1.9685, 0.9205 -0.9442 1.9685, 1.1588 -0.6663 1.9685, 1.2531 -0.4937 1.9685, 1.2584 -0.4818 3.2283, 1.2576 -0.4815 1.9685, 1.3218 -0.3095 1.9685, 1.3475 -0.2078 3.2283, 1.3776 0.0787 1.9685, 1.3776 0.0787 3.2283, 1.3636 -0.1174 1.9685, 1.3441 -0.207 1.9685, -1.024 0.0787 3.7402, -1.0016 -0.1341 3.7402, -0.9915 -0.1654 3.7402, -0.9355 -0.3376 3.7402, -0.9026 -0.3946 3.7402, -0.8285 -0.523 3.7402, -0.7624 -0.5964 3.7402, -0.6853 -0.682 3.7402, -0.5787 -0.7594 3.7402, -0.5122 -0.8078 3.7402, -0.3617 -0.8748 3.7402, -0.3167 -0.8948 3.7402, -0.1234 -0.9359 3.7402, -0.1074 -0.9393 3.7402, 0.1066 -0.9393 3.7402, 0.1227 -0.9359 3.7402, 0.3159 -0.8948 3.7402, 0.361 -0.8748 3.7402, 0.5114 -0.8078 3.7402, 0.578 -0.7594 3.7402, 0.6846 -0.682 3.7402, 0.7617 -0.5964 3.7402, 0.8278 -0.523 3.7402, 0.9019 -0.3946 3.7402, 0.9348 -0.3376 3.7402, 0.9907 -0.1654 3.7402, 1.0009 -0.1341 3.7402, 1.0232 0.0787 3.7402, -1.024 0.0787 4.5925, -0.9983 -0.1491 3.7402, -0.9983 -0.1491 4.5925, -0.9226 -0.3654 3.7402, -0.9226 -0.3654 4.5925, -0.8007 -0.5595 3.7402, -0.8007 -0.5595 4.5925, -0.6386 -0.7216 3.7402, -0.6386 -0.7216 4.5925, -0.4445 -0.8435 3.7402, -0.4445 -0.8435 4.5925, -0.2282 -0.9193 3.7402, -0.2282 -0.9193 4.5925, -0.0004 -0.9449 3.7402, -0.0004 -0.9449 4.5925, 0.2274 -0.9193 3.7402, 0.2274 -0.9193 4.5925, 0.4438 -0.8435 3.7402, 0.4438 -0.8435 4.5925, 0.6378 -0.7216 3.7402, 0.6378 -0.7216 4.5925, 0.7999 -0.5595 3.7402, 0.7999 -0.5595 4.5925, 0.9219 -0.3654 3.7402, 0.9219 -0.3654 4.5925, 0.9976 -0.1491 3.7402, 0.9976 -0.1491 4.5925, 1.0232 0.0787 4.5925, 1.6149 0.6425 1.6173, 1.6159 0.6429 1.6169, 1.5235 0.8586 1.6169, 1.5965 0.6361 1.6259, 1.598 0.6366 1.6247, 1.5066 0.85 1.6247, -1.5875 0.6327 1.6339, -1.5833 0.6312 1.6372, -1.4929 0.8426 1.6372, 1.5813 0.6308 1.639, 1.5826 0.6312 1.6372, 1.4921 0.8426 1.6372, -1.582 0.6308 1.639, -1.5715 0.6271 1.6535, -1.4817 0.8369 1.6535, 1.5632 0.6245 1.6736, 1.5633 0.6245 1.6725, 1.474 0.8333 1.6725, -1.5639 0.6245 1.6736, -1.5616 0.6236 1.6929, -1.4723 0.8321 1.6929, -1.5641 0.6245 1.6725, -1.4747 0.8333 1.6725, -1.4274 0.9068 1.6929, -1.3576 1.0279 1.6725, -1.3555 1.0263 1.6929, -1.2151 1.2046 1.6725, -1.2459 1.1621 1.6929, -1.2131 1.2028 1.6929, -1.0496 1.3602 1.6725, -1.0479 1.3581 1.6929, -1.0195 1.3783 1.6929, -0.8645 1.4916 1.6725, -0.8631 1.4894 1.6929, -0.7548 1.5458 1.6929, -0.6631 1.5966 1.6725, -0.662 1.5941 1.6929, -0.4492 1.673 1.6725, -0.4649 1.6645 1.6929, -0.4485 1.6704 1.6929, -0.2269 1.7194 1.6725, -0.2266 1.7167 1.6929, -0.157 1.7215 1.6929, -0.0004 1.7349 1.6725, -0.0004 1.7322 1.6929, 0.1562 1.7215 1.6929, 0.2262 1.7194 1.6725, 0.2258 1.7167 1.6929, 0.4485 1.673 1.6725, 0.4477 1.6704 1.6929, 0.4642 1.6645 1.6929, 0.6623 1.5966 1.6725, 0.6613 1.5941 1.6929, 0.7541 1.5458 1.6929, 0.8637 1.4916 1.6725, 0.8623 1.4894 1.6929, 1.0489 1.3602 1.6725, 1.0188 1.3783 1.6929, 1.0472 1.3581 1.6929, 1.2143 1.2046 1.6725, 1.2123 1.2028 1.6929, 1.2452 1.1621 1.6929, 1.3569 1.0279 1.6725, 1.5608 0.6236 1.6929, 1.4716 0.8321 1.6929, 1.4266 0.9068 1.6929, 1.3547 1.0263 1.6929, 1.5708 0.6271 1.6535, 1.481 0.8369 1.6535, 1.3633 1.0324 1.6535, 1.2201 1.2099 1.6535, 1.0539 1.3663 1.6535, 0.8678 1.4984 1.6535, 0.6655 1.6038 1.6535, 0.4506 1.6805 1.6535, 0.2273 1.7272 1.6535, -0.0004 1.7428 1.6535, -0.228 1.7272 1.6535, -0.4514 1.6805 1.6535, -0.6662 1.6038 1.6535, -0.8686 1.4984 1.6535, -1.0546 1.3663 1.6535, -1.2208 1.2099 1.6535, -1.3641 1.0324 1.6535, 1.3736 1.0395 1.6372, 1.2293 1.2185 1.6372, 1.0618 1.3759 1.6372, 0.8744 1.509 1.6372, 0.6705 1.6152 1.6372, 0.454 1.6926 1.6372, 0.229 1.7396 1.6372, -0.0004 1.7553 1.6372, -0.2297 1.7396 1.6372, -0.4547 1.6926 1.6372, -0.6712 1.6152 1.6372, -0.8751 1.509 1.6372, -1.0625 1.3759 1.6372, -1.23 1.2185 1.6372, -1.3744 1.0395 1.6372, 1.5867 0.6327 1.6339, 1.387 1.0489 1.6247, 1.2412 1.2295 1.6247, 1.0721 1.3886 1.6247, 0.8829 1.5229 1.6247, 0.677 1.6302 1.6247, 0.4584 1.7083 1.6247, 0.2312 1.7557 1.6247, -0.0004 1.7716 1.6247, -0.2319 1.7557 1.6247, -0.4592 1.7083 1.6247, -0.6778 1.6302 1.6247, -0.8836 1.5229 1.6247, -1.0729 1.3886 1.6247, -1.242 1.2295 1.6247, -1.3877 1.0489 1.6247, -1.5074 0.85 1.6247, -1.5973 0.6361 1.6259, -1.6167 0.6429 1.6169, -1.6157 0.6425 1.6173, -1.5987 0.6366 1.6247, 1.4025 1.0598 1.6169, 1.2551 1.2424 1.6169, 1.0842 1.4032 1.6169, 0.8928 1.5391 1.6169, 0.6846 1.6476 1.6169, 0.4636 1.7265 1.6169, 0.2338 1.7745 1.6169, -0.0004 1.7906 1.6169, -0.2345 1.7745 1.6169, -0.4643 1.7265 1.6169, -0.6854 1.6476 1.6169, -0.8935 1.5391 1.6169, -1.0849 1.4032 1.6169, -1.2559 1.2424 1.6169, -1.4033 1.0598 1.6169, -1.5243 0.8586 1.6169, 1.6351 0.6496 1.6142, 1.5417 0.8679 1.6142, 1.4192 1.0714 1.6142, 1.2701 1.2563 1.6142, 1.0971 1.419 1.6142, 0.9034 1.5565 1.6142, 0.6928 1.6663 1.6142, 0.4691 1.7462 1.6142, 0.2366 1.7947 1.6142, -0.0004 1.811 1.6142, -0.2373 1.7947 1.6142, -0.4698 1.7462 1.6142, -0.6935 1.6663 1.6142, -0.9042 1.5565 1.6142, -1.0978 1.419 1.6142, -1.2708 1.2563 1.6142, -1.42 1.0714 1.6142, -1.5424 0.8679 1.6142, -1.6359 0.6496 1.6142, -0.8696 1.8996 1.6142, -0.8696 1.8996 1.7717, -1.1614 1.7289 1.6142, -1.1614 1.7289 1.7717, -1.4206 1.512 1.6142, -1.4206 1.512 1.7717, -1.6399 1.2548 1.6142, -1.6399 1.2548 1.7717, -1.8132 0.9646 1.6142, -1.8132 0.9646 1.7717, -1.9356 0.6496 1.6142, -1.9356 0.6496 1.7717, 0.8689 1.8996 1.7717, 0.8689 1.8996 1.6142, 1.9349 0.6496 1.6142, 1.9349 0.6496 1.7717, 1.8125 0.9646 1.6142, 1.8125 0.9646 1.7717, 1.6391 1.2548 1.6142, 1.6391 1.2548 1.7717, 1.4198 1.512 1.6142, 1.4198 1.512 1.7717, 1.1606 1.7289 1.6142, 1.1606 1.7289 1.7717, 2.1551 1.7777 0.2891, 2.1453 1.7777 0.2891, 2.1453 1.7828 0.3064, 2.1453 1.8356 0.3518, 2.3028 1.8356 0.3518, 2.1453 1.8188 0.3454, 2.3028 1.8188 0.3454, 2.1453 1.8039 0.3353, 2.3028 1.8039 0.3353, 2.1453 1.7917 0.322, 2.3028 1.7917 0.322, 2.3028 1.7828 0.3064, 2.165 1.7777 0.2891, 2.3028 1.7777 0.2891, 2.224 1.7777 0.2891, 2.1847 1.7777 0.2891, 2.1453 0.6496 1.5354, 2.1453 -0.4922 1.5354, 2.3028 0.6496 1.5354, 2.3028 -0.4922 1.5354, 2.1453 -1.6782 0.3518, 2.3028 -1.6782 0.3518, 2.1453 -1.6782 1.5945, 2.3028 -1.6782 1.5945, 2.1446 -1.6782 1.5996, 2.2967 -1.6782 1.6403, 2.1427 -1.6782 1.6043, 2.279 -1.6782 1.6831, 2.1395 -1.6782 1.6084, 2.2509 -1.6782 1.7198, 2.1355 -1.6782 1.6115, 2.2142 -1.6782 1.7479, 2.1307 -1.6782 1.6135, 2.1715 -1.6782 1.7656, 2.224 -1.6203 0.2891, 2.3028 -1.6203 0.2891, 2.3028 -1.6254 0.3064, 2.1453 -1.6203 0.2891, 2.165 -1.6203 0.2891, 2.1453 -1.6254 0.3064, 2.1847 -1.6203 0.2891, 2.1453 -1.6343 0.322, 2.3028 -1.6343 0.322, 2.1453 -1.6465 0.3353, 2.3028 -1.6465 0.3353, 2.1453 -1.6614 0.3454, 2.3028 -1.6614 0.3454, 2.1388 -1.1023 0.2745, 2.1377 -1.0975 0.2736, 2.1373 -1.0975 0.2733, 2.1452 -1.6251 0.2877, 2.1453 -1.1554 0.2891, 2.1446 -1.6297 0.2864, 2.1445 -1.1485 0.2873, 2.1444 -1.6313 0.286, 2.1436 -1.1416 0.2854, 2.142 -1.6474 0.2817, 2.1426 -1.6435 0.2828, 2.1436 -1.6363 0.2847, 2.144 -1.1444 0.2861, 2.141 -1.1206 0.2796, 2.1402 -1.1135 0.2776, 2.1416 -1.6506 0.2809, 2.1428 -1.1347 0.2835, 2.142 -1.1282 0.2817, 2.1419 -1.1278 0.2816, 2.1373 -1.6782 0.2733, 2.1377 -1.6782 0.2736, 2.1386 -1.6713 0.2754, 2.1394 -1.1069 0.2758, 2.1396 -1.6645 0.2772, 2.14 -1.1121 0.2772, 2.1397 -1.6636 0.2774, 2.1406 -1.6575 0.2791, 2.1247 -1.0975 0.2695, 2.1247 -1.6782 0.2695, 2.1281 -1.0975 0.2696, 2.1281 -1.6782 0.2696, 2.1329 -1.0975 0.2709, 2.1329 -1.6782 0.2709, 2.224 -1.1554 0.2891, 2.1847 -1.1554 0.2891, 2.1453 -1.1503 0.3064, 2.3028 -1.1554 0.2891, 2.3028 -1.1503 0.3064, 2.3028 -1.1414 0.322, 2.1453 -1.1414 0.322, 2.3028 -1.1292 0.3353, 2.1453 -1.1292 0.3353, 2.3028 -1.1143 0.3454, 2.1453 -1.1143 0.3454, 2.3028 -1.0975 0.3518, 2.1453 -1.0975 0.3518, 2.165 -1.1554 0.2891, 2.1551 -1.1554 0.2891, 2.1453 -1.0975 0.4724, 2.3028 -1.0975 0.4724, 2.1453 -1.0187 0.5512, 2.3028 -1.0187 0.5512, 2.1453 -1.0363 0.5492, 2.3028 -1.0363 0.5492, 2.1453 -1.0529 0.5434, 2.3028 -1.0529 0.5434, 2.1453 -1.0678 0.534, 2.3028 -1.0678 0.534, 2.1453 -1.0803 0.5215, 2.3028 -1.0803 0.5215, 2.1453 -1.0897 0.5066, 2.3028 -1.0897 0.5066, 2.1453 -1.0955 0.49, 2.3028 -1.0955 0.49, 2.1453 -0.4036 0.5512, 2.3028 -0.4036 0.5512, 2.1453 -0.4036 -0.3543, 2.1453 0.561 -0.3543, 2.1498 0.561 -0.4004, 2.1498 -0.4036 -0.4004, 2.1633 0.561 -0.4447, 2.1633 -0.4036 -0.4447, 2.1851 0.561 -0.4856, 2.1851 -0.4036 -0.4856, 2.2145 0.561 -0.5214, 2.2145 -0.4036 -0.5214, 2.1453 0.561 0.5512, 2.1453 1.1761 0.5512, 2.3028 0.561 0.5512, 2.3028 1.1761 0.5512, 2.1453 1.2549 0.4724, 2.3028 1.2549 0.4724, 2.1453 1.2522 0.4928, 2.3028 1.2522 0.4928, 2.1453 1.2443 0.5118, 2.3028 1.2443 0.5118, 2.1453 1.2318 0.5281, 2.3028 1.2318 0.5281, 2.1453 1.2155 0.5406, 2.3028 1.2155 0.5406, 2.1453 1.1965 0.5485, 2.3028 1.1965 0.5485, 2.1453 1.2549 0.3518, 2.3028 1.2549 0.3518, 2.224 1.3128 0.2891, 2.3028 1.3128 0.2891, 2.3028 1.3077 0.3064, 2.1453 1.3128 0.2891, 2.165 1.3128 0.2891, 2.1453 1.3077 0.3064, 2.1847 1.3128 0.2891, 2.1453 1.2988 0.322, 2.3028 1.2988 0.322, 2.1453 1.2866 0.3353, 2.3028 1.2866 0.3353, 2.1453 1.2717 0.3454, 2.3028 1.2717 0.3454, 2.144 1.7887 0.2861, 2.1436 1.7914 0.2854, 2.1426 1.2896 0.2828, 2.142 1.2856 0.2817, 2.1436 1.2968 0.2847, 2.1444 1.3018 0.286, 2.1445 1.7846 0.2873, 2.1446 1.3033 0.2864, 2.1452 1.308 0.2877, 2.1419 1.8053 0.2816, 2.1416 1.2825 0.2809, 2.142 1.8048 0.2817, 2.1428 1.7984 0.2835, 2.141 1.8124 0.2796, 2.1397 1.2695 0.2774, 2.1406 1.2755 0.2791, 2.1386 1.2617 0.2754, 2.1396 1.2686 0.2772, 2.1373 1.8356 0.2733, 2.1402 1.8196 0.2776, 2.14 1.821 0.2772, 2.1377 1.8356 0.2736, 2.1388 1.8308 0.2745, 2.1394 1.8262 0.2758, 2.1247 1.8356 0.2695, 2.1247 1.2549 0.2695, 2.1281 1.8356 0.2696, 2.1281 1.2549 0.2696, 2.1329 1.8356 0.2709, 2.1329 1.2549 0.2709, 2.1373 1.2549 0.2733, 2.1377 1.2549 0.2736, 2.1256 1.8356 1.6142, 2.1256 1.8356 1.7717, 2.1307 1.8356 1.6135, 2.1715 1.8356 1.7656, 2.1355 1.8356 1.6115, 2.2142 1.8356 1.7479, 2.1395 1.8356 1.6084, 2.2509 1.8356 1.7198, 2.1427 1.8356 1.6043, 2.279 1.8356 1.6831, 2.1446 1.8356 1.5996, 2.2967 1.8356 1.6403, 2.1453 1.8356 1.5945, 2.3028 1.8356 1.5945, 2.1256 2.3299 1.6142, 2.1256 2.3299 1.7717, 2.1256 1.9685 1.6142, -2.3035 1.8504 1.1063, -2.3035 1.8504 1.4961, -2.3035 2.0472 1.1063, -2.3035 1.9685 1.6142, -2.3035 2.0472 1.6142, -2.0771 1.8504 1.4961, -2.0771 1.9685 1.6142, 2.0764 1.9685 1.6142, 2.0764 1.8504 1.4961, 2.3028 1.8504 1.4961, 2.3028 1.9685 1.6142, 2.3028 1.8504 1.1063, 2.3028 2.0472 1.1063, 2.3028 2.0472 1.6142, 1.9091 2.437 1.1024, 1.9091 2.4409 1.1063, 2.011 2.4275 1.1063, 2.01 2.4237 1.1024, 2.1059 2.3882 1.1063, 2.104 2.3848 1.1024, 2.1875 2.3256 1.1063, 2.1847 2.3228 1.1024, 2.25 2.2441 1.1063, 2.2466 2.2421 1.1024, 2.2894 2.1491 1.1063, 2.2856 2.1481 1.1024, 2.2988 2.0472 1.1024, -1.9098 2.4409 1.1063, -1.9098 2.437 1.1024, -2.2996 2.0472 1.1024, -2.2901 2.1491 1.1063, -2.2863 2.1481 1.1024, -2.2508 2.2441 1.1063, -2.2474 2.2421 1.1024, -2.1882 2.3256 1.1063, -2.1854 2.3228 1.1024, -2.1067 2.3882 1.1063, -2.1047 2.3848 1.1024, -2.0117 2.4275 1.1063, -2.0107 2.4237 1.1024, -0.9011 2.6082 0.5669, -0.6894 2.6082 0.5669, -0.9011 2.4409 0.5669, -0.6894 2.4409 0.5669, -0.9108 2.6082 0.5864, -0.9108 2.4409 0.5864, -0.925 2.6082 0.6029, -0.925 2.4409 0.6029, -0.9428 2.6082 0.6155, -0.9428 2.4409 0.6155, -0.963 2.6082 0.6233, -0.963 2.4409 0.6233, -0.9846 2.6082 0.626, -0.9846 2.4409 0.626, -1.0062 2.6082 0.6233, -1.0062 2.4409 0.6233, -1.0265 2.6082 0.6155, -1.0265 2.4409 0.6155, -1.0443 2.6082 0.6029, -1.0443 2.4409 0.6029, -1.0584 2.6082 0.5864, -1.0584 2.4409 0.5864, -1.0681 2.6082 0.5669, -1.0681 2.4409 0.5669, -1.2799 2.6082 0.5669, -1.2799 2.4409 0.5669, -1.1027 2.4409 0.626, -1.1027 2.6082 0.626, -1.2799 2.4409 0.626, -1.2799 2.6082 0.626, -1.0792 2.4409 0.6508, -1.0792 2.6082 0.6508, -1.0507 2.4409 0.6695, -1.0507 2.6082 0.6695, -1.0185 2.4409 0.6811, -1.0185 2.6082 0.6811, -0.9846 2.4409 0.685, -0.9846 2.6082 0.685, -0.9507 2.4409 0.6811, -0.9507 2.6082 0.6811, -0.9186 2.4409 0.6695, -0.9186 2.6082 0.6695, -0.89 2.4409 0.6508, -0.89 2.6082 0.6508, -0.8665 2.4409 0.626, -0.8665 2.6082 0.626, -0.6894 2.4409 0.626, -0.6894 2.6082 0.626
            ]
        }
        coordIndex [
            0,1,2,-1,2,1,3,-1,4,5,6,-1,6,5,7,-1,6,7,8,-1,9,10,11,-1,12,13,14,-1,14,13,15,-1,14,15,16,-1,17,18,19,-1,20,21,22,-1,22,21,23,-1,24,25,23,-1,26,16,27,-1,28,29,30,-1,30,29,22,-1,30,22,31,-1,32,33,34,-1,35,36,16,-1,25,37,23,-1,23,37,38,-1,23,38,22,-1,22,38,39,-1,22,39,31,-1,40,41,42,-1,27,43,26,-1,26,43,32,-1,26,32,44,-1,44,32,34,-1,11,24,9,-1,9,24,23,-1,9,23,45,-1,45,23,14,-1,45,14,46,-1,47,48,49,-1,49,48,50,-1,49,50,51,-1,51,50,52,-1,19,35,17,-1,17,35,16,-1,17,16,53,-1,53,16,26,-1,36,54,16,-1,16,54,55,-1,16,55,14,-1,14,55,56,-1,14,56,46,-1,42,52,40,-1,40,52,50,-1,40,50,30,-1,30,50,57,-1,30,57,28,-1,58,59,60,-1,61,18,62,-1,62,18,17,-1,62,17,63,-1,63,17,53,-1,63,53,64,-1,64,53,26,-1,64,26,60,-1,60,26,44,-1,44,34,65,-1,58,60,66,-1,44,65,60,-1,60,65,67,-1,60,67,66,-1,18,61,19,-1,19,61,68,-1,69,45,70,-1,70,45,46,-1,70,46,71,-1,71,46,56,-1,71,56,72,-1,72,56,55,-1,72,55,73,-1,73,55,54,-1,73,54,74,-1,74,54,36,-1,74,36,75,-1,75,36,35,-1,75,35,68,-1,68,35,19,-1,45,69,9,-1,9,69,76,-1,77,78,79,-1,77,79,80,-1,80,79,81,-1,80,81,82,-1,82,81,83,-1,82,83,84,-1,84,83,85,-1,84,85,86,-1,24,87,25,-1,25,87,88,-1,89,40,90,-1,90,40,30,-1,90,30,91,-1,91,30,31,-1,91,31,92,-1,92,31,39,-1,92,39,93,-1,93,39,38,-1,93,38,94,-1,94,38,37,-1,94,37,88,-1,88,37,25,-1,40,89,41,-1,41,89,95,-1,96,47,49,-1,97,98,99,-1,99,98,100,-1,100,96,99,-1,99,96,49,-1,99,49,101,-1,101,49,51,-1,101,51,102,-1,102,51,52,-1,102,52,103,-1,103,52,42,-1,103,42,95,-1,95,42,41,-1,104,105,106,-1,104,106,107,-1,107,106,108,-1,107,108,109,-1,108,110,109,-1,109,110,111,-1,109,111,112,-1,112,111,113,-1,112,113,114,-1,114,113,115,-1,114,115,97,-1,116,117,118,-1,118,117,119,-1,118,119,105,-1,105,119,120,-1,105,120,106,-1,121,122,123,-1,116,124,117,-1,117,124,125,-1,117,125,126,-1,126,125,127,-1,126,127,128,-1,128,127,129,-1,128,129,130,-1,131,132,133,-1,133,132,134,-1,133,134,135,-1,135,134,136,-1,135,136,123,-1,123,136,129,-1,123,129,121,-1,121,129,127,-1,137,138,139,-1,48,137,50,-1,50,137,139,-1,50,139,57,-1,57,139,140,-1,57,140,28,-1,28,140,141,-1,28,141,29,-1,29,141,142,-1,29,142,22,-1,22,142,143,-1,138,144,139,-1,139,144,145,-1,139,145,114,-1,146,147,23,-1,23,147,14,-1,148,15,149,-1,149,15,13,-1,149,13,150,-1,150,13,151,-1,150,151,152,-1,152,151,153,-1,152,153,154,-1,154,153,155,-1,154,155,156,-1,156,155,157,-1,156,157,158,-1,158,157,159,-1,158,159,8,-1,8,159,6,-1,160,33,32,-1,161,162,163,-1,163,162,164,-1,164,160,163,-1,163,160,32,-1,163,32,165,-1,165,32,43,-1,165,43,166,-1,166,43,27,-1,166,27,167,-1,167,27,16,-1,167,16,148,-1,148,16,15,-1,3,1,168,-1,168,1,169,-1,170,171,172,-1,172,171,173,-1,172,173,174,-1,174,173,175,-1,174,175,176,-1,176,175,177,-1,176,177,178,-1,178,177,179,-1,178,179,180,-1,180,179,181,-1,180,181,182,-1,182,181,20,-1,182,20,143,-1,143,20,22,-1,183,184,185,-1,185,184,171,-1,185,171,170,-1,186,187,185,-1,185,187,188,-1,185,188,189,-1,188,190,189,-1,189,190,191,-1,189,191,192,-1,193,194,195,-1,195,194,196,-1,195,196,197,-1,198,199,200,-1,200,199,195,-1,200,195,201,-1,202,203,204,-1,204,203,171,-1,204,171,205,-1,205,171,206,-1,184,207,171,-1,171,207,208,-1,171,208,206,-1,209,210,211,-1,211,210,171,-1,211,171,212,-1,213,214,203,-1,203,214,215,-1,203,215,171,-1,171,215,216,-1,171,216,212,-1,217,218,219,-1,219,218,220,-1,221,222,223,-1,223,222,224,-1,225,226,213,-1,213,226,227,-1,213,227,214,-1,214,227,220,-1,214,220,228,-1,228,220,218,-1,228,218,229,-1,229,218,223,-1,229,223,230,-1,200,231,232,-1,233,234,235,-1,235,234,236,-1,231,200,224,-1,224,200,235,-1,224,235,223,-1,223,235,236,-1,223,236,230,-1,232,237,200,-1,200,237,238,-1,200,238,239,-1,239,240,200,-1,200,240,241,-1,200,241,198,-1,242,228,243,-1,243,228,229,-1,243,229,244,-1,244,229,230,-1,244,230,245,-1,245,230,236,-1,245,236,246,-1,246,236,234,-1,246,234,247,-1,247,234,233,-1,228,242,214,-1,214,242,248,-1,249,209,250,-1,250,209,211,-1,250,211,251,-1,251,211,212,-1,251,212,252,-1,252,212,216,-1,252,216,253,-1,253,216,215,-1,253,215,248,-1,248,215,214,-1,254,255,256,-1,257,258,259,-1,260,261,262,-1,263,264,265,-1,266,267,268,-1,269,270,271,-1,272,273,274,-1,272,274,275,-1,275,274,276,-1,276,274,277,-1,276,277,278,-1,278,277,279,-1,278,279,280,-1,279,281,280,-1,280,281,282,-1,280,282,283,-1,282,284,283,-1,283,284,285,-1,283,285,286,-1,285,287,286,-1,286,287,288,-1,286,288,289,-1,289,288,290,-1,289,290,291,-1,290,292,291,-1,291,292,293,-1,291,293,294,-1,293,295,294,-1,294,295,296,-1,294,296,297,-1,296,298,297,-1,297,298,299,-1,297,299,300,-1,300,299,301,-1,300,301,302,-1,301,303,302,-1,302,303,304,-1,302,304,305,-1,304,306,305,-1,305,306,307,-1,305,307,308,-1,308,307,309,-1,308,309,310,-1,309,311,310,-1,310,311,312,-1,310,312,313,-1,312,314,313,-1,313,314,315,-1,313,315,316,-1,317,269,318,-1,318,269,271,-1,318,271,319,-1,319,271,316,-1,319,316,320,-1,320,316,315,-1,270,321,271,-1,271,321,322,-1,271,322,316,-1,316,322,323,-1,316,323,313,-1,313,323,324,-1,313,324,310,-1,310,324,325,-1,310,325,308,-1,308,325,326,-1,308,326,305,-1,305,326,327,-1,305,327,302,-1,302,327,328,-1,302,328,300,-1,300,328,329,-1,300,329,297,-1,297,329,330,-1,297,330,294,-1,294,330,331,-1,294,331,291,-1,291,331,332,-1,291,332,289,-1,289,332,333,-1,289,333,286,-1,286,333,334,-1,286,334,283,-1,283,334,335,-1,283,335,280,-1,280,335,336,-1,280,336,278,-1,278,336,337,-1,278,337,276,-1,276,337,268,-1,276,268,275,-1,275,268,267,-1,321,263,322,-1,322,263,265,-1,322,265,323,-1,323,265,338,-1,323,338,324,-1,324,338,339,-1,324,339,325,-1,325,339,340,-1,325,340,326,-1,326,340,341,-1,326,341,327,-1,327,341,342,-1,327,342,328,-1,328,342,343,-1,328,343,329,-1,329,343,344,-1,329,344,330,-1,330,344,345,-1,330,345,331,-1,331,345,346,-1,331,346,332,-1,332,346,347,-1,332,347,333,-1,333,347,348,-1,333,348,334,-1,334,348,349,-1,334,349,335,-1,335,349,350,-1,335,350,336,-1,336,350,351,-1,336,351,337,-1,337,351,352,-1,337,352,268,-1,268,352,262,-1,268,262,266,-1,266,262,261,-1,257,259,353,-1,264,353,265,-1,265,353,259,-1,265,259,338,-1,338,259,354,-1,338,354,339,-1,339,354,355,-1,339,355,340,-1,340,355,356,-1,340,356,341,-1,341,356,357,-1,341,357,342,-1,342,357,358,-1,342,358,343,-1,343,358,359,-1,343,359,344,-1,344,359,360,-1,344,360,345,-1,345,360,361,-1,345,361,346,-1,346,361,362,-1,346,362,347,-1,347,362,363,-1,347,363,348,-1,348,363,364,-1,348,364,349,-1,349,364,365,-1,349,365,350,-1,350,365,366,-1,350,366,351,-1,351,366,367,-1,351,367,352,-1,352,367,368,-1,352,368,262,-1,262,368,369,-1,262,369,260,-1,260,369,370,-1,371,372,369,-1,369,372,373,-1,369,373,370,-1,258,254,259,-1,259,254,256,-1,259,256,354,-1,354,256,374,-1,354,374,355,-1,355,374,375,-1,355,375,356,-1,356,375,376,-1,356,376,357,-1,357,376,377,-1,357,377,358,-1,358,377,378,-1,358,378,359,-1,359,378,379,-1,359,379,360,-1,360,379,380,-1,360,380,361,-1,361,380,381,-1,361,381,362,-1,362,381,382,-1,362,382,363,-1,363,382,383,-1,363,383,364,-1,364,383,384,-1,364,384,365,-1,365,384,385,-1,365,385,366,-1,366,385,386,-1,366,386,367,-1,367,386,387,-1,367,387,368,-1,368,387,388,-1,368,388,369,-1,369,388,389,-1,369,389,371,-1,255,390,256,-1,256,390,391,-1,256,391,374,-1,374,391,392,-1,374,392,375,-1,375,392,393,-1,375,393,376,-1,376,393,394,-1,376,394,377,-1,377,394,395,-1,377,395,378,-1,378,395,396,-1,378,396,379,-1,379,396,397,-1,379,397,380,-1,380,397,398,-1,380,398,381,-1,381,398,399,-1,381,399,382,-1,382,399,400,-1,382,400,383,-1,383,400,401,-1,383,401,384,-1,384,401,402,-1,384,402,385,-1,385,402,403,-1,385,403,386,-1,386,403,404,-1,386,404,387,-1,387,404,405,-1,387,405,388,-1,388,405,406,-1,388,406,389,-1,389,406,407,-1,389,407,371,-1,371,407,408,-1,409,410,411,-1,411,410,412,-1,413,414,415,-1,415,414,412,-1,415,412,416,-1,416,412,410,-1,413,417,414,-1,414,417,418,-1,414,418,419,-1,420,421,422,-1,422,421,419,-1,422,419,423,-1,423,419,418,-1,420,424,421,-1,421,424,425,-1,421,425,426,-1,427,428,429,-1,429,428,426,-1,429,426,430,-1,430,426,425,-1,427,431,428,-1,428,431,432,-1,428,432,433,-1,434,435,436,-1,436,435,433,-1,436,433,437,-1,437,433,432,-1,434,438,435,-1,435,438,439,-1,435,439,440,-1,441,442,443,-1,443,442,440,-1,443,440,444,-1,444,440,439,-1,441,445,442,-1,442,445,446,-1,442,446,447,-1,448,449,450,-1,450,449,447,-1,450,447,451,-1,451,447,446,-1,448,452,449,-1,449,452,453,-1,449,453,454,-1,453,455,454,-1,454,455,456,-1,454,456,457,-1,458,459,460,-1,460,459,457,-1,460,457,461,-1,461,457,456,-1,411,412,462,-1,462,412,463,-1,463,412,464,-1,464,412,414,-1,464,414,465,-1,465,414,466,-1,466,414,419,-1,466,419,467,-1,467,419,468,-1,468,419,421,-1,468,421,469,-1,469,421,470,-1,470,421,426,-1,470,426,471,-1,471,426,472,-1,472,426,428,-1,472,428,473,-1,473,428,474,-1,474,428,433,-1,474,433,475,-1,475,433,435,-1,475,435,476,-1,476,435,477,-1,477,435,440,-1,477,440,478,-1,478,440,479,-1,479,440,442,-1,479,442,480,-1,480,442,481,-1,481,442,447,-1,481,447,482,-1,482,447,483,-1,483,447,449,-1,483,449,484,-1,484,449,485,-1,485,449,454,-1,485,454,486,-1,486,454,487,-1,487,454,457,-1,487,457,488,-1,488,457,459,-1,488,459,489,-1,490,462,491,-1,490,491,492,-1,492,491,493,-1,492,493,494,-1,494,493,495,-1,494,495,496,-1,496,495,497,-1,496,497,498,-1,498,497,499,-1,498,499,500,-1,500,499,501,-1,500,501,502,-1,502,501,503,-1,502,503,504,-1,504,503,505,-1,504,505,506,-1,506,505,507,-1,506,507,508,-1,508,507,509,-1,508,509,510,-1,510,509,511,-1,510,511,512,-1,512,511,513,-1,512,513,514,-1,514,513,515,-1,514,515,516,-1,516,515,489,-1,516,489,517,-1,518,519,520,-1,521,522,523,-1,524,525,526,-1,527,528,529,-1,530,531,532,-1,533,534,535,-1,536,537,538,-1,536,538,539,-1,539,538,540,-1,540,538,541,-1,540,541,542,-1,542,541,543,-1,542,543,544,-1,543,545,544,-1,544,545,546,-1,544,546,547,-1,546,548,547,-1,547,548,549,-1,547,549,550,-1,549,551,550,-1,550,551,552,-1,550,552,553,-1,553,552,554,-1,553,554,555,-1,554,556,555,-1,555,556,557,-1,555,557,558,-1,557,559,558,-1,558,559,560,-1,558,560,561,-1,560,562,561,-1,561,562,563,-1,561,563,564,-1,564,563,565,-1,564,565,566,-1,565,567,566,-1,566,567,568,-1,566,568,569,-1,568,570,569,-1,569,570,571,-1,569,571,572,-1,572,571,573,-1,572,573,574,-1,573,575,574,-1,574,575,576,-1,574,576,577,-1,576,578,577,-1,577,578,579,-1,577,579,580,-1,581,533,582,-1,582,533,535,-1,582,535,583,-1,583,535,580,-1,583,580,584,-1,584,580,579,-1,534,585,535,-1,535,585,586,-1,535,586,580,-1,580,586,587,-1,580,587,577,-1,577,587,588,-1,577,588,574,-1,574,588,589,-1,574,589,572,-1,572,589,590,-1,572,590,569,-1,569,590,591,-1,569,591,566,-1,566,591,592,-1,566,592,564,-1,564,592,593,-1,564,593,561,-1,561,593,594,-1,561,594,558,-1,558,594,595,-1,558,595,555,-1,555,595,596,-1,555,596,553,-1,553,596,597,-1,553,597,550,-1,550,597,598,-1,550,598,547,-1,547,598,599,-1,547,599,544,-1,544,599,600,-1,544,600,542,-1,542,600,601,-1,542,601,540,-1,540,601,532,-1,540,532,539,-1,539,532,531,-1,585,527,586,-1,586,527,529,-1,586,529,587,-1,587,529,602,-1,587,602,588,-1,588,602,603,-1,588,603,589,-1,589,603,604,-1,589,604,590,-1,590,604,605,-1,590,605,591,-1,591,605,606,-1,591,606,592,-1,592,606,607,-1,592,607,593,-1,593,607,608,-1,593,608,594,-1,594,608,609,-1,594,609,595,-1,595,609,610,-1,595,610,596,-1,596,610,611,-1,596,611,597,-1,597,611,612,-1,597,612,598,-1,598,612,613,-1,598,613,599,-1,599,613,614,-1,599,614,600,-1,600,614,615,-1,600,615,601,-1,601,615,616,-1,601,616,532,-1,532,616,526,-1,532,526,530,-1,530,526,525,-1,521,523,617,-1,528,617,529,-1,529,617,523,-1,529,523,602,-1,602,523,618,-1,602,618,603,-1,603,618,619,-1,603,619,604,-1,604,619,620,-1,604,620,605,-1,605,620,621,-1,605,621,606,-1,606,621,622,-1,606,622,607,-1,607,622,623,-1,607,623,608,-1,608,623,624,-1,608,624,609,-1,609,624,625,-1,609,625,610,-1,610,625,626,-1,610,626,611,-1,611,626,627,-1,611,627,612,-1,612,627,628,-1,612,628,613,-1,613,628,629,-1,613,629,614,-1,614,629,630,-1,614,630,615,-1,615,630,631,-1,615,631,616,-1,616,631,632,-1,616,632,526,-1,526,632,633,-1,526,633,524,-1,524,633,634,-1,635,636,633,-1,633,636,637,-1,633,637,634,-1,522,518,523,-1,523,518,520,-1,523,520,618,-1,618,520,638,-1,618,638,619,-1,619,638,639,-1,619,639,620,-1,620,639,640,-1,620,640,621,-1,621,640,641,-1,621,641,622,-1,622,641,642,-1,622,642,623,-1,623,642,643,-1,623,643,624,-1,624,643,644,-1,624,644,625,-1,625,644,645,-1,625,645,626,-1,626,645,646,-1,626,646,627,-1,627,646,647,-1,627,647,628,-1,628,647,648,-1,628,648,629,-1,629,648,649,-1,629,649,630,-1,630,649,650,-1,630,650,631,-1,631,650,651,-1,631,651,632,-1,632,651,652,-1,632,652,633,-1,633,652,653,-1,633,653,635,-1,519,654,520,-1,520,654,655,-1,520,655,638,-1,638,655,656,-1,638,656,639,-1,639,656,657,-1,639,657,640,-1,640,657,658,-1,640,658,641,-1,641,658,659,-1,641,659,642,-1,642,659,660,-1,642,660,643,-1,643,660,661,-1,643,661,644,-1,644,661,662,-1,644,662,645,-1,645,662,663,-1,645,663,646,-1,646,663,664,-1,646,664,647,-1,647,664,665,-1,647,665,648,-1,648,665,666,-1,648,666,649,-1,649,666,667,-1,649,667,650,-1,650,667,668,-1,650,668,651,-1,651,668,669,-1,651,669,652,-1,652,669,670,-1,652,670,653,-1,653,670,671,-1,653,671,635,-1,635,671,672,-1,673,674,675,-1,675,674,676,-1,675,676,677,-1,677,676,678,-1,677,678,679,-1,679,678,680,-1,679,680,681,-1,681,680,682,-1,681,682,683,-1,683,682,684,-1,674,673,685,-1,685,673,686,-1,687,688,689,-1,689,688,690,-1,689,690,691,-1,691,690,692,-1,691,692,693,-1,693,692,694,-1,693,694,695,-1,695,694,696,-1,695,696,686,-1,686,696,685,-1,697,698,699,-1,700,701,702,-1,702,701,703,-1,702,703,704,-1,704,703,705,-1,704,705,706,-1,706,705,707,-1,706,707,699,-1,699,707,708,-1,697,699,709,-1,708,710,711,-1,708,711,699,-1,699,711,712,-1,699,712,709,-1,713,714,715,-1,715,714,716,-1,717,718,719,-1,719,718,720,-1,719,720,721,-1,721,720,722,-1,721,722,723,-1,723,722,724,-1,723,724,725,-1,725,724,726,-1,725,726,727,-1,727,726,728,-1,727,728,729,-1,729,728,730,-1,729,730,201,-1,201,730,200,-1,731,732,733,-1,734,735,736,-1,736,735,737,-1,737,731,736,-1,736,731,733,-1,736,733,738,-1,738,733,739,-1,738,739,740,-1,740,739,741,-1,740,741,742,-1,742,741,743,-1,742,743,717,-1,717,743,718,-1,744,745,746,-1,747,734,748,-1,747,748,749,-1,749,748,750,-1,749,750,751,-1,752,753,754,-1,754,755,752,-1,752,755,751,-1,752,751,756,-1,756,751,750,-1,757,758,759,-1,752,760,753,-1,753,760,761,-1,753,761,759,-1,759,761,762,-1,759,762,757,-1,763,764,765,-1,763,765,766,-1,766,765,767,-1,766,767,768,-1,768,767,769,-1,768,769,758,-1,758,769,770,-1,758,770,759,-1,771,772,773,-1,773,772,774,-1,773,774,775,-1,775,774,776,-1,775,776,746,-1,746,776,763,-1,746,763,744,-1,744,763,766,-1,777,778,779,-1,780,777,781,-1,781,777,779,-1,781,779,782,-1,782,779,783,-1,782,783,784,-1,784,783,785,-1,784,785,786,-1,786,785,787,-1,786,787,788,-1,788,787,789,-1,778,790,779,-1,779,790,791,-1,779,791,748,-1,789,792,788,-1,788,792,793,-1,794,795,796,-1,796,795,797,-1,796,797,798,-1,798,797,799,-1,798,799,800,-1,800,799,801,-1,800,801,802,-1,802,801,803,-1,802,803,804,-1,804,803,805,-1,804,805,806,-1,806,805,807,-1,806,807,792,-1,792,807,793,-1,794,808,795,-1,795,808,809,-1,810,811,812,-1,810,812,813,-1,813,812,814,-1,813,814,815,-1,815,814,816,-1,815,816,817,-1,817,816,818,-1,817,818,819,-1,820,821,822,-1,822,821,823,-1,824,825,826,-1,826,825,827,-1,826,827,828,-1,828,827,829,-1,828,829,830,-1,830,829,831,-1,830,831,832,-1,832,831,833,-1,832,833,834,-1,834,833,835,-1,834,835,821,-1,821,835,823,-1,824,836,825,-1,825,836,837,-1,838,839,840,-1,841,842,843,-1,843,842,844,-1,844,838,843,-1,843,838,840,-1,843,840,845,-1,845,840,846,-1,845,846,847,-1,847,846,848,-1,847,848,849,-1,849,848,850,-1,849,850,836,-1,836,850,837,-1,851,852,853,-1,853,852,854,-1,853,855,851,-1,851,855,856,-1,851,856,857,-1,857,856,858,-1,857,858,698,-1,698,858,859,-1,698,859,841,-1,860,861,862,-1,862,861,854,-1,862,854,863,-1,863,854,852,-1,864,865,860,-1,860,865,866,-1,860,866,861,-1,867,868,869,-1,864,870,865,-1,865,870,871,-1,865,871,868,-1,872,869,873,-1,873,869,868,-1,873,868,874,-1,874,868,871,-1,875,876,877,-1,877,876,878,-1,877,878,879,-1,879,878,880,-1,879,880,869,-1,869,880,881,-1,869,881,867,-1,867,881,882,-1,883,884,885,-1,885,884,886,-1,885,886,887,-1,887,886,888,-1,887,888,889,-1,889,888,890,-1,889,890,891,-1,891,890,892,-1,891,892,893,-1,893,892,894,-1,893,894,895,-1,895,894,896,-1,895,896,700,-1,700,896,701,-1,897,898,899,-1,899,898,884,-1,899,884,883,-1,900,901,902,-1,902,901,903,-1,902,903,904,-1,903,901,7,-1,7,901,905,-1,7,905,906,-1,907,908,899,-1,899,908,909,-1,899,909,910,-1,909,911,910,-1,910,911,912,-1,910,912,913,-1,914,915,916,-1,914,916,917,-1,917,916,918,-1,917,918,919,-1,919,918,920,-1,919,920,921,-1,921,920,922,-1,921,922,923,-1,923,922,924,-1,923,924,925,-1,925,924,912,-1,925,912,926,-1,915,914,927,-1,927,914,928,-1,929,902,930,-1,929,930,931,-1,931,930,932,-1,931,932,933,-1,933,932,934,-1,933,934,935,-1,935,934,936,-1,935,936,937,-1,937,936,938,-1,937,938,939,-1,939,938,927,-1,939,927,928,-1,940,941,942,-1,942,941,943,-1,940,942,944,-1,944,942,945,-1,944,945,946,-1,946,945,947,-1,946,947,948,-1,948,947,949,-1,948,949,950,-1,950,949,951,-1,950,951,952,-1,952,951,953,-1,952,953,954,-1,954,953,955,-1,954,955,956,-1,956,955,957,-1,956,957,958,-1,958,957,959,-1,958,959,960,-1,960,959,961,-1,960,961,962,-1,962,961,963,-1,964,962,965,-1,965,962,963,-1,966,967,968,-1,968,967,969,-1,967,966,970,-1,967,970,971,-1,971,970,972,-1,971,972,973,-1,973,972,974,-1,973,974,975,-1,975,974,976,-1,975,976,977,-1,977,976,978,-1,977,978,979,-1,979,978,980,-1,979,980,981,-1,981,980,982,-1,981,982,983,-1,983,982,984,-1,983,984,985,-1,986,987,984,-1,984,987,985,-1,
        ]
    }
}
Shape{
    appearance Appearance {
        material  Material 	{
            diffuseColor 0.25098039215686274 0.25098039215686274 0.25098039215686274
            specularColor 0.12549019607843137 0.12549019607843137 0.12549019607843137
            ambientIntensity 0.251
            transparency 0.0
            shininess 0.5
        }
    }
    geometry IndexedFaceSet {
        ccw TRUE
        solid FALSE
        coord DEF co Coordinate {
            point [
                -2.3035 2.0472 0.0354, -2.3035 2.0472 1.1024, -2.2901 2.1491 1.1024, -2.2901 2.1491 0.0354, -2.2508 2.2441 1.1024, -2.2508 2.2441 0.0354, -2.1882 2.3256 1.1024, -2.1882 2.3256 0.0354, -2.1067 2.3882 1.1024, -2.1067 2.3882 0.0354, -2.0117 2.4275 1.1024, -2.0117 2.4275 0.0354, -1.9098 2.4409 1.1024, -1.9098 2.4409 0.0354
            ]
        }
        coordIndex [
            0,1,2,-1,0,2,3,-1,3,2,4,-1,3,4,5,-1,5,4,6,-1,5,6,7,-1,7,6,8,-1,7,8,9,-1,9,8,10,-1,9,10,11,-1,11,10,12,-1,11,12,13,-1,
        ]
    }
}
Shape{
    appearance Appearance {
        material  Material 	{
            diffuseColor 0.7529411764705882 0.7529411764705882 0.7529411764705882
            specularColor 0.3764705882352941 0.3764705882352941 0.3764705882352941
            ambientIntensity 0.7529
            transparency 0.0
            shininess 0.5
        }
    }
    geometry IndexedFaceSet {
        ccw TRUE
        solid FALSE
        coord DEF co Coordinate {
            point [
                1.0674 2.6082 0.5669, 1.2792 2.6082 0.5669, 1.0674 2.4409 0.5669, 1.2792 2.4409 0.5669, 1.0577 2.6082 0.5864, 1.0577 2.4409 0.5864, 1.0435 2.6082 0.6029, 1.0435 2.4409 0.6029, 1.0258 2.6082 0.6155, 1.0258 2.4409 0.6155, 1.0055 2.6082 0.6233, 1.0055 2.4409 0.6233, 0.9839 2.6082 0.626, 0.9839 2.4409 0.626, 0.9623 2.6082 0.6233, 0.9623 2.4409 0.6233, 0.942 2.6082 0.6155, 0.942 2.4409 0.6155, 0.9242 2.6082 0.6029, 0.9242 2.4409 0.6029, 0.9101 2.6082 0.5864, 0.9101 2.4409 0.5864, 0.9004 2.6082 0.5669, 0.9004 2.4409 0.5669, 0.6886 2.6082 0.5669, 0.6886 2.4409 0.5669, 0.8658 2.4409 0.626, 0.8658 2.6082 0.626, 0.6886 2.4409 0.626, 0.6886 2.6082 0.626, 0.8893 2.4409 0.6508, 0.8893 2.6082 0.6508, 0.9179 2.4409 0.6695, 0.9179 2.6082 0.6695, 0.95 2.4409 0.6811, 0.95 2.6082 0.6811, 0.9839 2.4409 0.685, 0.9839 2.6082 0.685, 1.0178 2.4409 0.6811, 1.0178 2.6082 0.6811, 1.0499 2.4409 0.6695, 1.0499 2.6082 0.6695, 1.0785 2.4409 0.6508, 1.0785 2.6082 0.6508, 1.102 2.4409 0.626, 1.102 2.6082 0.626, 1.2792 2.4409 0.626, 1.2792 2.6082 0.626
            ]
        }
        coordIndex [
            0,1,2,-1,2,1,3,-1,0,2,4,-1,4,2,5,-1,4,5,6,-1,6,5,7,-1,6,7,8,-1,8,7,9,-1,8,9,10,-1,10,9,11,-1,10,11,12,-1,12,11,13,-1,12,13,14,-1,14,13,15,-1,14,15,16,-1,16,15,17,-1,16,17,18,-1,18,17,19,-1,18,19,20,-1,20,19,21,-1,20,21,22,-1,22,21,23,-1,24,22,25,-1,25,22,23,-1,26,27,28,-1,28,27,29,-1,27,26,30,-1,27,30,31,-1,31,30,32,-1,31,32,33,-1,33,32,34,-1,33,34,35,-1,35,34,36,-1,35,36,37,-1,37,36,38,-1,37,38,39,-1,39,38,40,-1,39,40,41,-1,41,40,42,-1,41,42,43,-1,43,42,44,-1,43,44,45,-1,46,47,44,-1,44,47,45,-1,
        ]
    }
}
Shape{
    appearance Appearance {
        material  Material 	{
            diffuseColor 0.25098039215686274 0.25098039215686274 0.25098039215686274
            specularColor 0.12549019607843137 0.12549019607843137 0.12549019607843137
            ambientIntensity 0.251
            transparency 0.0
            shininess 0.5
        }
    }
    geometry IndexedFaceSet {
        ccw TRUE
        solid FALSE
        coord DEF co Coordinate {
            point [
                1.5154 2.4409 0.0354, 1.9091 2.4409 0.0354, 1.5154 1.9291 0.0354, 2.011 2.4275 0.0354, 2.1059 2.3882 0.0354, 2.1875 2.3256 0.0354, 2.25 2.2441 0.0354, 2.2894 2.1491 0.0354, 2.3028 2.0472 0.0354, 2.3028 1.9291 0.0354, 1.5154 2.4409 0.0945, 1.5154 1.9291 0.0945, 1.3185 1.9291 0.0945, 1.3185 2.4409 0.0945
            ]
        }
        coordIndex [
            0,1,2,-1,2,1,3,-1,3,4,2,-1,2,4,5,-1,2,5,6,-1,6,7,2,-1,2,7,8,-1,2,8,9,-1,10,0,11,-1,11,0,2,-1,12,13,11,-1,11,13,10,-1,
        ]
    }
}
Shape{
    appearance Appearance {
        material  Material 	{
            diffuseColor 0.7529411764705882 0.7529411764705882 0.7529411764705882
            specularColor 0.3764705882352941 0.3764705882352941 0.3764705882352941
            ambientIntensity 0.7529
            transparency 0.0
            shininess 0.5
        }
    }
    geometry IndexedFaceSet {
        ccw TRUE
        solid FALSE
        coord DEF co Coordinate {
            point [
                2.1247 1.2549 0.2695, 2.1247 1.8356 0.2695, 2.0766 1.2549 0.2717, 2.0766 1.8356 0.2717
            ]
        }
        coordIndex [
            0,1,2,-1,2,1,3,-1,
        ]
    }
}
Shape{
    appearance Appearance {
        material  Material 	{
            diffuseColor 0.25098039215686274 0.25098039215686274 0.25098039215686274
            specularColor 0.12549019607843137 0.12549019607843137 0.12549019607843137
            ambientIntensity 0.251
            transparency 0.0
            shininess 0.5
        }
    }
    geometry IndexedFaceSet {
        ccw TRUE
        solid FALSE
        coord DEF co Coordinate {
            point [
                2.0764 1.2549 0.2716, 2.0764 1.1811 0.2716, 1.7393 1.2549 0.2875, 1.4366 1.1811 0.3017, 1.3854 1.6092 0.3042, 1.2398 1.3779 0.311, 1.3854 1.6781 0.3042, 1.2398 1.9291 0.311, 1.5427 1.8356 0.2967, 2.0764 1.9291 0.2716, 2.0764 1.8356 0.2716, 1.3185 -1.7717 0.0945, 1.5154 -1.7717 0.0945, 1.3185 -2.2835 0.0945, 1.5154 -2.2835 0.0945, 1.5154 -1.7717 0.0354, 1.5154 -2.2835 0.0354, 1.9091 -2.2835 0.0354, 2.3028 -1.7717 0.0354, 2.3028 -1.8898 0.0354, 2.2894 -1.9917 0.0354, 2.25 -2.0866 0.0354, 2.1875 -2.1682 0.0354, 2.1059 -2.2308 0.0354, 2.011 -2.2701 0.0354, -1.4571 -0.1969 0.0945, -1.4571 -0.7838 0.0945, -1.4571 -0.1969 0.1929, -1.4571 -0.7838 0.252, -1.4571 0.3543 0.1929, -1.4571 0.9413 0.252, -1.4571 0.3543 0.0945, -1.4571 0.9413 0.0945, -1.2697 1.1988 0.252, -1.2697 1.1988 0.0945, -1.0375 1.4167 0.252, -1.0375 1.4167 0.0945, -0.7686 1.5873 0.252, -0.7686 1.5873 0.0945, -0.4724 1.7045 0.252, -0.4724 1.7045 0.0945, -0.1596 1.7641 0.252, -0.1596 1.7641 0.0945, 0.1589 1.7641 0.252, 0.1589 1.7641 0.0945, 0.4717 1.7045 0.252, 0.4717 1.7045 0.0945, 0.7678 1.5873 0.252, 0.7678 1.5873 0.0945, 1.0368 1.4167 0.252, 1.0368 1.4167 0.0945, 1.269 1.1988 0.252, 1.269 1.1988 0.0945, 1.4563 0.9413 0.252, 1.4563 0.9413 0.0945, 1.4563 0.3543 0.0945, 1.4563 0.3543 0.1929, 1.4563 -0.1969 0.1929, 1.4563 -0.7838 0.252, 1.4563 -0.1969 0.0945, 1.4563 -0.7838 0.0945, 1.2864 -1.0213 0.252, 1.2864 -1.0213 0.0945, 1.0783 -1.2261 0.252, 1.0783 -1.2261 0.0945, 0.838 -1.392 0.252, 0.838 -1.392 0.0945, 0.5728 -1.5142 0.252, 0.5728 -1.5142 0.0945, 0.2905 -1.589 0.252, 0.2905 -1.589 0.0945, -0.0004 -1.6142 0.252, -0.0004 -1.6142 0.0945, -0.2913 -1.589 0.252, -0.2913 -1.589 0.0945, -0.5735 -1.5142 0.252, -0.5735 -1.5142 0.0945, -0.8387 -1.392 0.252, -0.8387 -1.392 0.0945, -1.079 -1.2261 0.252, -1.079 -1.2261 0.0945, -1.2872 -1.0213 0.252, -1.2872 -1.0213 0.0945, 0.5508 -1.8898 0.3504, 0.5508 -2.2835 0.3504, 0.5508 -1.8898 0.252, 0.5508 -2.2835 0.252, 0.5602 -1.8185 0.3504, 0.5602 -1.8185 0.252, 0.5877 -1.752 0.3504, 0.5877 -1.752 0.252, 0.6315 -1.6949 0.3504, 0.6315 -1.6949 0.252, 0.6886 -1.6511 0.3504, 0.6886 -1.6511 0.252, 0.7551 -1.6236 0.3504, 0.7551 -1.6236 0.252, 0.8264 -1.6142 0.3504, 0.8264 -1.6142 0.252, 0.8977 -1.6236 0.3504, 0.8977 -1.6236 0.252, 0.9642 -1.6511 0.3504, 0.9642 -1.6511 0.252, 1.0213 -1.6949 0.3504, 1.0213 -1.6949 0.252, 1.0651 -1.752 0.3504, 1.0651 -1.752 0.252, 1.0926 -1.8185 0.3504, 1.0926 -1.8185 0.252, 1.102 -1.8898 0.3504, 1.102 -1.8898 0.252, 1.102 -2.2835 0.3504, 1.102 -2.2835 0.252, 1.3185 -1.7717 0.252, 1.3185 -2.2835 0.252, 1.2398 -1.7717 0.252, 1.2398 -1.2205 0.252, 1.2398 -1.7717 0.311, 1.2398 -1.2205 0.311, 1.4366 1.1811 0.252, 1.2398 1.3779 0.252, 1.2398 1.9291 0.252, 1.3185 2.4409 0.0945, 1.3185 1.9291 0.0945, 1.3185 2.4409 0.252, 1.3185 1.9291 0.252, 1.102 2.0472 0.3504, 1.102 2.4409 0.3504, 1.102 2.0472 0.252, 1.102 2.4409 0.252, 1.0926 1.9759 0.3504, 1.0926 1.9759 0.252, 1.0651 1.9094 0.3504, 1.0651 1.9094 0.252, 1.0213 1.8523 0.3504, 1.0213 1.8523 0.252, 0.9642 1.8085 0.3504, 0.9642 1.8085 0.252, 0.8977 1.781 0.3504, 0.8977 1.781 0.252, 0.8264 1.7716 0.3504, 0.8264 1.7716 0.252, 0.7551 1.781 0.3504, 0.7551 1.781 0.252, 0.6886 1.8085 0.3504, 0.6886 1.8085 0.252, 0.6315 1.8523 0.3504, 0.6315 1.8523 0.252, 0.5877 1.9094 0.3504, 0.5877 1.9094 0.252, 0.5602 1.9759 0.3504, 0.5602 1.9759 0.252, 0.5508 2.0472 0.3504, 0.5508 2.0472 0.252, 0.5508 2.4409 0.3504, 0.5508 2.4409 0.252, -0.5516 2.0472 0.3504, -0.5516 2.4409 0.3504, -0.5516 2.0472 0.252, -0.5516 2.4409 0.252, -0.5609 1.9759 0.3504, -0.5609 1.9759 0.252, -0.5885 1.9094 0.3504, -0.5885 1.9094 0.252, -0.6323 1.8523 0.3504, -0.6323 1.8523 0.252, -0.6894 1.8085 0.3504, -0.6894 1.8085 0.252, -0.7558 1.781 0.3504, -0.7558 1.781 0.252, -0.8271 1.7716 0.3504, -0.8271 1.7716 0.252, -0.8985 1.781 0.3504, -0.8985 1.781 0.252, -0.9649 1.8085 0.3504, -0.9649 1.8085 0.252, -1.022 1.8523 0.3504, -1.022 1.8523 0.252, -1.0658 1.9094 0.3504, -1.0658 1.9094 0.252, -1.0933 1.9759 0.3504, -1.0933 1.9759 0.252, -1.1027 2.0472 0.3504, -1.1027 2.0472 0.252, -1.1027 2.4409 0.3504, -1.1027 2.4409 0.252
            ]
        }
        coordIndex [
            0,1,2,-1,2,1,3,-1,2,3,4,-1,4,3,5,-1,4,5,6,-1,6,5,7,-1,6,7,8,-1,8,7,9,-1,8,9,10,-1,11,12,13,-1,13,12,14,-1,12,15,14,-1,14,15,16,-1,17,16,15,-1,15,18,19,-1,19,20,15,-1,15,20,21,-1,15,21,22,-1,22,23,15,-1,15,23,24,-1,15,24,17,-1,25,26,27,-1,27,26,28,-1,27,28,29,-1,29,28,30,-1,29,30,31,-1,31,30,32,-1,32,30,33,-1,32,33,34,-1,34,33,35,-1,34,35,36,-1,36,35,37,-1,36,37,38,-1,38,37,39,-1,38,39,40,-1,40,39,41,-1,40,41,42,-1,42,41,43,-1,42,43,44,-1,44,43,45,-1,44,45,46,-1,46,45,47,-1,46,47,48,-1,48,47,49,-1,48,49,50,-1,50,49,51,-1,50,51,52,-1,52,51,53,-1,52,53,54,-1,55,54,56,-1,56,54,53,-1,56,53,57,-1,57,53,58,-1,57,58,59,-1,59,58,60,-1,60,58,61,-1,60,61,62,-1,62,61,63,-1,62,63,64,-1,64,63,65,-1,64,65,66,-1,66,65,67,-1,66,67,68,-1,68,67,69,-1,68,69,70,-1,70,69,71,-1,70,71,72,-1,72,71,73,-1,72,73,74,-1,74,73,75,-1,74,75,76,-1,76,75,77,-1,76,77,78,-1,78,77,79,-1,78,79,80,-1,80,79,81,-1,80,81,82,-1,82,81,28,-1,82,28,26,-1,83,84,85,-1,85,84,86,-1,83,85,87,-1,87,85,88,-1,87,88,89,-1,89,88,90,-1,89,90,91,-1,91,90,92,-1,91,92,93,-1,93,92,94,-1,93,94,95,-1,95,94,96,-1,95,96,97,-1,97,96,98,-1,97,98,99,-1,99,98,100,-1,99,100,101,-1,101,100,102,-1,101,102,103,-1,103,102,104,-1,103,104,105,-1,105,104,106,-1,105,106,107,-1,107,106,108,-1,107,108,109,-1,109,108,110,-1,111,109,112,-1,112,109,110,-1,11,13,113,-1,113,13,114,-1,115,116,117,-1,117,116,118,-1,3,119,5,-1,5,119,120,-1,5,120,7,-1,7,120,121,-1,122,123,124,-1,124,123,125,-1,126,127,128,-1,128,127,129,-1,126,128,130,-1,130,128,131,-1,130,131,132,-1,132,131,133,-1,132,133,134,-1,134,133,135,-1,134,135,136,-1,136,135,137,-1,136,137,138,-1,138,137,139,-1,138,139,140,-1,140,139,141,-1,140,141,142,-1,142,141,143,-1,142,143,144,-1,144,143,145,-1,144,145,146,-1,146,145,147,-1,146,147,148,-1,148,147,149,-1,148,149,150,-1,150,149,151,-1,150,151,152,-1,152,151,153,-1,154,152,155,-1,155,152,153,-1,156,157,158,-1,158,157,159,-1,156,158,160,-1,160,158,161,-1,160,161,162,-1,162,161,163,-1,162,163,164,-1,164,163,165,-1,164,165,166,-1,166,165,167,-1,166,167,168,-1,168,167,169,-1,168,169,170,-1,170,169,171,-1,170,171,172,-1,172,171,173,-1,172,173,174,-1,174,173,175,-1,174,175,176,-1,176,175,177,-1,176,177,178,-1,178,177,179,-1,178,179,180,-1,180,179,181,-1,180,181,182,-1,182,181,183,-1,184,182,185,-1,185,182,183,-1,
        ]
    }
}
Shape{
    appearance Appearance {
        material  Material 	{
            diffuseColor 0.7529411764705882 0.7529411764705882 0.7529411764705882
            specularColor 0.3764705882352941 0.3764705882352941 0.3764705882352941
            ambientIntensity 0.7529
            transparency 0.0
            shininess 0.5
        }
    }
    geometry IndexedFaceSet {
        ccw TRUE
        solid FALSE
        coord DEF co Coordinate {
            point [
                -1.3193 1.9291 0.0945, -1.3193 2.4409 0.0945, -1.3193 1.9291 0.252, -1.3193 2.4409 0.252
            ]
        }
        coordIndex [
            0,1,2,-1,2,1,3,-1,
        ]
    }
}
Shape{
    appearance Appearance {
        material  Material 	{
            diffuseColor 0.25098039215686274 0.25098039215686274 0.25098039215686274
            specularColor 0.12549019607843137 0.12549019607843137 0.12549019607843137
            ambientIntensity 0.251
            transparency 0.0
            shininess 0.5
        }
    }
    geometry IndexedFaceSet {
        ccw TRUE
        solid FALSE
        coord DEF co Coordinate {
            point [
                -1.2405 1.9291 0.252, -1.2405 1.3779 0.252, -1.2405 1.9291 0.311, -1.2405 1.3779 0.311, -1.4374 1.1811 0.252, -1.4374 1.1811 0.3017, -1.4374 -1.0237 0.3017, -1.4374 -1.0237 0.252, -1.2405 -1.2205 0.311, -1.2405 -1.2205 0.252, -1.2405 -1.7717 0.311, -1.2405 -1.7717 0.252
            ]
        }
        coordIndex [
            0,1,2,-1,2,1,3,-1,1,4,3,-1,3,4,5,-1,6,7,8,-1,8,7,9,-1,8,9,10,-1,10,9,11,-1,
        ]
    }
}
Shape{
    appearance Appearance {
        material  Material 	{
            diffuseColor 0.7529411764705882 0.7529411764705882 0.7529411764705882
            specularColor 0.3764705882352941 0.3764705882352941 0.3764705882352941
            ambientIntensity 0.7529
            transparency 0.0
            shininess 0.5
        }
    }
    geometry IndexedFaceSet {
        ccw TRUE
        solid FALSE
        coord DEF co Coordinate {
            point [
                -1.3193 -2.2835 0.0945, -1.3193 -1.7717 0.0945, -1.3193 -2.2835 0.252, -1.3193 -1.7717 0.252
            ]
        }
        coordIndex [
            0,1,2,-1,2,1,3,-1,
        ]
    }
}
Shape{
    appearance Appearance {
        material  Material 	{
            diffuseColor 0.25098039215686274 0.25098039215686274 0.25098039215686274
            specularColor 0.12549019607843137 0.12549019607843137 0.12549019607843137
            ambientIntensity 0.251
            transparency 0.0
            shininess 0.5
        }
    }
    geometry IndexedFaceSet {
        ccw TRUE
        solid FALSE
        coord DEF co Coordinate {
            point [
                -1.8114 -2.2835 0.5669, -1.5161 -2.2835 0.0945, -1.3193 -2.2835 0.0945, 0.4918 -2.2835 0.9409, 0.6886 -2.2835 0.5669, 0.6886 -2.2835 0.626, -1.5161 -2.2835 0.0354, -1.9098 -2.2835 0.0354, -1.9098 -2.2835 1.1024, -0.89 -2.2835 0.6508, -0.8665 -2.2835 0.626, -0.6894 -2.2835 0.626, -1.3193 -2.2835 0.252, -1.1027 -2.2835 0.252, -1.1027 -2.2835 0.3504, 1.9091 -2.2835 1.1024, -0.4925 -2.2835 0.9409, 0.5508 -2.2835 0.3504, 0.4918 -2.2835 0.4488, -0.4925 -2.2835 0.4488, -1.8114 -2.2835 0.626, -1.1027 -2.2835 0.626, -1.0792 -2.2835 0.6508, -0.9507 -2.2835 0.6811, -0.9186 -2.2835 0.6695, 1.0499 -2.2835 0.6695, 1.0785 -2.2835 0.6508, -0.6894 -2.2835 0.5669, -0.5516 -2.2835 0.252, 0.5508 -2.2835 0.252, -0.5516 -2.2835 0.3504, 0.8658 -2.2835 0.626, 0.8893 -2.2835 0.6508, 0.9179 -2.2835 0.6695, 1.102 -2.2835 0.3504, 1.102 -2.2835 0.252, 1.8106 -2.2835 0.5669, 1.3185 -2.2835 0.252, -1.0507 -2.2835 0.6695, -1.0185 -2.2835 0.6811, -0.9846 -2.2835 0.685, 1.3185 -2.2835 0.0945, 1.5154 -2.2835 0.0945, 1.5154 -2.2835 0.0354, 0.95 -2.2835 0.6811, 0.9839 -2.2835 0.685, 1.0178 -2.2835 0.6811, -0.963 -2.2835 0.6233, -0.9846 -2.2835 0.626, -1.0062 -2.2835 0.6233, -1.0265 -2.2835 0.6155, -1.0443 -2.2835 0.6029, -1.0584 -2.2835 0.5864, -1.0681 -2.2835 0.5669, 1.9091 -2.2835 0.0354, 1.8106 -2.2835 0.626, 1.102 -2.2835 0.626, -0.9011 -2.2835 0.5669, -0.9108 -2.2835 0.5864, 0.9839 -2.2835 0.626, 0.9623 -2.2835 0.6233, 0.942 -2.2835 0.6155, 0.9242 -2.2835 0.6029, 0.9004 -2.2835 0.5669, 0.9101 -2.2835 0.5864, -0.925 -2.2835 0.6029, -0.9428 -2.2835 0.6155, 1.0674 -2.2835 0.5669, 1.0577 -2.2835 0.5864, 1.0435 -2.2835 0.6029, 1.0258 -2.2835 0.6155, 1.0055 -2.2835 0.6233
            ]
        }
        coordIndex [
            0,1,2,-1,3,4,5,-1,6,1,7,-1,7,1,0,-1,7,0,8,-1,9,10,11,-1,2,12,0,-1,0,12,13,-1,0,13,14,-1,3,15,16,-1,16,15,8,-1,17,18,19,-1,0,20,8,-1,8,20,21,-1,8,21,22,-1,23,24,16,-1,25,26,15,-1,24,9,16,-1,16,9,11,-1,16,11,19,-1,19,11,27,-1,28,29,30,-1,30,29,17,-1,5,31,3,-1,3,31,32,-1,3,32,33,-1,34,35,36,-1,36,35,37,-1,22,38,8,-1,8,38,39,-1,8,39,16,-1,16,39,40,-1,16,40,23,-1,37,41,36,-1,36,41,42,-1,36,42,43,-1,33,44,3,-1,3,44,45,-1,3,45,15,-1,15,45,46,-1,15,46,25,-1,14,47,48,-1,48,49,14,-1,14,49,50,-1,14,50,51,-1,51,52,14,-1,14,52,53,-1,14,53,0,-1,43,54,36,-1,36,54,15,-1,36,15,55,-1,55,15,26,-1,55,26,56,-1,17,19,30,-1,30,19,27,-1,30,27,14,-1,14,27,57,-1,14,57,58,-1,59,60,34,-1,34,60,61,-1,34,61,62,-1,3,18,4,-1,4,18,17,-1,4,17,63,-1,63,17,34,-1,63,34,64,-1,64,34,62,-1,58,65,14,-1,14,65,66,-1,14,66,47,-1,36,67,34,-1,34,67,68,-1,34,68,69,-1,69,70,34,-1,34,70,71,-1,34,71,59,-1,
        ]
    }
}
Shape{
    appearance Appearance {
        material  Material 	{
            diffuseColor 0.7529411764705882 0.7529411764705882 0.7529411764705882
            specularColor 0.3764705882352941 0.3764705882352941 0.3764705882352941
            ambientIntensity 0.7529
            transparency 0.0
            shininess 0.5
        }
    }
    geometry IndexedFaceSet {
        ccw TRUE
        solid FALSE
        coord DEF co Coordinate {
            point [
                -1.1027 -1.8898 0.3504, -1.1027 -2.2835 0.3504, -1.1027 -1.8898 0.252, -1.1027 -2.2835 0.252
            ]
        }
        coordIndex [
            0,1,2,-1,2,1,3,-1,
        ]
    }
}
Shape{
    appearance Appearance {
        material  Material 	{
            diffuseColor 0.25098039215686274 0.25098039215686274 0.25098039215686274
            specularColor 0.12549019607843137 0.12549019607843137 0.12549019607843137
            ambientIntensity 0.251
            transparency 0.0
            shininess 0.5
        }
    }
    geometry IndexedFaceSet {
        ccw TRUE
        solid FALSE
        coord DEF co Coordinate {
            point [
                -1.1027 -1.8898 0.3504, -1.1027 -1.8898 0.252, -1.0933 -1.8185 0.3504, -1.0933 -1.8185 0.252, -1.0658 -1.752 0.3504, -1.0658 -1.752 0.252, -1.022 -1.6949 0.3504, -1.022 -1.6949 0.252, -0.9649 -1.6511 0.3504, -0.9649 -1.6511 0.252, -0.8985 -1.6236 0.3504, -0.8985 -1.6236 0.252, -0.8271 -1.6142 0.3504, -0.8271 -1.6142 0.252, -0.7558 -1.6236 0.3504, -0.7558 -1.6236 0.252, -0.6894 -1.6511 0.3504, -0.6894 -1.6511 0.252, -0.6323 -1.6949 0.3504, -0.6323 -1.6949 0.252, -0.5885 -1.752 0.3504, -0.5885 -1.752 0.252, -0.5609 -1.8185 0.3504, -0.5609 -1.8185 0.252, -0.5516 -1.8898 0.3504, -0.5516 -1.8898 0.252, -0.5516 -2.2835 0.3504, -0.5516 -2.2835 0.252, 1.2398 -1.2205 0.252, 1.4366 -1.0237 0.252, 1.2398 -1.2205 0.311, 1.4366 -1.0237 0.3017
            ]
        }
        coordIndex [
            0,1,2,-1,2,1,3,-1,2,3,4,-1,4,3,5,-1,4,5,6,-1,6,5,7,-1,6,7,8,-1,8,7,9,-1,8,9,10,-1,10,9,11,-1,10,11,12,-1,12,11,13,-1,12,13,14,-1,14,13,15,-1,14,15,16,-1,16,15,17,-1,16,17,18,-1,18,17,19,-1,18,19,20,-1,20,19,21,-1,20,21,22,-1,22,21,23,-1,22,23,24,-1,24,23,25,-1,26,24,27,-1,27,24,25,-1,28,29,30,-1,30,29,31,-1,
        ]
    }
}
Shape{
    appearance Appearance {
        material  Material 	{
            diffuseColor 0.7529411764705882 0.7529411764705882 0.7529411764705882
            specularColor 0.3764705882352941 0.3764705882352941 0.3764705882352941
            ambientIntensity 0.7529
            transparency 0.0
            shininess 0.5
        }
    }
    geometry IndexedFaceSet {
        ccw TRUE
        solid FALSE
        coord DEF co Coordinate {
            point [
                2.0766 -1.6782 0.2717, 2.1247 -1.6782 0.2695, 2.0766 -1.0975 0.2717, 2.1247 -1.0975 0.2695
            ]
        }
        coordIndex [
            0,1,2,-1,2,1,3,-1,
        ]
    }
}
Shape{
    appearance Appearance {
        material  Material 	{
            diffuseColor 0.25098039215686274 0.25098039215686274 0.25098039215686274
            specularColor 0.12549019607843137 0.12549019607843137 0.12549019607843137
            ambientIntensity 0.251
            transparency 0.0
            shininess 0.5
        }
    }
    geometry IndexedFaceSet {
        ccw TRUE
        solid FALSE
        coord DEF co Coordinate {
            point [
                1.4366 -1.0237 0.3017, 2.0764 -1.0237 0.2716, 1.7393 -1.0975 0.2875, 2.0764 -1.0975 0.2716, 2.0764 -1.6782 0.2716, 2.0764 -1.7717 0.2716, 1.5427 -1.6782 0.2967, 1.2398 -1.7717 0.311, 1.2398 -1.2205 0.311, 1.3854 -1.4518 0.3042, 1.3854 -1.5207 0.3042, 2.3028 -1.8898 0.0354, 2.3028 -1.7717 0.0354, 2.3028 -1.7717 0.4488, 2.3028 -1.7048 0.4488, 2.3028 -1.7048 1.1024, 2.3028 -1.8898 1.1024
            ]
        }
        coordIndex [
            0,1,2,-1,2,1,3,-1,4,5,6,-1,6,5,7,-1,0,2,8,-1,8,2,9,-1,8,9,7,-1,7,9,10,-1,7,10,6,-1,11,12,13,-1,14,15,13,-1,13,15,16,-1,13,16,11,-1,
        ]
    }
}
Shape{
    appearance Appearance {
        material  Material 	{
            diffuseColor 0.7529411764705882 0.7529411764705882 0.7529411764705882
            specularColor 0.3764705882352941 0.3764705882352941 0.3764705882352941
            ambientIntensity 0.7529
            transparency 0.0
            shininess 0.5
        }
    }
    geometry IndexedFaceSet {
        ccw TRUE
        solid FALSE
        coord DEF co Coordinate {
            point [
                -1.9098 -2.2796 1.1024, -1.9098 -2.2835 1.1063, -2.0117 -2.2701 1.1063, -2.0107 -2.2663 1.1024, -2.1067 -2.2308 1.1063, -2.1047 -2.2273 1.1024, -2.1882 -2.1682 1.1063, -2.1854 -2.1654 1.1024, -2.2508 -2.0866 1.1063, -2.2474 -2.0847 1.1024, -2.2901 -1.9917 1.1063, -2.2863 -1.9907 1.1024, -2.3035 -1.8898 1.1063, -2.2996 -1.8898 1.1024, 1.9091 -2.2796 1.1024, 1.9091 -2.2835 1.1063, 2.3028 -1.6929 1.1063, 2.3028 -1.6929 1.4961, 2.3028 -1.8898 1.1063, 2.3028 -1.8111 1.6142, 2.3028 -1.8898 1.6142, 2.2988 -1.8898 1.1024, 2.2894 -1.9917 1.1063, 2.2856 -1.9907 1.1024, 2.25 -2.0866 1.1063, 2.2466 -2.0847 1.1024, 2.1875 -2.1682 1.1063, 2.1847 -2.1654 1.1024, 2.1059 -2.2308 1.1063, 2.104 -2.2273 1.1024, 2.011 -2.2701 1.1063, 2.01 -2.2663 1.1024, -2.3035 -1.7717 0.4488, -2.3035 -1.7048 0.4488, -2.1362 -1.7717 0.4488, -2.1362 -1.7048 0.4488
            ]
        }
        coordIndex [
            0,1,2,-1,0,2,3,-1,3,2,4,-1,3,4,5,-1,5,4,6,-1,5,6,7,-1,7,6,8,-1,7,8,9,-1,9,8,10,-1,9,10,11,-1,11,10,12,-1,11,12,13,-1,14,15,0,-1,0,15,1,-1,16,17,18,-1,18,17,19,-1,18,19,20,-1,21,18,22,-1,21,22,23,-1,23,22,24,-1,23,24,25,-1,25,24,26,-1,25,26,27,-1,27,26,28,-1,27,28,29,-1,29,28,30,-1,29,30,31,-1,31,30,15,-1,31,15,14,-1,32,33,34,-1,34,33,35,-1,
        ]
    }
}
Shape{
    appearance Appearance {
        material  Material 	{
            diffuseColor 0.25098039215686274 0.25098039215686274 0.25098039215686274
            specularColor 0.12549019607843137 0.12549019607843137 0.12549019607843137
            ambientIntensity 0.251
            transparency 0.0
            shininess 0.5
        }
    }
    geometry IndexedFaceSet {
        ccw TRUE
        solid FALSE
        coord DEF co Coordinate {
            point [
                -1.2405 -1.7717 0.311, -1.2405 -1.7717 0.252, -1.3193 -1.7717 0.252, -1.3193 -1.7717 0.0945, -1.5161 -1.7717 0.0945, -2.0771 -1.7717 0.2716, -2.3035 -1.7717 0.0354, -2.3035 -1.7717 0.4488, -2.1362 -1.7717 0.4488, -1.5161 -1.7717 0.0354, -2.1362 -1.7717 0.3306, -2.0771 -1.6782 0.2716, -2.0773 -1.6782 0.2717, -2.0773 -1.0975 0.2717, -2.1362 -1.0237 0.3306, -2.0771 -1.0975 0.2716, -2.0771 -1.0237 0.2716, -2.1362 -1.0237 0.252, -1.4374 -1.0237 0.252, -1.4374 -1.0237 0.3017
            ]
        }
        coordIndex [
            0,1,2,-1,3,4,2,-1,2,4,5,-1,2,5,0,-1,6,7,8,-1,4,9,5,-1,5,9,6,-1,5,6,10,-1,10,6,8,-1,11,5,12,-1,12,5,10,-1,12,10,13,-1,13,10,14,-1,13,14,15,-1,15,14,16,-1,14,17,16,-1,16,17,18,-1,16,18,19,-1,
        ]
    }
}
Shape{
    appearance Appearance {
        material  Material 	{
            diffuseColor 0.7529411764705882 0.7529411764705882 0.7529411764705882
            specularColor 0.3764705882352941 0.3764705882352941 0.3764705882352941
            ambientIntensity 0.7529
            transparency 0.0
            shininess 0.5
        }
    }
    geometry IndexedFaceSet {
        ccw TRUE
        solid FALSE
        coord DEF co Coordinate {
            point [
                -1.9492 -0.5118 0.252, -2.1362 -0.5118 0.252, -1.9492 -0.5118 0.4488, -2.1362 -0.5118 0.4488
            ]
        }
        coordIndex [
            0,1,2,-1,2,1,3,-1,
        ]
    }
}
Shape{
    appearance Appearance {
        material  Material 	{
            diffuseColor 0.25098039215686274 0.25098039215686274 0.25098039215686274
            specularColor 0.12549019607843137 0.12549019607843137 0.12549019607843137
            ambientIntensity 0.251
            transparency 0.0
            shininess 0.5
        }
    }
    geometry IndexedFaceSet {
        ccw TRUE
        solid FALSE
        coord DEF co Coordinate {
            point [
                -1.9492 0.6693 0.252, -1.9492 -0.5118 0.252, -1.9492 0.6693 0.4488, -1.9492 -0.5118 0.4488, -2.3035 1.9291 0.0354, -1.5161 1.9291 0.0354, -1.5161 1.9291 0.0945, -1.2405 1.9291 0.252, -1.2405 1.9291 0.311, -1.3193 1.9291 0.252, -2.0771 1.9291 0.2716, -2.1362 1.9291 0.4488, -2.3035 1.9291 0.4488, -2.1362 1.9291 0.3306, -1.3193 1.9291 0.0945
            ]
        }
        coordIndex [
            0,1,2,-1,2,1,3,-1,4,5,6,-1,7,8,9,-1,9,8,10,-1,11,12,13,-1,13,12,4,-1,13,4,10,-1,10,4,6,-1,10,6,9,-1,9,6,14,-1,
        ]
    }
}
Shape{
    appearance Appearance {
        material  Material 	{
            diffuseColor 0.7529411764705882 0.7529411764705882 0.7529411764705882
            specularColor 0.3764705882352941 0.3764705882352941 0.3764705882352941
            ambientIntensity 0.7529
            transparency 0.0
            shininess 0.5
        }
    }
    geometry IndexedFaceSet {
        ccw TRUE
        solid FALSE
        coord DEF co Coordinate {
            point [
                -2.1362 0.6693 0.252, -1.9492 0.6693 0.252, -2.1362 0.6693 0.4488, -1.9492 0.6693 0.4488, -1.4374 1.1811 0.3017, -1.4374 1.1811 0.252, -2.0771 1.1811 0.2716, -2.1362 1.1811 0.252, -2.1362 1.1811 0.3306
            ]
        }
        coordIndex [
            0,1,2,-1,2,1,3,-1,4,5,6,-1,6,5,7,-1,6,7,8,-1,
        ]
    }
}
Shape{
    appearance Appearance {
        material  Material 	{
            diffuseColor 0.25098039215686274 0.25098039215686274 0.25098039215686274
            specularColor 0.12549019607843137 0.12549019607843137 0.12549019607843137
            ambientIntensity 0.251
            transparency 0.0
            shininess 0.5
        }
    }
    geometry IndexedFaceSet {
        ccw TRUE
        solid FALSE
        coord DEF co Coordinate {
            point [
                -2.0771 1.2549 0.2716, -2.0771 1.1811 0.2716, -2.0773 1.2549 0.2717, -2.1362 1.1811 0.3306, -2.0773 1.8356 0.2717, -2.1362 1.9291 0.3306, -2.0771 1.8356 0.2716, -2.0771 1.9291 0.2716, -2.1362 1.9291 0.4488, -2.1362 1.8622 0.4488, -2.3035 1.9291 0.4488, -2.3035 1.8622 0.4488, -2.3035 2.0472 0.0354, -2.3035 1.9291 0.0354, -2.3035 1.8622 1.1024, -2.3035 2.0472 1.1024
            ]
        }
        coordIndex [
            0,1,2,-1,2,1,3,-1,2,3,4,-1,4,3,5,-1,4,5,6,-1,6,5,7,-1,8,9,10,-1,10,9,11,-1,12,13,10,-1,11,14,10,-1,10,14,15,-1,10,15,12,-1,
        ]
    }
}
Shape{
    appearance Appearance {
        material  Material 	{
            diffuseColor 0.7529411764705882 0.7529411764705882 0.7529411764705882
            specularColor 0.3764705882352941 0.3764705882352941 0.3764705882352941
            ambientIntensity 0.7529
            transparency 0.0
            shininess 0.5
        }
    }
    geometry IndexedFaceSet {
        ccw TRUE
        solid FALSE
        coord DEF co Coordinate {
            point [
                -2.1111 1.7229 1.6142, -2.1264 1.7033 1.6142, -2.1264 1.8356 1.6142, -2.1264 1.9685 1.6142, -2.0771 1.9685 1.6142, -2.0771 1.8335 1.6142, -2.081 1.7946 1.6142, -2.0925 1.7572 1.6142, -1.9356 0.6496 1.6142, -1.9356 0.6496 1.7717, -2.1362 0.6496 1.6142, -2.1264 0.6496 1.7717, -2.1722 0.6496 1.7656, -2.2149 0.6496 1.7479, -2.2516 0.6496 1.7198, -2.1362 0.6496 1.6115, -2.1403 0.6496 1.6084, -2.1434 0.6496 1.6043, -2.2798 0.6496 1.6831, -2.1454 0.6496 1.5996, -2.2975 0.6496 1.6403, -2.146 0.6496 1.5945, -2.3035 0.6496 1.5945, -2.146 0.6496 1.5354, -2.3035 0.6496 1.5354, -2.1264 1.8356 1.7717, -2.1722 1.8356 1.7656, -2.2149 1.8356 1.7479, -2.2516 1.8356 1.7198, -2.2798 1.8356 1.6831, -2.2975 1.8356 1.6403, -2.3035 1.8356 1.5945, -1.6359 0.5817 1.6538, -1.6359 0.5787 1.6586, -1.627 0.5787 1.6597, -1.6206 0.5728 1.6841, -1.6189 0.5728 1.6884, -1.6027 0.5787 1.684, -1.6359 0.5708 1.6929, -1.6313 0.5728 1.6759, -1.6359 0.5728 1.6753, -1.5641 0.6245 1.6725, -1.5715 0.6271 1.6535, -1.5743 0.6159 1.6573, -1.5987 0.6366 1.6247, -1.6157 0.6425 1.6173, -1.616 0.6327 1.6186, -1.6167 0.6429 1.6169, -1.582 0.6308 1.639, -1.5833 0.6312 1.6372, -1.5856 0.6159 1.6426, -1.5875 0.6327 1.6339, -1.5671 0.6159 1.6745, -1.5647 0.6159 1.6929, -1.5639 0.6245 1.6736, -1.5616 0.6236 1.6929, -1.6359 0.5738 1.6726, -1.6116 0.5787 1.6686, -1.6187 0.5787 1.6632, -1.6271 0.5728 1.6777, -1.6234 0.5728 1.6805, -1.6061 0.5787 1.6757, -1.5932 0.5882 1.6682, -1.5882 0.5882 1.6801, -1.5762 0.6008 1.6769, -1.6183 0.5728 1.6929, -1.6167 0.5734 1.6929, -1.6015 0.5787 1.6929, -1.5987 0.5805 1.6929, -1.6359 0.5882 1.6436, -1.6231 0.5882 1.6453, -1.6359 0.5942 1.6376, -1.6199 0.6008 1.6332, -1.6359 0.6008 1.6311, -1.6359 0.6104 1.6251, -1.6175 0.6159 1.6242, -1.6359 0.6159 1.6217, -1.605 0.6008 1.6394, -1.6003 0.6159 1.6313, -1.5974 0.6327 1.6263, -1.5973 0.6361 1.6259, -1.5922 0.6008 1.6492, -1.6112 0.5882 1.6502, -1.5823 0.6008 1.662, -1.601 0.5882 1.658, -1.5865 0.5882 1.6929, -1.583 0.5918 1.6929, -1.5741 0.6008 1.6929, -1.5706 0.6065 1.6929, -1.6359 0.6293 1.6172, -1.6359 0.6327 1.616, -1.6359 0.6496 1.6142, -1.6206 -0.4154 1.6841, -1.6189 -0.4154 1.6884, -1.6359 -0.4134 1.6929, -1.6271 -0.4154 1.6777, -1.6234 -0.4154 1.6805, -1.6313 -0.4154 1.6759, -1.6359 -0.4154 1.6753, -1.6167 -0.416 1.6929, -1.6183 -0.4154 1.6929, -1.6359 -0.4164 1.6726, -1.6359 -0.4213 1.6586, -1.627 -0.4213 1.6597, -1.5987 -0.4231 1.6929, -1.6015 -0.4213 1.6929, -1.6027 -0.4213 1.684, -1.6359 -0.4243 1.6538, -1.6359 -0.4308 1.6436, -1.6231 -0.4308 1.6453, -1.583 -0.4344 1.6929, -1.5865 -0.4308 1.6929, -1.5882 -0.4308 1.6801, -1.6359 -0.4368 1.6376, -1.6359 -0.4434 1.6311, -1.6199 -0.4434 1.6332, -1.5706 -0.4491 1.6929, -1.5741 -0.4434 1.6929, -1.5762 -0.4434 1.6769, -1.6359 -0.453 1.6251, -1.6359 -0.4585 1.6217, -1.6175 -0.4585 1.6242, -1.6359 -0.4719 1.6172, -1.6359 -0.4753 1.616, -1.616 -0.4753 1.6186, -1.5987 -0.4792 1.6247, -1.5973 -0.4787 1.6259, -1.5974 -0.4753 1.6263, -1.5647 -0.4585 1.6929, -1.5671 -0.4585 1.6745, -1.5616 -0.4662 1.6929, -1.5639 -0.467 1.6736, -1.5641 -0.4671 1.6725, -1.5743 -0.4585 1.6573, -1.5715 -0.4697 1.6535, -1.5856 -0.4585 1.6426, -1.582 -0.4734 1.639, -1.6003 -0.4585 1.6313, -1.5875 -0.4753 1.6339, -1.5833 -0.4738 1.6372, -1.6157 -0.4851 1.6173, -1.6167 -0.4854 1.6169, -1.6359 -0.4922 1.6142, -1.5823 -0.4434 1.662, -1.5922 -0.4434 1.6492, -1.605 -0.4434 1.6394, -1.5932 -0.4308 1.6682, -1.601 -0.4308 1.658, -1.6112 -0.4308 1.6502, -1.6061 -0.4213 1.6757, -1.6116 -0.4213 1.6686, -1.6187 -0.4213 1.6632, -1.9356 -0.4922 1.7717, -1.9356 -0.4922 1.6142, -2.1264 -0.4922 1.7717, -2.1362 -0.4922 1.6142, -2.2516 -0.4922 1.7198, -2.2149 -0.4922 1.7479, -2.1722 -0.4922 1.7656, -2.146 -0.4922 1.5354, -2.3035 -0.4922 1.5354, -2.146 -0.4922 1.5945, -2.3035 -0.4922 1.5945, -2.1454 -0.4922 1.5996, -2.2975 -0.4922 1.6403, -2.1434 -0.4922 1.6043, -2.2798 -0.4922 1.6831, -2.1403 -0.4922 1.6084, -2.1362 -0.4922 1.6115, -2.1264 -1.6782 1.7717, -2.1722 -1.6782 1.7656, -2.2149 -1.6782 1.7479, -2.2516 -1.6782 1.7198, -2.2798 -1.6782 1.6831, -2.2975 -1.6782 1.6403, -2.3035 -1.6782 1.5945, -2.146 1.8356 1.5945, -2.146 1.8356 0.3518, -2.146 1.8188 0.3454, -2.146 -1.6782 1.5945, -2.146 -1.6782 0.3518, -2.146 -0.4036 0.5512, -2.146 -0.4036 -0.3543, -2.146 0.561 -0.3543, -2.146 -1.0948 0.4928, -2.146 -1.6614 0.3454, -2.146 -1.6465 0.3353, -2.146 -1.6343 0.322, -2.146 -1.6254 0.3064, -2.146 -1.6203 0.2891, -2.146 -1.1554 0.2891, -2.146 -1.1503 0.3064, -2.146 -1.0581 0.5406, -2.146 -1.0744 0.5281, -2.146 -1.0869 0.5118, -2.146 1.1761 0.5512, -2.146 1.1937 0.5492, -2.146 -1.1414 0.322, -2.146 -1.1292 0.3353, -2.146 -1.1143 0.3454, -2.146 -1.0975 0.4724, -2.146 -1.0975 0.3518, -2.146 0.561 0.5512, -2.146 -1.0187 0.5512, -2.146 -1.0391 0.5485, -2.146 1.2471 0.5066, -2.146 1.2529 0.49, -2.146 1.3128 0.2891, -2.146 1.7777 0.2891, -2.146 1.3077 0.3064, -2.146 1.7828 0.3064, -2.146 1.2988 0.322, -2.146 1.7917 0.322, -2.146 1.8039 0.3353, -2.146 1.2866 0.3353, -2.146 1.2717 0.3454, -2.146 1.2549 0.4724, -2.146 1.2549 0.3518, -2.146 1.2103 0.5434, -2.146 1.2252 0.534, -2.146 1.2377 0.5215, -2.1264 -1.5458 1.6142, -2.1111 -1.5655 1.6142, -2.1264 -1.6782 1.6142, -2.0925 -1.5998 1.6142, -2.0771 -1.8111 1.6142, -2.1264 -1.8111 1.6142, -2.0771 -1.676 1.6142, -2.081 -1.6372 1.6142, -2.0771 -1.6929 1.4961, -2.0771 -1.676 1.1063, -2.0771 -1.6929 1.1063, -2.3035 -1.6929 1.1063, -2.3035 -1.6929 1.4961, -2.2996 -1.8898 1.1024, -2.3035 -1.8898 1.1063, -2.2996 -1.7048 1.1024, -2.2996 -1.6969 1.1024, 2.0764 -1.6929 1.1063, 2.0764 -1.6929 1.4961, 2.3028 -1.6929 1.1063, 2.3028 -1.6929 1.4961, 2.0764 -1.676 1.1063, 2.0764 -1.676 1.6142, 2.0764 -1.8111 1.6142, 2.1104 -1.5655 1.6142, 2.1256 -1.5458 1.6142, 2.1256 -1.6782 1.6142, 2.1256 -1.8111 1.6142, 2.0803 -1.6372 1.6142, 2.0918 -1.5998 1.6142, 1.9349 -0.4922 1.6142, 1.9349 -0.4922 1.7717, 2.1355 -0.4922 1.6142, 2.1256 -0.4922 1.7717, 2.1715 -0.4922 1.7656, 2.2142 -0.4922 1.7479, 2.2509 -0.4922 1.7198, 2.1355 -0.4922 1.6115, 2.1395 -0.4922 1.6084, 2.1427 -0.4922 1.6043, 2.279 -0.4922 1.6831, 2.1446 -0.4922 1.5996, 2.2967 -0.4922 1.6403, 2.1453 -0.4922 1.5945, 2.3028 -0.4922 1.5945, 2.1453 -0.4922 1.5354, 2.3028 -0.4922 1.5354, 2.1256 -1.6782 1.7717, 2.1715 -1.6782 1.7656, 2.2142 -1.6782 1.7479, 2.2509 -1.6782 1.7198, 2.279 -1.6782 1.6831, 2.2967 -1.6782 1.6403, 2.3028 -1.6782 1.5945, 0.4691 -1.5888 1.6142, 0.2366 -1.6373 1.6142, 0.8689 -1.7422 1.6142, -0.0004 -1.6536 1.6142, -0.8696 -1.7422 1.6142, -0.2373 -1.6373 1.6142, 1.1606 -1.5715 1.6142, 0.9034 -1.3991 1.6142, 0.6928 -1.5089 1.6142, -0.4698 -1.5888 1.6142, -0.6935 -1.5089 1.6142, -1.1614 -1.5715 1.6142, 1.6351 -0.4922 1.6142, 1.8125 -0.8072 1.6142, 1.5417 -0.7105 1.6142, 1.6391 -1.0974 1.6142, 1.4192 -0.914 1.6142, 1.4198 -1.3546 1.6142, 1.2701 -1.0989 1.6142, 1.0971 -1.2616 1.6142, -1.5424 -0.7105 1.6142, -1.8132 -0.8072 1.6142, -1.42 -0.914 1.6142, -1.6399 -1.0974 1.6142, -1.2708 -1.0989 1.6142, -1.4206 -1.3546 1.6142, -1.0978 -1.2616 1.6142, -0.9042 -1.3991 1.6142, 1.6351 -0.4164 1.6726, 1.6351 -0.4154 1.6753, 1.6306 -0.4154 1.6759, 1.6351 -0.4243 1.6538, 1.6351 -0.4213 1.6586, 1.6263 -0.4213 1.6597, 1.5996 -0.4585 1.6313, 1.6167 -0.4585 1.6242, 1.6191 -0.4434 1.6332, 1.5633 -0.4671 1.6725, 1.5708 -0.4697 1.6535, 1.5735 -0.4585 1.6573, 1.6351 -0.4753 1.616, 1.6159 -0.4854 1.6169, 1.6152 -0.4753 1.6186, 1.5867 -0.4753 1.6339, 1.5965 -0.4787 1.6259, 1.5967 -0.4753 1.6263, 1.598 -0.4792 1.6247, 1.6149 -0.4851 1.6173, 1.5848 -0.4585 1.6426, 1.5813 -0.4734 1.639, 1.5826 -0.4738 1.6372, 1.5608 -0.4662 1.6929, 1.5632 -0.467 1.6736, 1.564 -0.4585 1.6929, 1.5664 -0.4585 1.6745, 1.5698 -0.4491 1.6929, 1.6351 -0.4719 1.6172, 1.5823 -0.4344 1.6929, 1.5733 -0.4434 1.6929, 1.5754 -0.4434 1.6769, 1.598 -0.4231 1.6929, 1.5858 -0.4308 1.6929, 1.5875 -0.4308 1.6801, 1.6351 -0.4585 1.6217, 1.6351 -0.453 1.6251, 1.6351 -0.4434 1.6311, 1.6351 -0.4368 1.6376, 1.6042 -0.4434 1.6394, 1.6224 -0.4308 1.6453, 1.6351 -0.4308 1.6436, 1.6159 -0.416 1.6929, 1.6008 -0.4213 1.6929, 1.602 -0.4213 1.684, 1.5914 -0.4434 1.6492, 1.6105 -0.4308 1.6502, 1.6351 -0.4134 1.6929, 1.6175 -0.4154 1.6929, 1.6181 -0.4154 1.6884, 1.6199 -0.4154 1.6841, 1.6054 -0.4213 1.6757, 1.6227 -0.4154 1.6805, 1.5924 -0.4308 1.6682, 1.6109 -0.4213 1.6686, 1.6263 -0.4154 1.6777, 1.5816 -0.4434 1.662, 1.6003 -0.4308 1.658, 1.618 -0.4213 1.6632, 1.6351 -0.4134 1.7717, 1.6159 -0.4158 1.7717, 1.5978 -0.4228 1.7717, 1.582 -0.4341 1.7717, 1.5694 -0.4488 1.7717, 1.5608 -0.4662 1.7717, 1.4716 -0.6746 1.6929, 1.4298 -0.7512 1.7717, 1.4266 -0.7493 1.6929, 1.0199 -1.2225 1.7717, 1.0188 -1.2209 1.6929, 1.0472 -1.2007 1.6929, 1.2473 -1.0064 1.7717, 1.2123 -1.0454 1.6929, 1.2452 -1.0047 1.6929, 1.3547 -0.8689 1.6929, 0.8623 -1.332 1.6929, 0.7558 -1.3918 1.7717, 0.7541 -1.3884 1.6929, 0.1565 -1.5674 1.7717, 0.1562 -1.5641 1.6929, 0.2258 -1.5593 1.6929, 0.4645 -1.5081 1.7717, 0.4477 -1.513 1.6929, 0.4642 -1.5071 1.6929, 0.6613 -1.4367 1.6929, -0.0004 -1.5748 1.6929, -0.1572 -1.5674 1.7717, -0.157 -1.5641 1.6929, -0.4653 -1.5081 1.7717, -0.4649 -1.5071 1.6929, -0.4485 -1.513 1.6929, -0.2266 -1.5593 1.6929, -0.662 -1.4367 1.6929, -0.7566 -1.3918 1.7717, -0.7548 -1.3884 1.6929, -1.2481 -1.0064 1.7717, -1.2459 -1.0047 1.6929, -1.2131 -1.0454 1.6929, -1.0207 -1.2225 1.7717, -1.0479 -1.2007 1.6929, -1.0195 -1.2209 1.6929, -0.8631 -1.332 1.6929, -1.3555 -0.8689 1.6929, -1.4305 -0.7512 1.7717, -1.4274 -0.7493 1.6929, -1.5616 -0.4662 1.7717, -1.4723 -0.6746 1.6929, -1.5702 -0.4488 1.7717, -1.5827 -0.4341 1.7717, -1.5986 -0.4228 1.7717, -1.6166 -0.4158 1.7717, -1.6359 -0.4134 1.7717, -1.6359 0.5708 1.7717, -1.6166 0.5732 1.7717, -1.5986 0.5802 1.7717, -1.5827 0.5915 1.7717, -1.5702 0.6062 1.7717, -1.5616 0.6236 1.7717, -1.4723 0.8321 1.6929, -1.4305 0.9087 1.7717, -1.4274 0.9068 1.6929, -1.0207 1.3799 1.7717, -1.0195 1.3783 1.6929, -1.0479 1.3581 1.6929, -1.2481 1.1638 1.7717, -1.2131 1.2028 1.6929, -1.2459 1.1621 1.6929, -1.3555 1.0263 1.6929, -0.8631 1.4894 1.6929, -0.7566 1.5492 1.7717, -0.7548 1.5458 1.6929, -0.1572 1.7248 1.7717, -0.157 1.7215 1.6929, -0.2266 1.7167 1.6929, -0.4653 1.6656 1.7717, -0.4485 1.6704 1.6929, -0.4649 1.6645 1.6929, -0.662 1.5941 1.6929, -0.0004 1.7322 1.6929, 0.1565 1.7248 1.7717, 0.1562 1.7215 1.6929, 0.4645 1.6656 1.7717, 0.4642 1.6645 1.6929, 0.4477 1.6704 1.6929, 0.2258 1.7167 1.6929, 0.6613 1.5941 1.6929, 0.7558 1.5492 1.7717, 0.7541 1.5458 1.6929, 1.2473 1.1638 1.7717, 1.2452 1.1621 1.6929, 1.2123 1.2028 1.6929, 1.0199 1.3799 1.7717, 1.0472 1.3581 1.6929, 1.0188 1.3783 1.6929, 0.8623 1.4894 1.6929, 1.3547 1.0263 1.6929, 1.4298 0.9087 1.7717, 1.4266 0.9068 1.6929, 1.5608 0.6236 1.7717, 1.5608 0.6236 1.6929, 1.4716 0.8321 1.6929, -1.3709 0.2758 1.9176, -1.385 0.0787 1.9176, -1.3783 0.0787 1.9685, -1.3643 0.2748 1.9685, -1.3448 0.3645 1.9685, -1.3289 0.4688 1.9176, -1.3225 0.4669 1.9685, -1.2584 0.6389 1.9685, -1.2599 0.6539 1.9176, -1.2538 0.6511 1.9685, -1.1652 0.8273 1.9176, -1.1596 0.8237 1.9685, -1.1125 0.8866 1.9685, -1.0468 0.9855 1.9176, -1.0418 0.9811 1.9685, -0.9213 1.1016 1.9685, -0.9071 1.1252 1.9176, -0.9027 1.1201 1.9685, -0.749 1.2436 1.9176, -0.7454 1.2379 1.9685, -0.6879 1.2693 1.9685, -0.5756 1.3382 1.9176, -0.5728 1.3321 1.9685, -0.3905 1.4073 1.9176, -0.4254 1.3871 1.9685, -0.3886 1.4008 1.9685, -0.1974 1.4493 1.9176, -0.1965 1.4426 1.9685, -0.1442 1.4464 1.9685, -0.0004 1.4634 1.9176, -0.0004 1.4567 1.9685, 0.1967 1.4493 1.9176, 0.1435 1.4464 1.9685, 0.1957 1.4426 1.9685, 0.3897 1.4073 1.9176, 0.3878 1.4008 1.9685, 0.4247 1.3871 1.9685, 0.5748 1.3382 1.9176, 0.572 1.3321 1.9685, 0.7482 1.2436 1.9176, 0.6871 1.2693 1.9685, 0.7446 1.2379 1.9685, 0.9064 1.1252 1.9176, 0.902 1.1201 1.9685, 0.9205 1.1016 1.9685, 1.0461 0.9855 1.9176, 1.041 0.9811 1.9685, 1.1645 0.8273 1.9176, 1.1117 0.8866 1.9685, 1.1588 0.8237 1.9685, 1.2592 0.6539 1.9176, 1.2531 0.6511 1.9685, 1.2576 0.6389 1.9685, 1.3282 0.4688 1.9176, 1.3218 0.4669 1.9685, 1.3702 0.2758 1.9176, 1.3776 0.0787 1.9685, 1.3843 0.0787 1.9176, 1.3636 0.2748 1.9685, 1.3441 0.3645 1.9685, 1.404 0.0787 1.8701, 1.3897 0.2786 1.8701, 1.3471 0.4743 1.8701, 1.277 0.6621 1.8701, 1.181 0.8379 1.8701, 1.0609 0.9983 1.8701, 0.9193 1.14 1.8701, 0.7589 1.2601 1.8701, 0.583 1.3561 1.8701, 0.3953 1.4261 1.8701, 0.1995 1.4687 1.8701, -0.0004 1.483 1.8701, -0.2002 1.4687 1.8701, -0.396 1.4261 1.8701, -0.5838 1.3561 1.8701, -0.7596 1.2601 1.8701, -0.92 1.14 1.8701, -1.0617 0.9983 1.8701, -1.1818 0.8379 1.8701, -1.2778 0.6621 1.8701, -1.3478 0.4743 1.8701, -1.3904 0.2786 1.8701, -1.4047 0.0787 1.8701, 1.4352 0.0787 1.8293, 1.4206 0.283 1.8293, 1.3771 0.4832 1.8293, 1.3055 0.6751 1.8293, 1.2073 0.8549 1.8293, 1.0846 1.0188 1.8293, 0.9397 1.1637 1.8293, 0.7758 1.2864 1.8293, 0.596 1.3846 1.8293, 0.4041 1.4562 1.8293, 0.2039 1.4997 1.8293, -0.0004 1.5143 1.8293, -0.2047 1.4997 1.8293, -0.4048 1.4562 1.8293, -0.5967 1.3846 1.8293, -0.7765 1.2864 1.8293, -0.9405 1.1637 1.8293, -1.0853 1.0188 1.8293, -1.2081 0.8549 1.8293, -1.3062 0.6751 1.8293, -1.3778 0.4832 1.8293, -1.4214 0.283 1.8293, -1.436 0.0787 1.8293, 1.476 0.0787 1.798, 1.461 0.2888 1.798, 1.4162 0.4946 1.798, 1.3426 0.692 1.798, 1.2416 0.8769 1.798, 1.1154 1.0455 1.798, 0.9664 1.1945 1.798, 0.7978 1.3207 1.798, 0.6129 1.4217 1.798, 0.4156 1.4953 1.798, 0.2097 1.5401 1.798, -0.0004 1.5551 1.798, -0.2105 1.5401 1.798, -0.4163 1.4953 1.798, -0.6137 1.4217 1.798, -0.7986 1.3207 1.798, -0.9672 1.1945 1.798, -1.1161 1.0455 1.798, -1.2424 0.8769 1.798, -1.3433 0.692 1.798, -1.4169 0.4946 1.798, -1.4617 0.2888 1.798, -1.4768 0.0787 1.798, 1.5235 0.0787 1.7784, 1.508 0.2956 1.7784, 1.4618 0.508 1.7784, 1.3858 0.7117 1.7784, 1.2816 0.9026 1.7784, 1.1513 1.0766 1.7784, 0.9975 1.2304 1.7784, 0.8235 1.3607 1.7784, 0.6327 1.4649 1.7784, 0.4289 1.5408 1.7784, 0.2165 1.587 1.7784, -0.0004 1.6026 1.7784, -0.2172 1.587 1.7784, -0.4297 1.5408 1.7784, -0.6334 1.4649 1.7784, -0.8242 1.3607 1.7784, -0.9983 1.2304 1.7784, -1.152 1.0766 1.7784, -1.2823 0.9026 1.7784, -1.3865 0.7117 1.7784, -1.4625 0.508 1.7784, -1.5087 0.2956 1.7784, -1.5242 0.0787 1.7784, 1.5744 0.0787 1.7717, 1.5584 0.3028 1.7717, 1.5106 0.5224 1.7717, 1.4321 0.7329 1.7717, 1.3244 0.9301 1.7717, 1.1898 1.11 1.7717, 1.0309 1.2689 1.7717, 0.851 1.4035 1.7717, 0.6538 1.5112 1.7717, 0.4433 1.5897 1.7717, 0.2237 1.6375 1.7717, -0.0004 1.6535 1.7717, -0.2245 1.6375 1.7717, -0.444 1.5897 1.7717, -0.6546 1.5112 1.7717, -0.8518 1.4035 1.7717, -1.0317 1.2689 1.7717, -1.1905 1.11 1.7717, -1.3252 0.9301 1.7717, -1.4329 0.7329 1.7717, -1.5114 0.5224 1.7717, -1.5591 0.3028 1.7717, -1.5752 0.0787 1.7717, 1.564 0.6159 1.6929, 1.5694 0.6062 1.7717, 1.5698 0.6065 1.6929, 1.5733 0.6008 1.6929, 1.582 0.5915 1.7717, 1.5823 0.5918 1.6929, 1.5858 0.5882 1.6929, 1.5978 0.5802 1.7717, 1.598 0.5805 1.6929, 1.6008 0.5787 1.6929, 1.6159 0.5732 1.7717, 1.6159 0.5734 1.6929, 1.6175 0.5728 1.6929, 1.6351 0.5708 1.7717, 1.6351 0.5708 1.6929, 1.5754 0.6008 1.6769, 1.5875 0.5882 1.6801, 1.618 0.5787 1.6632, 1.6263 0.5787 1.6597, 1.6224 0.5882 1.6453, 1.6263 0.5728 1.6777, 1.6227 0.5728 1.6805, 1.6306 0.5728 1.6759, 1.6351 0.5728 1.6753, 1.5664 0.6159 1.6745, 1.5632 0.6245 1.6736, 1.5633 0.6245 1.6725, 1.5735 0.6159 1.6573, 1.5708 0.6271 1.6535, 1.5848 0.6159 1.6426, 1.5813 0.6308 1.639, 1.6149 0.6425 1.6173, 1.598 0.6366 1.6247, 1.5967 0.6327 1.6263, 1.5965 0.6361 1.6259, 1.5867 0.6327 1.6339, 1.6351 0.6496 1.6142, 1.6159 0.6429 1.6169, 1.6351 0.6327 1.616, 1.6152 0.6327 1.6186, 1.602 0.5787 1.684, 1.6351 0.5738 1.6726, 1.5924 0.5882 1.6682, 1.5816 0.6008 1.662, 1.5914 0.6008 1.6492, 1.6181 0.5728 1.6884, 1.6199 0.5728 1.6841, 1.6054 0.5787 1.6757, 1.6109 0.5787 1.6686, 1.6003 0.5882 1.658, 1.6105 0.5882 1.6502, 1.6042 0.6008 1.6394, 1.6191 0.6008 1.6332, 1.6167 0.6159 1.6242, 1.6351 0.5787 1.6586, 1.6351 0.5817 1.6538, 1.6351 0.5882 1.6436, 1.6351 0.5942 1.6376, 1.5996 0.6159 1.6313, 1.5826 0.6312 1.6372, 1.6351 0.6008 1.6311, 1.6351 0.6104 1.6251, 1.6351 0.6159 1.6217, 1.6351 0.6293 1.6172, 0.8689 1.8996 1.6142, 0.4691 1.7462 1.6142, 0.6928 1.6663 1.6142, -1.8132 0.9646 1.6142, -1.5424 0.8679 1.6142, -1.6399 1.2548 1.6142, -1.42 1.0714 1.6142, -1.4206 1.512 1.6142, -1.2708 1.2563 1.6142, -1.1614 1.7289 1.6142, -1.0978 1.419 1.6142, -0.9042 1.5565 1.6142, -0.8696 1.8996 1.6142, -0.6935 1.6663 1.6142, -0.4698 1.7462 1.6142, 1.1606 1.7289 1.6142, 1.9349 0.6496 1.6142, 1.5417 0.8679 1.6142, 1.8125 0.9646 1.6142, 1.4192 1.0714 1.6142, 1.6391 1.2548 1.6142, 1.2701 1.2563 1.6142, 1.4198 1.512 1.6142, 1.0971 1.419 1.6142, 0.9034 1.5565 1.6142, -0.2373 1.7947 1.6142, -0.0004 1.811 1.6142, 0.2366 1.7947 1.6142, 2.1355 0.6496 1.6142, 2.2509 0.6496 1.7198, 2.2142 0.6496 1.7479, 1.9349 0.6496 1.7717, 2.1256 0.6496 1.7717, 2.1715 0.6496 1.7656, 2.1453 0.6496 1.5354, 2.3028 0.6496 1.5354, 2.1453 0.6496 1.5945, 2.3028 0.6496 1.5945, 2.1446 0.6496 1.5996, 2.2967 0.6496 1.6403, 2.1427 0.6496 1.6043, 2.279 0.6496 1.6831, 2.1395 0.6496 1.6084, 2.1355 0.6496 1.6115, 2.1256 1.8356 1.7717, 2.1715 1.8356 1.7656, 2.2142 1.8356 1.7479, 2.2509 1.8356 1.7198, 2.279 1.8356 1.6831, 2.2967 1.8356 1.6403, 2.3028 1.8356 1.5945, 2.1453 0.561 0.5512, 2.1453 0.561 -0.3543, 2.1453 -0.4036 -0.3543, 2.1453 1.2318 0.5281, 2.1453 1.2155 0.5406, 2.1453 -1.6782 1.5945, 2.1453 -1.6782 0.3518, 2.1453 1.7917 0.322, 2.1453 1.7828 0.3064, 2.1453 1.2522 0.4928, 2.1453 1.8039 0.3353, 2.1453 1.2443 0.5118, 2.1453 1.8356 0.3518, 2.1453 1.8356 1.5945, 2.1453 1.8188 0.3454, 2.1453 1.2549 0.3518, 2.1453 1.2549 0.4724, 2.1453 1.2717 0.3454, 2.1453 1.2866 0.3353, 2.1453 1.2988 0.322, 2.1453 1.7777 0.2891, 2.1453 1.3128 0.2891, 2.1453 1.3077 0.3064, 2.1453 -1.0187 0.5512, 2.1453 -1.0363 0.5492, 2.1453 -1.0897 0.5066, 2.1453 -1.0955 0.49, 2.1453 -1.1554 0.2891, 2.1453 -1.6203 0.2891, 2.1453 -1.1503 0.3064, 2.1453 -1.6254 0.3064, 2.1453 -1.1414 0.322, 2.1453 -1.6343 0.322, 2.1453 -1.6465 0.3353, 2.1453 -0.4036 0.5512, 2.1453 -1.0529 0.5434, 2.1453 -1.0678 0.534, 2.1453 -1.0803 0.5215, 2.1453 -1.6614 0.3454, 2.1453 -1.1292 0.3353, 2.1453 -1.1143 0.3454, 2.1453 -1.0975 0.4724, 2.1453 -1.0975 0.3518, 2.1453 1.1761 0.5512, 2.1453 1.1965 0.5485, 2.1256 1.7033 1.6142, 2.1104 1.7229 1.6142, 2.1256 1.8356 1.6142, 2.0918 1.7572 1.6142, 2.0764 1.9685 1.6142, 2.1256 1.9685 1.6142, 2.0764 1.8335 1.6142, 2.0803 1.7946 1.6142, -2.3035 2.0472 1.1063, -2.2996 2.0472 1.1024, -2.3035 1.8504 1.1063, -2.2996 1.8622 1.1024, -2.2996 1.8543 1.1024, -2.0771 1.8504 1.1063, -2.0771 1.8504 1.4961, -2.3035 1.8504 1.4961, -2.0771 1.8335 1.1063, 2.0764 1.8504 1.4961, 2.0764 1.8335 1.1063, 2.0764 1.8504 1.1063, 2.3028 1.8504 1.1063, 2.3028 1.8504 1.4961, 2.2988 2.0472 1.1024, 2.3028 2.0472 1.1063, 2.2988 1.8622 1.1024, 2.2988 1.8543 1.1024, 2.3028 1.8622 1.1024, 2.3028 2.0472 1.1024, 2.2856 2.1481 1.1024, 2.2894 2.1491 1.1024, 2.2466 2.2421 1.1024, 2.25 2.2441 1.1024, 2.1847 2.3228 1.1024, 2.1875 2.3256 1.1024, 2.104 2.3848 1.1024, 2.1059 2.3882 1.1024, 2.01 2.4237 1.1024, 2.011 2.4275 1.1024, 1.9091 2.437 1.1024, 1.9091 2.4409 1.1024, -1.9098 2.437 1.1024, -1.9098 2.4409 1.1024, -2.0107 2.4237 1.1024, -2.0117 2.4275 1.1024, -2.1047 2.3848 1.1024, -2.1067 2.3882 1.1024, -2.1854 2.3228 1.1024, -2.1882 2.3256 1.1024, -2.2474 2.2421 1.1024, -2.2508 2.2441 1.1024, -2.2863 2.1481 1.1024, -2.2901 2.1491 1.1024, -2.3035 2.0472 1.1024, -2.3035 1.8622 1.1024
            ]
        }
        coordIndex [
            0,1,2,-1,3,4,2,-1,2,4,5,-1,5,6,2,-1,2,6,7,-1,2,7,0,-1,8,9,10,-1,10,9,11,-1,11,12,10,-1,10,12,13,-1,10,13,14,-1,15,10,16,-1,16,10,14,-1,16,14,17,-1,17,14,18,-1,17,18,19,-1,19,18,20,-1,19,20,21,-1,21,20,22,-1,21,22,23,-1,23,22,24,-1,11,25,26,-1,11,26,12,-1,12,26,27,-1,12,27,13,-1,13,27,28,-1,13,28,14,-1,14,28,29,-1,14,29,18,-1,18,29,30,-1,18,30,20,-1,20,30,31,-1,20,31,22,-1,32,33,34,-1,35,36,37,-1,36,35,38,-1,38,39,40,-1,41,42,43,-1,44,45,46,-1,46,45,47,-1,48,49,50,-1,50,49,51,-1,52,53,54,-1,54,53,55,-1,34,33,39,-1,39,33,56,-1,39,56,40,-1,57,58,59,-1,59,60,57,-1,57,60,61,-1,57,61,62,-1,62,61,63,-1,62,63,64,-1,38,65,36,-1,36,65,66,-1,36,66,37,-1,37,66,67,-1,37,67,68,-1,68,63,37,-1,37,63,61,-1,37,61,35,-1,35,61,60,-1,35,60,38,-1,59,38,60,-1,32,34,69,-1,69,34,70,-1,69,70,71,-1,71,70,72,-1,71,72,73,-1,73,72,74,-1,74,72,75,-1,74,75,76,-1,77,50,78,-1,78,50,51,-1,78,51,79,-1,79,51,80,-1,79,80,44,-1,42,48,43,-1,43,48,50,-1,43,50,81,-1,81,50,77,-1,81,77,82,-1,54,41,52,-1,52,41,43,-1,52,43,83,-1,83,43,81,-1,83,81,84,-1,84,81,82,-1,84,82,58,-1,68,85,63,-1,63,85,86,-1,63,86,64,-1,64,86,87,-1,64,87,88,-1,58,57,84,-1,84,57,62,-1,84,62,83,-1,83,62,64,-1,83,64,52,-1,52,64,88,-1,52,88,53,-1,76,75,89,-1,89,75,46,-1,89,46,90,-1,90,46,47,-1,90,47,91,-1,44,46,79,-1,79,46,75,-1,79,75,78,-1,78,75,72,-1,78,72,77,-1,77,72,70,-1,77,70,82,-1,82,70,34,-1,82,34,58,-1,58,34,39,-1,58,39,59,-1,59,39,38,-1,92,93,94,-1,95,96,94,-1,95,94,97,-1,98,97,94,-1,99,100,93,-1,93,100,94,-1,96,92,94,-1,101,102,103,-1,104,105,106,-1,107,108,109,-1,110,111,112,-1,113,114,115,-1,116,117,118,-1,119,120,121,-1,122,123,124,-1,125,126,127,-1,128,129,130,-1,130,129,131,-1,131,129,132,-1,132,129,133,-1,132,133,134,-1,134,133,135,-1,134,135,136,-1,137,138,135,-1,135,138,139,-1,135,139,136,-1,125,127,140,-1,140,127,124,-1,140,124,141,-1,141,124,123,-1,141,123,142,-1,126,138,127,-1,127,138,137,-1,127,137,124,-1,124,137,121,-1,124,121,122,-1,122,121,120,-1,128,116,129,-1,129,116,118,-1,129,118,133,-1,133,118,143,-1,133,143,135,-1,135,143,144,-1,135,144,137,-1,137,144,145,-1,137,145,121,-1,121,145,115,-1,121,115,119,-1,119,115,114,-1,117,110,118,-1,118,110,112,-1,118,112,143,-1,143,112,146,-1,143,146,144,-1,144,146,147,-1,144,147,145,-1,145,147,148,-1,145,148,115,-1,115,148,109,-1,115,109,113,-1,113,109,108,-1,111,104,112,-1,112,104,106,-1,112,106,146,-1,146,106,149,-1,146,149,147,-1,147,149,150,-1,147,150,148,-1,148,150,151,-1,148,151,109,-1,109,151,103,-1,109,103,107,-1,107,103,102,-1,105,99,106,-1,106,99,93,-1,106,93,149,-1,149,93,92,-1,149,92,150,-1,150,92,96,-1,150,96,151,-1,151,96,95,-1,151,95,103,-1,103,95,97,-1,103,97,101,-1,101,97,98,-1,152,153,154,-1,154,153,155,-1,156,157,155,-1,155,157,158,-1,155,158,154,-1,159,160,161,-1,161,160,162,-1,161,162,163,-1,163,162,164,-1,163,164,165,-1,165,164,166,-1,165,166,167,-1,167,166,156,-1,167,156,168,-1,168,156,155,-1,169,154,158,-1,169,158,170,-1,170,158,157,-1,170,157,171,-1,171,157,156,-1,171,156,172,-1,172,156,166,-1,172,166,173,-1,173,166,164,-1,173,164,174,-1,174,164,162,-1,174,162,175,-1,176,21,177,-1,177,21,23,-1,177,23,178,-1,161,179,159,-1,159,179,180,-1,181,182,183,-1,184,180,185,-1,185,186,184,-1,184,186,187,-1,184,187,188,-1,189,190,188,-1,188,190,191,-1,192,159,193,-1,193,159,180,-1,193,180,194,-1,194,180,184,-1,195,196,23,-1,191,197,188,-1,188,197,198,-1,188,198,184,-1,184,198,199,-1,184,199,200,-1,200,199,201,-1,195,23,202,-1,183,202,181,-1,181,202,23,-1,181,23,203,-1,203,23,159,-1,203,159,204,-1,204,159,192,-1,178,205,206,-1,207,208,209,-1,209,208,210,-1,209,210,211,-1,211,210,212,-1,212,213,211,-1,211,213,178,-1,211,178,214,-1,214,178,206,-1,214,206,215,-1,215,206,216,-1,215,216,217,-1,196,218,23,-1,23,218,219,-1,23,219,178,-1,178,219,220,-1,178,220,205,-1,221,222,223,-1,223,222,224,-1,225,226,227,-1,227,226,223,-1,227,223,228,-1,228,223,224,-1,225,227,229,-1,229,227,230,-1,229,230,231,-1,232,233,231,-1,231,233,229,-1,234,235,236,-1,236,235,232,-1,236,232,237,-1,238,239,240,-1,240,239,241,-1,238,242,239,-1,239,242,243,-1,239,243,244,-1,245,246,247,-1,248,244,247,-1,247,244,243,-1,243,249,247,-1,247,249,250,-1,247,250,245,-1,251,252,253,-1,253,252,254,-1,254,255,253,-1,253,255,256,-1,253,256,257,-1,258,253,259,-1,259,253,257,-1,259,257,260,-1,260,257,261,-1,260,261,262,-1,262,261,263,-1,262,263,264,-1,264,263,265,-1,264,265,266,-1,266,265,267,-1,254,268,269,-1,254,269,255,-1,255,269,270,-1,255,270,256,-1,256,270,271,-1,256,271,257,-1,257,271,272,-1,257,272,261,-1,261,272,273,-1,261,273,263,-1,263,273,274,-1,263,274,265,-1,275,276,277,-1,277,276,278,-1,277,278,279,-1,279,278,280,-1,281,282,277,-1,277,282,283,-1,277,283,275,-1,280,284,279,-1,279,284,285,-1,279,285,286,-1,251,287,288,-1,288,287,289,-1,288,289,290,-1,290,289,291,-1,290,291,292,-1,292,291,293,-1,292,293,281,-1,281,293,294,-1,281,294,282,-1,142,153,295,-1,295,153,296,-1,295,296,297,-1,297,296,298,-1,297,298,299,-1,299,298,300,-1,299,300,301,-1,301,300,286,-1,301,286,302,-1,302,286,285,-1,303,304,305,-1,306,307,308,-1,309,310,311,-1,312,313,314,-1,287,315,316,-1,316,315,317,-1,318,319,320,-1,320,319,321,-1,320,321,317,-1,317,321,322,-1,317,322,316,-1,323,324,325,-1,326,327,328,-1,328,327,329,-1,328,329,330,-1,315,331,317,-1,317,331,310,-1,317,310,320,-1,320,310,309,-1,320,309,318,-1,332,333,334,-1,334,333,330,-1,335,336,337,-1,337,336,332,-1,331,338,310,-1,310,338,339,-1,310,339,311,-1,311,339,340,-1,311,340,341,-1,325,318,323,-1,323,318,309,-1,323,309,342,-1,342,309,311,-1,342,311,343,-1,343,311,341,-1,343,341,344,-1,345,346,347,-1,347,346,335,-1,313,324,314,-1,314,324,323,-1,314,323,348,-1,348,323,342,-1,348,342,349,-1,349,342,343,-1,349,343,308,-1,308,343,344,-1,308,344,306,-1,350,351,352,-1,352,351,345,-1,345,347,352,-1,352,347,353,-1,352,353,350,-1,335,337,347,-1,347,337,354,-1,347,354,353,-1,353,354,355,-1,353,355,350,-1,332,334,337,-1,337,334,356,-1,337,356,354,-1,354,356,357,-1,354,357,355,-1,355,357,358,-1,355,358,350,-1,330,329,334,-1,334,329,359,-1,334,359,356,-1,356,359,360,-1,356,360,357,-1,357,360,361,-1,357,361,358,-1,358,361,305,-1,358,305,350,-1,304,350,305,-1,327,312,329,-1,329,312,314,-1,329,314,359,-1,359,314,348,-1,359,348,360,-1,360,348,349,-1,360,349,361,-1,361,349,308,-1,361,308,305,-1,305,308,307,-1,305,307,303,-1,350,362,351,-1,351,362,363,-1,351,363,345,-1,345,363,346,-1,346,363,364,-1,346,364,335,-1,335,364,336,-1,336,364,365,-1,336,365,332,-1,332,365,333,-1,333,365,366,-1,333,366,330,-1,330,366,328,-1,328,366,367,-1,328,367,326,-1,326,367,368,-1,368,367,369,-1,368,369,370,-1,371,372,373,-1,371,373,374,-1,373,375,374,-1,374,375,376,-1,374,376,369,-1,369,376,377,-1,369,377,370,-1,372,371,378,-1,378,371,379,-1,378,379,380,-1,381,382,383,-1,381,383,384,-1,383,385,384,-1,384,385,386,-1,384,386,379,-1,379,386,387,-1,379,387,380,-1,382,381,388,-1,388,381,389,-1,388,389,390,-1,391,392,393,-1,391,393,389,-1,389,393,394,-1,389,394,390,-1,392,391,395,-1,395,391,396,-1,395,396,397,-1,398,399,400,-1,398,400,401,-1,400,402,401,-1,401,402,403,-1,401,403,396,-1,396,403,404,-1,396,404,397,-1,399,398,405,-1,405,398,406,-1,405,406,407,-1,408,130,406,-1,406,130,409,-1,406,409,407,-1,130,408,128,-1,128,408,410,-1,128,410,116,-1,116,410,117,-1,117,410,411,-1,117,411,110,-1,110,411,111,-1,111,411,412,-1,111,412,104,-1,104,412,105,-1,105,412,413,-1,105,413,99,-1,99,413,100,-1,100,413,414,-1,100,414,94,-1,38,415,65,-1,65,415,416,-1,65,416,66,-1,66,416,67,-1,67,416,417,-1,67,417,68,-1,68,417,85,-1,85,417,418,-1,85,418,86,-1,86,418,87,-1,87,418,419,-1,87,419,88,-1,88,419,53,-1,53,419,420,-1,53,420,55,-1,55,420,421,-1,421,420,422,-1,421,422,423,-1,424,425,426,-1,424,426,427,-1,426,428,427,-1,427,428,429,-1,427,429,422,-1,422,429,430,-1,422,430,423,-1,425,424,431,-1,431,424,432,-1,431,432,433,-1,434,435,436,-1,434,436,437,-1,436,438,437,-1,437,438,439,-1,437,439,432,-1,432,439,440,-1,432,440,433,-1,435,434,441,-1,441,434,442,-1,441,442,443,-1,444,445,446,-1,444,446,442,-1,442,446,447,-1,442,447,443,-1,445,444,448,-1,448,444,449,-1,448,449,450,-1,451,452,453,-1,451,453,454,-1,453,455,454,-1,454,455,456,-1,454,456,449,-1,449,456,457,-1,449,457,450,-1,452,451,458,-1,458,451,459,-1,458,459,460,-1,461,462,459,-1,459,462,463,-1,459,463,460,-1,464,465,466,-1,466,467,464,-1,464,467,468,-1,464,468,469,-1,468,470,469,-1,469,470,471,-1,469,471,472,-1,472,471,473,-1,472,473,474,-1,473,475,474,-1,474,475,476,-1,474,476,477,-1,476,478,477,-1,477,478,479,-1,477,479,480,-1,480,479,481,-1,480,481,482,-1,481,483,482,-1,482,483,484,-1,482,484,485,-1,485,484,486,-1,485,486,487,-1,486,488,487,-1,487,488,489,-1,487,489,490,-1,489,491,490,-1,490,491,492,-1,490,492,493,-1,493,492,494,-1,493,494,495,-1,494,496,495,-1,495,496,497,-1,495,497,498,-1,497,499,498,-1,498,499,500,-1,498,500,501,-1,501,500,502,-1,501,502,503,-1,502,504,503,-1,503,504,505,-1,503,505,506,-1,505,507,506,-1,506,507,508,-1,506,508,509,-1,509,508,510,-1,509,510,511,-1,510,512,511,-1,511,512,513,-1,511,513,514,-1,513,515,514,-1,514,515,516,-1,514,516,517,-1,517,516,518,-1,517,518,519,-1,520,521,522,-1,522,521,519,-1,522,519,523,-1,523,519,518,-1,521,524,519,-1,519,524,525,-1,519,525,517,-1,517,525,526,-1,517,526,514,-1,514,526,527,-1,514,527,511,-1,511,527,528,-1,511,528,509,-1,509,528,529,-1,509,529,506,-1,506,529,530,-1,506,530,503,-1,503,530,531,-1,503,531,501,-1,501,531,532,-1,501,532,498,-1,498,532,533,-1,498,533,495,-1,495,533,534,-1,495,534,493,-1,493,534,535,-1,493,535,490,-1,490,535,536,-1,490,536,487,-1,487,536,537,-1,487,537,485,-1,485,537,538,-1,485,538,482,-1,482,538,539,-1,482,539,480,-1,480,539,540,-1,480,540,477,-1,477,540,541,-1,477,541,474,-1,474,541,542,-1,474,542,472,-1,472,542,543,-1,472,543,469,-1,469,543,544,-1,469,544,464,-1,464,544,545,-1,464,545,465,-1,465,545,546,-1,524,547,525,-1,525,547,548,-1,525,548,526,-1,526,548,549,-1,526,549,527,-1,527,549,550,-1,527,550,528,-1,528,550,551,-1,528,551,529,-1,529,551,552,-1,529,552,530,-1,530,552,553,-1,530,553,531,-1,531,553,554,-1,531,554,532,-1,532,554,555,-1,532,555,533,-1,533,555,556,-1,533,556,534,-1,534,556,557,-1,534,557,535,-1,535,557,558,-1,535,558,536,-1,536,558,559,-1,536,559,537,-1,537,559,560,-1,537,560,538,-1,538,560,561,-1,538,561,539,-1,539,561,562,-1,539,562,540,-1,540,562,563,-1,540,563,541,-1,541,563,564,-1,541,564,542,-1,542,564,565,-1,542,565,543,-1,543,565,566,-1,543,566,544,-1,544,566,567,-1,544,567,545,-1,545,567,568,-1,545,568,546,-1,546,568,569,-1,547,570,548,-1,548,570,571,-1,548,571,549,-1,549,571,572,-1,549,572,550,-1,550,572,573,-1,550,573,551,-1,551,573,574,-1,551,574,552,-1,552,574,575,-1,552,575,553,-1,553,575,576,-1,553,576,554,-1,554,576,577,-1,554,577,555,-1,555,577,578,-1,555,578,556,-1,556,578,579,-1,556,579,557,-1,557,579,580,-1,557,580,558,-1,558,580,581,-1,558,581,559,-1,559,581,582,-1,559,582,560,-1,560,582,583,-1,560,583,561,-1,561,583,584,-1,561,584,562,-1,562,584,585,-1,562,585,563,-1,563,585,586,-1,563,586,564,-1,564,586,587,-1,564,587,565,-1,565,587,588,-1,565,588,566,-1,566,588,589,-1,566,589,567,-1,567,589,590,-1,567,590,568,-1,568,590,591,-1,568,591,569,-1,569,591,592,-1,570,593,571,-1,571,593,594,-1,571,594,572,-1,572,594,595,-1,572,595,573,-1,573,595,596,-1,573,596,574,-1,574,596,597,-1,574,597,575,-1,575,597,598,-1,575,598,576,-1,576,598,599,-1,576,599,577,-1,577,599,600,-1,577,600,578,-1,578,600,601,-1,578,601,579,-1,579,601,602,-1,579,602,580,-1,580,602,603,-1,580,603,581,-1,581,603,604,-1,581,604,582,-1,582,604,605,-1,582,605,583,-1,583,605,606,-1,583,606,584,-1,584,606,607,-1,584,607,585,-1,585,607,608,-1,585,608,586,-1,586,608,609,-1,586,609,587,-1,587,609,610,-1,587,610,588,-1,588,610,611,-1,588,611,589,-1,589,611,612,-1,589,612,590,-1,590,612,613,-1,590,613,591,-1,591,613,614,-1,591,614,592,-1,592,614,615,-1,593,616,594,-1,594,616,617,-1,594,617,595,-1,595,617,618,-1,595,618,596,-1,596,618,619,-1,596,619,597,-1,597,619,620,-1,597,620,598,-1,598,620,621,-1,598,621,599,-1,599,621,622,-1,599,622,600,-1,600,622,623,-1,600,623,601,-1,601,623,624,-1,601,624,602,-1,602,624,625,-1,602,625,603,-1,603,625,626,-1,603,626,604,-1,604,626,627,-1,604,627,605,-1,605,627,628,-1,605,628,606,-1,606,628,629,-1,606,629,607,-1,607,629,630,-1,607,630,608,-1,608,630,631,-1,608,631,609,-1,609,631,632,-1,609,632,610,-1,610,632,633,-1,610,633,611,-1,611,633,634,-1,611,634,612,-1,612,634,635,-1,612,635,613,-1,613,635,636,-1,613,636,614,-1,614,636,637,-1,614,637,615,-1,615,637,638,-1,462,461,639,-1,639,461,640,-1,639,640,641,-1,641,640,642,-1,642,640,643,-1,642,643,644,-1,644,643,645,-1,645,643,646,-1,645,646,647,-1,647,646,648,-1,648,646,649,-1,648,649,650,-1,650,649,651,-1,651,649,652,-1,651,652,653,-1,641,642,654,-1,644,645,655,-1,656,657,658,-1,653,659,660,-1,661,659,653,-1,662,661,653,-1,639,663,462,-1,462,663,664,-1,664,663,665,-1,665,663,666,-1,665,666,667,-1,667,666,668,-1,667,668,669,-1,670,671,672,-1,672,671,673,-1,672,673,674,-1,675,676,677,-1,677,676,678,-1,647,648,679,-1,679,648,650,-1,662,680,661,-1,661,680,657,-1,661,657,659,-1,659,657,656,-1,659,656,660,-1,645,647,655,-1,655,647,679,-1,655,679,681,-1,642,644,654,-1,654,644,655,-1,654,655,682,-1,682,655,681,-1,682,681,683,-1,684,685,686,-1,686,685,687,-1,686,687,688,-1,688,687,689,-1,688,689,690,-1,690,689,691,-1,690,691,692,-1,680,693,657,-1,657,693,694,-1,657,694,658,-1,658,694,695,-1,658,695,696,-1,696,691,658,-1,658,691,689,-1,658,689,656,-1,656,689,687,-1,656,687,660,-1,660,687,685,-1,660,685,653,-1,684,653,685,-1,650,651,684,-1,684,651,653,-1,639,641,663,-1,663,641,654,-1,663,654,666,-1,666,654,682,-1,666,682,668,-1,668,682,683,-1,668,683,697,-1,676,670,678,-1,678,670,672,-1,678,672,697,-1,697,672,674,-1,697,674,668,-1,668,674,698,-1,668,698,669,-1,696,699,691,-1,691,699,700,-1,691,700,692,-1,692,700,701,-1,692,701,702,-1,650,684,679,-1,679,684,686,-1,679,686,681,-1,681,686,688,-1,681,688,683,-1,683,688,690,-1,683,690,697,-1,697,690,692,-1,697,692,678,-1,678,692,702,-1,678,702,677,-1,703,704,705,-1,8,91,706,-1,706,91,707,-1,706,707,708,-1,708,707,709,-1,708,709,710,-1,710,709,711,-1,710,711,712,-1,711,713,712,-1,712,713,714,-1,712,714,715,-1,715,714,716,-1,715,716,717,-1,703,705,718,-1,675,719,720,-1,720,719,721,-1,720,721,722,-1,722,721,723,-1,722,723,724,-1,724,723,725,-1,724,725,726,-1,726,725,718,-1,726,718,727,-1,727,718,705,-1,717,728,715,-1,715,728,729,-1,715,729,703,-1,703,729,730,-1,703,730,704,-1,731,732,733,-1,734,719,735,-1,735,719,731,-1,735,731,736,-1,736,731,733,-1,737,738,739,-1,739,738,740,-1,739,740,741,-1,741,740,742,-1,741,742,743,-1,743,742,744,-1,743,744,745,-1,745,744,732,-1,745,732,746,-1,746,732,731,-1,747,735,736,-1,747,736,748,-1,748,736,733,-1,748,733,749,-1,749,733,732,-1,749,732,750,-1,750,732,744,-1,750,744,751,-1,751,744,742,-1,751,742,752,-1,752,742,740,-1,752,740,753,-1,754,755,756,-1,757,758,737,-1,759,264,760,-1,760,264,266,-1,761,762,763,-1,761,763,764,-1,765,757,766,-1,766,757,737,-1,766,737,767,-1,767,737,739,-1,765,766,763,-1,763,766,768,-1,763,768,764,-1,769,770,771,-1,771,770,763,-1,771,763,772,-1,772,763,762,-1,772,762,773,-1,774,775,762,-1,762,775,776,-1,762,776,773,-1,777,778,266,-1,760,779,780,-1,781,782,783,-1,783,782,784,-1,783,784,785,-1,785,784,786,-1,785,786,787,-1,777,266,788,-1,778,789,266,-1,266,789,790,-1,266,790,760,-1,760,790,791,-1,760,791,779,-1,787,792,785,-1,785,792,760,-1,785,760,793,-1,793,760,780,-1,793,780,794,-1,794,780,795,-1,794,795,796,-1,756,788,754,-1,754,788,266,-1,754,266,797,-1,797,266,737,-1,797,737,798,-1,798,737,758,-1,799,800,801,-1,801,800,802,-1,803,804,805,-1,805,804,801,-1,805,801,806,-1,806,801,802,-1,807,808,809,-1,809,808,810,-1,809,810,811,-1,812,813,809,-1,809,813,814,-1,812,815,813,-1,813,815,5,-1,813,5,4,-1,803,805,816,-1,816,805,817,-1,816,817,818,-1,819,820,818,-1,818,820,816,-1,821,822,823,-1,823,822,819,-1,823,819,824,-1,823,825,821,-1,821,825,826,-1,821,826,827,-1,827,826,828,-1,827,828,829,-1,829,828,830,-1,829,830,831,-1,831,830,832,-1,831,832,833,-1,833,832,834,-1,833,834,835,-1,835,834,836,-1,835,836,837,-1,837,836,838,-1,837,838,839,-1,839,838,840,-1,839,840,841,-1,841,840,842,-1,841,842,843,-1,843,842,844,-1,843,844,845,-1,845,844,846,-1,845,846,847,-1,847,846,848,-1,847,848,849,-1,849,848,850,-1,849,850,808,-1,808,850,851,-1,808,851,810,-1,810,851,852,-1,
        ]
    }
}
Shape{
    appearance Appearance {
        material  Material 	{
            diffuseColor 0.25098039215686274 0.25098039215686274 0.25098039215686274
            specularColor 0.12549019607843137 0.12549019607843137 0.12549019607843137
            ambientIntensity 0.251
            transparency 0.0
            shininess 0.5
        }
    }
    geometry IndexedFaceSet {
        ccw TRUE
        solid FALSE
        coord DEF co Coordinate {
            point [
                2.3028 1.9291 0.0354, 2.3028 2.0472 0.0354, 2.3028 1.9291 0.4488, 2.3028 2.0472 1.1024, 2.3028 1.8622 0.4488, 2.3028 1.8622 1.1024, 1.9091 2.4409 0.0354, 1.9091 2.4409 1.1024, 2.011 2.4275 1.1024, 2.011 2.4275 0.0354, 2.1059 2.3882 1.1024, 2.1059 2.3882 0.0354, 2.1875 2.3256 1.1024, 2.1875 2.3256 0.0354, 2.25 2.2441 1.1024, 2.25 2.2441 0.0354, 2.2894 2.1491 1.1024, 2.2894 2.1491 0.0354, 1.5154 2.4409 0.0354, 1.5154 2.4409 0.0945, 1.3185 2.4409 0.0945, 1.3185 2.4409 0.252, 1.102 2.4409 0.252, 1.102 2.4409 0.3504, 0.5508 2.4409 0.3504, -1.2799 2.4409 0.5669, -1.0681 2.4409 0.5669, -1.9098 2.4409 1.1024, -1.2799 2.4409 0.626, 0.6886 2.4409 0.5669, 0.9004 2.4409 0.5669, 1.0674 2.4409 0.5669, 1.2792 2.4409 0.5669, 1.2792 2.4409 0.626, 1.102 2.4409 0.626, -0.6894 2.4409 0.5669, -0.6894 2.4409 0.626, 0.6886 2.4409 0.626, 0.8893 2.4409 0.6508, 0.8658 2.4409 0.626, -0.8665 2.4409 0.626, -0.89 2.4409 0.6508, 0.5508 2.4409 0.252, -0.5516 2.4409 0.252, -0.5516 2.4409 0.3504, -1.1027 2.4409 0.3504, -1.1027 2.4409 0.252, -1.3193 2.4409 0.252, -1.5161 2.4409 0.0354, -1.9098 2.4409 0.0354, -1.5161 2.4409 0.0945, -1.3193 2.4409 0.0945, 1.0785 2.4409 0.6508, 1.0499 2.4409 0.6695, 1.0178 2.4409 0.6811, -1.1027 2.4409 0.626, -1.0792 2.4409 0.6508, -1.0507 2.4409 0.6695, -1.0185 2.4409 0.6811, -0.9011 2.4409 0.5669, -0.9108 2.4409 0.5864, -1.0584 2.4409 0.5864, -1.0443 2.4409 0.6029, -1.0265 2.4409 0.6155, -1.0062 2.4409 0.6233, 1.0258 2.4409 0.6155, 1.0435 2.4409 0.6029, 1.0577 2.4409 0.5864, 0.9839 2.4409 0.685, 0.95 2.4409 0.6811, 0.9179 2.4409 0.6695, -0.9186 2.4409 0.6695, -0.9507 2.4409 0.6811, -0.9846 2.4409 0.685, -0.9428 2.4409 0.6155, -0.925 2.4409 0.6029, -0.963 2.4409 0.6233, -0.9846 2.4409 0.626, 0.9101 2.4409 0.5864, 0.9242 2.4409 0.6029, 0.942 2.4409 0.6155, 0.9623 2.4409 0.6233, 0.9839 2.4409 0.626, 1.0055 2.4409 0.6233, 1.2398 1.9291 0.311, 1.2398 1.9291 0.252, 1.3185 1.9291 0.252, 1.3185 1.9291 0.0945, 1.5154 1.9291 0.0945, 2.0764 1.9291 0.2716, 2.1355 1.9291 0.4488, 1.5154 1.9291 0.0354, 2.1355 1.9291 0.3306, 2.0764 1.8356 0.2716, 2.0766 1.8356 0.2717, 2.0766 1.2549 0.2717, 2.1355 1.1811 0.3306, 2.0764 1.2549 0.2716, 2.0764 1.1811 0.2716, 2.1355 1.1811 0.252, 1.4366 1.1811 0.252, 1.4366 1.1811 0.3017
            ]
        }
        coordIndex [
            0,1,2,-1,2,1,3,-1,2,3,4,-1,4,3,5,-1,6,7,8,-1,6,8,9,-1,9,8,10,-1,9,10,11,-1,11,10,12,-1,11,12,13,-1,13,12,14,-1,13,14,15,-1,15,14,16,-1,15,16,17,-1,17,16,3,-1,17,3,1,-1,6,18,7,-1,7,18,19,-1,7,19,20,-1,20,21,7,-1,7,21,22,-1,7,22,23,-1,24,25,26,-1,27,28,25,-1,24,29,23,-1,23,29,30,-1,30,31,23,-1,23,31,32,-1,23,32,7,-1,7,32,33,-1,7,33,34,-1,35,36,37,-1,37,36,38,-1,37,38,39,-1,40,41,36,-1,36,41,7,-1,42,43,24,-1,24,43,44,-1,24,44,25,-1,25,44,45,-1,25,45,27,-1,27,45,46,-1,27,46,47,-1,48,49,50,-1,50,49,27,-1,50,27,51,-1,51,27,47,-1,34,52,7,-1,7,52,53,-1,7,53,54,-1,55,28,56,-1,56,28,27,-1,56,27,57,-1,57,27,58,-1,37,29,35,-1,35,29,24,-1,35,24,59,-1,59,24,26,-1,59,26,60,-1,60,26,61,-1,61,62,60,-1,60,62,63,-1,60,63,64,-1,65,66,30,-1,30,66,67,-1,30,67,31,-1,54,68,7,-1,7,68,69,-1,7,69,36,-1,36,69,70,-1,36,70,38,-1,41,71,7,-1,7,71,72,-1,7,72,27,-1,27,72,73,-1,27,73,58,-1,74,75,76,-1,76,75,60,-1,76,60,77,-1,77,60,64,-1,78,79,30,-1,30,79,80,-1,30,80,81,-1,81,82,30,-1,30,82,83,-1,30,83,65,-1,84,85,86,-1,87,88,86,-1,86,88,89,-1,86,89,84,-1,0,2,90,-1,88,91,89,-1,89,91,0,-1,89,0,92,-1,92,0,90,-1,93,89,94,-1,94,89,92,-1,94,92,95,-1,95,92,96,-1,95,96,97,-1,97,96,98,-1,96,99,98,-1,98,99,100,-1,98,100,101,-1,
        ]
    }
}
Shape{
    appearance Appearance {
        material  Material 	{
            diffuseColor 0.7529411764705882 0.7529411764705882 0.7529411764705882
            specularColor 0.3764705882352941 0.3764705882352941 0.3764705882352941
            ambientIntensity 0.7529
            transparency 0.0
            shininess 0.5
        }
    }
    geometry IndexedFaceSet {
        ccw TRUE
        solid FALSE
        coord DEF co Coordinate {
            point [
                1.9484 0.6693 0.252, 2.1355 0.6693 0.252, 1.9484 0.6693 0.4488, 2.1355 0.6693 0.4488
            ]
        }
        coordIndex [
            0,1,2,-1,2,1,3,-1,
        ]
    }
}
Shape{
    appearance Appearance {
        material  Material 	{
            diffuseColor 0.25098039215686274 0.25098039215686274 0.25098039215686274
            specularColor 0.12549019607843137 0.12549019607843137 0.12549019607843137
            ambientIntensity 0.251
            transparency 0.0
            shininess 0.5
        }
    }
    geometry IndexedFaceSet {
        ccw TRUE
        solid FALSE
        coord DEF co Coordinate {
            point [
                1.9484 -0.5118 0.252, 1.9484 0.6693 0.252, 1.9484 -0.5118 0.4488, 1.9484 0.6693 0.4488, 2.3028 -1.7717 0.0354, 1.5154 -1.7717 0.0354, 1.5154 -1.7717 0.0945, 1.2398 -1.7717 0.252, 1.2398 -1.7717 0.311, 1.3185 -1.7717 0.252, 2.0764 -1.7717 0.2716, 2.1355 -1.7717 0.4488, 2.3028 -1.7717 0.4488, 2.1355 -1.7717 0.3306, 1.3185 -1.7717 0.0945, 2.1355 -0.5118 0.252, 2.1355 -0.5118 0.4488, -1.3193 -2.2835 0.252, -1.3193 -1.7717 0.252, -1.2405 -1.7717 0.252, -2.1362 0.6693 0.252, -2.1362 1.1811 0.252, -1.9492 0.6693 0.252, -1.4374 1.1811 0.252, 1.3185 2.4409 0.252, 1.3185 1.9291 0.252, 1.2398 1.9291 0.252, -1.1027 2.4409 0.252, -1.1027 2.0472 0.252, -1.3193 2.4409 0.252, -1.2405 1.9291 0.252, -1.3193 1.9291 0.252, 2.1355 1.1811 0.252, 2.1355 0.6693 0.252, 1.4366 1.1811 0.252, 2.1355 -1.0237 0.252, 1.4366 -1.0237 0.252, -1.0933 -1.8185 0.252, -1.1027 -1.8898 0.252, -1.1027 -2.2835 0.252, 1.102 -2.2835 0.252, 1.102 -1.8898 0.252, 1.3185 -2.2835 0.252, 1.0926 1.9759 0.252, 1.102 2.0472 0.252, 1.102 2.4409 0.252, -0.5735 1.6716 0.252, -0.8387 1.5495 0.252, -1.2405 1.3779 0.252, -1.079 1.3835 0.252, -1.2872 1.1787 0.252, -1.4571 0.9413 0.252, -1.9492 -0.5118 0.252, -1.4571 -0.7838 0.252, -2.1362 -0.5118 0.252, 0.5602 1.9759 0.252, 0.5877 1.9094 0.252, 0.2905 1.7464 0.252, -0.8387 -1.392 0.252, -0.5735 -1.5142 0.252, -0.6894 -1.6511 0.252, -1.0933 1.9759 0.252, -1.0658 1.9094 0.252, -1.022 1.8523 0.252, -0.9649 1.8085 0.252, 0.5728 1.6716 0.252, 0.838 1.5495 0.252, 0.8264 1.7716 0.252, 1.2398 1.3779 0.252, 0.8977 1.781 0.252, 0.9642 1.8085 0.252, 1.0213 1.8523 0.252, 1.0651 1.9094 0.252, 0.5728 -1.5142 0.252, 0.838 -1.392 0.252, 1.2398 -1.2205 0.252, 1.0783 -1.2261 0.252, 1.2864 -1.0213 0.252, 1.4563 -0.7838 0.252, 1.4563 0.9413 0.252, 1.2864 1.1787 0.252, 1.0783 1.3835 0.252, 1.0926 -1.8185 0.252, 1.0651 -1.752 0.252, 1.0213 -1.6949 0.252, 0.9642 -1.6511 0.252, -0.7558 -1.6236 0.252, -0.8271 -1.6142 0.252, -1.079 -1.2261 0.252, -0.8985 1.781 0.252, -0.8271 1.7716 0.252, -0.7558 1.781 0.252, 0.8977 -1.6236 0.252, 0.8264 -1.6142 0.252, 0.7551 -1.6236 0.252, -0.8985 -1.6236 0.252, -1.2405 -1.2205 0.252, -1.2872 -1.0213 0.252, -1.4374 -1.0237 0.252, -2.1362 -1.0237 0.252, 0.6886 -1.6511 0.252, 0.6315 -1.6949 0.252, 0.2905 -1.589 0.252, 0.5877 -1.752 0.252, -0.0004 -1.6142 0.252, 0.5602 -1.8185 0.252, -0.2913 -1.589 0.252, -0.9649 -1.6511 0.252, -1.022 -1.6949 0.252, -1.0658 -1.752 0.252, -0.6894 1.8085 0.252, -0.6323 1.8523 0.252, -0.2913 1.7464 0.252, -0.5885 1.9094 0.252, -0.0004 1.7716 0.252, -0.5609 1.9759 0.252, -0.5516 2.0472 0.252, -0.5516 2.4409 0.252, 0.5508 2.4409 0.252, 0.6315 1.8523 0.252, 0.6886 1.8085 0.252, 0.7551 1.781 0.252, 0.5508 -2.2835 0.252, -0.5516 -2.2835 0.252, 0.5508 -1.8898 0.252, -0.5516 -1.8898 0.252, -0.5609 -1.8185 0.252, -0.5885 -1.752 0.252, -0.6323 -1.6949 0.252, 0.5508 2.0472 0.252, 1.4366 -1.0237 0.3017, 2.0764 -1.0237 0.2716, 2.1355 -1.0237 0.3306, 2.0764 -1.0975 0.2716, 2.0766 -1.0975 0.2717, 2.0766 -1.6782 0.2717, 2.0764 -1.6782 0.2716, 2.1355 -1.7048 0.4488, 2.3028 -1.7048 0.4488
            ]
        }
        coordIndex [
            0,1,2,-1,2,1,3,-1,4,5,6,-1,7,8,9,-1,9,8,10,-1,11,12,13,-1,13,12,4,-1,13,4,10,-1,10,4,6,-1,10,6,9,-1,9,6,14,-1,15,0,16,-1,16,0,2,-1,17,18,19,-1,20,21,22,-1,22,21,23,-1,24,25,26,-1,27,28,29,-1,29,28,30,-1,29,30,31,-1,32,33,34,-1,34,33,1,-1,15,35,0,-1,0,35,36,-1,37,38,19,-1,19,38,39,-1,19,39,17,-1,40,41,42,-1,42,41,7,-1,42,7,9,-1,43,44,26,-1,26,44,45,-1,26,45,24,-1,46,47,48,-1,48,47,49,-1,48,49,23,-1,23,49,50,-1,23,50,22,-1,22,50,51,-1,22,51,52,-1,52,51,53,-1,52,53,54,-1,55,56,57,-1,58,59,60,-1,28,61,30,-1,30,61,62,-1,30,62,48,-1,48,62,63,-1,48,63,64,-1,57,56,65,-1,66,67,68,-1,68,67,69,-1,69,70,68,-1,68,70,71,-1,68,71,26,-1,26,71,72,-1,26,72,43,-1,73,74,75,-1,75,74,76,-1,75,76,36,-1,36,76,77,-1,36,77,0,-1,0,77,78,-1,0,78,1,-1,1,78,79,-1,1,79,34,-1,34,79,80,-1,34,80,68,-1,68,80,81,-1,68,81,66,-1,41,82,7,-1,7,82,83,-1,7,83,75,-1,75,83,84,-1,75,84,85,-1,60,86,58,-1,58,86,87,-1,58,87,88,-1,64,89,48,-1,48,89,90,-1,48,90,46,-1,46,90,91,-1,85,92,75,-1,75,92,93,-1,75,93,73,-1,73,93,94,-1,87,95,88,-1,88,95,96,-1,88,96,97,-1,97,96,98,-1,97,98,53,-1,53,98,99,-1,53,99,54,-1,94,100,73,-1,73,100,101,-1,73,101,102,-1,102,101,103,-1,102,103,104,-1,104,103,105,-1,104,105,106,-1,95,107,96,-1,96,107,108,-1,96,108,19,-1,19,108,109,-1,19,109,37,-1,91,110,46,-1,46,110,111,-1,46,111,112,-1,112,111,113,-1,112,113,114,-1,114,113,115,-1,116,117,118,-1,56,119,65,-1,65,119,120,-1,65,120,66,-1,66,120,121,-1,66,121,67,-1,122,123,124,-1,124,123,125,-1,124,125,105,-1,105,125,126,-1,105,126,106,-1,106,126,127,-1,106,127,59,-1,59,127,128,-1,59,128,60,-1,118,129,116,-1,116,129,55,-1,116,55,115,-1,115,55,57,-1,115,57,114,-1,130,36,131,-1,131,36,35,-1,131,35,132,-1,133,131,134,-1,134,131,132,-1,134,132,135,-1,135,132,13,-1,135,13,136,-1,136,13,10,-1,11,137,12,-1,12,137,138,-1,
        ]
    }
}
Shape{
    appearance Appearance {
        material  Material 	{
            diffuseColor 0.7529411764705882 0.7529411764705882 0.7529411764705882
            specularColor 0.3764705882352941 0.3764705882352941 0.3764705882352941
            ambientIntensity 0.7529
            transparency 0.0
            shininess 0.5
        }
    }
    geometry IndexedFaceSet {
        ccw TRUE
        solid FALSE
        coord DEF co Coordinate {
            point [
                -2.2996 -1.7048 1.1024, -2.3035 -1.7048 1.1024, -2.2996 -1.8898 1.1024, -2.3035 -1.8898 1.1024, -2.2863 -1.9907 1.1024, -2.2901 -1.9917 1.1024, -2.2474 -2.0847 1.1024, -2.2508 -2.0866 1.1024, -2.1854 -2.1654 1.1024, -2.1882 -2.1682 1.1024, -2.1047 -2.2273 1.1024, -2.1067 -2.2308 1.1024, -2.0107 -2.2663 1.1024, -2.0117 -2.2701 1.1024, -1.9098 -2.2796 1.1024, -1.9098 -2.2835 1.1024, 1.9091 -2.2796 1.1024, 1.9091 -2.2835 1.1024, 2.01 -2.2663 1.1024, 2.011 -2.2701 1.1024, 2.104 -2.2273 1.1024, 2.1059 -2.2308 1.1024, 2.1847 -2.1654 1.1024, 2.1875 -2.1682 1.1024, 2.2466 -2.0847 1.1024, 2.25 -2.0866 1.1024, 2.2856 -1.9907 1.1024, 2.2894 -1.9917 1.1024, 2.2988 -1.8898 1.1024, 2.3028 -1.8898 1.1024, 2.2988 -1.7048 1.1024, 2.3028 -1.7048 1.1024, 2.3028 -1.8898 1.1063, 2.3028 -1.6929 1.1063, 2.2988 -1.6969 1.1024, -2.1362 -1.7048 1.1024, -2.1362 -1.6969 1.1024, -2.2996 -1.6969 1.1024, -2.1362 -1.7048 0.4488, -2.3035 -1.7048 0.4488
            ]
        }
        coordIndex [
            0,1,2,-1,2,1,3,-1,2,3,4,-1,4,3,5,-1,4,5,6,-1,6,5,7,-1,6,7,8,-1,8,7,9,-1,8,9,10,-1,10,9,11,-1,10,11,12,-1,12,11,13,-1,12,13,14,-1,14,13,15,-1,14,15,16,-1,16,15,17,-1,16,17,18,-1,18,17,19,-1,18,19,20,-1,20,19,21,-1,20,21,22,-1,22,21,23,-1,22,23,24,-1,24,23,25,-1,24,25,26,-1,26,25,27,-1,26,27,28,-1,28,27,29,-1,28,29,30,-1,30,29,31,-1,32,28,33,-1,33,28,30,-1,33,30,34,-1,35,0,36,-1,36,0,37,-1,35,38,0,-1,0,38,39,-1,0,39,1,-1,
        ]
    }
}
Shape{
    appearance Appearance {
        material  Material 	{
            diffuseColor 0.25098039215686274 0.25098039215686274 0.25098039215686274
            specularColor 0.12549019607843137 0.12549019607843137 0.12549019607843137
            ambientIntensity 0.251
            transparency 0.0
            shininess 0.5
        }
    }
    geometry IndexedFaceSet {
        ccw TRUE
        solid FALSE
        coord DEF co Coordinate {
            point [
                -2.1362 -0.5118 0.4488, -2.1362 0.6693 0.4488, -1.9492 -0.5118 0.4488, -1.9492 0.6693 0.4488, -2.1362 -1.255 1.4173, -2.1362 1.4124 1.4173, -2.1362 1.4124 1.1024, -2.1362 -1.0237 0.3306, -2.1362 -1.7717 0.3306, -2.1362 -1.7048 0.4488, -2.1362 -1.7717 0.4488, -2.1362 1.8622 0.4488, -2.1362 0.6693 0.252, -2.1362 -0.5118 0.252, -2.1362 -1.0237 0.252, -2.1362 -1.255 1.1024, -2.1362 1.8543 1.1024, -2.1362 1.8622 1.1024, -2.1362 1.9291 0.4488, -2.1362 1.9291 0.3306, -2.1362 1.1811 0.3306, -2.1362 1.1811 0.252, -2.1362 -1.6969 1.1024, -2.1362 -1.7048 1.1024, -2.3035 1.8622 1.1024, -2.3035 1.8622 0.4488, -2.2996 1.8622 1.1024
            ]
        }
        coordIndex [
            0,1,2,-1,2,1,3,-1,4,5,6,-1,7,8,9,-1,9,8,10,-1,11,12,1,-1,13,14,0,-1,0,14,7,-1,15,4,1,-1,1,4,6,-1,1,6,11,-1,11,6,16,-1,11,16,17,-1,18,19,11,-1,11,19,20,-1,11,20,12,-1,12,20,21,-1,1,0,15,-1,15,0,7,-1,15,7,22,-1,22,7,9,-1,22,9,23,-1,24,25,26,-1,26,25,11,-1,26,11,17,-1,
        ]
    }
}
Shape{
    appearance Appearance {
        material  Material 	{
            diffuseColor 0.7529411764705882 0.7529411764705882 0.7529411764705882
            specularColor 0.3764705882352941 0.3764705882352941 0.3764705882352941
            ambientIntensity 0.7529
            transparency 0.0
            shininess 0.5
        }
    }
    geometry IndexedFaceSet {
        ccw TRUE
        solid FALSE
        coord DEF co Coordinate {
            point [
                -2.1362 1.8543 1.1024, -2.2996 1.8543 1.1024, -2.1362 1.8622 1.1024, -2.2996 1.8622 1.1024, -2.1115 1.7223 1.1063, -2.1362 1.6929 1.1063, -2.1362 1.6929 1.6115, -2.1112 1.7229 1.1063, -2.1314 1.6977 1.6134, -2.131 1.6982 1.6136, -2.1111 1.7229 1.6142, -2.0925 1.7572 1.6142, -2.0926 1.7572 1.1063, -2.1264 1.7033 1.6142, -2.0927 1.7568 1.1063, -2.0771 1.8335 1.6142, -2.0771 1.8335 1.1063, -2.081 1.7946 1.6142, -2.081 1.7946 1.1063, -2.0811 1.7943 1.1063, -2.1362 0.6496 1.6115, -2.1403 0.6496 1.6084, -2.1315 1.8356 1.6135, -2.1264 1.8356 1.6142, -2.131 1.6982 1.6136, -2.146 0.6496 1.5945, -2.146 1.8356 1.5945, -2.1454 0.6496 1.5996, -2.1454 1.8356 1.5996, -2.1434 0.6496 1.6043, -2.1434 1.8356 1.6043, -2.1403 1.8356 1.6084, -2.1362 1.8356 1.6115, -1.9356 0.6496 1.6142, -2.1362 0.6496 1.6142, -2.1362 0.6292 1.6169, -1.6359 0.5708 1.6929, -1.6359 0.5728 1.6753, -2.1362 0.5708 1.6929, -2.1362 0.5735 1.6725, -1.6359 0.5738 1.6726, -1.6359 0.5787 1.6586, -2.1362 0.5814 1.6535, -1.6359 0.5817 1.6538, -1.6359 0.5882 1.6436, -2.1362 0.5939 1.6372, -1.6359 0.5942 1.6376, -1.6359 0.6008 1.6311, -2.1362 0.6102 1.6247, -1.6359 0.6104 1.6251, -1.6359 0.6159 1.6217, -1.6359 0.6293 1.6172, -1.6359 0.6327 1.616, -1.6359 0.6496 1.6142, -1.6359 0.5708 1.7717, -2.1362 0.5708 1.7717, -1.6359 -0.4134 1.7717, -2.1362 -0.4134 1.7717, -1.6359 -0.4134 1.6929, -2.1362 -0.4134 1.6929, -1.6359 -0.4154 1.6753, -2.1362 -0.4161 1.6725, -1.6359 -0.4164 1.6726, -1.6359 -0.4213 1.6586, -2.1362 -0.424 1.6535, -1.6359 -0.4243 1.6538, -1.6359 -0.4308 1.6436, -2.1362 -0.4365 1.6372, -1.6359 -0.4368 1.6376, -1.6359 -0.4434 1.6311, -2.1362 -0.4528 1.6247, -1.6359 -0.453 1.6251, -1.6359 -0.4585 1.6217, -2.1362 -0.4718 1.6169, -1.6359 -0.4719 1.6172, -2.1362 -0.4922 1.6142, -1.9356 -0.4922 1.6142, -1.6359 -0.4753 1.616, -1.6359 -0.4922 1.6142, -2.1264 -1.5458 1.6142, -2.1264 -1.6782 1.6142, -2.1315 -1.6782 1.6135, -2.1403 -1.6782 1.6084, -2.1362 -1.5355 1.6115, -2.1362 -1.6782 1.6115, -2.1325 -1.5392 1.6132, -2.1314 -1.5404 1.6134, -2.146 -1.6782 1.5945, -2.146 -0.4922 1.5945, -2.1454 -1.6782 1.5996, -2.1454 -0.4922 1.5996, -2.1434 -1.6782 1.6043, -2.1434 -0.4922 1.6043, -2.1403 -0.4922 1.6084, -2.1362 -0.4922 1.6115, -2.1362 -1.5355 1.1063, -2.1325 -1.5392 1.6132, -2.1115 -1.5649 1.1063, -2.1112 -1.5655 1.1063, -2.0771 -1.676 1.1063, -2.0771 -1.676 1.6142, -2.081 -1.6372 1.1063, -2.081 -1.6372 1.6142, -2.0811 -1.6369 1.1063, -2.0925 -1.5998 1.6142, -2.0926 -1.5998 1.1063, -2.0927 -1.5994 1.1063, -2.1111 -1.5655 1.6142, -2.0732 -1.676 1.1024, -2.0772 -1.6361 1.1024, -2.0891 -1.5978 1.1024, -2.1323 -1.5338 1.1024, -2.1083 -1.5627 1.1024, -2.0732 -1.6969 1.1024, -2.0771 -1.6929 1.1063, -2.2996 -1.6969 1.1024, -2.3035 -1.6929 1.1063, -2.1362 -1.6969 1.1024, 2.1075 -1.5627 1.1024, 2.1315 -1.5338 1.1024, 2.1355 -1.5355 1.1063, 2.1108 -1.5649 1.1063, 2.1105 -1.5655 1.1063, 2.0883 -1.5978 1.1024, 2.0919 -1.5994 1.1063, 2.0918 -1.5998 1.1063, 2.0765 -1.6361 1.1024, 2.0764 -1.676 1.1063, 2.0725 -1.676 1.1024, 2.0803 -1.6372 1.1063, 2.0803 -1.6369 1.1063, 2.0725 -1.6969 1.1024, 2.0764 -1.6929 1.1063, 2.1355 -1.6969 1.1024, 2.3028 -1.6929 1.1063, 2.2988 -1.6969 1.1024, 2.1355 -1.5355 1.6115, 2.1307 -1.5403 1.6134, 2.1302 -1.5408 1.6136, 2.1104 -1.5655 1.6142, 2.0918 -1.5998 1.6142, 2.1256 -1.5458 1.6142, 2.0764 -1.676 1.6142, 2.0803 -1.6372 1.6142, 2.1355 -0.4922 1.6115, 2.1395 -0.4922 1.6084, 2.1307 -1.6782 1.6135, 2.1256 -1.6782 1.6142, 2.1302 -1.5408 1.6136, 2.1453 -0.4922 1.5945, 2.1453 -1.6782 1.5945, 2.1446 -0.4922 1.5996, 2.1446 -1.6782 1.5996, 2.1427 -0.4922 1.6043, 2.1427 -1.6782 1.6043, 2.1395 -1.6782 1.6084, 2.1355 -1.6782 1.6115, 1.9349 -0.4922 1.6142, 2.1355 -0.4922 1.6142, 2.1355 -0.4718 1.6169, 1.6351 -0.4134 1.6929, 1.6351 -0.4154 1.6753, 2.1355 -0.4134 1.6929, 2.1355 -0.4161 1.6725, 1.6351 -0.4164 1.6726, 1.6351 -0.4213 1.6586, 2.1355 -0.424 1.6535, 1.6351 -0.4243 1.6538, 1.6351 -0.4308 1.6436, 2.1355 -0.4365 1.6372, 1.6351 -0.4368 1.6376, 1.6351 -0.4434 1.6311, 2.1355 -0.4528 1.6247, 1.6351 -0.453 1.6251, 1.6351 -0.4585 1.6217, 1.6351 -0.4719 1.6172, 1.6351 -0.4753 1.616, 1.6351 -0.4922 1.6142, 1.6351 -0.4134 1.7717, 2.1355 -0.4134 1.7717, 1.5106 -0.365 1.7717, 1.5694 -0.4488 1.7717, 1.582 -0.4341 1.7717, 1.5744 0.0787 1.7717, 1.5584 -0.1454 1.7717, 1.6159 -0.4158 1.7717, 2.1355 0.5708 1.7717, 1.6351 0.5708 1.7717, 1.5584 0.3028 1.7717, -1.5986 0.5802 1.7717, -1.5591 0.3028 1.7717, -1.5827 0.5915 1.7717, -1.5114 0.5224 1.7717, -1.5702 0.6062 1.7717, -1.5114 -0.365 1.7717, -1.5591 -0.1454 1.7717, -1.5986 -0.4228 1.7717, 1.6159 0.5732 1.7717, 1.5978 0.5802 1.7717, 1.5106 0.5224 1.7717, 1.5978 -0.4228 1.7717, -1.5752 0.0787 1.7717, -1.6166 -0.4158 1.7717, -1.6166 0.5732 1.7717, -0.1572 -1.5674 1.7717, -0.2245 -1.4801 1.7717, -0.4653 -1.5081 1.7717, -0.444 -1.4323 1.7717, -0.7566 -1.3918 1.7717, -0.6546 -1.3538 1.7717, -1.0207 -1.2225 1.7717, 0.1565 1.7248 1.7717, 0.2237 1.6375 1.7717, 0.4645 1.6656 1.7717, 0.4433 1.5897 1.7717, 0.7558 1.5492 1.7717, 0.6538 1.5112 1.7717, 1.0199 1.3799 1.7717, 1.5608 -0.4662 1.7717, 1.4321 -0.5755 1.7717, 1.4298 -0.7512 1.7717, 1.3244 -0.7727 1.7717, 1.2473 -1.0064 1.7717, 1.1898 -0.9526 1.7717, 1.0199 -1.2225 1.7717, -1.5827 -0.4341 1.7717, -1.5702 -0.4488 1.7717, -1.4329 -0.5755 1.7717, -1.5616 -0.4662 1.7717, -1.3252 -0.7727 1.7717, -1.4305 -0.7512 1.7717, -1.1905 -0.9526 1.7717, -1.2481 -1.0064 1.7717, -1.0317 -1.1115 1.7717, -0.8518 -1.2461 1.7717, -1.5616 0.6236 1.7717, -1.4329 0.7329 1.7717, -1.4305 0.9087 1.7717, -1.3252 0.9301 1.7717, -1.2481 1.1638 1.7717, -1.1905 1.11 1.7717, -1.0207 1.3799 1.7717, -1.0317 1.2689 1.7717, -0.8518 1.4035 1.7717, -0.7566 1.5492 1.7717, -0.6546 1.5112 1.7717, -0.4653 1.6656 1.7717, -0.444 1.5897 1.7717, -0.1572 1.7248 1.7717, -0.2245 1.6375 1.7717, -0.0004 1.6535 1.7717, 1.582 0.5915 1.7717, 1.5694 0.6062 1.7717, 1.4321 0.7329 1.7717, 1.5608 0.6236 1.7717, 1.3244 0.9301 1.7717, 1.4298 0.9087 1.7717, 1.1898 1.11 1.7717, 1.2473 1.1638 1.7717, 1.0309 1.2689 1.7717, 0.851 1.4035 1.7717, 1.0309 -1.1115 1.7717, 0.851 -1.2461 1.7717, 0.7558 -1.3918 1.7717, 0.6538 -1.3538 1.7717, 0.4645 -1.5081 1.7717, 0.4433 -1.4323 1.7717, 0.1565 -1.5674 1.7717, 0.2237 -1.4801 1.7717, -0.0004 -1.4961 1.7717, 1.6351 0.5708 1.6929, 2.1355 0.5708 1.6929, 1.6351 0.5728 1.6753, 2.1355 0.5735 1.6725, 1.6351 0.5738 1.6726, 1.6351 0.5787 1.6586, 2.1355 0.5814 1.6535, 1.6351 0.5817 1.6538, 1.6351 0.5882 1.6436, 2.1355 0.5939 1.6372, 1.6351 0.5942 1.6376, 1.6351 0.6008 1.6311, 2.1355 0.6102 1.6247, 1.6351 0.6104 1.6251, 1.6351 0.6159 1.6217, 2.1355 0.6292 1.6169, 1.6351 0.6293 1.6172, 2.1355 0.6496 1.6142, 1.9349 0.6496 1.6142, 1.6351 0.6327 1.616, 1.6351 0.6496 1.6142, 2.1256 1.7033 1.6142, 2.1256 1.8356 1.6142, 2.1307 1.8356 1.6135, 2.1395 1.8356 1.6084, 2.1355 1.6929 1.6115, 2.1355 1.8356 1.6115, 2.1318 1.6966 1.6132, 2.1307 1.6978 1.6134, 2.1453 1.8356 1.5945, 2.1453 0.6496 1.5945, 2.1446 1.8356 1.5996, 2.1446 0.6496 1.5996, 2.1427 1.8356 1.6043, 2.1427 0.6496 1.6043, 2.1395 0.6496 1.6084, 2.1355 0.6496 1.6115, 2.1355 1.6929 1.1063, 2.1318 1.6966 1.6132, 2.1108 1.7223 1.1063, 2.1105 1.7229 1.1063, 2.0764 1.8335 1.1063, 2.0764 1.8335 1.6142, 2.0803 1.7946 1.1063, 2.0803 1.7946 1.6142, 2.0803 1.7943 1.1063, 2.0918 1.7572 1.6142, 2.0918 1.7572 1.1063, 2.0919 1.7568 1.1063, 2.1104 1.7229 1.6142, -2.1083 1.7201 1.1024, -2.1323 1.6912 1.1024, -2.0891 1.7553 1.1024, -2.0772 1.7936 1.1024, -2.0732 1.8335 1.1024, -2.0732 1.8543 1.1024, -2.0771 1.8504 1.1063, -2.3035 1.8504 1.1063, 2.0725 1.8335 1.1024, 2.0765 1.7936 1.1024, 2.0883 1.7553 1.1024, 2.1315 1.6912 1.1024, 2.1075 1.7201 1.1024, 2.0764 1.8504 1.1063, 2.0725 1.8543 1.1024, 2.2988 1.8543 1.1024, 2.3028 1.8504 1.1063, 2.1355 1.8543 1.1024, 2.2988 1.8622 1.1024, 2.1355 1.8622 1.1024
            ]
        }
        coordIndex [
            0,1,2,-1,2,1,3,-1,4,5,6,-1,4,6,7,-1,7,6,8,-1,7,8,9,-1,10,11,12,-1,9,13,7,-1,7,13,10,-1,7,10,14,-1,14,10,12,-1,15,16,17,-1,17,16,18,-1,17,18,11,-1,11,18,19,-1,11,19,12,-1,6,20,21,-1,22,8,6,-1,23,13,22,-1,22,13,24,-1,22,24,8,-1,25,26,27,-1,27,26,28,-1,27,28,29,-1,29,28,30,-1,29,30,21,-1,21,30,31,-1,21,31,6,-1,6,31,32,-1,6,32,22,-1,33,34,35,-1,36,37,38,-1,38,37,39,-1,37,40,39,-1,39,40,41,-1,39,41,42,-1,41,43,42,-1,42,43,44,-1,42,44,45,-1,44,46,45,-1,45,46,47,-1,45,47,48,-1,47,49,48,-1,48,49,50,-1,48,50,35,-1,50,51,35,-1,35,51,52,-1,35,52,33,-1,33,52,53,-1,36,38,54,-1,54,38,55,-1,56,57,58,-1,58,57,59,-1,58,59,60,-1,60,59,61,-1,60,61,62,-1,62,61,63,-1,63,61,64,-1,63,64,65,-1,65,64,66,-1,66,64,67,-1,66,67,68,-1,68,67,69,-1,69,67,70,-1,69,70,71,-1,71,70,72,-1,72,70,73,-1,72,73,74,-1,73,75,76,-1,74,73,77,-1,77,73,76,-1,77,76,78,-1,79,80,81,-1,82,83,84,-1,84,83,85,-1,84,85,81,-1,81,85,86,-1,81,86,79,-1,87,88,89,-1,89,88,90,-1,89,90,91,-1,91,90,92,-1,91,92,82,-1,82,92,93,-1,82,93,83,-1,83,93,94,-1,83,95,96,-1,96,95,97,-1,96,97,86,-1,86,97,98,-1,99,100,101,-1,101,100,102,-1,101,102,103,-1,103,102,104,-1,103,104,105,-1,105,104,106,-1,106,104,107,-1,106,107,98,-1,98,107,79,-1,98,79,86,-1,99,101,108,-1,108,101,109,-1,101,103,109,-1,109,103,105,-1,109,105,110,-1,95,111,97,-1,97,111,112,-1,97,112,98,-1,98,112,110,-1,98,110,106,-1,106,110,105,-1,113,114,108,-1,108,114,99,-1,115,116,117,-1,117,116,114,-1,117,114,113,-1,118,119,120,-1,120,121,118,-1,118,121,122,-1,118,122,123,-1,122,124,123,-1,123,124,125,-1,123,125,126,-1,127,128,129,-1,129,128,126,-1,129,126,130,-1,130,126,125,-1,131,132,133,-1,133,132,134,-1,133,134,135,-1,128,127,131,-1,131,127,132,-1,121,120,136,-1,121,136,122,-1,122,136,137,-1,122,137,138,-1,139,140,125,-1,138,141,122,-1,122,141,139,-1,122,139,124,-1,124,139,125,-1,142,127,143,-1,143,127,129,-1,143,129,140,-1,140,129,130,-1,140,130,125,-1,136,144,145,-1,146,137,136,-1,147,141,146,-1,146,141,148,-1,146,148,137,-1,149,150,151,-1,151,150,152,-1,151,152,153,-1,153,152,154,-1,153,154,145,-1,145,154,155,-1,145,155,136,-1,136,155,156,-1,136,156,146,-1,157,158,159,-1,160,161,162,-1,162,161,163,-1,161,164,163,-1,163,164,165,-1,163,165,166,-1,165,167,166,-1,166,167,168,-1,166,168,169,-1,168,170,169,-1,169,170,171,-1,169,171,172,-1,171,173,172,-1,172,173,174,-1,172,174,159,-1,174,175,159,-1,159,175,176,-1,159,176,157,-1,157,176,177,-1,160,162,178,-1,178,162,179,-1,180,181,182,-1,179,183,178,-1,178,183,184,-1,178,184,185,-1,179,186,183,-1,183,186,187,-1,183,187,188,-1,189,190,191,-1,191,190,192,-1,191,192,193,-1,194,195,196,-1,187,197,188,-1,188,197,198,-1,188,198,199,-1,180,182,184,-1,184,182,200,-1,184,200,185,-1,57,56,201,-1,201,56,195,-1,195,56,202,-1,195,202,196,-1,189,203,190,-1,190,203,54,-1,190,54,201,-1,201,54,55,-1,201,55,57,-1,204,205,206,-1,206,205,207,-1,206,207,208,-1,208,207,209,-1,208,209,210,-1,211,212,213,-1,213,212,214,-1,213,214,215,-1,215,214,216,-1,215,216,217,-1,181,180,218,-1,218,180,219,-1,218,219,220,-1,220,219,221,-1,220,221,222,-1,222,221,223,-1,222,223,224,-1,196,225,194,-1,194,225,226,-1,194,226,227,-1,227,226,228,-1,227,228,229,-1,229,228,230,-1,229,230,231,-1,231,230,232,-1,231,232,233,-1,233,232,210,-1,233,210,234,-1,234,210,209,-1,193,192,235,-1,235,192,236,-1,235,236,237,-1,237,236,238,-1,237,238,239,-1,239,238,240,-1,239,240,241,-1,240,242,241,-1,241,242,243,-1,241,243,244,-1,244,243,245,-1,244,245,246,-1,246,245,247,-1,246,247,248,-1,248,247,249,-1,248,249,211,-1,211,249,250,-1,211,250,212,-1,198,251,199,-1,199,251,252,-1,199,252,253,-1,253,252,254,-1,253,254,255,-1,255,254,256,-1,255,256,257,-1,257,256,258,-1,257,258,259,-1,259,258,217,-1,259,217,260,-1,260,217,216,-1,223,261,224,-1,224,261,262,-1,224,262,263,-1,263,262,264,-1,263,264,265,-1,265,264,266,-1,265,266,267,-1,267,266,268,-1,267,268,204,-1,204,268,269,-1,204,269,205,-1,187,186,270,-1,270,186,271,-1,270,271,272,-1,272,271,273,-1,272,273,274,-1,274,273,275,-1,275,273,276,-1,275,276,277,-1,277,276,278,-1,278,276,279,-1,278,279,280,-1,280,279,281,-1,281,279,282,-1,281,282,283,-1,283,282,284,-1,284,282,285,-1,284,285,286,-1,285,287,288,-1,286,285,289,-1,289,285,288,-1,289,288,290,-1,291,292,293,-1,294,295,296,-1,296,295,297,-1,296,297,293,-1,293,297,298,-1,293,298,291,-1,299,300,301,-1,301,300,302,-1,301,302,303,-1,303,302,304,-1,303,304,294,-1,294,304,305,-1,294,305,295,-1,295,305,306,-1,295,307,308,-1,308,307,309,-1,308,309,298,-1,298,309,310,-1,311,312,313,-1,313,312,314,-1,313,314,315,-1,315,314,316,-1,315,316,317,-1,317,316,318,-1,318,316,319,-1,318,319,310,-1,310,319,291,-1,310,291,298,-1,320,321,5,-1,5,4,320,-1,320,4,7,-1,320,7,322,-1,7,14,322,-1,322,14,12,-1,322,12,323,-1,16,324,18,-1,18,324,323,-1,18,323,19,-1,19,323,12,-1,325,326,0,-1,0,326,327,-1,0,327,1,-1,326,325,16,-1,16,325,324,-1,311,313,328,-1,328,313,329,-1,313,315,329,-1,329,315,317,-1,329,317,330,-1,307,331,309,-1,309,331,332,-1,309,332,310,-1,310,332,330,-1,310,330,318,-1,318,330,317,-1,311,328,333,-1,333,328,334,-1,335,336,337,-1,337,336,333,-1,337,333,334,-1,335,337,338,-1,338,337,339,-1,
        ]
    }
}
Shape{
    appearance Appearance {
        material  Material 	{
            diffuseColor 0.25098039215686274 0.25098039215686274 0.25098039215686274
            specularColor 0.12549019607843137 0.12549019607843137 0.12549019607843137
            ambientIntensity 0.251
            transparency 0.0
            shininess 0.5
        }
    }
    geometry IndexedFaceSet {
        ccw TRUE
        solid FALSE
        coord DEF co Coordinate {
            point [
                2.1355 1.8622 1.1024, 2.1355 1.8622 0.4488, 2.2988 1.8622 1.1024, 2.3028 1.8622 0.4488, 2.3028 1.8622 1.1024, 2.1355 0.6693 0.4488, 2.1355 -0.5118 0.4488, 1.9484 0.6693 0.4488, 1.9484 -0.5118 0.4488, 2.3028 -1.7048 1.1024, 2.3028 -1.7048 0.4488, 2.2988 -1.7048 1.1024, 2.1355 -1.7048 0.4488, 2.1355 -1.7048 1.1024
            ]
        }
        coordIndex [
            0,1,2,-1,2,1,3,-1,2,3,4,-1,5,6,7,-1,7,6,8,-1,9,10,11,-1,11,10,12,-1,11,12,13,-1,
        ]
    }
}
Shape{
    appearance Appearance {
        material  Material 	{
            diffuseColor 0.7529411764705882 0.7529411764705882 0.7529411764705882
            specularColor 0.3764705882352941 0.3764705882352941 0.3764705882352941
            ambientIntensity 0.7529
            transparency 0.0
            shininess 0.5
        }
    }
    geometry IndexedFaceSet {
        ccw TRUE
        solid FALSE
        coord DEF co Coordinate {
            point [
                2.1355 -1.7048 1.1024, 2.1355 -1.6969 1.1024, 2.2988 -1.7048 1.1024, 2.2988 -1.6969 1.1024, 2.1355 1.4567 1.1063, 2.1315 1.4567 1.1024, 2.1355 1.6929 1.1063, 2.1315 1.6912 1.1024, -2.1362 1.6929 1.1063, -2.1323 1.6912 1.1024, -2.1362 1.4567 1.1063, -2.1323 1.4567 1.1024, -2.1323 -1.5338 1.1024, -2.1362 -1.5355 1.1063, -2.1323 -1.2992 1.1024, -2.1362 -1.2992 1.1063, 2.1355 -1.5355 1.1063, 2.1315 -1.5338 1.1024, 2.1355 -1.2992 1.1063, 2.1315 -1.2992 1.1024, 2.1315 1.4124 1.4173, 2.1315 1.4567 1.4173, 2.1355 1.4567 1.4213, 2.1315 -1.255 1.4173, 2.1355 -1.2992 1.4213, 2.1315 -1.2992 1.4173, -2.1323 -1.255 1.4173, -2.1323 -1.2992 1.4173, -2.1362 -1.2992 1.4213, -2.1323 1.4124 1.4173, -2.1362 1.4567 1.4213, -2.1323 1.4567 1.4173, -2.1362 1.4124 1.4173, -2.1362 -1.255 1.4173, 2.1355 1.4124 1.4173, 2.1355 -1.255 1.4173
            ]
        }
        coordIndex [
            0,1,2,-1,2,1,3,-1,4,5,6,-1,6,5,7,-1,8,9,10,-1,10,9,11,-1,12,13,14,-1,14,13,15,-1,16,17,18,-1,18,17,19,-1,20,21,22,-1,20,22,23,-1,23,22,24,-1,23,24,25,-1,26,27,28,-1,26,28,29,-1,29,28,30,-1,29,30,31,-1,32,33,29,-1,29,33,26,-1,20,23,34,-1,34,23,35,-1,
        ]
    }
}
Shape{
    appearance Appearance {
        material  Material 	{
            diffuseColor 0.25098039215686274 0.25098039215686274 0.25098039215686274
            specularColor 0.12549019607843137 0.12549019607843137 0.12549019607843137
            ambientIntensity 0.251
            transparency 0.0
            shininess 0.5
        }
    }
    geometry IndexedFaceSet {
        ccw TRUE
        solid FALSE
        coord DEF co Coordinate {
            point [
                0.6378 -0.7216 4.5925, 0.6449 -0.887 4.5925, 0.4438 -0.8435 4.5925, 0.4441 -0.9943 4.5925, 0.2274 -0.9193 4.5925, 0.2262 -1.0604 4.5925, -0.0004 -0.9449 4.5925, -0.0004 -1.0827 4.5925, -0.2282 -0.9193 4.5925, -0.227 -1.0604 4.5925, -0.4445 -0.8435 4.5925, -0.4448 -0.9943 4.5925, -0.6386 -0.7216 4.5925, 0.7999 0.7169 4.5925, 0.9653 0.724 4.5925, 0.9219 0.5228 4.5925, 1.0726 0.5232 4.5925, 0.9976 0.3065 4.5925, 1.1387 0.3053 4.5925, 1.0232 0.0787 4.5925, 1.161 0.0787 4.5925, 0.9976 -0.1491 4.5925, 1.1387 -0.1479 4.5925, 0.9219 -0.3654 4.5925, 1.0726 -0.3657 4.5925, 0.7999 -0.5595 4.5925, 0.9653 -0.5665 4.5925, 0.8209 -0.7425 4.5925, -0.6456 -0.887 4.5925, -0.8216 -0.7425 4.5925, -0.8007 -0.5595 4.5925, -0.9661 -0.5665 4.5925, -0.9226 -0.3654 4.5925, -1.0734 -0.3657 4.5925, -0.9983 -0.1491 4.5925, -1.1395 -0.1479 4.5925, -1.024 0.0787 4.5925, -1.1618 0.0787 4.5925, -0.9983 0.3065 4.5925, -1.1395 0.3053 4.5925, -0.9226 0.5228 4.5925, -1.0734 0.5232 4.5925, -0.8007 0.7169 4.5925, -0.9661 0.724 4.5925, -0.6386 0.879 4.5925, -0.8216 0.9 4.5925, -0.6456 1.0444 4.5925, -0.4445 1.001 4.5925, -0.4448 1.1517 4.5925, -0.2282 1.0767 4.5925, -0.227 1.2178 4.5925, -0.0004 1.1023 4.5925, -0.0004 1.2401 4.5925, 0.2274 1.0767 4.5925, 0.2262 1.2178 4.5925, 0.4438 1.001 4.5925, 0.4441 1.1517 4.5925, 0.6378 0.879 4.5925, 0.6449 1.0444 4.5925, 0.8209 0.9 4.5925
            ]
        }
        coordIndex [
            0,1,2,-1,2,1,3,-1,2,3,4,-1,4,3,5,-1,4,5,6,-1,6,5,7,-1,6,7,8,-1,8,7,9,-1,8,9,10,-1,10,9,11,-1,10,11,12,-1,13,14,15,-1,15,14,16,-1,15,16,17,-1,17,16,18,-1,17,18,19,-1,19,18,20,-1,19,20,21,-1,21,20,22,-1,21,22,23,-1,23,22,24,-1,23,24,25,-1,25,24,26,-1,25,26,0,-1,0,26,27,-1,0,27,1,-1,11,28,12,-1,12,28,29,-1,12,29,30,-1,30,29,31,-1,30,31,32,-1,32,31,33,-1,32,33,34,-1,34,33,35,-1,34,35,36,-1,36,35,37,-1,36,37,38,-1,38,37,39,-1,38,39,40,-1,40,39,41,-1,40,41,42,-1,42,41,43,-1,42,43,44,-1,43,45,44,-1,44,45,46,-1,44,46,47,-1,47,46,48,-1,47,48,49,-1,49,48,50,-1,49,50,51,-1,51,50,52,-1,51,52,53,-1,53,52,54,-1,53,54,55,-1,55,54,56,-1,55,56,57,-1,57,56,58,-1,57,58,13,-1,13,58,59,-1,13,59,14,-1,
        ]
    }
}
Shape{
    appearance Appearance {
        material  Material 	{
            diffuseColor 0.7529411764705882 0.7529411764705882 0.7529411764705882
            specularColor 0.3764705882352941 0.3764705882352941 0.3764705882352941
            ambientIntensity 0.7529
            transparency 0.0
            shininess 0.5
        }
    }
    geometry IndexedFaceSet {
        ccw TRUE
        solid FALSE
        coord DEF co Coordinate {
            point [
                -0.3807 0.1806 6.8858, -0.3941 0.0787 6.8858, 0.3933 0.0787 6.8858, -0.3807 -0.0232 6.8858, -0.3413 -0.1181 6.8858, -0.2788 -0.1997 6.8858, -0.1972 -0.2622 6.8858, -0.1023 -0.3016 6.8858, -0.1972 0.4197 6.8858, 0.3799 0.1806 6.8858, -0.2788 0.3571 6.8858, -0.3413 0.2756 6.8858, -0.0004 -0.315 6.8858, 0.1015 -0.3016 6.8858, 0.1965 -0.2622 6.8858, 0.3406 0.2756 6.8858, 0.278 0.3571 6.8858, 0.1965 0.4197 6.8858, 0.278 -0.1997 6.8858, 0.3406 -0.1181 6.8858, 0.3799 -0.0232 6.8858, 0.1015 0.459 6.8858, -0.0004 0.4724 6.8858, -0.1023 0.459 6.8858
            ]
        }
        coordIndex [
            0,1,2,-1,2,1,3,-1,2,3,4,-1,4,5,2,-1,2,5,6,-1,2,6,7,-1,8,2,9,-1,8,10,2,-1,2,10,11,-1,2,11,0,-1,7,12,2,-1,2,12,13,-1,2,13,14,-1,9,15,8,-1,8,15,16,-1,8,16,17,-1,14,18,2,-1,2,18,19,-1,2,19,20,-1,17,21,8,-1,8,21,22,-1,8,22,23,-1,
        ]
    }
}
Shape{
    appearance Appearance {
        material  Material 	{
            diffuseColor 0.25098039215686274 0.25098039215686274 0.25098039215686274
            specularColor 0.12549019607843137 0.12549019607843137 0.12549019607843137
            ambientIntensity 0.251
            transparency 0.0
            shininess 0.5
        }
    }
    geometry IndexedFaceSet {
        ccw TRUE
        solid FALSE
        coord DEF co Coordinate {
            point [
                -0.8753 -0.0354 7.0039, -0.8468 -0.0236 7.0039, -0.9059 0.1968 7.0039, -1.3193 -0.0236 7.0039, -1.2908 -0.0354 7.0039, -1.2602 0.1968 7.0039, -1.2602 -0.0394 7.0039, -0.9059 -0.0394 7.0039, -0.8224 -0.0048 7.0039, -0.8036 0.0197 7.0039, -0.7918 0.0481 7.0039, -0.7878 0.0787 7.0039, -0.7918 0.1093 7.0039, -0.8036 0.1378 7.0039, -0.8224 0.1622 7.0039, -0.8468 0.181 7.0039, -0.8753 0.1928 7.0039, -1.3625 0.1378 7.0039, -1.3437 0.1622 7.0039, -1.2908 0.1928 7.0039, -1.3193 0.181 7.0039, -1.3743 0.1093 7.0039, -1.3783 0.0787 7.0039, -1.3743 0.0481 7.0039, -1.3625 0.0197 7.0039, -1.3437 -0.0048 7.0039, 1.3736 0.0481 7.0039, 1.3776 0.0787 7.0039, 1.2595 -0.0394 7.0039, 1.2595 0.1968 7.0039, 0.9051 -0.0394 7.0039, 0.9051 0.1968 7.0039, 0.8746 -0.0354 7.0039, 1.3185 -0.0236 7.0039, 1.343 -0.0048 7.0039, 1.3618 0.0197 7.0039, 0.7911 0.1093 7.0039, 0.787 0.0787 7.0039, 0.7911 0.0481 7.0039, 0.8029 0.0197 7.0039, 1.29 -0.0354 7.0039, 1.3736 0.1093 7.0039, 1.3618 0.1378 7.0039, 1.343 0.1622 7.0039, 0.8746 0.1928 7.0039, 0.8461 0.181 7.0039, 0.8216 -0.0048 7.0039, 0.8461 -0.0236 7.0039, 1.3185 0.181 7.0039, 1.29 0.1928 7.0039, 0.8216 0.1622 7.0039, 0.8029 0.1378 7.0039, -0.2731 1.3385 7.0039, -0.3046 1.2626 7.0039, 0.3146 1.1811 7.0039, -0.0004 0.8661 7.0039, 0.0811 0.8768 7.0039, -0.3046 1.0995 7.0039, -0.2731 1.0236 7.0039, -0.2231 0.9584 7.0039, -0.1579 0.9083 7.0039, 0.1571 0.9083 7.0039, 0.2223 0.9584 7.0039, 0.2724 1.0236 7.0039, 0.3039 1.2626 7.0039, 0.2724 1.3385 7.0039, -0.0819 1.4853 7.0039, -0.2231 1.4038 7.0039, -0.0819 0.8768 7.0039, -0.3153 1.1811 7.0039, 0.3039 1.0995 7.0039, 0.2223 1.4038 7.0039, 0.1571 1.4538 7.0039, -0.0004 1.496 7.0039, 0.0811 1.4853 7.0039, -0.1579 1.4538 7.0039, -0.3941 0.0787 6.8858, -0.3941 0.0787 7.122, -0.3807 -0.0232 6.8858, -0.3807 -0.0232 7.122, -0.3413 -0.1181 6.8858, -0.3413 -0.1181 7.122, -0.2788 -0.1997 6.8858, -0.2788 -0.1997 7.122, -0.1972 -0.2622 6.8858, -0.1972 -0.2622 7.122, -0.1023 -0.3016 6.8858, -0.1023 -0.3016 7.122, -0.0004 -0.315 6.8858, -0.0004 -0.315 7.122, 0.1015 -0.3016 6.8858, 0.1015 -0.3016 7.122, 0.1965 -0.2622 6.8858, 0.1965 -0.2622 7.122, 0.278 -0.1997 6.8858, 0.278 -0.1997 7.122, 0.3406 -0.1181 6.8858, 0.3406 -0.1181 7.122, 0.3799 -0.0232 6.8858, 0.3799 -0.0232 7.122, 0.3933 0.0787 6.8858, 0.3933 0.0787 7.122, -1.2602 0.1968 7.122, -0.9059 0.1968 7.122, -1.2908 0.1928 7.122, -1.3193 0.181 7.122, -1.3437 0.1622 7.122, -1.3625 0.1378 7.122, -1.3743 0.1093 7.122, -1.3783 0.0787 7.122, -0.9059 -0.0394 7.122, -1.2602 -0.0394 7.122, -0.8753 -0.0354 7.122, -0.8468 -0.0236 7.122, -0.8224 -0.0048 7.122, -0.8036 0.0197 7.122, -0.7918 0.0481 7.122, -0.7878 0.0787 7.122, -0.7918 0.1093 7.122, -0.8036 0.1378 7.122, -0.8224 0.1622 7.122, -0.8468 0.181 7.122, -0.8753 0.1928 7.122, 0.9051 0.1968 7.122, 1.2595 0.1968 7.122, 0.8746 0.1928 7.122, 0.8461 0.181 7.122, 0.8216 0.1622 7.122, 0.8029 0.1378 7.122, 0.7911 0.1093 7.122, 0.787 0.0787 7.122, 1.2595 -0.0394 7.122, 0.9051 -0.0394 7.122, 1.29 -0.0354 7.122, 1.3185 -0.0236 7.122, 1.343 -0.0048 7.122, 1.3618 0.0197 7.122, 1.3736 0.0481 7.122, 1.3776 0.0787 7.122, 1.3736 0.1093 7.122, 1.3618 0.1378 7.122, 1.343 0.1622 7.122, 1.3185 0.181 7.122, 1.29 0.1928 7.122, -0.3153 1.1811 7.122, -0.3046 1.0995 7.122, -0.2731 1.0236 7.122, -0.2231 0.9584 7.122, -0.1579 0.9083 7.122, -0.0819 0.8768 7.122, -0.0004 0.8661 7.122, 0.0811 0.8768 7.122, 0.1571 0.9083 7.122, 0.2223 0.9584 7.122, 0.2724 1.0236 7.122, 0.3039 1.0995 7.122, 0.3146 1.1811 7.122, 1.6865 0.5701 6.9398, 1.462 0.6631 7.122, 1.5208 0.4863 7.122, 1.7038 0.5629 6.9252, 1.5583 0.3038 7.122, 1.5631 0.31 7.1164, 1.7109 0.5372 6.9252, 1.7176 0.5114 6.9252, 1.5019 0.99 6.9398, 1.2609 1.0217 7.122, 1.3634 0.8661 7.122, 1.5204 0.9875 6.9252, 1.4469 0.6995 7.122, 1.4499 0.7068 7.1164, 1.5339 0.9645 6.9252, 1.5471 0.9413 6.9252, 1.2148 1.3477 6.9398, 0.9738 1.316 7.122, 1.1132 1.1923 7.122, 1.2334 1.3502 6.9252, 1.2369 1.0529 7.122, 1.238 1.0608 7.1164, 1.2524 1.3315 6.9252, 1.2711 1.3125 6.9252, 0.845 1.619 6.9398, 0.6204 1.526 7.122, 0.787 1.4425 7.122, 0.8623 1.6262 6.9252, 0.9426 1.34 7.122, 0.9416 1.3478 7.1164, 0.8855 1.613 6.9252, 0.9084 1.5995 6.9252, 0.4175 1.7853 6.9398, 0.2247 1.6373 7.122, 0.4072 1.5998 7.122, 0.4324 1.7967 6.9252, 0.584 1.5411 7.122, 0.581 1.5484 7.1164, 0.4582 1.79 6.9252, 0.4839 1.7829 6.9252, -0.4918 1.7656 6.9398, -0.5848 1.5411 7.122, -0.408 1.5998 7.122, -0.4846 1.7829 6.9252, -0.2254 1.6373 7.122, -0.2317 1.6422 7.1164, -0.4589 1.79 6.9252, -0.4331 1.7967 6.9252, -0.9116 1.5809 6.9398, -0.9434 1.34 7.122, -0.7878 1.4425 7.122, -0.9092 1.5995 6.9252, -0.6212 1.526 7.122, -0.6285 1.529 7.1164, -0.8862 1.613 6.9252, -0.863 1.6262 6.9252, -1.2694 1.2939 6.9398, -1.2377 1.0529 7.122, -1.1139 1.1923 7.122, -1.2718 1.3125 6.9252, -0.9746 1.316 7.122, -0.9825 1.317 7.1164, -1.2531 1.3315 6.9252, -1.2341 1.3502 6.9252, -1.5407 0.924 6.9398, -1.4477 0.6995 7.122, -1.3642 0.8661 7.122, -1.5478 0.9413 6.9252, -1.2616 1.0217 7.122, -1.2695 1.0207 7.1164, -1.5347 0.9645 6.9252, -1.5212 0.9875 6.9252, -1.707 0.4966 6.9398, -1.559 0.3038 7.122, -1.5215 0.4863 7.122, -1.7184 0.5114 6.9252, -1.4627 0.6631 7.122, -1.47 0.6601 7.1164, -1.7117 0.5372 6.9252, -1.7046 0.5629 6.9252, -1.6873 -0.4127 6.9398, -1.4627 -0.5057 7.122, -1.5215 -0.3289 7.122, -1.7046 -0.4055 6.9252, -1.559 -0.1463 7.122, -1.5638 -0.1526 7.1164, -1.7117 -0.3798 6.9252, -1.7184 -0.354 6.9252, -1.5026 -0.8326 6.9398, -1.2616 -0.8643 7.122, -1.3642 -0.7087 7.122, -1.5212 -0.8301 6.9252, -1.4477 -0.5421 7.122, -1.4507 -0.5494 7.1164, -1.5347 -0.8071 6.9252, -1.5478 -0.7839 6.9252, -1.2156 -1.1903 6.9398, -0.9746 -1.1586 7.122, -1.1139 -1.0348 7.122, -1.2341 -1.1928 6.9252, -1.2377 -0.8955 7.122, -1.2387 -0.9034 7.1164, -1.2531 -1.174 6.9252, -1.2718 -1.155 6.9252, -0.8457 -1.4616 6.9398, -0.6212 -1.3686 7.122, -0.7878 -1.2851 7.122, -0.863 -1.4688 6.9252, -0.9434 -1.1826 7.122, -0.9423 -1.1904 7.1164, -0.8862 -1.4556 6.9252, -0.9092 -1.4421 6.9252, -0.4182 -1.6279 6.9398, -0.2254 -1.4799 7.122, -0.408 -1.4424 7.122, -0.5818 -1.391 7.1164, -0.4846 -1.6255 6.9252, -0.4589 -1.6326 6.9252, -0.5848 -1.3836 7.122, -0.4331 -1.6393 6.9252, 0.491 -1.6082 6.9398, 0.584 -1.3836 7.122, 0.4072 -1.4424 7.122, 0.4839 -1.6255 6.9252, 0.2247 -1.4799 7.122, 0.231 -1.4848 7.1164, 0.4582 -1.6326 6.9252, 0.4324 -1.6393 6.9252, 0.9109 -1.4235 6.9398, 0.9426 -1.1826 7.122, 0.787 -1.2851 7.122, 0.9084 -1.4421 6.9252, 0.6204 -1.3686 7.122, 0.6277 -1.3716 7.1164, 0.8855 -1.4556 6.9252, 0.8623 -1.4688 6.9252, 1.2686 -1.1365 6.9398, 1.2369 -0.8955 7.122, 1.1132 -1.0348 7.122, 1.2711 -1.155 6.9252, 0.9738 -1.1586 7.122, 0.9817 -1.1596 7.1164, 1.2524 -1.174 6.9252, 1.2334 -1.1928 6.9252, 1.5399 -0.7666 6.9398, 1.4469 -0.5421 7.122, 1.3634 -0.7087 7.122, 1.5471 -0.7839 6.9252, 1.2609 -0.8643 7.122, 1.2687 -0.8632 7.1164, 1.5339 -0.8071 6.9252, 1.5204 -0.8301 6.9252, 1.7062 -0.3392 6.9398, 1.5583 -0.1463 7.122, 1.5208 -0.3289 7.122, 1.7176 -0.354 6.9252, 1.462 -0.5057 7.122, 1.4693 -0.5027 7.1164, 1.7109 -0.3798 6.9252, 1.7038 -0.4055 6.9252, 0.2724 1.3385 7.122, 0.3039 1.2626 7.122, 1.5744 0.0787 7.122, -1.5752 0.0787 7.122, -0.2231 1.4038 7.122, -0.1579 1.4538 7.122, -0.0819 1.4853 7.122, -0.0004 1.6535 7.122, -0.0004 1.496 7.122, 0.8746 -0.0354 7.122, 0.8461 -0.0236 7.122, -0.2731 1.3385 7.122, -0.3046 1.2626 7.122, -0.0004 -1.4961 7.122, 0.0811 1.4853 7.122, 0.1571 1.4538 7.122, 0.2223 1.4038 7.122, -1.3193 -0.0236 7.122, 0.7911 0.0481 7.122, -1.2908 -0.0354 7.122, -1.3437 -0.0048 7.122, -1.3625 0.0197 7.122, -1.3743 0.0481 7.122, 0.278 0.3571 7.122, -0.3807 0.1806 7.122, -0.2788 0.3571 7.122, -0.1972 0.4197 7.122, -0.1023 0.459 7.122, -0.0004 0.4724 7.122, 0.1015 0.459 7.122, 0.1965 0.4197 7.122, 0.8216 -0.0048 7.122, 0.8029 0.0197 7.122, 0.3799 0.1806 7.122, 0.3406 0.2756 7.122, -0.3413 0.2756 7.122, 1.7176 0.5114 3.9724, 1.5583 0.3038 3.9724, 1.7038 0.5629 3.9724, 1.462 0.6631 3.9724, 1.4469 0.6995 3.9724, 1.5471 0.9413 3.9724, 1.5204 0.9875 3.9724, 1.2609 1.0217 3.9724, 1.2369 1.0529 3.9724, 1.2711 1.3125 3.9724, 1.2334 1.3502 3.9724, 0.9738 1.316 3.9724, 0.9426 1.34 3.9724, 0.9084 1.5995 3.9724, 0.8623 1.6262 3.9724, 0.6204 1.526 3.9724, 0.584 1.5411 3.9724, 0.4839 1.7829 3.9724, 0.4324 1.7967 3.9724, 0.2247 1.6373 3.9724, -0.2254 1.6373 3.9724, -0.0004 1.6535 3.9724, -0.4331 1.7967 3.9724, -0.4846 1.7829 3.9724, -0.5848 1.5411 3.9724, -0.6212 1.526 3.9724, -0.863 1.6262 3.9724, -0.9092 1.5995 3.9724, -0.9434 1.34 3.9724, -0.9746 1.316 3.9724, -1.2341 1.3502 3.9724, -1.2718 1.3125 3.9724, -1.2377 1.0529 3.9724, -1.2616 1.0217 3.9724, -1.5212 0.9875 3.9724, -1.5478 0.9413 3.9724, -1.4477 0.6995 3.9724, -1.4627 0.6631 3.9724, -1.7046 0.5629 3.9724, -1.7184 0.5114 3.9724, -1.559 0.3038 3.9724, -1.559 -0.1463 3.9724, -1.5752 0.0787 3.9724, -1.7184 -0.354 3.9724, -1.7046 -0.4055 3.9724, -1.4627 -0.5057 3.9724, -1.4477 -0.5421 3.9724, -1.5478 -0.7839 3.9724, -1.5212 -0.8301 3.9724, -1.2616 -0.8643 3.9724, -1.2377 -0.8955 3.9724, -1.2718 -1.155 3.9724, -1.2341 -1.1928 3.9724, -0.9746 -1.1586 3.9724, -0.9434 -1.1826 3.9724, -0.9092 -1.4421 3.9724, -0.863 -1.4688 3.9724, -0.6212 -1.3686 3.9724, -0.5848 -1.3836 3.9724, -0.4846 -1.6255 3.9724, -0.4331 -1.6393 3.9724, -0.2254 -1.4799 3.9724, 0.2247 -1.4799 3.9724, -0.0004 -1.4961 3.9724, 0.4324 -1.6393 3.9724, 0.4839 -1.6255 3.9724, 0.584 -1.3836 3.9724, 0.6204 -1.3686 3.9724, 0.8623 -1.4688 3.9724, 0.9084 -1.4421 3.9724, 0.9426 -1.1826 3.9724, 0.9738 -1.1586 3.9724, 1.2334 -1.1928 3.9724, 1.2711 -1.155 3.9724, 1.2369 -0.8955 3.9724, 1.2609 -0.8643 3.9724, 1.5204 -0.8301 3.9724, 1.5471 -0.7839 3.9724, 1.4469 -0.5421 3.9724, 1.462 -0.5057 3.9724, 1.7038 -0.4055 3.9724, 1.7176 -0.354 3.9724, 1.5583 -0.1463 3.9724, 1.5744 0.0787 3.9724, 1.0018 1.0809 3.9724, 0.787 1.2572 3.9724, -1.1788 0.8661 3.9724, -1.0026 1.0809 3.9724, -1.3905 0.3552 3.9724, -0.7878 1.2572 3.9724, 1.1781 0.8661 3.9724, -1.0026 -0.9235 3.9724, -0.7878 -1.0998 3.9724, -1.3098 0.6211 3.9724, 1.3091 0.6211 3.9724, 0.787 -1.0998 3.9724, -1.1788 -0.7087 3.9724, -1.3098 -0.4637 3.9724, -1.3905 -0.1978 3.9724, -1.4177 0.0787 3.9724, 1.1781 -0.7087 3.9724, 1.0018 -0.9235 3.9724, -0.2769 1.4688 3.9724, -0.0004 1.496 3.9724, 0.2761 1.4688 3.9724, 0.542 1.3881 3.9724, 1.3897 0.3552 3.9724, 1.3897 -0.1978 3.9724, 0.542 -1.2307 3.9724, 0.2761 -1.3114 3.9724, -0.2769 -1.3114 3.9724, -0.5428 -1.2307 3.9724, -0.5428 1.3881 3.9724, 1.3091 -0.4637 3.9724, 1.4169 0.0787 3.9724, -0.0004 -1.3386 3.9724, 1.161 0.0787 4.5925, 1.1387 -0.1479 4.5925, 1.0726 -0.3657 4.5925, 0.9653 -0.5665 4.5925, 0.8209 -0.7425 4.5925, 0.6449 -0.887 4.5925, 0.4441 -0.9943 4.5925, 0.2262 -1.0604 4.5925, -0.0004 -1.0827 4.5925, -0.227 -1.0604 4.5925, -0.4448 -0.9943 4.5925, -0.6456 -0.887 4.5925, -0.8216 -0.7425 4.5925, -0.9661 -0.5665 4.5925, -1.0734 -0.3657 4.5925, -1.1395 -0.1479 4.5925, -1.1618 0.0787 4.5925
            ]
        }
        coordIndex [
            0,1,2,-1,3,4,5,-1,5,4,6,-1,5,6,2,-1,2,6,7,-1,2,7,0,-1,1,8,2,-1,2,8,9,-1,2,9,10,-1,10,11,2,-1,2,11,12,-1,2,12,13,-1,13,14,2,-1,2,14,15,-1,2,15,16,-1,17,5,18,-1,18,5,19,-1,18,19,20,-1,17,21,5,-1,5,21,22,-1,5,22,23,-1,23,24,5,-1,5,24,25,-1,5,25,3,-1,26,27,28,-1,28,29,30,-1,30,29,31,-1,30,31,32,-1,33,34,35,-1,36,37,31,-1,31,37,38,-1,31,38,39,-1,26,28,35,-1,35,28,40,-1,35,40,33,-1,27,41,28,-1,28,41,42,-1,28,42,43,-1,31,44,45,-1,39,46,31,-1,31,46,47,-1,31,47,32,-1,43,48,28,-1,28,48,49,-1,28,49,29,-1,45,50,31,-1,31,50,51,-1,31,51,36,-1,52,53,54,-1,55,56,57,-1,58,59,60,-1,56,61,57,-1,57,61,62,-1,57,62,63,-1,64,65,66,-1,52,54,67,-1,58,60,57,-1,57,60,68,-1,57,68,55,-1,53,69,54,-1,54,69,57,-1,54,57,70,-1,70,57,63,-1,65,71,66,-1,66,71,72,-1,66,72,73,-1,73,72,74,-1,64,66,54,-1,54,66,75,-1,54,75,67,-1,76,77,78,-1,78,77,79,-1,78,79,80,-1,80,79,81,-1,80,81,82,-1,82,81,83,-1,82,83,84,-1,84,83,85,-1,84,85,86,-1,86,85,87,-1,86,87,88,-1,88,87,89,-1,88,89,90,-1,90,89,91,-1,90,91,92,-1,92,91,93,-1,92,93,94,-1,94,93,95,-1,94,95,96,-1,96,95,97,-1,96,97,98,-1,98,97,99,-1,98,99,100,-1,100,99,101,-1,5,2,102,-1,102,2,103,-1,5,102,19,-1,19,102,104,-1,19,104,20,-1,20,104,105,-1,20,105,18,-1,18,105,106,-1,18,106,17,-1,17,106,107,-1,17,107,21,-1,21,107,108,-1,21,108,22,-1,22,108,109,-1,7,6,110,-1,110,6,111,-1,7,110,0,-1,0,110,112,-1,0,112,1,-1,1,112,113,-1,1,113,8,-1,8,113,114,-1,8,114,9,-1,9,114,115,-1,9,115,10,-1,10,115,116,-1,10,116,11,-1,11,116,117,-1,11,117,12,-1,12,117,118,-1,12,118,13,-1,13,118,119,-1,13,119,14,-1,14,119,120,-1,14,120,15,-1,15,120,121,-1,15,121,16,-1,16,121,122,-1,16,122,2,-1,2,122,103,-1,31,29,123,-1,123,29,124,-1,31,123,44,-1,44,123,125,-1,44,125,45,-1,45,125,126,-1,45,126,50,-1,50,126,127,-1,50,127,51,-1,51,127,128,-1,51,128,36,-1,36,128,129,-1,36,129,37,-1,37,129,130,-1,28,30,131,-1,131,30,132,-1,28,131,40,-1,40,131,133,-1,40,133,33,-1,33,133,134,-1,33,134,34,-1,34,134,135,-1,34,135,35,-1,35,135,136,-1,35,136,26,-1,26,136,137,-1,26,137,27,-1,27,137,138,-1,27,138,41,-1,41,138,139,-1,41,139,42,-1,42,139,140,-1,42,140,43,-1,43,140,141,-1,43,141,48,-1,48,141,142,-1,48,142,49,-1,49,142,143,-1,49,143,29,-1,29,143,124,-1,69,144,57,-1,57,144,145,-1,57,145,58,-1,58,145,146,-1,58,146,59,-1,59,146,147,-1,59,147,60,-1,60,147,148,-1,60,148,68,-1,68,148,149,-1,68,149,55,-1,55,149,150,-1,55,150,56,-1,56,150,151,-1,56,151,61,-1,61,151,152,-1,61,152,62,-1,62,152,153,-1,62,153,63,-1,63,153,154,-1,63,154,70,-1,70,154,155,-1,70,155,54,-1,54,155,156,-1,157,158,159,-1,157,159,160,-1,159,161,162,-1,160,159,163,-1,163,159,162,-1,163,162,164,-1,165,166,167,-1,165,167,168,-1,167,169,170,-1,168,167,171,-1,171,167,170,-1,171,170,172,-1,173,174,175,-1,173,175,176,-1,175,177,178,-1,176,175,179,-1,179,175,178,-1,179,178,180,-1,181,182,183,-1,181,183,184,-1,183,185,186,-1,184,183,187,-1,187,183,186,-1,187,186,188,-1,189,190,191,-1,189,191,192,-1,191,193,194,-1,192,191,195,-1,195,191,194,-1,195,194,196,-1,197,198,199,-1,197,199,200,-1,199,201,202,-1,200,199,203,-1,203,199,202,-1,203,202,204,-1,205,206,207,-1,205,207,208,-1,207,209,210,-1,208,207,211,-1,211,207,210,-1,211,210,212,-1,213,214,215,-1,213,215,216,-1,215,217,218,-1,216,215,219,-1,219,215,218,-1,219,218,220,-1,221,222,223,-1,221,223,224,-1,223,225,226,-1,224,223,227,-1,227,223,226,-1,227,226,228,-1,229,230,231,-1,229,231,232,-1,231,233,234,-1,232,231,235,-1,235,231,234,-1,235,234,236,-1,237,238,239,-1,237,239,240,-1,239,241,242,-1,240,239,243,-1,243,239,242,-1,243,242,244,-1,245,246,247,-1,245,247,248,-1,247,249,250,-1,248,247,251,-1,251,247,250,-1,251,250,252,-1,253,254,255,-1,253,255,256,-1,255,257,258,-1,256,255,259,-1,259,255,258,-1,259,258,260,-1,261,262,263,-1,261,263,264,-1,263,265,266,-1,264,263,267,-1,267,263,266,-1,267,266,268,-1,269,270,271,-1,272,273,274,-1,271,275,272,-1,272,274,271,-1,271,274,276,-1,271,276,269,-1,277,278,279,-1,277,279,280,-1,279,281,282,-1,280,279,283,-1,283,279,282,-1,283,282,284,-1,285,286,287,-1,285,287,288,-1,287,289,290,-1,288,287,291,-1,291,287,290,-1,291,290,292,-1,293,294,295,-1,293,295,296,-1,295,297,298,-1,296,295,299,-1,299,295,298,-1,299,298,300,-1,301,302,303,-1,301,303,304,-1,303,305,306,-1,304,303,307,-1,307,303,306,-1,307,306,308,-1,309,310,311,-1,309,311,312,-1,311,313,314,-1,312,311,315,-1,315,311,314,-1,315,314,316,-1,317,318,183,-1,183,318,185,-1,185,318,156,-1,185,156,174,-1,217,215,144,-1,139,138,319,-1,319,138,137,-1,319,137,310,-1,167,166,155,-1,155,166,177,-1,155,177,156,-1,156,177,175,-1,156,175,174,-1,109,108,320,-1,321,322,201,-1,201,322,323,-1,201,323,324,-1,324,323,325,-1,324,325,190,-1,137,136,310,-1,310,136,135,-1,310,135,311,-1,311,135,134,-1,311,134,313,-1,313,134,133,-1,313,133,302,-1,302,133,131,-1,302,131,132,-1,144,215,145,-1,99,326,101,-1,101,326,327,-1,201,199,321,-1,321,199,198,-1,321,198,328,-1,328,198,209,-1,328,209,329,-1,329,209,207,-1,329,207,144,-1,144,207,206,-1,144,206,217,-1,287,286,115,-1,115,286,297,-1,115,297,295,-1,281,114,113,-1,112,275,113,-1,113,275,271,-1,271,270,113,-1,113,270,330,-1,113,330,281,-1,120,119,77,-1,77,119,118,-1,77,118,79,-1,79,118,117,-1,79,117,81,-1,325,331,190,-1,190,331,332,-1,190,332,191,-1,191,332,333,-1,191,333,193,-1,193,333,317,-1,193,317,182,-1,182,317,183,-1,95,93,295,-1,295,93,91,-1,295,91,89,-1,116,85,117,-1,117,85,83,-1,117,83,81,-1,241,239,334,-1,320,108,230,-1,154,335,155,-1,155,335,130,-1,155,130,129,-1,129,128,155,-1,155,128,127,-1,155,127,126,-1,139,319,140,-1,140,319,161,-1,140,161,141,-1,281,279,114,-1,114,279,278,-1,114,278,115,-1,115,278,289,-1,115,289,287,-1,111,336,249,-1,334,239,336,-1,336,239,238,-1,336,238,249,-1,334,337,241,-1,241,337,338,-1,241,338,320,-1,320,338,339,-1,320,339,109,-1,132,326,302,-1,302,326,99,-1,302,99,303,-1,303,99,97,-1,303,97,305,-1,305,97,95,-1,305,95,294,-1,294,95,295,-1,116,115,85,-1,85,115,295,-1,85,295,87,-1,87,295,89,-1,255,254,110,-1,154,153,335,-1,335,153,152,-1,335,152,340,-1,254,265,110,-1,110,265,263,-1,110,263,112,-1,112,263,262,-1,112,262,275,-1,341,122,77,-1,77,122,121,-1,77,121,120,-1,342,343,149,-1,149,343,344,-1,149,344,150,-1,150,344,345,-1,150,345,151,-1,151,345,346,-1,151,346,152,-1,152,346,347,-1,152,347,340,-1,327,348,101,-1,101,348,349,-1,101,349,350,-1,350,349,335,-1,350,335,351,-1,351,335,340,-1,141,161,142,-1,142,161,159,-1,142,159,143,-1,249,247,111,-1,111,247,246,-1,111,246,110,-1,110,246,257,-1,110,257,255,-1,149,148,342,-1,342,148,147,-1,342,147,215,-1,215,147,146,-1,215,146,145,-1,108,107,230,-1,230,107,106,-1,230,106,231,-1,231,106,105,-1,231,105,233,-1,233,105,104,-1,233,104,222,-1,222,104,102,-1,222,102,103,-1,159,158,143,-1,143,158,169,-1,143,169,124,-1,124,169,167,-1,124,167,123,-1,123,167,155,-1,123,155,125,-1,125,155,126,-1,103,122,222,-1,222,122,341,-1,222,341,223,-1,223,341,352,-1,223,352,225,-1,225,352,342,-1,225,342,214,-1,214,342,215,-1,353,164,354,-1,354,164,162,-1,354,162,161,-1,164,353,163,-1,163,353,355,-1,163,355,160,-1,160,355,157,-1,157,355,356,-1,157,356,158,-1,169,158,357,-1,357,158,356,-1,358,172,357,-1,357,172,170,-1,357,170,169,-1,172,358,171,-1,171,358,359,-1,171,359,168,-1,168,359,165,-1,165,359,360,-1,165,360,166,-1,177,166,361,-1,361,166,360,-1,362,180,361,-1,361,180,178,-1,361,178,177,-1,180,362,179,-1,179,362,363,-1,179,363,176,-1,176,363,173,-1,173,363,364,-1,173,364,174,-1,185,174,365,-1,365,174,364,-1,366,188,365,-1,365,188,186,-1,365,186,185,-1,188,366,187,-1,187,366,367,-1,187,367,184,-1,184,367,181,-1,181,367,368,-1,181,368,182,-1,193,182,369,-1,369,182,368,-1,370,196,369,-1,369,196,194,-1,369,194,193,-1,196,370,195,-1,195,370,371,-1,195,371,192,-1,192,371,189,-1,189,371,372,-1,189,372,190,-1,373,201,324,-1,373,324,374,-1,374,324,190,-1,374,190,372,-1,375,204,373,-1,373,204,202,-1,373,202,201,-1,204,375,203,-1,203,375,376,-1,203,376,200,-1,200,376,197,-1,197,376,377,-1,197,377,198,-1,209,198,378,-1,378,198,377,-1,379,212,378,-1,378,212,210,-1,378,210,209,-1,212,379,211,-1,211,379,380,-1,211,380,208,-1,208,380,205,-1,205,380,381,-1,205,381,206,-1,217,206,382,-1,382,206,381,-1,383,220,382,-1,382,220,218,-1,382,218,217,-1,220,383,219,-1,219,383,384,-1,219,384,216,-1,216,384,213,-1,213,384,385,-1,213,385,214,-1,225,214,386,-1,386,214,385,-1,387,228,386,-1,386,228,226,-1,386,226,225,-1,228,387,227,-1,227,387,388,-1,227,388,224,-1,224,388,221,-1,221,388,389,-1,221,389,222,-1,233,222,390,-1,390,222,389,-1,391,236,390,-1,390,236,234,-1,390,234,233,-1,236,391,235,-1,235,391,392,-1,235,392,232,-1,232,392,229,-1,229,392,393,-1,229,393,230,-1,241,320,394,-1,394,320,395,-1,396,244,394,-1,394,244,242,-1,394,242,241,-1,244,396,243,-1,243,396,397,-1,243,397,240,-1,240,397,237,-1,237,397,398,-1,237,398,238,-1,249,238,399,-1,399,238,398,-1,400,252,399,-1,399,252,250,-1,399,250,249,-1,252,400,251,-1,251,400,401,-1,251,401,248,-1,248,401,245,-1,245,401,402,-1,245,402,246,-1,257,246,403,-1,403,246,402,-1,404,260,403,-1,403,260,258,-1,403,258,257,-1,260,404,259,-1,259,404,405,-1,259,405,256,-1,256,405,253,-1,253,405,406,-1,253,406,254,-1,265,254,407,-1,407,254,406,-1,408,268,407,-1,407,268,266,-1,407,266,265,-1,268,408,267,-1,267,408,409,-1,267,409,264,-1,264,409,261,-1,261,409,410,-1,261,410,262,-1,275,262,411,-1,411,262,410,-1,412,273,411,-1,411,273,272,-1,411,272,275,-1,273,412,274,-1,274,412,413,-1,274,413,276,-1,276,413,269,-1,269,413,414,-1,269,414,270,-1,415,281,330,-1,415,330,416,-1,416,330,270,-1,416,270,414,-1,417,284,415,-1,415,284,282,-1,415,282,281,-1,284,417,283,-1,283,417,418,-1,283,418,280,-1,280,418,277,-1,277,418,419,-1,277,419,278,-1,289,278,420,-1,420,278,419,-1,421,292,420,-1,420,292,290,-1,420,290,289,-1,292,421,291,-1,291,421,422,-1,291,422,288,-1,288,422,285,-1,285,422,423,-1,285,423,286,-1,297,286,424,-1,424,286,423,-1,425,300,424,-1,424,300,298,-1,424,298,297,-1,300,425,299,-1,299,425,426,-1,299,426,296,-1,296,426,293,-1,293,426,427,-1,293,427,294,-1,305,294,428,-1,428,294,427,-1,429,308,428,-1,428,308,306,-1,428,306,305,-1,308,429,307,-1,307,429,430,-1,307,430,304,-1,304,430,301,-1,301,430,431,-1,301,431,302,-1,313,302,432,-1,432,302,431,-1,433,316,432,-1,432,316,314,-1,432,314,313,-1,316,433,315,-1,315,433,434,-1,315,434,312,-1,312,434,309,-1,309,434,435,-1,309,435,310,-1,354,161,319,-1,354,319,436,-1,436,319,310,-1,436,310,435,-1,437,438,365,-1,384,383,382,-1,364,363,362,-1,439,386,440,-1,440,386,385,-1,441,393,392,-1,385,384,440,-1,440,384,382,-1,440,382,442,-1,442,382,381,-1,442,381,380,-1,437,365,443,-1,406,444,407,-1,407,444,445,-1,401,400,399,-1,387,386,388,-1,388,386,439,-1,388,439,389,-1,389,439,446,-1,389,446,390,-1,390,446,441,-1,390,441,391,-1,391,441,392,-1,368,367,366,-1,362,361,364,-1,364,361,360,-1,364,360,365,-1,365,360,447,-1,365,447,443,-1,424,423,448,-1,422,421,420,-1,410,409,408,-1,402,449,403,-1,403,449,444,-1,403,444,404,-1,404,444,406,-1,404,406,405,-1,402,401,449,-1,449,401,399,-1,449,399,450,-1,450,399,398,-1,450,398,451,-1,393,441,395,-1,395,441,452,-1,395,452,394,-1,394,452,451,-1,394,451,396,-1,396,451,398,-1,396,398,397,-1,426,425,427,-1,427,425,424,-1,428,427,453,-1,453,427,424,-1,453,424,454,-1,454,424,448,-1,431,430,429,-1,413,412,411,-1,455,373,456,-1,456,373,374,-1,456,374,457,-1,457,374,372,-1,457,372,371,-1,371,370,457,-1,457,370,369,-1,457,369,458,-1,458,369,368,-1,458,368,438,-1,438,368,366,-1,438,366,365,-1,359,358,360,-1,360,358,357,-1,360,357,447,-1,447,357,356,-1,447,356,459,-1,460,435,434,-1,423,422,448,-1,448,422,420,-1,448,420,461,-1,461,420,419,-1,461,419,462,-1,414,413,463,-1,463,413,411,-1,463,411,464,-1,464,411,410,-1,464,410,445,-1,445,410,408,-1,445,408,407,-1,375,373,376,-1,376,373,455,-1,376,455,377,-1,377,455,465,-1,377,465,378,-1,378,465,442,-1,378,442,379,-1,379,442,380,-1,434,433,460,-1,460,433,432,-1,460,432,466,-1,466,432,431,-1,466,431,453,-1,453,431,429,-1,453,429,428,-1,435,460,436,-1,436,460,467,-1,436,467,354,-1,354,467,459,-1,354,459,353,-1,353,459,356,-1,353,356,355,-1,414,463,416,-1,416,463,468,-1,416,468,415,-1,415,468,462,-1,415,462,417,-1,417,462,419,-1,417,419,418,-1,469,467,470,-1,470,467,460,-1,470,460,471,-1,471,460,466,-1,471,466,472,-1,472,466,453,-1,472,453,473,-1,473,453,454,-1,473,454,474,-1,474,454,448,-1,474,448,475,-1,475,448,461,-1,475,461,476,-1,476,461,462,-1,476,462,477,-1,477,462,468,-1,477,468,478,-1,478,468,463,-1,478,463,479,-1,479,463,464,-1,479,464,480,-1,480,464,445,-1,480,445,481,-1,481,445,444,-1,481,444,482,-1,482,444,449,-1,482,449,483,-1,483,449,450,-1,483,450,484,-1,484,450,451,-1,484,451,485,-1,485,451,452,-1,
        ]
    }
}
Shape{
    appearance Appearance {
        material  Material 	{
            diffuseColor 0.7529411764705882 0.7529411764705882 0.7529411764705882
            specularColor 0.3764705882352941 0.3764705882352941 0.3764705882352941
            ambientIntensity 0.7529
            transparency 0.0
            shininess 0.5
        }
    }
    geometry IndexedFaceSet {
        ccw TRUE
        solid FALSE
        coord DEF co Coordinate {
            point [
                2.0725 1.4124 1.1024, 2.0725 1.4567 1.1024, 2.0725 1.4124 1.4173, 2.0725 1.4567 1.4173, 2.0725 -1.255 1.4173, 2.0725 -1.2992 1.4173, 2.0725 -1.255 1.1024, 2.0725 -1.2992 1.1024, -2.0732 -1.255 1.1024, -2.0732 -1.2992 1.1024, -2.0732 -1.255 1.4173, -2.0732 -1.2992 1.4173, -2.0732 1.4124 1.1024, -2.0732 1.4124 1.4173, -2.0732 1.4567 1.1024, -2.0732 1.4567 1.4173, 1.6729 2.4409 1.7717, 1.6729 2.3622 1.7717, 1.9484 2.4409 1.7717, 2.1256 1.8356 1.7717, 2.071 2.3981 1.7717, 2.1021 2.3671 1.7717, 2.1256 2.3299 1.7717, 2.0337 2.4215 1.7717, 1.9922 2.436 1.7717, 1.4366 2.3622 1.7717, 0.8689 1.8996 1.7717, 1.1606 1.7289 1.7717, 1.4198 1.512 1.7717, 1.9349 0.6496 1.7717, 2.1256 0.6496 1.7717, 1.8125 0.9646 1.7717, 1.6391 1.2548 1.7717, -0.8862 2.4409 1.7717, -0.8862 2.3622 1.7717, 0.8855 2.4409 1.7717, 0.8855 2.3622 1.7717, 1.4366 2.4409 1.7717, 1.1217 2.4409 1.7717, 1.1217 2.3622 1.7717, -0.8696 1.8996 1.7717, -1.1614 1.7289 1.7717, -1.1224 2.3622 1.7717, -1.1224 2.4409 1.7717, -1.4374 2.4409 1.7717, -1.4374 2.3622 1.7717, -2.1264 0.6496 1.7717, -2.1264 1.8356 1.7717, -1.6736 2.3622 1.7717, -1.6736 2.4409 1.7717, -1.9492 2.4409 1.7717, -1.9356 0.6496 1.7717, -1.8132 0.9646 1.7717, -1.6399 1.2548 1.7717, -1.4206 1.512 1.7717, -2.1264 2.3299 1.7717, -2.1029 2.3671 1.7717, -2.0717 2.3981 1.7717, -1.9929 2.436 1.7717, -2.0344 2.4215 1.7717
            ]
        }
        coordIndex [
            0,1,2,-1,2,1,3,-1,4,5,6,-1,6,5,7,-1,8,9,10,-1,10,9,11,-1,12,13,14,-1,14,13,15,-1,16,17,18,-1,18,17,19,-1,20,19,21,-1,21,19,22,-1,20,23,19,-1,19,23,24,-1,19,24,18,-1,25,26,17,-1,17,26,27,-1,17,27,19,-1,19,27,28,-1,29,30,31,-1,31,30,19,-1,31,19,32,-1,32,19,28,-1,33,34,35,-1,35,34,36,-1,37,38,25,-1,25,38,39,-1,25,39,26,-1,26,39,36,-1,26,36,40,-1,40,36,34,-1,40,34,41,-1,41,34,42,-1,43,44,42,-1,42,44,45,-1,42,45,46,-1,46,45,47,-1,45,48,47,-1,47,48,49,-1,47,49,50,-1,51,52,46,-1,46,52,53,-1,46,53,42,-1,42,53,54,-1,42,54,41,-1,55,47,56,-1,56,47,57,-1,50,58,47,-1,47,58,59,-1,47,59,57,-1,
        ]
    }
}
Shape{
    appearance Appearance {
        material  Material 	{
            diffuseColor 0.0 0.0 0.0
            specularColor 0.0 0.0 0.0
            ambientIntensity 0.0
            transparency 0.0
            shininess 0.5
        }
    }
    geometry IndexedFaceSet {
        ccw TRUE
        solid FALSE
        coord DEF co Coordinate {
            point [
                2.3067 0.1502 1.1393, 2.3067 0.1502 1.1241, 2.3028 0.1502 1.1393, 2.3028 0.1502 1.1241, 2.3067 0.097 1.1393, 2.3028 0.097 1.1393, 2.3067 0.097 1.2575, 2.3028 0.097 1.2575, 2.3067 0.0798 1.2575, 2.3028 0.0798 1.2575, 2.3067 0.0798 1.1241, 2.3028 0.0798 1.1241, 2.3067 0.2186 1.1218, 2.3028 0.2186 1.1218, 2.3067 0.239 1.1238, 2.3028 0.2304 1.123, 2.3028 0.239 1.1238, 2.3028 0.2533 1.1285, 2.3067 0.2533 1.1285, 2.3028 0.2556 1.1296, 2.3067 0.2556 1.1296, 2.3067 0.2556 1.1461, 2.3028 0.2556 1.1461, 2.3028 0.2429 1.1404, 2.3067 0.2429 1.1404, 2.3028 0.2279 1.1375, 2.3067 0.2279 1.1375, 2.3028 0.2211 1.1372, 2.3067 0.2211 1.1372, 2.3028 0.2074 1.1389, 2.3067 0.2074 1.1389, 2.3028 0.198 1.1426, 2.3067 0.198 1.1426, 2.3028 0.1893 1.1488, 2.3067 0.1893 1.1488, 2.3028 0.1868 1.1512, 2.3067 0.1868 1.1512, 2.3028 0.18 1.1608, 2.3067 0.18 1.1608, 2.3028 0.1758 1.1717, 2.3067 0.1758 1.1717, 2.3028 0.1737 1.1881, 2.3067 0.1737 1.1881, 2.3028 0.1737 1.1893, 2.3067 0.1737 1.1893, 2.3028 0.1754 1.2057, 2.3067 0.1754 1.2057, 2.3028 0.1796 1.2177, 2.3067 0.1796 1.2177, 2.3028 0.1858 1.2272, 2.3067 0.1858 1.2272, 2.3028 0.1878 1.2294, 2.3067 0.1878 1.2294, 2.3028 0.1963 1.2366, 2.3067 0.1963 1.2366, 2.3028 0.2067 1.2416, 2.3067 0.2067 1.2416, 2.3028 0.2182 1.244, 2.3067 0.2182 1.244, 2.3028 0.2241 1.2442, 2.3067 0.2241 1.2442, 2.3028 0.2395 1.2425, 2.3067 0.2395 1.2425, 2.3028 0.2532 1.2376, 2.3067 0.2532 1.2376, 2.3028 0.2556 1.2363, 2.3067 0.2556 1.2363, 2.3067 0.2556 1.2543, 2.3028 0.2556 1.2543, 2.3028 0.2239 1.2598, 2.3067 0.2239 1.2598, 2.3067 0.2252 1.2598, 2.3028 0.2424 1.2582, 2.3067 0.2424 1.2582, 2.3028 0.2376 1.2587, 2.3028 0.2252 1.2598, 2.3067 0.2073 1.2581, 2.3028 0.213 1.2587, 2.3028 0.2073 1.2581, 2.3028 0.1929 1.2532, 2.3067 0.1929 1.2532, 2.3028 0.1796 1.2445, 2.3067 0.1796 1.2445, 2.3028 0.1749 1.2401, 2.3067 0.1749 1.2401, 2.3028 0.1658 1.2284, 2.3028 0.1616 1.2191, 2.3067 0.1592 1.2138, 2.3067 0.1658 1.2284, 2.3028 0.1592 1.2138, 2.3028 0.156 1.1966, 2.3067 0.156 1.1966, 2.3028 0.1557 1.1883, 2.3067 0.1557 1.1883, 2.3028 0.1582 1.1669, 2.3028 0.1616 1.158, 2.3067 0.1636 1.1529, 2.3067 0.1582 1.1669, 2.3028 0.1636 1.1529, 2.3028 0.1715 1.1415, 2.3067 0.1715 1.1415, 2.3028 0.1728 1.1401, 2.3067 0.1728 1.1401, 2.3028 0.196 1.1252, 2.3067 0.1834 1.1312, 2.3028 0.1834 1.1312, 2.3028 0.2069 1.123, 2.3067 0.2104 1.1222, 2.3067 0.196 1.1252, 2.3028 0.2104 1.1222, 2.3067 0.3541 1.1393, 2.3067 0.3541 1.1241, 2.3028 0.3541 1.1393, 2.3028 0.3541 1.1241, 2.3028 0.2995 1.1393, 2.3067 0.2995 1.1393, 2.3028 0.3355 1.1393, 2.3067 0.2995 1.1842, 2.3028 0.2995 1.1842, 2.3067 0.3472 1.1842, 2.3028 0.3355 1.1842, 2.3028 0.3472 1.1842, 2.3067 0.3472 1.1995, 2.3028 0.3472 1.1995, 2.3028 0.2995 1.1995, 2.3067 0.2995 1.1995, 2.3028 0.3355 1.1995, 2.3067 0.2995 1.2422, 2.3028 0.2995 1.2422, 2.3028 0.351 1.2422, 2.3067 0.351 1.2422, 2.3028 0.3355 1.2422, 2.3067 0.351 1.2575, 2.3028 0.351 1.2575, 2.3028 0.2823 1.2575, 2.3067 0.2823 1.2575, 2.3028 0.3355 1.2575, 2.3067 0.2823 1.1241, 2.3028 0.2823 1.1241, 2.3028 0.3355 1.1241, 2.3067 0.4694 1.1845, 2.3067 0.4874 1.1831, 2.3067 0.4698 1.192, 2.3067 0.4879 1.1925, 2.3067 0.4681 1.2077, 2.3067 0.4862 1.2088, 2.3067 0.4645 1.2177, 2.3067 0.4816 1.2219, 2.3067 0.4594 1.2253, 2.3067 0.4737 1.2339, 2.3067 0.4552 1.2296, 2.3067 0.4678 1.2399, 2.3067 0.4449 1.2364, 2.3067 0.4553 1.2486, 2.3067 0.4332 1.2404, 2.3067 0.4394 1.2549, 2.3067 0.4166 1.2422, 2.3067 0.4173 1.2575, 2.3067 0.3965 1.2422, 2.3067 0.3793 1.2575, 2.3067 0.3965 1.1393, 2.3067 0.3793 1.1241, 2.3067 0.4159 1.1393, 2.3067 0.416 1.1241, 2.3067 0.4323 1.141, 2.3067 0.4383 1.1268, 2.3067 0.4439 1.145, 2.3067 0.4536 1.1327, 2.3067 0.4528 1.1508, 2.3067 0.4665 1.1416, 2.3067 0.4555 1.1532, 2.3067 0.4678 1.1428, 2.3067 0.4625 1.162, 2.3067 0.4773 1.1539, 2.3067 0.467 1.172, 2.3067 0.484 1.1676, 2.3028 0.416 1.1241, 2.3028 0.3793 1.1241, 2.3028 0.4383 1.1268, 2.3028 0.4404 1.1276, 2.3028 0.4536 1.1327, 2.3028 0.4665 1.1416, 2.3028 0.4678 1.1428, 2.3028 0.4773 1.1539, 2.3028 0.484 1.1676, 2.3028 0.4874 1.1831, 2.3028 0.4879 1.1925, 2.3028 0.4862 1.2088, 2.3028 0.4816 1.2219, 2.3028 0.4737 1.2339, 2.3028 0.4678 1.2399, 2.3028 0.4173 1.2575, 2.3028 0.4553 1.2486, 2.3028 0.4404 1.2545, 2.3028 0.4394 1.2549, 2.3028 0.3793 1.2575, 2.3028 0.4166 1.2422, 2.3028 0.3965 1.2422, 2.3028 0.3965 1.1393, 2.3028 0.4159 1.1393, 2.3028 0.4555 1.1532, 2.3028 0.4528 1.1508, 2.3028 0.4439 1.145, 2.3028 0.4323 1.141, 2.3028 0.4698 1.192, 2.3028 0.4694 1.1845, 2.3028 0.467 1.172, 2.3028 0.4625 1.162, 2.3028 0.4552 1.2296, 2.3028 0.4594 1.2253, 2.3028 0.4645 1.2177, 2.3028 0.4681 1.2077, 2.3028 0.4332 1.2404, 2.3028 0.4449 1.2364
            ]
        }
        coordIndex [
            0,1,2,-1,2,1,3,-1,4,0,5,-1,5,0,2,-1,6,4,7,-1,7,4,5,-1,8,6,9,-1,9,6,7,-1,10,8,11,-1,11,8,9,-1,1,10,3,-1,3,10,11,-1,6,8,4,-1,4,8,10,-1,4,10,0,-1,0,10,1,-1,12,13,14,-1,14,13,15,-1,15,16,14,-1,14,16,17,-1,14,17,18,-1,18,17,19,-1,18,19,20,-1,21,20,22,-1,22,20,19,-1,21,22,23,-1,21,23,24,-1,24,23,25,-1,24,25,26,-1,26,25,27,-1,26,27,28,-1,28,27,29,-1,28,29,30,-1,30,29,31,-1,30,31,32,-1,32,31,33,-1,32,33,34,-1,34,33,35,-1,34,35,36,-1,36,35,37,-1,36,37,38,-1,38,37,39,-1,38,39,40,-1,40,39,41,-1,40,41,42,-1,42,41,43,-1,42,43,44,-1,44,43,45,-1,44,45,46,-1,46,45,47,-1,46,47,48,-1,48,47,49,-1,48,49,50,-1,50,49,51,-1,50,51,52,-1,52,51,53,-1,52,53,54,-1,54,53,55,-1,54,55,56,-1,56,55,57,-1,56,57,58,-1,58,57,59,-1,58,59,60,-1,60,59,61,-1,60,61,62,-1,62,61,63,-1,62,63,64,-1,64,63,65,-1,64,65,66,-1,67,66,68,-1,68,66,65,-1,69,70,71,-1,67,68,72,-1,67,72,73,-1,73,72,74,-1,73,74,71,-1,71,74,75,-1,71,75,69,-1,70,69,76,-1,76,69,77,-1,77,78,76,-1,76,78,79,-1,76,79,80,-1,80,79,81,-1,80,81,82,-1,82,81,83,-1,82,83,84,-1,84,83,85,-1,86,87,85,-1,85,87,88,-1,85,88,84,-1,86,89,87,-1,87,89,90,-1,87,90,91,-1,91,90,92,-1,91,92,93,-1,93,92,94,-1,95,96,94,-1,94,96,97,-1,94,97,93,-1,95,98,96,-1,96,98,99,-1,96,99,100,-1,100,99,101,-1,100,101,102,-1,103,104,105,-1,105,104,102,-1,105,102,101,-1,106,107,103,-1,103,107,108,-1,103,108,104,-1,106,109,107,-1,107,109,13,-1,107,13,12,-1,64,66,67,-1,46,48,88,-1,20,21,18,-1,18,21,24,-1,18,24,14,-1,14,24,26,-1,14,26,12,-1,12,26,28,-1,12,28,107,-1,107,28,30,-1,107,30,108,-1,108,30,32,-1,108,32,104,-1,104,32,34,-1,104,34,102,-1,102,34,36,-1,102,36,100,-1,100,36,38,-1,100,38,96,-1,96,38,97,-1,97,38,40,-1,97,40,93,-1,88,48,84,-1,64,67,62,-1,62,67,73,-1,62,73,60,-1,60,73,71,-1,60,71,58,-1,58,71,70,-1,58,70,56,-1,56,70,76,-1,56,76,54,-1,76,80,54,-1,54,80,82,-1,54,82,52,-1,52,82,84,-1,52,84,50,-1,50,84,48,-1,40,42,93,-1,93,42,44,-1,93,44,91,-1,91,44,46,-1,91,46,87,-1,87,46,88,-1,110,111,112,-1,112,111,113,-1,114,115,116,-1,116,115,110,-1,116,110,112,-1,117,115,118,-1,118,115,114,-1,117,118,119,-1,119,118,120,-1,119,120,121,-1,122,119,123,-1,123,119,121,-1,124,125,126,-1,126,125,122,-1,126,122,123,-1,127,125,128,-1,128,125,124,-1,129,130,131,-1,131,130,127,-1,131,127,128,-1,132,130,133,-1,133,130,129,-1,134,135,136,-1,136,135,132,-1,136,132,133,-1,137,135,138,-1,138,135,134,-1,113,111,139,-1,139,111,137,-1,139,137,138,-1,137,111,110,-1,110,115,137,-1,137,115,117,-1,137,117,135,-1,130,132,127,-1,127,132,135,-1,127,135,125,-1,125,135,117,-1,125,117,122,-1,122,117,119,-1,140,141,142,-1,142,141,143,-1,142,143,144,-1,144,143,145,-1,144,145,146,-1,146,145,147,-1,146,147,148,-1,148,147,149,-1,148,149,150,-1,150,149,151,-1,150,151,152,-1,152,151,153,-1,152,153,154,-1,154,153,155,-1,154,155,156,-1,156,155,157,-1,156,157,158,-1,158,157,159,-1,158,159,160,-1,160,159,161,-1,160,161,162,-1,162,161,163,-1,162,163,164,-1,164,163,165,-1,164,165,166,-1,166,165,167,-1,166,167,168,-1,168,167,169,-1,168,169,170,-1,170,169,171,-1,170,171,172,-1,172,171,173,-1,172,173,174,-1,174,173,175,-1,174,175,140,-1,140,175,141,-1,163,161,176,-1,176,161,177,-1,163,176,178,-1,163,178,165,-1,165,178,179,-1,165,179,167,-1,179,180,167,-1,167,180,181,-1,167,181,169,-1,169,181,182,-1,169,182,171,-1,171,182,183,-1,171,183,173,-1,173,183,184,-1,173,184,175,-1,175,184,185,-1,175,185,141,-1,141,185,186,-1,141,186,143,-1,143,186,187,-1,143,187,145,-1,145,187,188,-1,145,188,147,-1,147,188,189,-1,147,189,149,-1,149,189,190,-1,149,190,151,-1,191,157,155,-1,151,190,192,-1,151,192,153,-1,153,192,193,-1,153,193,155,-1,155,193,194,-1,155,194,191,-1,159,157,195,-1,195,157,191,-1,161,159,177,-1,177,159,195,-1,156,158,196,-1,196,158,197,-1,158,160,197,-1,197,160,198,-1,160,162,198,-1,198,162,199,-1,170,200,201,-1,170,201,168,-1,168,201,202,-1,168,202,166,-1,166,202,203,-1,166,203,164,-1,164,203,199,-1,164,199,162,-1,142,204,205,-1,142,205,140,-1,140,205,206,-1,140,206,174,-1,174,206,207,-1,174,207,172,-1,172,207,200,-1,172,200,170,-1,150,208,209,-1,150,209,148,-1,148,209,210,-1,148,210,146,-1,146,210,211,-1,146,211,144,-1,144,211,204,-1,144,204,142,-1,156,196,212,-1,156,212,154,-1,154,212,213,-1,154,213,152,-1,152,213,208,-1,152,208,150,-1,
        ]
    }
}
Shape{
    appearance Appearance {
        material  Material 	{
            diffuseColor 0.7529411764705882 0.7529411764705882 0.7529411764705882
            specularColor 0.3764705882352941 0.3764705882352941 0.3764705882352941
            ambientIntensity 0.7529
            transparency 0.0
            shininess 0.5
        }
    }
    geometry IndexedFaceSet {
        ccw TRUE
        solid FALSE
        coord DEF co Coordinate {
            point [
                2.3028 0.3965 1.2422, 2.3028 0.3965 1.1393, 2.3028 0.4166 1.2422, 2.3028 0.4159 1.1393, 2.3028 0.4323 1.141, 2.3028 0.4439 1.145, 2.3028 0.4528 1.1508, 2.3028 0.4555 1.1532, 2.3028 0.4625 1.162, 2.3028 0.467 1.172, 2.3028 0.4694 1.1845, 2.3028 0.4698 1.192, 2.3028 0.4681 1.2077, 2.3028 0.4645 1.2177, 2.3028 0.4594 1.2253, 2.3028 0.4552 1.2296, 2.3028 0.4332 1.2404, 2.3028 0.4449 1.2364
            ]
        }
        coordIndex [
            0,1,2,-1,2,1,3,-1,2,3,4,-1,4,5,2,-1,2,5,6,-1,2,6,7,-1,7,8,2,-1,2,8,9,-1,2,9,10,-1,10,11,2,-1,2,11,12,-1,2,12,13,-1,13,14,2,-1,2,14,15,-1,2,15,16,-1,16,15,17,-1,
        ]
    }
}
Shape{
    appearance Appearance {
        material  Material 	{
            diffuseColor 0.0 0.0 0.0
            specularColor 0.0 0.0 0.0
            ambientIntensity 0.0
            transparency 0.0
            shininess 0.5
        }
    }
    geometry IndexedFaceSet {
        ccw TRUE
        solid FALSE
        coord DEF co Coordinate {
            point [
                2.3067 0.5326 1.1757, 2.3067 0.5272 1.1606, 2.3067 0.5774 1.1757, 2.3067 0.5827 1.1606, 2.3067 0.5526 1.2311, 2.3067 0.5461 1.2575, 2.3067 0.4953 1.1241, 2.3067 0.5143 1.1241, 2.3067 0.5537 1.2351, 2.3067 0.5548 1.2405, 2.3067 0.5646 1.2575, 2.3067 0.5552 1.2405, 2.3067 0.5563 1.2348, 2.3067 0.5573 1.2311, 2.3067 0.6154 1.1241, 2.3067 0.5964 1.1241, 2.3028 0.5646 1.2575, 2.3028 0.6154 1.1241, 2.3028 0.5461 1.2575, 2.3028 0.4953 1.1241, 2.3028 0.5338 1.2251, 2.3028 0.5143 1.1241, 2.3028 0.5272 1.1606, 2.3028 0.5827 1.1606, 2.3028 0.5338 1.1606, 2.3028 0.5964 1.1241, 2.3028 0.5326 1.1757, 2.3028 0.5774 1.1757, 2.3028 0.5573 1.2311, 2.3028 0.5552 1.2405, 2.3028 0.5563 1.2348, 2.3028 0.5548 1.2405, 2.3028 0.5526 1.2311, 2.3028 0.5537 1.2351
            ]
        }
        coordIndex [
            0,1,2,-1,2,1,3,-1,4,5,0,-1,0,5,6,-1,0,6,1,-1,1,6,7,-1,4,8,5,-1,5,8,9,-1,5,9,10,-1,10,9,11,-1,10,11,12,-1,12,13,10,-1,10,13,2,-1,10,2,14,-1,14,2,3,-1,14,3,15,-1,10,14,16,-1,16,14,17,-1,5,10,18,-1,18,10,16,-1,19,6,20,-1,20,6,5,-1,20,5,18,-1,7,6,21,-1,21,6,19,-1,1,7,22,-1,22,7,21,-1,23,3,24,-1,24,3,1,-1,24,1,22,-1,15,3,25,-1,25,3,23,-1,14,15,17,-1,17,15,25,-1,0,2,26,-1,26,2,27,-1,2,13,27,-1,27,13,28,-1,11,29,30,-1,11,30,12,-1,12,30,28,-1,12,28,13,-1,11,9,29,-1,29,9,31,-1,4,32,33,-1,4,33,8,-1,8,33,31,-1,8,31,9,-1,4,0,32,-1,32,0,26,-1,
        ]
    }
}
Shape{
    appearance Appearance {
        material  Material 	{
            diffuseColor 0.7529411764705882 0.7529411764705882 0.7529411764705882
            specularColor 0.3764705882352941 0.3764705882352941 0.3764705882352941
            ambientIntensity 0.7529
            transparency 0.0
            shininess 0.5
        }
    }
    geometry IndexedFaceSet {
        ccw TRUE
        solid FALSE
        coord DEF co Coordinate {
            point [
                2.3028 0.5552 1.2405, 2.3028 0.5548 1.2405, 2.3028 0.5563 1.2348, 2.3028 0.5537 1.2351, 2.3028 0.5573 1.2311, 2.3028 0.5526 1.2311, 2.3028 0.5774 1.1757, 2.3028 0.5326 1.1757
            ]
        }
        coordIndex [
            0,1,2,-1,2,1,3,-1,2,3,4,-1,4,3,5,-1,4,5,6,-1,6,5,7,-1,
        ]
    }
}
Shape{
    appearance Appearance {
        material  Material 	{
            diffuseColor 0.0 0.0 0.0
            specularColor 0.0 0.0 0.0
            ambientIntensity 0.0
            transparency 0.0
            shininess 0.5
        }
    }
    geometry IndexedFaceSet {
        ccw TRUE
        solid FALSE
        coord DEF co Coordinate {
            point [
                2.3067 0.1516 0.9276, 2.3067 0.1516 0.9124, 2.3028 0.1516 0.9276, 2.3028 0.1516 0.9124, 2.3067 0.097 0.9276, 2.3028 0.097 0.9276, 2.3067 0.097 0.9725, 2.3028 0.097 0.9725, 2.3067 0.1448 0.9725, 2.3028 0.1448 0.9725, 2.3067 0.1448 0.9878, 2.3028 0.1448 0.9878, 2.3067 0.097 0.9878, 2.3028 0.097 0.9878, 2.3067 0.097 1.0305, 2.3028 0.097 1.0305, 2.3067 0.1486 1.0305, 2.3028 0.1486 1.0305, 2.3067 0.1486 1.0458, 2.3028 0.1486 1.0458, 2.3067 0.0798 1.0458, 2.3028 0.0798 1.0458, 2.3067 0.0798 0.9124, 2.3028 0.0798 0.9124, 2.3067 0.227 0.9271, 2.3067 0.2275 0.9271, 2.3067 0.2264 0.9425, 2.3067 0.1865 0.9659, 2.3067 0.1794 0.9622, 2.3067 0.189 0.9513, 2.3067 0.2274 0.95, 2.3067 0.2442 0.9737, 2.3067 0.2275 0.9511, 2.3067 0.2275 0.9602, 2.3067 0.2275 0.9124, 2.3067 0.2442 0.9124, 2.3067 0.2239 0.9365, 2.3067 0.2203 0.9316, 2.3067 0.2244 0.9232, 2.3067 0.2182 0.9296, 2.3067 0.2191 0.9175, 2.3067 0.2135 0.9264, 2.3067 0.2132 0.9135, 2.3067 0.2084 0.9245, 2.3067 0.2064 0.9111, 2.3067 0.2021 0.9238, 2.3067 0.1978 0.9101, 2.3067 0.1965 0.9245, 2.3067 0.1878 0.9113, 2.3067 0.1927 0.9259, 2.3067 0.1814 0.9137, 2.3067 0.1894 0.9281, 2.3067 0.1758 0.9176, 2.3067 0.188 0.9296, 2.3067 0.187 0.9489, 2.3067 0.1743 0.9578, 2.3067 0.1855 0.9457, 2.3067 0.171 0.953, 2.3067 0.1847 0.9419, 2.3067 0.1914 0.9531, 2.3067 0.1955 0.955, 2.3067 0.1992 0.969, 2.3067 0.2051 0.9572, 2.3067 0.2275 0.973, 2.3067 0.1769 1.001, 2.3067 0.1769 0.9848, 2.3067 0.1815 1.0036, 2.3067 0.1886 0.9921, 2.3067 0.1942 1.0082, 2.3067 0.1991 0.9955, 2.3067 0.2097 1.0099, 2.3067 0.2081 0.9963, 2.3067 0.2196 1.009, 2.3067 0.2138 0.9957, 2.3067 0.2267 1.0069, 2.3067 0.2177 0.9944, 2.3067 0.2323 1.0037, 2.3067 0.2207 0.9924, 2.3067 0.2368 0.9995, 2.3067 0.2232 0.9898, 2.3067 0.2402 0.9941, 2.3067 0.2251 0.9863, 2.3067 0.2428 0.9866, 2.3067 0.2269 0.9804, 2.3067 0.1687 0.9471, 2.3067 0.1676 0.9399, 2.3067 0.1845 0.9393, 2.3067 0.1676 0.9379, 2.3067 0.185 0.9354, 2.3067 0.1684 0.9303, 2.3067 0.1861 0.9324, 2.3067 0.1704 0.9247, 2.3067 0.1739 0.9195, 2.3028 0.2097 1.0099, 2.3028 0.1942 1.0082, 2.3028 0.1815 1.0036, 2.3028 0.1769 1.001, 2.3028 0.1769 0.9848, 2.3028 0.1886 0.9921, 2.3028 0.1991 0.9955, 2.3028 0.2081 0.9963, 2.3028 0.2138 0.9957, 2.3028 0.2177 0.9944, 2.3028 0.2207 0.9924, 2.3028 0.2232 0.9898, 2.3028 0.2251 0.9863, 2.3028 0.2269 0.9804, 2.3028 0.2275 0.973, 2.3028 0.1992 0.969, 2.3028 0.1865 0.9659, 2.3028 0.1794 0.9622, 2.3028 0.1743 0.9578, 2.3028 0.171 0.953, 2.3028 0.1687 0.9471, 2.3028 0.1676 0.9399, 2.3028 0.1676 0.9379, 2.3028 0.1684 0.9303, 2.3028 0.1704 0.9247, 2.3028 0.1739 0.9195, 2.3028 0.1758 0.9176, 2.3028 0.1978 0.9101, 2.3028 0.1881 0.9113, 2.3028 0.1878 0.9113, 2.3028 0.1814 0.9137, 2.3028 0.2064 0.9111, 2.3028 0.2069 0.9113, 2.3028 0.2132 0.9135, 2.3028 0.2191 0.9175, 2.3028 0.2244 0.9232, 2.3028 0.227 0.9271, 2.3028 0.2275 0.9271, 2.3028 0.2275 0.9124, 2.3028 0.2442 0.9124, 2.3028 0.2442 0.9737, 2.3028 0.2428 0.9866, 2.3028 0.2402 0.9941, 2.3028 0.2368 0.9995, 2.3028 0.2323 1.0037, 2.3028 0.2267 1.0069, 2.3028 0.2196 1.009, 2.3028 0.189 0.9513, 2.3028 0.1914 0.9531, 2.3028 0.1955 0.955, 2.3028 0.2051 0.9572, 2.3028 0.1845 0.9393, 2.3028 0.1847 0.9419, 2.3028 0.1855 0.9457, 2.3028 0.187 0.9489, 2.3028 0.1894 0.9281, 2.3028 0.188 0.9296, 2.3028 0.1861 0.9324, 2.3028 0.185 0.9354, 2.3028 0.2021 0.9238, 2.3028 0.1965 0.9245, 2.3028 0.1927 0.9259, 2.3028 0.2203 0.9316, 2.3028 0.2182 0.9296, 2.3028 0.2135 0.9264, 2.3028 0.2084 0.9245, 2.3028 0.2275 0.9511, 2.3028 0.2274 0.95, 2.3028 0.2264 0.9425, 2.3028 0.2239 0.9365, 2.3028 0.2275 0.9602
            ]
        }
        coordIndex [
            0,1,2,-1,2,1,3,-1,4,0,5,-1,5,0,2,-1,6,4,7,-1,7,4,5,-1,8,6,9,-1,9,6,7,-1,10,8,11,-1,11,8,9,-1,12,10,13,-1,13,10,11,-1,14,12,15,-1,15,12,13,-1,16,14,17,-1,17,14,15,-1,18,16,19,-1,19,16,17,-1,20,18,21,-1,21,18,19,-1,22,20,23,-1,23,20,21,-1,1,22,3,-1,3,22,23,-1,16,18,14,-1,14,18,20,-1,14,20,12,-1,1,0,22,-1,22,0,4,-1,22,4,6,-1,8,10,6,-1,6,10,12,-1,6,12,22,-1,22,12,20,-1,24,25,26,-1,27,28,29,-1,30,31,32,-1,32,31,33,-1,34,35,25,-1,25,35,31,-1,25,31,26,-1,26,31,30,-1,26,36,24,-1,24,36,37,-1,24,37,38,-1,38,37,39,-1,38,39,40,-1,40,39,41,-1,40,41,42,-1,42,41,43,-1,42,43,44,-1,44,43,45,-1,44,45,46,-1,46,45,47,-1,46,47,48,-1,48,47,49,-1,48,49,50,-1,50,49,51,-1,50,51,52,-1,52,51,53,-1,29,28,54,-1,54,28,55,-1,54,55,56,-1,56,55,57,-1,56,57,58,-1,29,59,27,-1,27,59,60,-1,27,60,61,-1,61,60,62,-1,61,62,63,-1,64,65,66,-1,66,65,67,-1,66,67,68,-1,68,67,69,-1,68,69,70,-1,70,69,71,-1,70,71,72,-1,72,71,73,-1,72,73,74,-1,74,73,75,-1,74,75,76,-1,76,75,77,-1,76,77,78,-1,78,77,79,-1,78,79,80,-1,80,79,81,-1,80,81,82,-1,82,81,83,-1,82,83,31,-1,31,83,63,-1,31,63,33,-1,33,63,62,-1,57,84,58,-1,58,84,85,-1,58,85,86,-1,86,85,87,-1,86,87,88,-1,88,87,89,-1,88,89,90,-1,90,89,91,-1,90,91,53,-1,53,91,92,-1,53,92,52,-1,70,93,94,-1,70,94,68,-1,68,94,95,-1,68,95,66,-1,66,95,96,-1,66,96,64,-1,65,64,97,-1,97,64,96,-1,65,97,98,-1,65,98,67,-1,67,98,99,-1,67,99,69,-1,69,99,100,-1,69,100,71,-1,71,100,101,-1,71,101,73,-1,73,101,102,-1,73,102,75,-1,75,102,103,-1,75,103,77,-1,77,103,104,-1,77,104,79,-1,79,104,105,-1,79,105,81,-1,81,105,106,-1,81,106,83,-1,83,106,107,-1,83,107,63,-1,61,63,108,-1,108,63,107,-1,61,108,109,-1,61,109,27,-1,27,109,110,-1,27,110,28,-1,28,110,111,-1,28,111,55,-1,55,111,112,-1,55,112,57,-1,57,112,113,-1,57,113,84,-1,84,113,114,-1,84,114,85,-1,85,114,115,-1,85,115,87,-1,87,115,116,-1,87,116,89,-1,89,116,117,-1,89,117,91,-1,91,117,118,-1,91,118,92,-1,92,118,119,-1,92,119,52,-1,120,46,121,-1,121,46,48,-1,121,48,122,-1,122,48,50,-1,122,50,123,-1,123,50,52,-1,123,52,119,-1,46,120,124,-1,46,124,44,-1,44,124,125,-1,44,125,42,-1,125,126,42,-1,42,126,127,-1,42,127,40,-1,40,127,128,-1,40,128,38,-1,38,128,129,-1,38,129,24,-1,25,24,130,-1,130,24,129,-1,34,25,131,-1,131,25,130,-1,35,34,132,-1,132,34,131,-1,31,35,133,-1,133,35,132,-1,31,133,134,-1,31,134,82,-1,82,134,135,-1,82,135,80,-1,80,135,136,-1,80,136,78,-1,78,136,137,-1,78,137,76,-1,76,137,138,-1,76,138,74,-1,74,138,139,-1,74,139,72,-1,72,139,93,-1,72,93,70,-1,29,140,141,-1,29,141,59,-1,59,141,142,-1,59,142,60,-1,60,142,143,-1,60,143,62,-1,86,144,145,-1,86,145,58,-1,58,145,146,-1,58,146,56,-1,56,146,147,-1,56,147,54,-1,54,147,140,-1,54,140,29,-1,51,148,149,-1,51,149,53,-1,53,149,150,-1,53,150,90,-1,90,150,151,-1,90,151,88,-1,88,151,144,-1,88,144,86,-1,45,152,153,-1,45,153,47,-1,47,153,154,-1,47,154,49,-1,49,154,148,-1,49,148,51,-1,37,155,156,-1,37,156,39,-1,39,156,157,-1,39,157,41,-1,41,157,158,-1,41,158,43,-1,43,158,152,-1,43,152,45,-1,32,159,160,-1,32,160,30,-1,30,160,161,-1,30,161,26,-1,26,161,162,-1,26,162,36,-1,36,162,155,-1,36,155,37,-1,32,33,159,-1,159,33,163,-1,33,62,163,-1,163,62,143,-1,
        ]
    }
}
Shape{
    appearance Appearance {
        material  Material 	{
            diffuseColor 0.7529411764705882 0.7529411764705882 0.7529411764705882
            specularColor 0.3764705882352941 0.3764705882352941 0.3764705882352941
            ambientIntensity 0.7529
            transparency 0.0
            shininess 0.5
        }
    }
    geometry IndexedFaceSet {
        ccw TRUE
        solid FALSE
        coord DEF co Coordinate {
            point [
                2.3028 0.2275 0.9602, 2.3028 0.2051 0.9572, 2.3028 0.2275 0.9511, 2.3028 0.1955 0.955, 2.3028 0.1914 0.9531, 2.3028 0.189 0.9513, 2.3028 0.2274 0.95, 2.3028 0.2264 0.9425, 2.3028 0.187 0.9489, 2.3028 0.2239 0.9365, 2.3028 0.188 0.9296, 2.3028 0.1894 0.9281, 2.3028 0.2182 0.9296, 2.3028 0.1861 0.9324, 2.3028 0.2135 0.9264, 2.3028 0.2084 0.9245, 2.3028 0.2021 0.9238, 2.3028 0.1855 0.9457, 2.3028 0.1847 0.9419, 2.3028 0.2203 0.9316, 2.3028 0.1845 0.9393, 2.3028 0.185 0.9354, 2.3028 0.1927 0.9259, 2.3028 0.1965 0.9245
            ]
        }
        coordIndex [
            0,1,2,-1,2,1,3,-1,3,4,2,-1,2,4,5,-1,2,5,6,-1,6,5,7,-1,7,5,8,-1,7,8,9,-1,10,11,12,-1,10,12,13,-1,14,12,15,-1,15,12,16,-1,8,17,9,-1,9,17,18,-1,9,18,19,-1,19,18,20,-1,19,20,12,-1,12,20,21,-1,12,21,13,-1,11,22,12,-1,12,22,23,-1,12,23,16,-1,
        ]
    }
}
Shape{
    appearance Appearance {
        material  Material 	{
            diffuseColor 0.0 0.0 0.0
            specularColor 0.0 0.0 0.0
            ambientIntensity 0.0
            transparency 0.0
            shininess 0.5
        }
    }
    geometry IndexedFaceSet {
        ccw TRUE
        solid FALSE
        coord DEF co Coordinate {
            point [
                2.3028 0.2668 0.933, 2.3067 0.2668 0.933, 2.3067 0.2734 0.9289, 2.3067 0.2943 0.9238, 2.3028 0.2943 0.9238, 2.3028 0.2838 0.925, 2.3067 0.2838 0.925, 2.3028 0.2746 0.9285, 2.3028 0.2734 0.9289, 2.3067 0.2668 0.9157, 2.3028 0.2668 0.9157, 2.3067 0.2788 0.9116, 2.3028 0.2746 0.913, 2.3028 0.2927 0.9101, 2.3067 0.2927 0.9101, 2.3028 0.2817 0.9113, 2.3028 0.2788 0.9116, 2.3067 0.3074 0.9118, 2.3028 0.3024 0.9113, 2.3028 0.3074 0.9118, 2.3028 0.3163 0.9152, 2.3067 0.3163 0.9152, 2.3028 0.3204 0.9177, 2.3067 0.3204 0.9177, 2.3028 0.3252 0.9219, 2.3067 0.3252 0.9219, 2.3028 0.3283 0.9263, 2.3067 0.3283 0.9263, 2.3028 0.3304 0.9316, 2.3067 0.3304 0.9316, 2.3028 0.3312 0.9383, 2.3067 0.3312 0.9383, 2.3028 0.3305 0.9445, 2.3067 0.3305 0.9445, 2.3028 0.3287 0.9495, 2.3067 0.3287 0.9495, 2.3028 0.3256 0.9541, 2.3067 0.3256 0.9541, 2.3028 0.3216 0.9576, 2.3067 0.3216 0.9576, 2.3028 0.3105 0.9638, 2.3067 0.3105 0.9638, 2.3028 0.304 0.9664, 2.3067 0.304 0.9664, 2.3028 0.2937 0.9709, 2.3067 0.2937 0.9709, 2.3028 0.2878 0.9746, 2.3067 0.2878 0.9746, 2.3028 0.2862 0.9764, 2.3067 0.2862 0.9764, 2.3028 0.285 0.9787, 2.3067 0.285 0.9787, 2.3028 0.2843 0.9813, 2.3067 0.2843 0.9813, 2.3028 0.2842 0.9835, 2.3067 0.2842 0.9835, 2.3028 0.2845 0.9861, 2.3067 0.2845 0.9861, 2.3028 0.2853 0.9884, 2.3067 0.2853 0.9884, 2.3028 0.2867 0.9905, 2.3067 0.2867 0.9905, 2.3028 0.2892 0.9928, 2.3067 0.2892 0.9928, 2.3028 0.293 0.9947, 2.3067 0.293 0.9947, 2.3028 0.2975 0.9959, 2.3067 0.2975 0.9959, 2.3028 0.3024 0.9963, 2.3067 0.3024 0.9963, 2.3028 0.3134 0.9951, 2.3067 0.3134 0.9951, 2.3028 0.3228 0.9916, 2.3067 0.3228 0.9916, 2.3028 0.3266 0.9894, 2.3067 0.3266 0.9894, 2.3067 0.3266 1.0056, 2.3028 0.3266 1.0056, 2.3028 0.3137 1.0092, 2.3067 0.3137 1.0092, 2.3028 0.304 1.0099, 2.3067 0.304 1.0099, 2.3028 0.2904 1.0082, 2.3067 0.2904 1.0082, 2.3028 0.2815 1.0047, 2.3067 0.2815 1.0047, 2.3028 0.2776 1.0023, 2.3067 0.2776 1.0023, 2.3067 0.2727 0.9979, 2.3028 0.2746 0.9995, 2.3028 0.2727 0.9979, 2.3028 0.2696 0.9933, 2.3067 0.2696 0.9933, 2.3028 0.2676 0.988, 2.3067 0.2676 0.988, 2.3028 0.2669 0.982, 2.3067 0.2669 0.982, 2.3028 0.2676 0.9755, 2.3067 0.2676 0.9755, 2.3028 0.2695 0.9704, 2.3067 0.2695 0.9704, 2.3028 0.2717 0.9669, 2.3067 0.2717 0.9669, 2.3028 0.2922 0.9543, 2.3067 0.2922 0.9543, 2.3067 0.2823 0.9588, 2.3028 0.2744 0.964, 2.3067 0.2744 0.964, 2.3028 0.2746 0.9639, 2.3028 0.2823 0.9588, 2.3028 0.3032 0.9497, 2.3067 0.3032 0.9497, 2.3028 0.3097 0.9457, 2.3067 0.3097 0.9457, 2.3028 0.3118 0.9436, 2.3067 0.3118 0.9436, 2.3028 0.3131 0.9414, 2.3067 0.3131 0.9414, 2.3028 0.3139 0.9388, 2.3067 0.3139 0.9388, 2.3028 0.314 0.9367, 2.3067 0.314 0.9367, 2.3028 0.3137 0.9335, 2.3067 0.3137 0.9335, 2.3028 0.3128 0.9311, 2.3067 0.3128 0.9311, 2.3028 0.3114 0.9289, 2.3067 0.3114 0.9289, 2.3028 0.3095 0.9272, 2.3067 0.3095 0.9272, 2.3028 0.3079 0.9263, 2.3067 0.3079 0.9263, 2.3028 0.3036 0.9247, 2.3067 0.3036 0.9247, 2.3028 0.2951 0.9238, 2.3067 0.2951 0.9238, 2.3067 0.4141 1.0077, 2.3067 0.4314 1.0077, 2.3028 0.4141 1.0077, 2.3028 0.4314 1.0077, 2.3067 0.388 0.9359, 2.3028 0.388 0.9359, 2.3028 0.3867 0.9315, 2.3067 0.3867 0.9315, 2.3028 0.386 0.9282, 2.3067 0.386 0.9282, 2.3067 0.3855 0.9282, 2.3028 0.3855 0.9282, 2.3067 0.3835 0.9361, 2.3028 0.3835 0.9361, 2.3028 0.3586 1.0077, 2.3067 0.3586 1.0077, 2.3028 0.3667 0.9845, 2.3067 0.3399 1.0077, 2.3028 0.3399 1.0077, 2.3028 0.3773 0.9126, 2.3067 0.3773 0.9126, 2.3028 0.3667 0.9396, 2.3028 0.3699 0.8953, 2.3067 0.3699 0.8953, 2.3028 0.3767 0.9113, 2.3028 0.3667 0.8893, 2.3067 0.3667 0.8893, 2.3028 0.3667 0.8892, 2.3067 0.3636 0.8858, 2.3028 0.3636 0.8858, 2.3028 0.3605 0.8836, 2.3067 0.3605 0.8836, 2.3028 0.3568 0.8823, 2.3067 0.3568 0.8823, 2.3028 0.3528 0.8818, 2.3067 0.3528 0.8818, 2.3028 0.3468 0.8826, 2.3067 0.3468 0.8826, 2.3028 0.3433 0.8837, 2.3067 0.3433 0.8837, 2.3067 0.3433 0.8689, 2.3028 0.3433 0.8689, 2.3028 0.3504 0.8676, 2.3067 0.3504 0.8676, 2.3028 0.3541 0.8675, 2.3067 0.3541 0.8675, 2.3028 0.3609 0.8683, 2.3067 0.3609 0.8683, 2.3028 0.3667 0.8705, 2.3067 0.3675 0.8708, 2.3028 0.3675 0.8708, 2.3028 0.3733 0.8749, 2.3067 0.3733 0.8749, 2.3028 0.3744 0.8759, 2.3067 0.3744 0.8759, 2.3028 0.3806 0.8833, 2.3067 0.3806 0.8833, 2.3028 0.3881 0.898, 2.3067 0.3881 0.898, 2.3028 0.3934 0.9113, 2.3067 0.5212 0.9276, 2.3067 0.5212 0.9124, 2.3028 0.5212 0.9276, 2.3028 0.5212 0.9124, 2.3028 0.4666 0.9276, 2.3067 0.4666 0.9276, 2.3028 0.4916 0.9276, 2.3067 0.4666 0.9725, 2.3028 0.4666 0.9725, 2.3028 0.5143 0.9725, 2.3067 0.5143 0.9725, 2.3028 0.4916 0.9725, 2.3067 0.5143 0.9878, 2.3028 0.5143 0.9878, 2.3028 0.4666 0.9878, 2.3067 0.4666 0.9878, 2.3028 0.4916 0.9878, 2.3067 0.4666 1.0305, 2.3028 0.4666 1.0305, 2.3028 0.5181 1.0305, 2.3067 0.5181 1.0305, 2.3028 0.4916 1.0305, 2.3067 0.5181 1.0458, 2.3028 0.5181 1.0458, 2.3028 0.4494 1.0458, 2.3067 0.4494 1.0458, 2.3028 0.4916 1.0458, 2.3067 0.4494 0.9124, 2.3028 0.4494 0.9124, 2.3028 0.4916 0.9124, 2.3067 0.6366 0.9727, 2.3067 0.6545 0.9714, 2.3067 0.6369 0.9803, 2.3067 0.655 0.9808, 2.3067 0.6352 0.996, 2.3067 0.6533 0.9971, 2.3067 0.6316 1.006, 2.3067 0.6488 1.0102, 2.3067 0.6265 1.0136, 2.3067 0.6408 1.0222, 2.3067 0.6223 1.0179, 2.3067 0.6349 1.0282, 2.3067 0.612 1.0247, 2.3067 0.6224 1.0369, 2.3067 0.6003 1.0287, 2.3067 0.6065 1.0432, 2.3067 0.5838 1.0305, 2.3067 0.5844 1.0458, 2.3067 0.5636 1.0305, 2.3067 0.5464 1.0458, 2.3067 0.5636 0.9276, 2.3067 0.5464 0.9124, 2.3067 0.583 0.9276, 2.3067 0.5831 0.9124, 2.3067 0.5995 0.9293, 2.3067 0.6054 0.9151, 2.3067 0.611 0.9333, 2.3067 0.6207 0.9209, 2.3067 0.6199 0.939, 2.3067 0.6336 0.9299, 2.3067 0.6227 0.9415, 2.3067 0.6349 0.9311, 2.3067 0.6296 0.9503, 2.3067 0.6444 0.9422, 2.3067 0.6341 0.9603, 2.3067 0.6511 0.9559, 2.3028 0.5831 0.9124, 2.3028 0.5464 0.9124, 2.3028 0.6054 0.9151, 2.3028 0.6207 0.9209, 2.3028 0.6336 0.9299, 2.3028 0.6349 0.9311, 2.3028 0.6444 0.9422, 2.3028 0.6511 0.9559, 2.3028 0.6545 0.9714, 2.3028 0.655 0.9808, 2.3028 0.6533 0.9971, 2.3028 0.6488 1.0102, 2.3028 0.6408 1.0222, 2.3028 0.6349 1.0282, 2.3028 0.6224 1.0369, 2.3028 0.6065 1.0432, 2.3028 0.5844 1.0458, 2.3028 0.5464 1.0458, 2.3028 0.5838 1.0305, 2.3028 0.5636 1.0305, 2.3028 0.5636 0.9276, 2.3028 0.583 0.9276, 2.3028 0.6227 0.9415, 2.3028 0.6199 0.939, 2.3028 0.611 0.9333, 2.3028 0.5995 0.9293, 2.3028 0.6369 0.9803, 2.3028 0.6366 0.9727, 2.3028 0.6341 0.9603, 2.3028 0.6296 0.9503, 2.3028 0.6223 1.0179, 2.3028 0.6265 1.0136, 2.3028 0.6316 1.006, 2.3028 0.6352 0.996, 2.3028 0.6003 1.0287, 2.3028 0.612 1.0247
            ]
        }
        coordIndex [
            0,1,2,-1,3,4,5,-1,3,5,6,-1,6,5,7,-1,6,7,2,-1,2,7,8,-1,2,8,0,-1,9,1,10,-1,10,1,0,-1,9,10,11,-1,11,10,12,-1,13,14,15,-1,15,14,11,-1,15,11,16,-1,16,11,12,-1,14,13,17,-1,17,13,18,-1,18,19,17,-1,17,19,20,-1,17,20,21,-1,21,20,22,-1,21,22,23,-1,23,22,24,-1,23,24,25,-1,25,24,26,-1,25,26,27,-1,27,26,28,-1,27,28,29,-1,29,28,30,-1,29,30,31,-1,31,30,32,-1,31,32,33,-1,33,32,34,-1,33,34,35,-1,35,34,36,-1,35,36,37,-1,37,36,38,-1,37,38,39,-1,39,38,40,-1,39,40,41,-1,41,40,42,-1,41,42,43,-1,43,42,44,-1,43,44,45,-1,45,44,46,-1,45,46,47,-1,47,46,48,-1,47,48,49,-1,49,48,50,-1,49,50,51,-1,51,50,52,-1,51,52,53,-1,53,52,54,-1,53,54,55,-1,55,54,56,-1,55,56,57,-1,57,56,58,-1,57,58,59,-1,59,58,60,-1,59,60,61,-1,61,60,62,-1,61,62,63,-1,63,62,64,-1,63,64,65,-1,65,64,66,-1,65,66,67,-1,67,66,68,-1,67,68,69,-1,69,68,70,-1,69,70,71,-1,71,70,72,-1,71,72,73,-1,73,72,74,-1,73,74,75,-1,76,75,77,-1,77,75,74,-1,76,77,78,-1,76,78,79,-1,79,78,80,-1,79,80,81,-1,81,80,82,-1,81,82,83,-1,83,82,84,-1,83,84,85,-1,85,84,86,-1,85,86,87,-1,87,86,88,-1,88,86,89,-1,89,90,88,-1,88,90,91,-1,88,91,92,-1,92,91,93,-1,92,93,94,-1,94,93,95,-1,94,95,96,-1,96,95,97,-1,96,97,98,-1,98,97,99,-1,98,99,100,-1,100,99,101,-1,100,101,102,-1,103,104,105,-1,102,101,106,-1,102,106,107,-1,107,106,108,-1,107,108,105,-1,105,108,109,-1,105,109,103,-1,104,103,110,-1,104,110,111,-1,111,110,112,-1,111,112,113,-1,113,112,114,-1,113,114,115,-1,115,114,116,-1,115,116,117,-1,117,116,118,-1,117,118,119,-1,119,118,120,-1,119,120,121,-1,121,120,122,-1,121,122,123,-1,123,122,124,-1,123,124,125,-1,125,124,126,-1,125,126,127,-1,127,126,128,-1,127,128,129,-1,129,128,130,-1,129,130,131,-1,131,130,132,-1,131,132,133,-1,133,132,134,-1,133,134,135,-1,135,134,4,-1,135,4,3,-1,61,63,85,-1,85,63,83,-1,111,43,104,-1,104,43,45,-1,21,23,127,-1,127,23,25,-1,127,25,125,-1,125,25,27,-1,125,27,123,-1,123,27,29,-1,123,29,121,-1,121,29,31,-1,121,31,119,-1,119,31,33,-1,119,33,117,-1,117,33,35,-1,117,35,115,-1,115,35,37,-1,115,37,113,-1,113,37,39,-1,113,39,111,-1,111,39,41,-1,111,41,43,-1,14,3,11,-1,11,3,6,-1,11,6,9,-1,9,6,2,-1,9,2,1,-1,63,65,83,-1,83,65,67,-1,83,67,81,-1,81,67,69,-1,81,69,79,-1,79,69,71,-1,79,71,76,-1,76,71,73,-1,76,73,75,-1,127,129,21,-1,21,129,131,-1,21,131,17,-1,17,131,133,-1,17,133,14,-1,14,133,135,-1,14,135,3,-1,85,87,61,-1,61,87,88,-1,61,88,59,-1,59,88,92,-1,59,92,57,-1,57,92,94,-1,57,94,55,-1,55,94,96,-1,55,96,53,-1,53,96,98,-1,53,98,51,-1,51,98,100,-1,51,100,49,-1,49,100,102,-1,49,102,47,-1,47,102,107,-1,47,107,45,-1,45,107,105,-1,45,105,104,-1,136,137,138,-1,138,137,139,-1,140,136,141,-1,141,136,138,-1,140,141,142,-1,140,142,143,-1,143,142,144,-1,143,144,145,-1,146,145,147,-1,147,145,144,-1,148,146,149,-1,149,146,147,-1,150,151,152,-1,152,151,148,-1,152,148,149,-1,153,151,154,-1,154,151,150,-1,155,156,157,-1,157,156,153,-1,157,153,154,-1,158,159,160,-1,160,159,156,-1,160,156,155,-1,159,158,161,-1,159,161,162,-1,162,161,163,-1,162,163,164,-1,163,165,164,-1,164,165,166,-1,164,166,167,-1,167,166,168,-1,167,168,169,-1,169,168,170,-1,169,170,171,-1,171,170,172,-1,171,172,173,-1,173,172,174,-1,173,174,175,-1,176,175,177,-1,177,175,174,-1,176,177,178,-1,176,178,179,-1,179,178,180,-1,179,180,181,-1,181,180,182,-1,181,182,183,-1,183,182,184,-1,183,184,185,-1,184,186,185,-1,185,186,187,-1,185,187,188,-1,188,187,189,-1,188,189,190,-1,190,189,191,-1,190,191,192,-1,192,191,193,-1,192,193,194,-1,139,137,195,-1,195,137,194,-1,195,194,193,-1,143,145,194,-1,137,136,194,-1,194,136,140,-1,194,140,143,-1,151,153,148,-1,148,153,156,-1,148,156,146,-1,192,162,190,-1,190,162,164,-1,175,176,173,-1,173,176,179,-1,173,179,171,-1,171,179,181,-1,171,181,169,-1,169,181,183,-1,169,183,167,-1,167,183,185,-1,167,185,164,-1,164,185,188,-1,164,188,190,-1,145,146,194,-1,194,146,156,-1,194,156,192,-1,192,156,159,-1,192,159,162,-1,196,197,198,-1,198,197,199,-1,200,201,202,-1,202,201,196,-1,202,196,198,-1,203,201,204,-1,204,201,200,-1,205,206,207,-1,207,206,203,-1,207,203,204,-1,208,206,209,-1,209,206,205,-1,210,211,212,-1,212,211,208,-1,212,208,209,-1,213,211,214,-1,214,211,210,-1,215,216,217,-1,217,216,213,-1,217,213,214,-1,218,216,219,-1,219,216,215,-1,220,221,222,-1,222,221,218,-1,222,218,219,-1,223,221,224,-1,224,221,220,-1,199,197,225,-1,225,197,223,-1,225,223,224,-1,223,197,196,-1,196,201,223,-1,223,201,203,-1,223,203,221,-1,216,218,213,-1,213,218,221,-1,213,221,211,-1,211,221,203,-1,211,203,208,-1,208,203,206,-1,226,227,228,-1,228,227,229,-1,228,229,230,-1,230,229,231,-1,230,231,232,-1,232,231,233,-1,232,233,234,-1,234,233,235,-1,234,235,236,-1,236,235,237,-1,236,237,238,-1,238,237,239,-1,238,239,240,-1,240,239,241,-1,240,241,242,-1,242,241,243,-1,242,243,244,-1,244,243,245,-1,244,245,246,-1,246,245,247,-1,246,247,248,-1,248,247,249,-1,248,249,250,-1,250,249,251,-1,250,251,252,-1,252,251,253,-1,252,253,254,-1,254,253,255,-1,254,255,256,-1,256,255,257,-1,256,257,258,-1,258,257,259,-1,258,259,260,-1,260,259,261,-1,260,261,226,-1,226,261,227,-1,249,247,262,-1,262,247,263,-1,249,262,264,-1,249,264,251,-1,251,264,265,-1,251,265,253,-1,253,265,266,-1,253,266,255,-1,255,266,267,-1,255,267,257,-1,257,267,268,-1,257,268,259,-1,259,268,269,-1,259,269,261,-1,261,269,270,-1,261,270,227,-1,227,270,271,-1,227,271,229,-1,229,271,272,-1,229,272,231,-1,231,272,273,-1,231,273,233,-1,233,273,274,-1,233,274,235,-1,235,274,275,-1,235,275,237,-1,237,275,276,-1,237,276,239,-1,239,276,277,-1,239,277,241,-1,241,277,278,-1,241,278,243,-1,245,243,279,-1,279,243,278,-1,247,245,263,-1,263,245,279,-1,242,244,280,-1,280,244,281,-1,244,246,281,-1,281,246,282,-1,246,248,282,-1,282,248,283,-1,256,284,285,-1,256,285,254,-1,254,285,286,-1,254,286,252,-1,252,286,287,-1,252,287,250,-1,250,287,283,-1,250,283,248,-1,228,288,289,-1,228,289,226,-1,226,289,290,-1,226,290,260,-1,260,290,291,-1,260,291,258,-1,258,291,284,-1,258,284,256,-1,236,292,293,-1,236,293,234,-1,234,293,294,-1,234,294,232,-1,232,294,295,-1,232,295,230,-1,230,295,288,-1,230,288,228,-1,242,280,296,-1,242,296,240,-1,240,296,297,-1,240,297,238,-1,238,297,292,-1,238,292,236,-1,
        ]
    }
}
Shape{
    appearance Appearance {
        material  Material 	{
            diffuseColor 0.7529411764705882 0.7529411764705882 0.7529411764705882
            specularColor 0.3764705882352941 0.3764705882352941 0.3764705882352941
            ambientIntensity 0.7529
            transparency 0.0
            shininess 0.5
        }
    }
    geometry IndexedFaceSet {
        ccw TRUE
        solid FALSE
        coord DEF co Coordinate {
            point [
                2.3028 0.5636 1.0305, 2.3028 0.5636 0.9276, 2.3028 0.5838 1.0305, 2.3028 0.583 0.9276, 2.3028 0.5995 0.9293, 2.3028 0.611 0.9333, 2.3028 0.6199 0.939, 2.3028 0.6227 0.9415, 2.3028 0.6296 0.9503, 2.3028 0.6341 0.9603, 2.3028 0.6366 0.9727, 2.3028 0.6369 0.9803, 2.3028 0.6352 0.996, 2.3028 0.6316 1.006, 2.3028 0.6265 1.0136, 2.3028 0.6223 1.0179, 2.3028 0.6003 1.0287, 2.3028 0.612 1.0247
            ]
        }
        coordIndex [
            0,1,2,-1,2,1,3,-1,2,3,4,-1,4,5,2,-1,2,5,6,-1,2,6,7,-1,7,8,2,-1,2,8,9,-1,2,9,10,-1,10,11,2,-1,2,11,12,-1,2,12,13,-1,13,14,2,-1,2,14,15,-1,2,15,16,-1,16,15,17,-1,
        ]
    }
}
Shape{
    appearance Appearance {
        material  Material 	{
            diffuseColor 0.0 0.0 0.0
            specularColor 0.0 0.0 0.0
            ambientIntensity 0.0
            transparency 0.0
            shininess 0.5
        }
    }
    geometry IndexedFaceSet {
        ccw TRUE
        solid FALSE
        coord DEF co Coordinate {
            point [
                2.3067 0.6997 0.964, 2.3067 0.6943 0.9489, 2.3067 0.7445 0.964, 2.3067 0.7499 0.9489, 2.3067 0.7197 1.0194, 2.3067 0.7133 1.0458, 2.3067 0.6624 0.9124, 2.3067 0.6815 0.9124, 2.3067 0.7209 1.0234, 2.3067 0.7219 1.0288, 2.3067 0.7317 1.0458, 2.3067 0.7223 1.0288, 2.3067 0.7234 1.0231, 2.3067 0.7244 1.0194, 2.3067 0.7825 0.9124, 2.3067 0.7635 0.9124, 2.3028 0.7317 1.0458, 2.3028 0.7825 0.9124, 2.3028 0.7133 1.0458, 2.3028 0.6624 0.9124, 2.3028 0.6815 0.9124, 2.3028 0.6943 0.9489, 2.3028 0.7499 0.9489, 2.3028 0.7635 0.9124, 2.3028 0.6997 0.964, 2.3028 0.7445 0.964, 2.3028 0.7244 1.0194, 2.3028 0.7223 1.0288, 2.3028 0.7234 1.0231, 2.3028 0.7219 1.0288, 2.3028 0.7197 1.0194, 2.3028 0.7209 1.0234
            ]
        }
        coordIndex [
            0,1,2,-1,2,1,3,-1,4,5,0,-1,0,5,6,-1,0,6,1,-1,1,6,7,-1,4,8,5,-1,5,8,9,-1,5,9,10,-1,10,9,11,-1,10,11,12,-1,12,13,10,-1,10,13,2,-1,10,2,14,-1,14,2,3,-1,14,3,15,-1,10,14,16,-1,16,14,17,-1,5,10,18,-1,18,10,16,-1,6,5,19,-1,19,5,18,-1,7,6,20,-1,20,6,19,-1,1,7,21,-1,21,7,20,-1,3,1,22,-1,22,1,21,-1,15,3,23,-1,23,3,22,-1,14,15,17,-1,17,15,23,-1,0,2,24,-1,24,2,25,-1,2,13,25,-1,25,13,26,-1,11,27,28,-1,11,28,12,-1,12,28,26,-1,12,26,13,-1,11,9,27,-1,27,9,29,-1,4,30,31,-1,4,31,8,-1,8,31,29,-1,8,29,9,-1,4,0,30,-1,30,0,24,-1,
        ]
    }
}
Shape{
    appearance Appearance {
        material  Material 	{
            diffuseColor 0.7529411764705882 0.7529411764705882 0.7529411764705882
            specularColor 0.3764705882352941 0.3764705882352941 0.3764705882352941
            ambientIntensity 0.7529
            transparency 0.0
            shininess 0.5
        }
    }
    geometry IndexedFaceSet {
        ccw TRUE
        solid FALSE
        coord DEF co Coordinate {
            point [
                2.3028 0.7223 1.0288, 2.3028 0.7219 1.0288, 2.3028 0.7234 1.0231, 2.3028 0.7209 1.0234, 2.3028 0.7244 1.0194, 2.3028 0.7197 1.0194, 2.3028 0.7445 0.964, 2.3028 0.6997 0.964
            ]
        }
        coordIndex [
            0,1,2,-1,2,1,3,-1,2,3,4,-1,4,3,5,-1,4,5,6,-1,6,5,7,-1,
        ]
    }
}
Shape{
    appearance Appearance {
        material  Material 	{
            diffuseColor 0.0 0.0 0.0
            specularColor 0.0 0.0 0.0
            ambientIntensity 0.0
            transparency 0.0
            shininess 0.5
        }
    }
    geometry IndexedFaceSet {
        ccw TRUE
        solid FALSE
        coord DEF co Coordinate {
            point [
                2.3067 -0.5348 1.1422, 2.3067 -0.5137 1.1534, 2.3067 -0.5185 1.2119, 2.3067 -0.3514 0.8896, 2.3067 -0.3402 0.9107, 2.3067 -0.3346 0.9341, 2.3067 -0.4593 1.2146, 2.3067 -0.4299 1.1453, 2.3067 -0.4154 1.1754, 2.3067 -0.465 0.9316, 2.3067 -0.4668 0.9405, 2.3067 -0.5181 0.9774, 2.3067 -0.5191 0.9138, 2.3067 -0.5311 0.9174, 2.3067 -0.5388 0.9902, 2.3067 -0.4811 1.2165, 2.3067 -0.2012 1.0239, 2.3067 -0.2306 1.0742, 2.3067 -0.334 0.9537, 2.3067 -0.3578 1.0078, 2.3067 -0.334 0.9442, 2.3067 -0.3847 0.8603, 2.3067 -0.3658 0.8735, 2.3067 -0.4613 0.9236, 2.3067 -0.4954 0.876, 2.3067 -0.5095 0.8934, 2.3067 -0.4398 1.2372, 2.3067 -0.3941 1.2008, 2.3067 -0.4175 1.2563, 2.3067 -0.3687 1.2193, 2.3067 -0.3944 1.2707, 2.3067 -0.4902 1.159, 2.3067 -0.4802 1.1596, 2.3067 -0.4702 1.2159, 2.3067 -0.4577 1.1567, 2.3067 -0.4364 1.1489, 2.3067 -0.3998 0.9217, 2.3067 -0.4049 0.9159, 2.3067 -0.4122 0.9107, 2.3067 -0.4059 0.8521, 2.3067 -0.4204 0.9075, 2.3067 -0.4289 0.8493, 2.3067 -0.4299 0.9062, 2.3067 -0.4325 0.8494, 2.3067 -0.4315 0.9063, 2.3067 -0.4549 0.8528, 2.3067 -0.44 0.9077, 2.3067 -0.4768 0.862, 2.3067 -0.4486 0.9113, 2.3067 -0.4558 0.9169, 2.3067 -0.3953 0.9565, 2.3067 -0.3931 0.9477, 2.3067 -0.3931 0.939, 2.3067 -0.3954 0.9299, 2.3067 -0.1509 0.9119, 2.3067 -0.1566 0.9698, 2.3067 -0.2069 0.9119, 2.3067 -0.1993 0.9698, 2.3067 -0.2122 0.9128, 2.3067 -0.4663 0.9498, 2.3067 -0.4635 0.9587, 2.3067 -0.5077 0.9977, 2.3067 -0.4586 0.9665, 2.3067 -0.492 1.0157, 2.3067 -0.4549 0.9705, 2.3067 -0.4726 1.0292, 2.3067 -0.4474 0.9758, 2.3067 -0.4517 1.0372, 2.3067 -0.4392 0.979, 2.3067 -0.4289 1.04, 2.3067 -0.4299 0.9802, 2.3067 -0.4174 1.0393, 2.3067 -0.422 0.9794, 2.3067 -0.3945 1.0337, 2.3067 -0.4132 0.9762, 2.3067 -0.3744 1.0229, 2.3067 -0.4055 0.9711, 2.3067 -0.3994 0.9642, 2.3067 -0.1699 1.1178, 2.3067 -0.1623 1.1178, 2.3067 -0.1234 1.169, 2.3067 -0.1468 1.1162, 2.3067 -0.1188 1.1675, 2.3067 -0.13 1.1104, 2.3067 -0.0906 1.1535, 2.3067 -0.115 1.1007, 2.3067 -0.0648 1.1318, 2.3067 -0.1024 1.0872, 2.3067 -0.0455 1.1048, 2.3067 -0.0934 1.0709, 2.3067 -0.0338 1.0758, 2.3067 -0.0888 1.0527, 2.3067 -0.0295 1.0448, 2.3067 -0.0883 1.0438, 2.3067 -0.0338 1.011, 2.3067 -0.0899 1.028, 2.3067 -0.0457 0.9809, 2.3067 -0.0958 1.0109, 2.3067 -0.0646 0.9546, 2.3067 -0.1057 0.9957, 2.3067 -0.0904 0.9328, 2.3067 -0.115 0.9865, 2.3067 -0.1193 0.9186, 2.3067 -0.1304 0.9767, 2.3067 -0.148 0.9709, 2.3067 -0.1746 1.244, 2.3067 -0.2119 1.2005, 2.3067 -0.1432 1.2076, 2.3067 -0.1905 1.175, 2.3067 -0.1758 1.1445, 2.3067 -0.5722 1.0877, 2.3067 -0.6346 1.0718, 2.3067 -0.575 1.0647, 2.3067 -0.6348 1.0628, 2.3067 -0.5739 1.0499, 2.3067 -0.6302 1.0255, 2.3067 -0.567 1.0267, 2.3067 -0.6166 0.9902, 2.3067 -0.5558 1.0077, 2.3067 -0.595 0.9594, 2.3067 -0.5654 0.9341, 2.3067 -0.3506 1.2876, 2.3067 -0.3377 1.2319, 2.3067 -0.3037 1.2933, 2.3067 -0.3027 1.2364, 2.3067 -0.2646 1.2892, 2.3067 -0.2705 1.2324, 2.3067 -0.217 1.2725, 2.3067 -0.2407 1.221, 2.3067 -0.2141 1.2025, 2.3067 -0.5537 1.1982, 2.3067 -0.5838 1.177, 2.3067 -0.5509 1.1278, 2.3067 -0.5902 1.1709, 2.3067 -0.5641 1.1089, 2.3067 -0.6131 1.1417, 2.3067 -0.6282 1.1075, 2.3067 -0.2041 0.9707, 2.3067 -0.2269 0.9219, 2.3067 -0.2247 0.9196, 2.3067 -0.2012 0.9701, 2.3067 -0.2185 0.9153, 2.3067 -0.2344 0.9413, 2.3067 -0.2335 0.9343, 2.3067 -0.231 0.9278, 2.3067 -0.2124 0.9698, 2.3067 -0.2189 0.9672, 2.3067 -0.2342 0.9451, 2.3067 -0.2247 0.9631, 2.3067 -0.2286 0.9588, 2.3067 -0.2323 0.9523, 2.3067 -0.205 0.9707, 2.3028 -0.0585 1.123, 2.3028 -0.0455 1.1048, 2.3028 -0.0371 1.0838, 2.3028 -0.0338 1.0758, 2.3028 -0.0295 1.0448, 2.3028 -0.0648 1.1318, 2.3028 -0.0906 1.1535, 2.3028 -0.1188 1.1675, 2.3028 -0.1234 1.169, 2.3028 -0.1432 1.2076, 2.3028 -0.1746 1.244, 2.3028 -0.1964 1.2587, 2.3028 -0.217 1.2725, 2.3028 -0.2646 1.2892, 2.3028 -0.3037 1.2933, 2.3028 -0.3506 1.2876, 2.3028 -0.3944 1.2707, 2.3028 -0.4138 1.2587, 2.3028 -0.4175 1.2563, 2.3028 -0.4398 1.2372, 2.3028 -0.4593 1.2146, 2.3028 -0.4702 1.2159, 2.3028 -0.4811 1.2165, 2.3028 -0.5185 1.2119, 2.3028 -0.5537 1.1982, 2.3028 -0.5838 1.177, 2.3028 -0.5902 1.1709, 2.3028 -0.6348 1.0628, 2.3028 -0.6131 1.1417, 2.3028 -0.6213 1.123, 2.3028 -0.6282 1.1075, 2.3028 -0.6324 1.0838, 2.3028 -0.6346 1.0718, 2.3028 -0.6302 1.0255, 2.3028 -0.6166 0.9902, 2.3028 -0.595 0.9594, 2.3028 -0.5654 0.9341, 2.3028 -0.5311 0.9174, 2.3028 -0.5191 0.9138, 2.3028 -0.5179 0.9113, 2.3028 -0.5095 0.8934, 2.3028 -0.4954 0.876, 2.3028 -0.4768 0.862, 2.3028 -0.4682 0.8584, 2.3028 -0.4549 0.8528, 2.3028 -0.4325 0.8494, 2.3028 -0.4289 0.8493, 2.3028 -0.334 0.9442, 2.3028 -0.4059 0.8521, 2.3028 -0.3897 0.8584, 2.3028 -0.3847 0.8603, 2.3028 -0.3658 0.8735, 2.3028 -0.3514 0.8896, 2.3028 -0.3402 0.9107, 2.3028 -0.34 0.9113, 2.3028 -0.3346 0.9341, 2.3028 -0.334 0.9537, 2.3028 -0.2012 1.0239, 2.3028 -0.2306 1.0742, 2.3028 -0.3578 1.0078, 2.3028 -0.3744 1.0229, 2.3028 -0.3945 1.0337, 2.3028 -0.4174 1.0393, 2.3028 -0.4289 1.04, 2.3028 -0.4517 1.0372, 2.3028 -0.4726 1.0292, 2.3028 -0.492 1.0157, 2.3028 -0.5077 0.9977, 2.3028 -0.5181 0.9774, 2.3028 -0.5388 0.9902, 2.3028 -0.5558 1.0077, 2.3028 -0.567 1.0267, 2.3028 -0.5739 1.0499, 2.3028 -0.575 1.0647, 2.3028 -0.5727 1.0838, 2.3028 -0.5722 1.0877, 2.3028 -0.5641 1.1089, 2.3028 -0.5542 1.123, 2.3028 -0.5509 1.1278, 2.3028 -0.5348 1.1422, 2.3028 -0.5137 1.1534, 2.3028 -0.4902 1.159, 2.3028 -0.4802 1.1596, 2.3028 -0.4577 1.1567, 2.3028 -0.4364 1.1489, 2.3028 -0.4299 1.1453, 2.3028 -0.4154 1.1754, 2.3028 -0.3941 1.2008, 2.3028 -0.3687 1.2193, 2.3028 -0.3377 1.2319, 2.3028 -0.3027 1.2364, 2.3028 -0.2705 1.2324, 2.3028 -0.2407 1.221, 2.3028 -0.2141 1.2025, 2.3028 -0.2119 1.2005, 2.3028 -0.1905 1.175, 2.3028 -0.1758 1.1445, 2.3028 -0.171 1.123, 2.3028 -0.1699 1.1178, 2.3028 -0.1623 1.1178, 2.3028 -0.1468 1.1162, 2.3028 -0.13 1.1104, 2.3028 -0.115 1.1007, 2.3028 -0.1024 1.0872, 2.3028 -0.1005 1.0838, 2.3028 -0.0934 1.0709, 2.3028 -0.0888 1.0527, 2.3028 -0.0883 1.0438, 2.3028 -0.0899 1.028, 2.3028 -0.0958 1.0109, 2.3028 -0.1057 0.9957, 2.3028 -0.115 0.9865, 2.3028 -0.1304 0.9767, 2.3028 -0.148 0.9709, 2.3028 -0.1566 0.9698, 2.3028 -0.1993 0.9698, 2.3028 -0.2012 0.9701, 2.3028 -0.2041 0.9707, 2.3028 -0.205 0.9707, 2.3028 -0.2124 0.9698, 2.3028 -0.2189 0.9672, 2.3028 -0.2247 0.9631, 2.3028 -0.2286 0.9588, 2.3028 -0.2323 0.9523, 2.3028 -0.2342 0.9451, 2.3028 -0.2344 0.9413, 2.3028 -0.2335 0.9343, 2.3028 -0.231 0.9278, 2.3028 -0.2269 0.9219, 2.3028 -0.2247 0.9196, 2.3028 -0.2185 0.9153, 2.3028 -0.2122 0.9128, 2.3028 -0.2069 0.9119, 2.3028 -0.1509 0.9119, 2.3028 -0.1193 0.9186, 2.3028 -0.0904 0.9328, 2.3028 -0.0646 0.9546, 2.3028 -0.0457 0.9809, 2.3028 -0.0338 1.011, 2.3028 -0.4299 0.9802, 2.3028 -0.422 0.9794, 2.3028 -0.4132 0.9762, 2.3028 -0.4055 0.9711, 2.3028 -0.3994 0.9642, 2.3028 -0.3953 0.9565, 2.3028 -0.3931 0.9477, 2.3028 -0.3931 0.939, 2.3028 -0.3954 0.9299, 2.3028 -0.3998 0.9217, 2.3028 -0.4049 0.9159, 2.3028 -0.4122 0.9107, 2.3028 -0.4204 0.9075, 2.3028 -0.4299 0.9062, 2.3028 -0.4315 0.9063, 2.3028 -0.44 0.9077, 2.3028 -0.4486 0.9113, 2.3028 -0.4558 0.9169, 2.3028 -0.4613 0.9236, 2.3028 -0.465 0.9316, 2.3028 -0.4668 0.9405, 2.3028 -0.4663 0.9498, 2.3028 -0.4635 0.9587, 2.3028 -0.4586 0.9665, 2.3028 -0.4549 0.9705, 2.3028 -0.4474 0.9758, 2.3028 -0.4392 0.979
            ]
        }
        coordIndex [
            0,1,2,-1,3,4,5,-1,6,7,8,-1,9,10,11,-1,12,11,13,-1,13,11,14,-1,2,1,15,-1,16,17,18,-1,18,17,19,-1,18,19,20,-1,20,19,21,-1,20,21,5,-1,5,21,22,-1,5,22,3,-1,23,9,24,-1,24,9,11,-1,24,11,25,-1,25,11,12,-1,6,8,26,-1,26,8,27,-1,26,27,28,-1,28,27,29,-1,28,29,30,-1,1,31,15,-1,15,31,32,-1,15,32,33,-1,33,32,34,-1,33,34,6,-1,6,34,35,-1,6,35,7,-1,36,37,21,-1,21,37,38,-1,21,38,39,-1,39,38,40,-1,39,40,41,-1,41,40,42,-1,41,42,43,-1,43,42,44,-1,43,44,45,-1,45,44,46,-1,45,46,47,-1,47,46,48,-1,47,48,24,-1,24,48,49,-1,24,49,23,-1,50,51,19,-1,19,51,52,-1,19,52,21,-1,21,52,53,-1,21,53,36,-1,54,55,56,-1,56,55,57,-1,56,57,58,-1,10,59,11,-1,11,59,60,-1,11,60,61,-1,61,60,62,-1,61,62,63,-1,63,62,64,-1,63,64,65,-1,65,64,66,-1,65,66,67,-1,67,66,68,-1,67,68,69,-1,69,68,70,-1,69,70,71,-1,71,70,72,-1,71,72,73,-1,73,72,74,-1,73,74,75,-1,75,74,76,-1,75,76,19,-1,19,76,77,-1,19,77,50,-1,78,79,80,-1,80,79,81,-1,80,81,82,-1,82,81,83,-1,82,83,84,-1,84,83,85,-1,84,85,86,-1,86,85,87,-1,86,87,88,-1,88,87,89,-1,88,89,90,-1,90,89,91,-1,90,91,92,-1,92,91,93,-1,92,93,94,-1,94,93,95,-1,94,95,96,-1,96,95,97,-1,96,97,98,-1,98,97,99,-1,98,99,100,-1,100,99,101,-1,100,101,102,-1,102,101,103,-1,102,103,54,-1,54,103,104,-1,54,104,55,-1,105,106,107,-1,107,106,108,-1,107,108,80,-1,80,108,109,-1,80,109,78,-1,110,111,112,-1,112,111,113,-1,112,113,114,-1,114,113,115,-1,114,115,116,-1,116,115,117,-1,116,117,118,-1,118,117,119,-1,118,119,14,-1,14,119,120,-1,14,120,13,-1,30,29,121,-1,121,29,122,-1,121,122,123,-1,123,122,124,-1,123,124,125,-1,125,124,126,-1,125,126,127,-1,127,126,128,-1,127,128,105,-1,105,128,129,-1,105,129,106,-1,2,130,0,-1,0,130,131,-1,0,131,132,-1,132,131,133,-1,132,133,134,-1,134,133,135,-1,134,135,110,-1,110,135,136,-1,110,136,111,-1,137,138,139,-1,57,140,58,-1,58,140,137,-1,58,137,141,-1,141,137,139,-1,142,143,137,-1,137,143,144,-1,137,144,138,-1,145,146,147,-1,146,148,147,-1,147,148,149,-1,147,149,150,-1,142,137,147,-1,147,137,151,-1,147,151,145,-1,152,86,153,-1,153,86,88,-1,153,88,154,-1,154,88,90,-1,154,90,155,-1,155,90,92,-1,155,92,156,-1,152,157,86,-1,86,157,158,-1,86,158,84,-1,84,158,159,-1,84,159,82,-1,82,159,160,-1,82,160,80,-1,80,160,161,-1,80,161,107,-1,107,161,162,-1,107,162,105,-1,127,105,163,-1,163,105,162,-1,163,164,127,-1,127,164,165,-1,127,165,125,-1,125,165,166,-1,125,166,123,-1,123,166,167,-1,123,167,121,-1,121,167,168,-1,121,168,30,-1,30,168,28,-1,28,168,169,-1,28,169,170,-1,28,170,171,-1,28,171,26,-1,26,171,172,-1,26,172,6,-1,6,172,173,-1,6,173,33,-1,33,173,174,-1,33,174,15,-1,15,174,175,-1,15,175,2,-1,2,175,176,-1,2,176,130,-1,130,176,177,-1,130,177,131,-1,131,177,178,-1,131,178,133,-1,179,113,111,-1,133,178,180,-1,133,180,135,-1,135,180,181,-1,135,181,136,-1,181,182,136,-1,136,182,183,-1,136,183,111,-1,111,183,184,-1,111,184,179,-1,113,179,185,-1,113,185,115,-1,115,185,186,-1,115,186,117,-1,117,186,187,-1,117,187,119,-1,119,187,188,-1,119,188,120,-1,120,188,189,-1,120,189,13,-1,13,189,190,-1,13,190,12,-1,12,190,191,-1,12,191,25,-1,191,192,25,-1,25,192,193,-1,25,193,24,-1,24,193,194,-1,24,194,47,-1,47,194,195,-1,47,195,45,-1,195,196,45,-1,45,196,197,-1,45,197,43,-1,43,197,198,-1,43,198,41,-1,199,20,5,-1,41,198,200,-1,201,21,200,-1,200,21,39,-1,200,39,41,-1,201,202,21,-1,21,202,203,-1,21,203,22,-1,22,203,204,-1,22,204,3,-1,3,204,205,-1,3,205,4,-1,4,205,206,-1,4,206,5,-1,5,206,207,-1,5,207,199,-1,18,20,208,-1,208,20,199,-1,16,18,209,-1,209,18,208,-1,17,16,210,-1,210,16,209,-1,19,17,211,-1,211,17,210,-1,19,211,212,-1,19,212,75,-1,75,212,213,-1,75,213,73,-1,73,213,214,-1,73,214,71,-1,71,214,215,-1,71,215,69,-1,69,215,216,-1,69,216,67,-1,67,216,217,-1,67,217,65,-1,65,217,218,-1,65,218,63,-1,63,218,219,-1,63,219,61,-1,61,219,220,-1,61,220,11,-1,11,220,221,-1,11,221,14,-1,14,221,222,-1,14,222,118,-1,118,222,223,-1,118,223,116,-1,116,223,224,-1,116,224,114,-1,114,224,225,-1,114,225,112,-1,110,112,225,-1,225,226,110,-1,110,226,227,-1,110,227,228,-1,229,132,228,-1,228,132,134,-1,228,134,110,-1,229,230,132,-1,132,230,231,-1,132,231,0,-1,0,231,232,-1,0,232,1,-1,1,232,233,-1,1,233,31,-1,31,233,234,-1,31,234,32,-1,32,234,235,-1,32,235,34,-1,34,235,236,-1,34,236,35,-1,35,236,237,-1,35,237,7,-1,7,237,238,-1,7,238,8,-1,8,238,239,-1,8,239,27,-1,27,239,240,-1,27,240,29,-1,29,240,241,-1,29,241,122,-1,122,241,242,-1,122,242,124,-1,124,242,243,-1,124,243,126,-1,126,243,244,-1,126,244,128,-1,128,244,245,-1,128,245,129,-1,129,245,246,-1,129,246,106,-1,106,246,247,-1,106,247,108,-1,108,247,248,-1,108,248,109,-1,109,248,78,-1,78,248,249,-1,78,249,250,-1,79,78,251,-1,251,78,250,-1,79,251,252,-1,79,252,81,-1,81,252,253,-1,81,253,83,-1,83,253,254,-1,83,254,85,-1,85,254,255,-1,85,255,87,-1,87,255,256,-1,87,256,89,-1,256,257,89,-1,89,257,258,-1,89,258,91,-1,91,258,259,-1,91,259,93,-1,93,259,260,-1,93,260,95,-1,95,260,261,-1,95,261,97,-1,97,261,262,-1,97,262,99,-1,99,262,263,-1,99,263,101,-1,101,263,264,-1,101,264,103,-1,103,264,265,-1,103,265,104,-1,104,265,266,-1,104,266,55,-1,57,55,267,-1,267,55,266,-1,57,267,268,-1,57,268,140,-1,140,268,269,-1,140,269,137,-1,137,269,270,-1,137,270,151,-1,151,270,271,-1,151,271,145,-1,145,271,272,-1,145,272,146,-1,146,272,273,-1,146,273,148,-1,148,273,274,-1,148,274,149,-1,149,274,275,-1,149,275,150,-1,150,275,276,-1,150,276,147,-1,147,276,277,-1,147,277,142,-1,142,277,278,-1,142,278,143,-1,143,278,279,-1,143,279,144,-1,144,279,280,-1,144,280,138,-1,138,280,281,-1,138,281,139,-1,139,281,282,-1,139,282,141,-1,141,282,283,-1,141,283,58,-1,58,283,284,-1,58,284,56,-1,54,56,285,-1,285,56,284,-1,54,285,286,-1,54,286,102,-1,102,286,287,-1,102,287,100,-1,100,287,288,-1,100,288,98,-1,98,288,289,-1,98,289,96,-1,96,289,290,-1,96,290,94,-1,94,290,156,-1,94,156,92,-1,70,291,292,-1,70,292,72,-1,72,292,293,-1,72,293,74,-1,74,293,294,-1,74,294,76,-1,76,294,295,-1,76,295,77,-1,77,295,296,-1,77,296,50,-1,50,296,297,-1,50,297,51,-1,51,297,298,-1,51,298,52,-1,52,298,299,-1,52,299,53,-1,53,299,300,-1,53,300,36,-1,36,300,301,-1,36,301,37,-1,37,301,302,-1,37,302,38,-1,38,302,303,-1,38,303,40,-1,40,303,304,-1,40,304,42,-1,42,304,305,-1,42,305,44,-1,44,305,306,-1,44,306,46,-1,46,306,307,-1,46,307,48,-1,48,307,308,-1,48,308,49,-1,49,308,309,-1,49,309,23,-1,23,309,310,-1,23,310,9,-1,9,310,311,-1,9,311,10,-1,10,311,312,-1,10,312,59,-1,59,312,313,-1,59,313,60,-1,60,313,314,-1,60,314,62,-1,62,314,315,-1,62,315,64,-1,64,315,316,-1,64,316,66,-1,66,316,317,-1,66,317,68,-1,68,317,291,-1,68,291,70,-1,
        ]
    }
}
Shape{
    appearance Appearance {
        material  Material 	{
            diffuseColor 0.7529411764705882 0.7529411764705882 0.7529411764705882
            specularColor 0.3764705882352941 0.3764705882352941 0.3764705882352941
            ambientIntensity 0.7529
            transparency 0.0
            shininess 0.5
        }
    }
    geometry IndexedFaceSet {
        ccw TRUE
        solid FALSE
        coord DEF co Coordinate {
            point [
                2.3028 -0.4315 0.9063, 2.3028 -0.4549 0.9705, 2.3028 -0.4586 0.9665, 2.3028 -0.4204 0.9075, 2.3028 -0.4122 0.9107, 2.3028 -0.422 0.9794, 2.3028 -0.4299 0.9802, 2.3028 -0.4392 0.979, 2.3028 -0.4474 0.9758, 2.3028 -0.465 0.9316, 2.3028 -0.4613 0.9236, 2.3028 -0.4558 0.9169, 2.3028 -0.4299 0.9062, 2.3028 -0.4635 0.9587, 2.3028 -0.4663 0.9498, 2.3028 -0.4668 0.9405, 2.3028 -0.4486 0.9113, 2.3028 -0.44 0.9077, 2.3028 -0.4049 0.9159, 2.3028 -0.3998 0.9217, 2.3028 -0.3954 0.9299, 2.3028 -0.3931 0.939, 2.3028 -0.3931 0.9477, 2.3028 -0.3953 0.9565, 2.3028 -0.3994 0.9642, 2.3028 -0.4055 0.9711, 2.3028 -0.4132 0.9762, -1.6822 2.2681 0.4488, -1.7549 2.2681 0.4488, -1.7276 2.2681 0.4725, -1.7549 2.2681 0.4867, -1.9799 2.2681 0.4488, -1.9745 2.2681 0.4522, -1.9073 2.2681 0.4488, -1.9343 2.2681 0.4728, -1.9073 2.2681 0.4867, -1.9456 2.2915 0.4488, -1.7719 2.3137 0.4488, -1.7165 2.2915 0.4488, -1.8903 2.3137 0.4488, -1.7815 2.2771 0.4867, -1.7924 2.2785 0.4867, -1.8311 2.3213 0.4488, -1.8311 2.2834 0.4867, -1.8698 2.2785 0.4867, -1.8807 2.2771 0.4867, -1.7922 2.2796 0.4488, -1.8311 2.2834 0.4488, -1.8699 2.2796 0.4488, 1.902 -2.136 1.0887, 1.9414 -2.136 1.1024, 1.7592 -2.136 1.0874, 1.7193 -2.136 1.1024, 1.8533 -2.136 1.0773, 1.8741 -2.136 1.079, 1.773 -2.136 1.0823, 1.8074 -2.136 1.0768, 1.8214 -2.136 1.0746, 1.8046 -2.1625 1.1024, 1.7544 -2.1513 1.1024, 1.856 -2.1625 1.1024, 1.9062 -2.1513 1.1024, 1.9026 2.2681 0.5866, 1.8984 2.2697 0.5866, 1.9006 2.2681 0.5866, 1.7623 2.2697 0.5866, 1.7581 2.2681 0.5866, 1.76 2.2681 0.5866, 1.8706 2.2768 1.063, 1.8707 2.2774 0.7561, 1.8796 2.2756 1.063, 1.884 2.2742 0.7505, 1.9026 2.2681 1.063, 1.8984 2.2697 0.7422, 1.8876 2.2734 0.749, 1.8381 2.2818 0.7635, 1.858 2.2797 0.7601, 1.8632 2.2792 0.7592, 1.79 2.2768 1.063, 1.8121 2.2811 0.7624, 1.8303 2.282 1.063, 1.8303 2.2816 0.7632, 1.8304 2.2816 0.7632, 1.7581 2.2681 1.063, 1.7623 2.2697 0.7422, 1.7769 2.274 0.7501, 1.7876 2.2772 0.7559, 1.7811 2.2756 1.063, 1.7899 2.2776 0.7565, 1.8028 2.2796 0.7599, 1.9006 2.2681 0.7406, 1.8995 2.2689 0.7414, 1.76 2.2681 0.7406, 1.7611 2.2689 0.7414, 1.7273 2.2681 1.078, 1.6815 2.2681 1.1024, 1.9792 2.2681 1.1024, 1.8957 2.2681 0.7441, 1.8957 2.2681 0.9606, 1.765 2.2681 0.9606, 1.765 2.2681 0.7441, 1.7488 2.2681 1.0666, 1.8539 2.2681 0.9693, 1.8425 2.2681 0.9716, 1.8068 2.2681 0.9696, 1.9336 2.2681 1.0784, 1.7981 2.2681 0.9692, 1.9687 2.2681 1.0958, 1.7727 2.2707 0.7488, 1.7766 2.2716 0.7504, 1.797 2.2766 0.759, 1.8027 2.2772 0.7601, 1.806 2.2776 0.7607, 1.8219 2.2793 0.7635, 1.8303 2.2791 0.7632, 1.8477 2.2787 0.7625, 1.8547 2.2777 0.7608, 1.8579 2.2772 0.76, 1.8703 2.2753 0.7569, 1.8838 2.2715 0.7501, 1.8547 2.2779 0.9606, 1.855 2.2779 0.9606, 1.806 2.2779 0.9606, 1.8057 2.2779 0.9606, 1.9449 2.2915 1.1024, 1.7712 2.3137 1.1024, 1.7158 2.2915 1.1024, 1.8895 2.3137 1.1024, 1.8303 2.3213 1.1024, -1.9422 -2.136 1.1024, -1.9022 -2.136 1.0874, -1.72 -2.136 1.1024, -1.8884 -2.136 1.0823, -1.854 -2.136 1.0768, -1.84 -2.136 1.0746, -1.8081 -2.136 1.0773, -1.7594 -2.136 1.0887, -1.7873 -2.136 1.079, -1.907 -2.1513 1.1024, -1.7552 -2.1513 1.1024, -1.8054 -2.1625 1.1024, -1.8568 -2.1625 1.1024, -1.8702 2.2681 0.6558, -1.872 2.2776 0.6471, -1.9034 2.2681 0.6471, -1.8556 2.2794 0.6471, -1.8578 2.2681 0.659, -1.8311 2.282 0.6471, -1.8311 2.2681 0.6598, -1.8066 2.2794 0.6471, -1.8143 2.2681 0.6602, -1.7902 2.2776 0.6471, -1.7918 2.2681 0.6549, -1.7588 2.2681 0.6471, -1.8903 2.3137 1.1024, -1.8311 2.3213 1.1024, -1.8311 2.2913 1.1024, -1.8037 2.2881 1.1024, -1.7719 2.3137 1.1024, -1.7778 2.2786 1.1024, -1.7608 2.2681 1.1024, -1.7165 2.2915 1.1024, -1.6822 2.2681 1.1024, -1.8584 2.2881 1.1024, -1.8843 2.2786 1.1024, -1.9456 2.2915 1.1024, -1.9014 2.2681 1.1024, -1.9799 2.2681 1.1024, -1.763 2.2697 0.8661, -1.7608 2.2681 0.8661, -1.7657 2.2681 0.8661, -1.8065 2.2804 0.8661, -1.8089 2.2782 0.8661, -1.8557 2.2804 0.8661, -1.8533 2.2782 0.8661, -1.8992 2.2697 0.8661, -1.8964 2.2681 0.8661, -1.9014 2.2681 0.8661, -1.7956 2.2858 1.07, -1.8038 2.2874 1.0707, -1.8749 2.2829 1.0687, -1.8583 2.2874 1.0707, -1.849 2.2899 1.0718, -1.8992 2.2697 1.063, -1.884 2.2779 1.0666, -1.8812 2.2794 1.0672, -1.822 2.291 1.0722, -1.8311 2.2906 1.072, -1.8311 2.2906 1.072, -1.781 2.2793 1.0672, -1.7781 2.278 1.0666, -1.7706 2.2746 1.0652, -1.763 2.2697 1.063, -1.7588 2.2681 1.063, -1.7279 2.2681 1.0784, -1.9127 2.2681 1.0666, -1.9342 2.2681 1.078, -1.9034 2.2681 1.063, -1.6927 2.2681 1.0958, -1.8964 2.2681 0.7874, -1.8557 2.2779 0.7874, -1.8533 2.2779 0.7874, -1.8089 2.2779 0.7874, -1.8064 2.2779 0.7874, -1.7657 2.2681 0.7874, -1.8576 2.2681 0.7779, -1.8545 2.2681 0.7778, -1.8137 2.2681 0.7768, -1.8076 2.2681 0.7782
            ]
        }
        coordIndex [
            0,1,2,-1,3,4,5,-1,6,7,0,-1,0,7,8,-1,0,8,1,-1,9,10,2,-1,2,10,11,-1,6,0,5,-1,5,0,12,-1,5,12,3,-1,13,14,2,-1,2,14,15,-1,2,15,9,-1,11,16,2,-1,2,16,17,-1,2,17,0,-1,4,18,5,-1,5,18,19,-1,5,19,20,-1,20,21,5,-1,5,21,22,-1,5,22,23,-1,23,24,5,-1,5,24,25,-1,5,25,26,-1,27,28,29,-1,29,28,30,-1,31,32,33,-1,33,32,34,-1,33,34,35,-1,32,31,36,-1,30,37,29,-1,29,37,38,-1,29,38,27,-1,39,35,36,-1,36,35,34,-1,36,34,32,-1,30,40,37,-1,37,40,41,-1,37,41,42,-1,41,43,42,-1,42,43,44,-1,42,44,39,-1,39,44,45,-1,39,45,35,-1,30,28,40,-1,40,28,46,-1,40,46,41,-1,41,46,47,-1,41,47,43,-1,43,47,48,-1,43,48,44,-1,44,48,45,-1,45,48,33,-1,45,33,35,-1,36,31,33,-1,36,33,39,-1,39,33,48,-1,39,48,42,-1,42,48,47,-1,42,47,37,-1,37,47,46,-1,37,46,38,-1,38,46,28,-1,38,28,27,-1,49,50,51,-1,51,50,52,-1,53,54,49,-1,51,55,49,-1,49,55,56,-1,49,56,53,-1,53,56,57,-1,58,55,59,-1,59,55,51,-1,59,51,52,-1,60,57,58,-1,58,57,56,-1,58,56,55,-1,50,49,61,-1,61,49,54,-1,61,54,60,-1,60,54,53,-1,60,53,57,-1,59,52,50,-1,50,61,59,-1,59,61,60,-1,59,60,58,-1,62,63,64,-1,65,66,67,-1,68,69,70,-1,70,69,71,-1,70,71,72,-1,63,62,73,-1,73,62,72,-1,73,72,74,-1,74,72,71,-1,75,76,68,-1,68,76,77,-1,68,77,69,-1,78,79,80,-1,80,79,81,-1,80,81,68,-1,68,81,82,-1,68,82,75,-1,83,66,84,-1,84,66,65,-1,84,85,83,-1,83,85,86,-1,83,86,87,-1,87,86,88,-1,87,88,78,-1,78,88,89,-1,78,89,79,-1,90,64,91,-1,91,64,63,-1,91,63,73,-1,67,92,65,-1,65,92,93,-1,65,93,84,-1,94,95,96,-1,62,64,90,-1,97,98,90,-1,90,98,72,-1,90,72,62,-1,99,100,92,-1,94,96,101,-1,98,102,72,-1,72,102,103,-1,72,103,104,-1,105,72,83,-1,104,106,72,-1,72,106,99,-1,72,99,83,-1,83,99,92,-1,83,92,66,-1,66,92,67,-1,101,96,83,-1,83,96,107,-1,83,107,105,-1,85,84,100,-1,100,84,93,-1,100,93,92,-1,100,108,85,-1,85,108,109,-1,85,109,86,-1,86,109,110,-1,86,110,88,-1,88,110,89,-1,110,111,89,-1,89,111,112,-1,89,112,79,-1,79,112,113,-1,79,113,81,-1,81,113,114,-1,81,114,82,-1,82,114,75,-1,75,114,115,-1,75,115,76,-1,115,116,76,-1,76,116,117,-1,76,117,77,-1,77,117,118,-1,97,90,91,-1,91,73,97,-1,97,73,74,-1,97,74,119,-1,119,74,71,-1,119,71,118,-1,118,71,69,-1,118,69,77,-1,108,100,99,-1,116,120,117,-1,117,120,121,-1,117,121,118,-1,118,121,98,-1,118,98,119,-1,119,98,97,-1,108,99,109,-1,122,112,123,-1,123,112,111,-1,123,111,99,-1,99,111,110,-1,99,110,109,-1,116,115,120,-1,120,115,114,-1,120,114,122,-1,122,114,113,-1,122,113,112,-1,98,121,102,-1,102,121,120,-1,102,120,103,-1,103,120,104,-1,120,122,104,-1,104,122,123,-1,104,123,106,-1,106,123,99,-1,107,96,124,-1,101,83,87,-1,101,125,94,-1,94,125,126,-1,94,126,95,-1,127,72,124,-1,124,72,105,-1,124,105,107,-1,101,87,125,-1,125,87,78,-1,125,78,128,-1,78,80,128,-1,128,80,68,-1,128,68,127,-1,127,68,70,-1,127,70,72,-1,96,95,126,-1,128,127,124,-1,96,126,124,-1,124,126,125,-1,124,125,128,-1,129,130,131,-1,131,130,132,-1,133,134,135,-1,132,133,131,-1,131,133,135,-1,131,135,136,-1,136,135,137,-1,138,129,131,-1,131,139,138,-1,138,139,140,-1,138,140,141,-1,141,132,138,-1,138,132,130,-1,138,130,129,-1,140,134,141,-1,141,134,133,-1,141,133,132,-1,131,136,139,-1,139,136,137,-1,139,137,140,-1,140,137,135,-1,140,135,134,-1,142,143,144,-1,143,142,145,-1,145,142,146,-1,145,146,147,-1,147,146,148,-1,147,148,149,-1,149,148,150,-1,149,150,151,-1,151,150,152,-1,151,152,153,-1,154,155,156,-1,156,155,157,-1,157,155,158,-1,157,158,159,-1,159,158,160,-1,160,158,161,-1,160,161,162,-1,156,163,154,-1,154,163,164,-1,154,164,165,-1,165,164,166,-1,165,166,167,-1,168,169,170,-1,168,170,171,-1,171,170,172,-1,171,172,173,-1,173,172,174,-1,173,174,175,-1,175,174,176,-1,175,176,177,-1,178,179,157,-1,180,164,181,-1,181,164,163,-1,181,163,182,-1,175,177,183,-1,183,177,166,-1,183,166,184,-1,184,166,164,-1,184,164,185,-1,185,164,180,-1,157,179,156,-1,179,186,156,-1,156,186,187,-1,156,187,163,-1,163,187,188,-1,163,188,182,-1,178,157,189,-1,189,157,159,-1,189,159,190,-1,190,159,191,-1,191,159,160,-1,191,160,192,-1,192,160,169,-1,192,169,168,-1,184,185,154,-1,192,193,194,-1,158,189,190,-1,158,190,161,-1,161,190,191,-1,161,191,192,-1,155,188,187,-1,187,186,155,-1,155,186,179,-1,155,179,158,-1,158,179,178,-1,158,178,189,-1,185,180,154,-1,154,180,181,-1,154,181,155,-1,155,181,182,-1,155,182,188,-1,195,154,196,-1,196,154,165,-1,196,165,167,-1,195,197,154,-1,154,197,183,-1,154,183,184,-1,192,194,161,-1,161,194,198,-1,161,198,162,-1,143,173,175,-1,183,197,175,-1,175,197,144,-1,175,144,143,-1,143,145,173,-1,173,145,147,-1,173,147,171,-1,193,192,168,-1,147,149,171,-1,171,149,151,-1,171,151,168,-1,168,151,153,-1,168,153,193,-1,199,176,200,-1,200,176,174,-1,200,174,201,-1,201,174,172,-1,201,172,202,-1,202,172,203,-1,203,172,170,-1,203,170,204,-1,205,199,200,-1,205,200,206,-1,206,200,201,-1,206,201,207,-1,207,201,202,-1,207,202,208,-1,208,202,203,-1,208,203,204,-1,204,170,169,-1,196,167,166,-1,160,162,198,-1,177,176,199,-1,198,194,160,-1,160,194,193,-1,160,193,169,-1,169,193,153,-1,169,153,204,-1,204,153,152,-1,204,152,208,-1,208,152,150,-1,208,150,207,-1,207,150,148,-1,207,148,206,-1,206,148,146,-1,206,146,205,-1,205,146,142,-1,205,142,199,-1,199,142,144,-1,199,144,177,-1,177,144,197,-1,177,197,166,-1,166,197,195,-1,166,195,196,-1,
        ]
    }
}