#VRML V2.0 utf8
# 3D model generated by easyeda2kicad.py (https://github.com/uPesy/easyeda2kicad.py)

Shape{
    appearance Appearance {
        material  Material 	{
            diffuseColor 0.7764705882352941 0.7568627450980392 0.7372549019607844
            specularColor 0.38823529411764707 0.3764705882352941 0.3686274509803922
            ambientIntensity 0.7605
            transparency 0.0
            shininess 0.5
        }
    }
    geometry IndexedFaceSet {
        ccw TRUE
        solid FALSE
        coord DEF co Coordinate {
            point [
                0.1371 -0.1375 4.0699, 0.071 -0.1644 4.0647, 0.0 0.1054 4.063, 0.1939 -0.0947 4.078, 0.2374 -0.0389 4.0886, 0.2648 0.026 4.1009, 0.2742 0.0957 4.1142, 0.2648 0.1654 4.1274, 0.2374 0.2304 4.1398, 0.1939 0.2862 4.1504, 0.1371 0.329 4.1585, 0.071 0.3559 4.1636, 0.0 0.3651 4.1654, -0.071 0.3559 4.1636, -0.1371 0.329 4.1585, -0.1939 0.2862 4.1504, -0.2374 0.2304 4.1398, -0.2648 0.1654 4.1274, -0.2742 0.0957 4.1142, -0.2648 0.026 4.1009, -0.2374 -0.0389 4.0886, -0.1939 -0.0947 4.078, -0.1371 -0.1375 4.0699, -0.071 -0.1644 4.0647, 0.0 -0.1736 4.063, 0.0979 -1.556 10.8481, 0.1595 -1.5356 10.852, 0.1568 -1.5437 10.9256, 0.1889 -1.5183 10.8553, 0.2299 -1.494 10.8599, 0.2261 -1.5028 10.9333, 0.2672 -1.4593 10.8665, 0.2896 -1.4385 10.8704, 0.2847 -1.4482 10.9437, 0.328 -1.3828 10.881, 0.3357 -1.3717 10.8831, 0.33 -1.3825 10.9562, 0.3667 -1.2934 10.898, 0.3794 -1.217 10.9125, 0.373 -1.2305 10.9851, 0.3783 -1.1969 10.9163, 0.3749 -1.1364 10.9278, 0.3686 -1.1512 11.0001, 0.3649 -1.1008 10.9346, 0.353 -1.0587 10.9426, 0.347 -1.0748 11.0147, 0.3273 -1.0111 10.9516, 0.3145 -0.9874 10.9561, 0.3092 -1.0047 11.028, 0.2679 -0.9335 10.9664, 0.2613 -0.9258 10.9678, 0.2569 -0.9442 11.0395, 0.1897 -0.8742 10.9777, 0.1213 -0.8431 10.9836, 0.1193 -0.8628 11.0549, 0.0979 -0.838 10.9845, 0.0411 -0.8257 10.9869, 0.0404 -0.8458 11.0582, 0.0 -0.8257 10.9869, -0.0411 -0.8257 10.9869, -0.0404 -0.8458 11.0582, -0.0979 -0.838 10.9845, -0.1213 -0.8431 10.9836, -0.1193 -0.8628 11.0549, -0.1897 -0.8742 10.9777, -0.1959 -0.877 10.9771, -0.1926 -0.8961 11.0486, -0.2679 -0.9335 10.9664, -0.3145 -0.9874 10.9561, -0.3092 -1.0047 11.028, -0.3273 -1.0111 10.9516, -0.353 -1.0587 10.9426, -0.347 -1.0748 11.0147, -0.3649 -1.1008 10.9346, -0.3749 -1.1364 10.9278, -0.3686 -1.1512 11.0001, -0.3783 -1.1969 10.9163, -0.3794 -1.217 10.9125, -0.373 -1.2305 10.9851, -0.3667 -1.2934 10.898, -0.3661 -1.2967 10.8974, -0.3599 -1.3088 10.9702, -0.328 -1.3828 10.881, -0.2896 -1.4385 10.8704, -0.2847 -1.4482 10.9437, -0.2672 -1.4593 10.8665, -0.2299 -1.494 10.8599, -0.2261 -1.5028 10.9333, -0.1889 -1.5183 10.8553, -0.1595 -1.5356 10.852, -0.1568 -1.5437 10.9256, -0.0979 -1.556 10.8481, -0.0817 -1.5614 10.8471, -0.0803 -1.569 10.9207, -0.0611 -1.3911 11.2317, -0.031 -1.3309 11.2627, -0.0447 -1.3229 11.2642, 0.0 -1.2658 11.2795, -0.0159 -1.336 11.2617, -0.0313 -1.401 11.2298, -0.0455 -1.4583 11.185, 0.0 -1.3377 11.2614, 0.0 -1.4043 11.2292, 0.0 -1.4631 11.1841, 0.0 -1.5116 11.1281, 0.0 -1.5701 10.8454, 0.0 -1.5776 10.9191, -0.0757 -1.5619 10.9943, 0.0 -1.57 10.9928, -0.0682 -1.5404 11.0648, 0.0 -1.5477 11.0634, -0.058 -1.5054 11.1293, -0.148 -1.538 10.9989, -0.1332 -1.5189 11.0689, -0.1132 -1.4871 11.1327, -0.0889 -1.4439 11.1878, -0.2132 -1.4994 11.0062, -0.192 -1.4842 11.0755, -0.1632 -1.4576 11.1383, -0.1281 -1.4207 11.1922, -0.088 -1.3752 11.2347, -0.2686 -1.448 11.016, -0.2418 -1.4378 11.0843, -0.2056 -1.4182 11.1458, -0.1613 -1.3898 11.198, -0.1109 -1.354 11.2387, -0.0564 -1.312 11.2663, -0.3357 -1.3717 10.8831, -0.33 -1.3825 10.9562, -0.3113 -1.386 11.0278, -0.2803 -1.382 11.0949, -0.2383 -1.3707 11.1548, -0.187 -1.3526 11.2051, -0.1285 -1.3284 11.2436, -0.0653 -1.299 11.2688, -0.3395 -1.3165 11.041, -0.3057 -1.3194 11.1068, -0.2599 -1.3175 11.165, -0.2039 -1.3108 11.213, -0.1402 -1.2997 11.2491, -0.0712 -1.2845 11.2715, -0.3518 -1.2426 11.055, -0.3168 -1.2529 11.1194, -0.2693 -1.261 11.1757, -0.2113 -1.2665 11.2215, -0.1453 -1.2692 11.2549, -0.0738 -1.269 11.2745, -0.3477 -1.1678 11.0692, -0.3131 -1.1856 11.1322, -0.2661 -1.2038 11.1866, -0.2088 -1.2216 11.23, -0.1436 -1.2383 11.2607, -0.073 -1.2533 11.2775, -0.3273 -1.0957 11.0829, -0.2947 -1.1207 11.1446, -0.2505 -1.1486 11.1971, -0.1966 -1.1783 11.2382, -0.1351 -1.2085 11.2664, -0.0687 -1.2381 11.2803, -0.2916 -1.0296 11.0955, -0.2626 -1.0611 11.1559, -0.2232 -1.0979 11.2067, -0.1752 -1.1385 11.2458, -0.1204 -1.1812 11.2716, -0.0612 -1.2243 11.283, -0.2613 -0.9258 10.9678, -0.2569 -0.9442 11.0395, -0.2423 -0.9725 11.1063, -0.2182 -1.0097 11.1656, -0.1855 -1.0543 11.215, -0.1455 -1.1043 11.2523, -0.1 -1.1577 11.276, -0.0508 -1.2123 11.2853, -0.1817 -0.9272 11.1149, -0.1636 -0.969 11.1734, -0.139 -1.0196 11.2216, -0.1091 -1.0771 11.2575, -0.075 -1.139 11.2796, -0.0381 -1.2028 11.2871, -0.1125 -0.8958 11.1209, -0.1013 -0.9407 11.1788, -0.0861 -0.9955 11.2261, -0.0676 -1.0582 11.2611, -0.0464 -1.126 11.2821, -0.0236 -1.1962 11.2883, -0.0381 -0.8797 11.124, -0.0343 -0.9262 11.1815, -0.0292 -0.9832 11.2285, -0.0229 -1.0485 11.2629, -0.0157 -1.1194 11.2833, -0.008 -1.1928 11.289, 0.0381 -0.8797 11.124, 0.0343 -0.9262 11.1815, 0.0292 -0.9832 11.2285, 0.0229 -1.0485 11.2629, 0.0157 -1.1194 11.2833, 0.008 -1.1928 11.289, 0.1125 -0.8958 11.1209, 0.1013 -0.9407 11.1788, 0.0861 -0.9955 11.2261, 0.0676 -1.0582 11.2611, 0.0464 -1.126 11.2821, 0.0236 -1.1962 11.2883, 0.1959 -0.877 10.9771, 0.1926 -0.8961 11.0486, 0.1817 -0.9272 11.1149, 0.1636 -0.969 11.1734, 0.139 -1.0196 11.2216, 0.1091 -1.0771 11.2575, 0.075 -1.139 11.2796, 0.0381 -1.2028 11.2871, 0.2423 -0.9725 11.1063, 0.2182 -1.0097 11.1656, 0.1855 -1.0543 11.215, 0.1455 -1.1043 11.2523, 0.1 -1.1577 11.276, 0.0508 -1.2123 11.2853, 0.2916 -1.0296 11.0955, 0.2626 -1.0611 11.1559, 0.2232 -1.0979 11.2067, 0.1752 -1.1385 11.2458, 0.1204 -1.1812 11.2716, 0.0612 -1.2243 11.283, 0.3273 -1.0957 11.0829, 0.2947 -1.1207 11.1446, 0.2505 -1.1486 11.1971, 0.1966 -1.1783 11.2382, 0.1351 -1.2085 11.2664, 0.0687 -1.2381 11.2803, 0.3477 -1.1678 11.0692, 0.3131 -1.1856 11.1322, 0.2661 -1.2038 11.1866, 0.2088 -1.2216 11.23, 0.1436 -1.2383 11.2607, 0.073 -1.2533 11.2775, 0.3518 -1.2426 11.055, 0.3168 -1.2529 11.1194, 0.2693 -1.261 11.1757, 0.2113 -1.2665 11.2215, 0.1453 -1.2692 11.2549, 0.0738 -1.269 11.2745, 0.3661 -1.2967 10.8974, 0.3599 -1.3088 10.9702, 0.3395 -1.3165 11.041, 0.3057 -1.3194 11.1068, 0.2599 -1.3175 11.165, 0.2039 -1.3108 11.213, 0.1402 -1.2997 11.2491, 0.0712 -1.2845 11.2715, 0.3113 -1.386 11.0278, 0.2803 -1.382 11.0949, 0.2383 -1.3707 11.1548, 0.187 -1.3526 11.2051, 0.1285 -1.3284 11.2436, 0.0653 -1.299 11.2688, 0.2686 -1.448 11.016, 0.2418 -1.4378 11.0843, 0.2056 -1.4182 11.1458, 0.1613 -1.3898 11.198, 0.1109 -1.354 11.2387, 0.0564 -1.312 11.2663, 0.2132 -1.4994 11.0062, 0.192 -1.4842 11.0755, 0.1632 -1.4576 11.1383, 0.1281 -1.4207 11.1922, 0.088 -1.3752 11.2347, 0.0447 -1.3229 11.2642, 0.148 -1.538 10.9989, 0.1332 -1.5189 11.0689, 0.1132 -1.4871 11.1327, 0.0889 -1.4439 11.1878, 0.0611 -1.3911 11.2317, 0.031 -1.3309 11.2627, 0.0817 -1.5614 10.8471, 0.0803 -1.569 10.9207, 0.0757 -1.5619 10.9943, 0.0682 -1.5404 11.0648, 0.058 -1.5054 11.1293, 0.0455 -1.4583 11.185, 0.0313 -1.401 11.2298, 0.0159 -1.336 11.2617
            ]
        }
        coordIndex [
            0,1,2,-1,0,2,3,-1,4,3,2,-1,5,4,2,-1,6,5,2,-1,7,6,2,-1,8,7,2,-1,9,8,2,-1,10,9,2,-1,11,10,2,-1,12,11,2,-1,13,12,2,-1,14,13,2,-1,15,14,2,-1,16,15,2,-1,17,16,2,-1,18,17,2,-1,19,18,2,-1,20,19,2,-1,21,20,2,-1,22,21,2,-1,23,22,2,-1,24,23,2,-1,1,24,2,-1,25,26,27,-1,28,29,30,-1,31,32,33,-1,34,35,36,-1,37,38,39,-1,40,41,42,-1,43,44,45,-1,46,47,48,-1,49,50,51,-1,52,53,54,-1,55,56,57,-1,58,59,60,-1,61,62,63,-1,64,65,66,-1,67,68,69,-1,70,71,72,-1,73,74,75,-1,76,77,78,-1,79,80,81,-1,82,83,84,-1,85,86,87,-1,88,89,90,-1,91,92,93,-1,94,95,96,-1,96,95,97,-1,98,97,95,-1,98,95,99,-1,99,95,94,-1,99,94,100,-1,101,97,98,-1,101,98,102,-1,102,98,99,-1,102,99,103,-1,103,99,100,-1,103,100,104,-1,92,105,93,-1,93,105,106,-1,93,106,107,-1,107,106,108,-1,107,108,109,-1,109,108,110,-1,109,110,111,-1,89,91,90,-1,90,91,93,-1,90,93,112,-1,112,93,107,-1,112,107,113,-1,113,107,109,-1,113,109,114,-1,114,109,111,-1,114,111,115,-1,86,88,87,-1,87,88,90,-1,87,90,116,-1,116,90,112,-1,116,112,117,-1,117,112,113,-1,117,113,118,-1,118,113,114,-1,118,114,119,-1,119,114,115,-1,119,115,120,-1,83,85,84,-1,84,85,87,-1,84,87,121,-1,121,87,116,-1,121,116,122,-1,122,116,117,-1,122,117,123,-1,123,117,118,-1,123,118,124,-1,124,118,119,-1,124,119,125,-1,125,119,120,-1,125,120,126,-1,127,82,128,-1,128,82,84,-1,128,84,129,-1,129,84,121,-1,129,121,130,-1,130,121,122,-1,130,122,131,-1,131,122,123,-1,131,123,132,-1,132,123,124,-1,132,124,133,-1,133,124,125,-1,133,125,134,-1,134,125,126,-1,80,127,81,-1,81,127,128,-1,81,128,135,-1,135,128,129,-1,135,129,136,-1,136,129,130,-1,136,130,137,-1,137,130,131,-1,137,131,138,-1,138,131,132,-1,138,132,139,-1,139,132,133,-1,139,133,140,-1,140,133,134,-1,140,134,97,-1,126,97,134,-1,110,104,111,-1,111,104,100,-1,111,100,115,-1,115,100,94,-1,115,94,120,-1,120,94,96,-1,120,96,126,-1,126,96,97,-1,77,79,78,-1,78,79,81,-1,78,81,141,-1,141,81,135,-1,141,135,142,-1,142,135,136,-1,142,136,143,-1,143,136,137,-1,143,137,144,-1,144,137,138,-1,144,138,145,-1,145,138,139,-1,145,139,146,-1,146,139,140,-1,146,140,97,-1,74,76,75,-1,75,76,78,-1,75,78,147,-1,147,78,141,-1,147,141,148,-1,148,141,142,-1,148,142,149,-1,149,142,143,-1,149,143,150,-1,150,143,144,-1,150,144,151,-1,151,144,145,-1,151,145,152,-1,152,145,146,-1,152,146,97,-1,71,73,72,-1,72,73,75,-1,72,75,153,-1,153,75,147,-1,153,147,154,-1,154,147,148,-1,154,148,155,-1,155,148,149,-1,155,149,156,-1,156,149,150,-1,156,150,157,-1,157,150,151,-1,157,151,158,-1,158,151,152,-1,158,152,97,-1,68,70,69,-1,69,70,72,-1,69,72,159,-1,159,72,153,-1,159,153,160,-1,160,153,154,-1,160,154,161,-1,161,154,155,-1,161,155,162,-1,162,155,156,-1,162,156,163,-1,163,156,157,-1,163,157,164,-1,164,157,158,-1,164,158,97,-1,165,67,166,-1,166,67,69,-1,166,69,167,-1,167,69,159,-1,167,159,168,-1,168,159,160,-1,168,160,169,-1,169,160,161,-1,169,161,170,-1,170,161,162,-1,170,162,171,-1,171,162,163,-1,171,163,172,-1,172,163,164,-1,172,164,97,-1,65,165,66,-1,66,165,166,-1,66,166,173,-1,173,166,167,-1,173,167,174,-1,174,167,168,-1,174,168,175,-1,175,168,169,-1,175,169,176,-1,176,169,170,-1,176,170,177,-1,177,170,171,-1,177,171,178,-1,178,171,172,-1,178,172,97,-1,62,64,63,-1,63,64,66,-1,63,66,179,-1,179,66,173,-1,179,173,180,-1,180,173,174,-1,180,174,181,-1,181,174,175,-1,181,175,182,-1,182,175,176,-1,182,176,183,-1,183,176,177,-1,183,177,184,-1,184,177,178,-1,184,178,97,-1,59,61,60,-1,60,61,63,-1,60,63,185,-1,185,63,179,-1,185,179,186,-1,186,179,180,-1,186,180,187,-1,187,180,181,-1,187,181,188,-1,188,181,182,-1,188,182,189,-1,189,182,183,-1,189,183,190,-1,190,183,184,-1,190,184,97,-1,56,58,57,-1,57,58,60,-1,57,60,191,-1,191,60,185,-1,191,185,192,-1,192,185,186,-1,192,186,193,-1,193,186,187,-1,193,187,194,-1,194,187,188,-1,194,188,195,-1,195,188,189,-1,195,189,196,-1,196,189,190,-1,196,190,97,-1,53,55,54,-1,54,55,57,-1,54,57,197,-1,197,57,191,-1,197,191,198,-1,198,191,192,-1,198,192,199,-1,199,192,193,-1,199,193,200,-1,200,193,194,-1,200,194,201,-1,201,194,195,-1,201,195,202,-1,202,195,196,-1,202,196,97,-1,203,52,204,-1,204,52,54,-1,204,54,205,-1,205,54,197,-1,205,197,206,-1,206,197,198,-1,206,198,207,-1,207,198,199,-1,207,199,208,-1,208,199,200,-1,208,200,209,-1,209,200,201,-1,209,201,210,-1,210,201,202,-1,210,202,97,-1,50,203,51,-1,51,203,204,-1,51,204,211,-1,211,204,205,-1,211,205,212,-1,212,205,206,-1,212,206,213,-1,213,206,207,-1,213,207,214,-1,214,207,208,-1,214,208,215,-1,215,208,209,-1,215,209,216,-1,216,209,210,-1,216,210,97,-1,47,49,48,-1,48,49,51,-1,48,51,217,-1,217,51,211,-1,217,211,218,-1,218,211,212,-1,218,212,219,-1,219,212,213,-1,219,213,220,-1,220,213,214,-1,220,214,221,-1,221,214,215,-1,221,215,222,-1,222,215,216,-1,222,216,97,-1,44,46,45,-1,45,46,48,-1,45,48,223,-1,223,48,217,-1,223,217,224,-1,224,217,218,-1,224,218,225,-1,225,218,219,-1,225,219,226,-1,226,219,220,-1,226,220,227,-1,227,220,221,-1,227,221,228,-1,228,221,222,-1,228,222,97,-1,41,43,42,-1,42,43,45,-1,42,45,229,-1,229,45,223,-1,229,223,230,-1,230,223,224,-1,230,224,231,-1,231,224,225,-1,231,225,232,-1,232,225,226,-1,232,226,233,-1,233,226,227,-1,233,227,234,-1,234,227,228,-1,234,228,97,-1,38,40,39,-1,39,40,42,-1,39,42,235,-1,235,42,229,-1,235,229,236,-1,236,229,230,-1,236,230,237,-1,237,230,231,-1,237,231,238,-1,238,231,232,-1,238,232,239,-1,239,232,233,-1,239,233,240,-1,240,233,234,-1,240,234,97,-1,241,37,242,-1,242,37,39,-1,242,39,243,-1,243,39,235,-1,243,235,244,-1,244,235,236,-1,244,236,245,-1,245,236,237,-1,245,237,246,-1,246,237,238,-1,246,238,247,-1,247,238,239,-1,247,239,248,-1,248,239,240,-1,248,240,97,-1,35,241,36,-1,36,241,242,-1,36,242,249,-1,249,242,243,-1,249,243,250,-1,250,243,244,-1,250,244,251,-1,251,244,245,-1,251,245,252,-1,252,245,246,-1,252,246,253,-1,253,246,247,-1,253,247,254,-1,254,247,248,-1,254,248,97,-1,32,34,33,-1,33,34,36,-1,33,36,255,-1,255,36,249,-1,255,249,256,-1,256,249,250,-1,256,250,257,-1,257,250,251,-1,257,251,258,-1,258,251,252,-1,258,252,259,-1,259,252,253,-1,259,253,260,-1,260,253,254,-1,260,254,97,-1,29,31,30,-1,30,31,33,-1,30,33,261,-1,261,33,255,-1,261,255,262,-1,262,255,256,-1,262,256,263,-1,263,256,257,-1,263,257,264,-1,264,257,258,-1,264,258,265,-1,265,258,259,-1,265,259,266,-1,266,259,260,-1,266,260,97,-1,26,28,27,-1,27,28,30,-1,27,30,267,-1,267,30,261,-1,267,261,268,-1,268,261,262,-1,268,262,269,-1,269,262,263,-1,269,263,270,-1,270,263,264,-1,270,264,271,-1,271,264,265,-1,271,265,272,-1,272,265,266,-1,272,266,97,-1,273,25,274,-1,274,25,27,-1,274,27,275,-1,275,27,267,-1,275,267,276,-1,276,267,268,-1,276,268,277,-1,277,268,269,-1,277,269,278,-1,278,269,270,-1,278,270,279,-1,279,270,271,-1,279,271,280,-1,280,271,272,-1,280,272,97,-1,105,273,106,-1,106,273,274,-1,106,274,108,-1,108,274,275,-1,108,275,110,-1,110,275,276,-1,110,276,104,-1,104,276,277,-1,104,277,103,-1,103,277,278,-1,103,278,102,-1,102,278,279,-1,102,279,101,-1,101,279,280,-1,101,280,97,-1,92,23,24,-1,92,91,23,-1,23,91,89,-1,23,89,22,-1,89,88,22,-1,22,88,86,-1,22,86,21,-1,82,20,83,-1,83,20,21,-1,83,21,85,-1,85,21,86,-1,82,127,20,-1,20,127,80,-1,20,80,19,-1,80,79,19,-1,19,79,77,-1,19,77,18,-1,77,76,18,-1,18,76,74,-1,18,74,17,-1,74,73,17,-1,17,73,71,-1,17,71,16,-1,67,15,68,-1,68,15,16,-1,68,16,70,-1,70,16,71,-1,67,165,15,-1,15,165,65,-1,15,65,14,-1,65,64,14,-1,14,64,62,-1,14,62,13,-1,62,61,13,-1,13,61,59,-1,13,59,12,-1,59,58,12,-1,12,58,56,-1,12,56,11,-1,56,55,11,-1,11,55,53,-1,11,53,10,-1,50,9,203,-1,203,9,10,-1,203,10,52,-1,52,10,53,-1,50,49,9,-1,9,49,47,-1,9,47,8,-1,47,46,8,-1,8,46,44,-1,8,44,7,-1,44,43,7,-1,7,43,41,-1,7,41,6,-1,41,40,6,-1,6,40,38,-1,6,38,5,-1,35,4,241,-1,241,4,5,-1,241,5,37,-1,37,5,38,-1,35,34,4,-1,4,34,32,-1,4,32,3,-1,32,31,3,-1,3,31,29,-1,3,29,0,-1,29,28,0,-1,0,28,26,-1,0,26,1,-1,26,25,1,-1,1,25,273,-1,1,273,24,-1,24,273,105,-1,24,105,92,-1,
        ]
    }
}
Shape{
    appearance Appearance {
        material  Material 	{
            diffuseColor 0.9686274509803922 0.8784313725490196 0.6
            specularColor 0.6784313725490196 0.615686274509804 0.4196078431372549
            ambientIntensity 0.8737
            transparency 0.0
            shininess 0.5
        }
    }
    geometry IndexedFaceSet {
        ccw TRUE
        solid FALSE
        coord DEF co Coordinate {
            point [
                0.1118 1.7008 -0.2874, 0.1451 1.7008 -0.2991, 0.3996 1.7008 0.1811, 0.2815 1.7008 -1.3463, 0.1451 1.7008 -1.0474, 0.2442 1.7008 -1.3637, 0.1118 1.7008 -1.059, -0.2187 1.7008 -0.9738, -0.2303 1.7008 -0.9406, -0.3996 1.7008 -1.1417, 0.175 1.7008 -1.0286, 0.3854 1.7008 -1.2225, 0.1999 1.7008 -1.0037, 0.396 1.7008 -1.1827, 0.2187 1.7008 -0.9738, 0.3996 1.7008 -1.1417, 0.2303 1.7008 -0.9406, -0.3152 1.7008 -1.3227, -0.2815 1.7008 -1.3463, -0.1451 1.7008 -1.0474, -0.2442 1.7008 -1.3637, -0.1118 1.7008 -1.059, -0.2044 1.7008 -1.3744, -0.0768 1.7008 -1.063, -0.1634 1.7008 -1.378, 0.0768 1.7008 -1.063, 0.1634 1.7008 -1.378, 0.2044 1.7008 -1.3744, -0.1999 1.7008 -1.0037, 0.175 1.7008 -0.3178, 0.1999 1.7008 -0.3428, 0.2187 1.7008 -0.3726, 0.2303 1.7008 -0.4059, 0.2343 1.7008 -0.4409, 0.2343 1.7008 -0.9055, 0.3152 1.7008 -1.3227, 0.3443 1.7008 -1.2936, 0.368 1.7008 -1.2598, -0.1451 1.7008 -0.2991, -0.1118 1.7008 -0.2874, -0.3996 1.7008 0.1811, -0.0768 1.7008 -0.2835, 0.0768 1.7008 -0.2835, -0.396 1.7008 -1.1827, -0.3854 1.7008 -1.2225, -0.175 1.7008 -1.0286, -0.368 1.7008 -1.2598, -0.3443 1.7008 -1.2936, -0.2187 1.7008 -0.3726, -0.1999 1.7008 -0.3428, -0.175 1.7008 -0.3178, -0.2343 1.7008 -0.9055, -0.2343 1.7008 -0.4409, -0.2303 1.7008 -0.4059, -0.3996 2.0 -1.1417, -0.3996 2.0 0.1811, -0.1999 2.0 -0.3428, -0.2187 2.0 -0.3726, -0.1118 2.0 -0.2874, -0.1451 2.0 -0.2991, -0.175 2.0 -0.3178, -0.2343 2.0 -0.9055, -0.2343 2.0 -0.4409, -0.2303 2.0 -0.4059, -0.2303 2.0 -0.9406, -0.2187 2.0 -0.9738, -0.396 2.0 -1.1827, -0.1999 2.0 -1.0037, -0.3854 2.0 -1.2225, -0.175 2.0 -1.0286, -0.368 2.0 -1.2598, -0.3443 2.0 -1.2936, -0.1451 2.0 -1.0474, -0.3152 2.0 -1.3227, -0.1118 2.0 -1.059, -0.2442 2.0 -1.3637, -0.2815 2.0 -1.3463, 0.396 2.0 -1.1827, 0.3854 2.0 -1.2225, 0.1999 2.0 -1.0037, 0.175 2.0 -1.0286, 0.2187 2.0 -0.3726, 0.1999 2.0 -0.3428, 0.3996 2.0 0.1811, 0.175 2.0 -0.3178, 0.1451 2.0 -0.2991, 0.3152 2.0 -1.3227, 0.1451 2.0 -1.0474, 0.3443 2.0 -1.2936, 0.368 2.0 -1.2598, 0.2815 2.0 -1.3463, 0.2442 2.0 -1.3637, 0.1118 2.0 -1.059, 0.2044 2.0 -1.3744, 0.0768 2.0 -1.063, 0.1634 2.0 -1.378, -0.0768 2.0 -1.063, -0.1634 2.0 -1.378, -0.2044 2.0 -1.3744, 0.3996 2.0 -1.1417, 0.2187 2.0 -0.9738, 0.2303 2.0 -0.9406, 0.1118 2.0 -0.2874, 0.0768 2.0 -0.2835, -0.0768 2.0 -0.2835, 0.2343 2.0 -0.9055, 0.2343 2.0 -0.4409, 0.2303 2.0 -0.4059, 0.3996 0.1496 -1.1417, 0.3996 0.1496 0.1811, 0.3996 -0.1496 -1.1417, 0.3996 -0.1496 0.1811, 0.1118 -0.1496 -0.2874, 0.1451 -0.1496 -0.2991, 0.2815 -0.1496 -1.3463, 0.1451 -0.1496 -1.0474, 0.2442 -0.1496 -1.3637, 0.1118 -0.1496 -1.059, 0.2044 -0.1496 -1.3744, 0.175 -0.1496 -0.3178, 0.1999 -0.1496 -0.3428, 0.2187 -0.1496 -0.3726, 0.1634 -0.1496 -1.378, 0.0768 -0.1496 -1.063, -0.1634 -0.1496 -1.378, -0.0768 -0.1496 -1.063, -0.2044 -0.1496 -1.3744, -0.1118 -0.1496 -1.059, -0.2442 -0.1496 -1.3637, -0.1451 -0.1496 -1.0474, -0.2815 -0.1496 -1.3463, -0.175 -0.1496 -1.0286, -0.3443 -0.1496 -1.2936, -0.3152 -0.1496 -1.3227, -0.2187 -0.1496 -0.3726, -0.1999 -0.1496 -0.3428, -0.3996 -0.1496 0.1811, -0.175 -0.1496 -0.3178, -0.1451 -0.1496 -0.2991, 0.2343 -0.1496 -0.9055, 0.2343 -0.1496 -0.4409, 0.2303 -0.1496 -0.4059, -0.1999 -0.1496 -1.0037, -0.2187 -0.1496 -0.9738, -0.3996 -0.1496 -1.1417, -0.2303 -0.1496 -0.9406, -0.1118 -0.1496 -0.2874, -0.0768 -0.1496 -0.2835, 0.0768 -0.1496 -0.2835, 0.2303 -0.1496 -0.9406, 0.2187 -0.1496 -0.9738, 0.396 -0.1496 -1.1827, 0.1999 -0.1496 -1.0037, 0.3854 -0.1496 -1.2225, 0.175 -0.1496 -1.0286, -0.396 -0.1496 -1.1827, -0.3854 -0.1496 -1.2225, -0.368 -0.1496 -1.2598, 0.3152 -0.1496 -1.3227, 0.3443 -0.1496 -1.2936, 0.368 -0.1496 -1.2598, -0.2343 -0.1496 -0.9055, -0.2343 -0.1496 -0.4409, -0.2303 -0.1496 -0.4059, -0.3996 0.1496 -1.1417, -0.3996 0.1496 0.1811, -0.2815 0.1496 -1.3463, -0.1451 0.1496 -1.0474, -0.2442 0.1496 -1.3637, -0.1118 0.1496 -1.059, 0.1451 0.1496 -1.0474, 0.2815 0.1496 -1.3463, 0.2442 0.1496 -1.3637, -0.175 0.1496 -1.0286, -0.3854 0.1496 -1.2225, -0.1999 0.1496 -1.0037, -0.396 0.1496 -1.1827, -0.2187 0.1496 -0.9738, -0.2303 0.1496 -0.9406, 0.1999 0.1496 -1.0037, 0.2187 0.1496 -0.9738, 0.2303 0.1496 -0.9406, -0.3152 0.1496 -1.3227, -0.3443 0.1496 -1.2936, -0.368 0.1496 -1.2598, 0.1118 0.1496 -1.059, 0.2044 0.1496 -1.3744, 0.0768 0.1496 -1.063, 0.1634 0.1496 -1.378, -0.0768 0.1496 -1.063, -0.1634 0.1496 -1.378, -0.2044 0.1496 -1.3744, 0.2187 0.1496 -0.3726, 0.1999 0.1496 -0.3428, 0.175 0.1496 -0.3178, 0.1451 0.1496 -0.2991, -0.2343 0.1496 -0.4409, -0.2343 0.1496 -0.9055, 0.175 0.1496 -1.0286, 0.3443 0.1496 -1.2936, 0.3152 0.1496 -1.3227, 0.396 0.1496 -1.1827, 0.3854 0.1496 -1.2225, 0.368 0.1496 -1.2598, -0.1118 0.1496 -0.2874, -0.1451 0.1496 -0.2991, -0.175 0.1496 -0.3178, -0.1999 0.1496 -0.3428, -0.2187 0.1496 -0.3726, -0.2303 0.1496 -0.4059, 0.2343 0.1496 -0.9055, 0.2343 0.1496 -0.4409, 0.2303 0.1496 -0.4059, 0.1118 0.1496 -0.2874, 0.0768 0.1496 -0.2835, -0.0768 0.1496 -0.2835, 0.3996 -1.7008 -1.1417, 0.3996 -1.7008 0.1811, 0.3996 -2.0 -1.1417, 0.3996 -2.0 0.1811, 0.2343 -2.0 -0.9055, 0.2343 -2.0 -0.4409, 0.2303 -2.0 -0.4059, 0.2815 -2.0 -1.3463, 0.1451 -2.0 -1.0474, 0.2442 -2.0 -1.3637, 0.1118 -2.0 -1.059, 0.1118 -2.0 -0.2874, 0.1451 -2.0 -0.2991, 0.175 -2.0 -0.3178, -0.3152 -2.0 -1.3227, -0.1451 -2.0 -1.0474, -0.3443 -2.0 -1.2936, -0.175 -2.0 -1.0286, -0.1999 -2.0 -1.0037, -0.2187 -2.0 -0.9738, -0.3996 -2.0 -1.1417, -0.2303 -2.0 -0.9406, 0.1999 -2.0 -0.3428, 0.2187 -2.0 -0.3726, 0.2303 -2.0 -0.9406, 0.2187 -2.0 -0.9738, 0.396 -2.0 -1.1827, 0.1999 -2.0 -1.0037, 0.3854 -2.0 -1.2225, 0.175 -2.0 -1.0286, -0.2815 -2.0 -1.3463, -0.2442 -2.0 -1.3637, -0.1118 -2.0 -1.059, -0.2044 -2.0 -1.3744, -0.0768 -2.0 -1.063, -0.1634 -2.0 -1.378, 0.0768 -2.0 -1.063, 0.1634 -2.0 -1.378, 0.2044 -2.0 -1.3744, -0.396 -2.0 -1.1827, -0.3854 -2.0 -1.2225, -0.368 -2.0 -1.2598, -0.2187 -2.0 -0.3726, -0.1999 -2.0 -0.3428, -0.3996 -2.0 0.1811, -0.175 -2.0 -0.3178, -0.1451 -2.0 -0.2991, -0.1118 -2.0 -0.2874, -0.0768 -2.0 -0.2835, 0.0768 -2.0 -0.2835, 0.3152 -2.0 -1.3227, 0.3443 -2.0 -1.2936, 0.368 -2.0 -1.2598, -0.2343 -2.0 -0.9055, -0.2343 -2.0 -0.4409, -0.2303 -2.0 -0.4059, -0.3996 -1.7008 -1.1417, -0.3996 -1.7008 0.1811, -0.2815 -1.7008 -1.3463, -0.1451 -1.7008 -1.0474, -0.2442 -1.7008 -1.3637, -0.1118 -1.7008 -1.059, -0.2343 -1.7008 -0.9055, -0.2343 -1.7008 -0.4409, -0.175 -1.7008 -1.0286, -0.3854 -1.7008 -1.2225, -0.1999 -1.7008 -1.0037, -0.396 -1.7008 -1.1827, -0.2187 -1.7008 -0.9738, -0.2303 -1.7008 -0.9406, -0.3152 -1.7008 -1.3227, -0.3443 -1.7008 -1.2936, -0.368 -1.7008 -1.2598, 0.3152 -1.7008 -1.3227, 0.2815 -1.7008 -1.3463, 0.1451 -1.7008 -1.0474, 0.2442 -1.7008 -1.3637, 0.1118 -1.7008 -1.059, 0.2044 -1.7008 -1.3744, 0.0768 -1.7008 -1.063, 0.1634 -1.7008 -1.378, -0.0768 -1.7008 -1.063, -0.1634 -1.7008 -1.378, -0.2044 -1.7008 -1.3744, 0.3443 -1.7008 -1.2936, 0.175 -1.7008 -1.0286, 0.368 -1.7008 -1.2598, 0.3854 -1.7008 -1.2225, 0.1999 -1.7008 -1.0037, 0.396 -1.7008 -1.1827, 0.2187 -1.7008 -0.9738, 0.2303 -1.7008 -0.9406, 0.2187 -1.7008 -0.3726, 0.1999 -1.7008 -0.3428, 0.175 -1.7008 -0.3178, 0.1451 -1.7008 -0.2991, -0.1118 -1.7008 -0.2874, -0.1451 -1.7008 -0.2991, -0.175 -1.7008 -0.3178, -0.1999 -1.7008 -0.3428, -0.2187 -1.7008 -0.3726, -0.2303 -1.7008 -0.4059, 0.2343 -1.7008 -0.9055, 0.2343 -1.7008 -0.4409, 0.2303 -1.7008 -0.4059, 0.1118 -1.7008 -0.2874, 0.0768 -1.7008 -0.2835, -0.0768 -1.7008 -0.2835
            ]
        }
        coordIndex [
            0,1,2,-1,3,4,5,-1,5,4,6,-1,7,8,9,-1,10,11,12,-1,12,11,13,-1,12,13,14,-1,14,13,15,-1,14,15,16,-1,17,18,19,-1,19,18,20,-1,19,20,21,-1,21,20,22,-1,21,22,23,-1,23,22,24,-1,23,24,25,-1,25,24,26,-1,25,26,6,-1,6,26,27,-1,6,27,5,-1,7,9,28,-1,1,29,2,-1,2,29,30,-1,2,30,31,-1,31,32,2,-1,2,32,33,-1,2,33,15,-1,15,33,34,-1,15,34,16,-1,3,35,4,-1,4,35,36,-1,4,36,10,-1,10,36,37,-1,10,37,11,-1,38,39,40,-1,40,39,41,-1,40,41,2,-1,2,41,42,-1,2,42,0,-1,9,43,28,-1,28,43,44,-1,28,44,45,-1,45,44,46,-1,45,46,19,-1,19,46,47,-1,19,47,17,-1,48,49,40,-1,40,49,50,-1,40,50,38,-1,8,51,9,-1,9,51,52,-1,9,52,40,-1,40,52,53,-1,40,53,48,-1,9,40,54,-1,54,40,55,-1,56,57,55,-1,58,59,55,-1,55,59,60,-1,55,60,56,-1,61,54,62,-1,62,54,55,-1,62,55,63,-1,63,55,57,-1,61,64,54,-1,54,64,65,-1,54,65,66,-1,66,65,67,-1,66,67,68,-1,68,67,69,-1,68,69,70,-1,70,69,71,-1,71,69,72,-1,71,72,73,-1,74,75,72,-1,72,75,76,-1,72,76,73,-1,77,78,79,-1,79,78,80,-1,81,82,83,-1,83,82,84,-1,83,84,85,-1,86,87,88,-1,88,87,80,-1,88,80,89,-1,89,80,78,-1,86,90,87,-1,87,90,91,-1,87,91,92,-1,92,91,93,-1,92,93,94,-1,94,93,95,-1,94,95,96,-1,96,95,97,-1,96,97,74,-1,74,97,98,-1,74,98,75,-1,77,79,99,-1,99,79,100,-1,99,100,101,-1,85,102,83,-1,83,102,103,-1,83,103,55,-1,55,103,104,-1,55,104,58,-1,101,105,99,-1,99,105,106,-1,99,106,83,-1,83,106,107,-1,83,107,81,-1,99,83,15,-1,15,83,2,-1,26,24,95,-1,95,24,97,-1,83,55,2,-1,2,55,40,-1,26,95,93,-1,26,93,27,-1,27,93,91,-1,27,91,5,-1,5,91,90,-1,5,90,3,-1,3,90,86,-1,3,86,35,-1,35,86,88,-1,35,88,36,-1,36,88,89,-1,36,89,37,-1,37,89,78,-1,37,78,11,-1,11,78,77,-1,11,77,13,-1,13,77,99,-1,13,99,15,-1,97,24,22,-1,97,22,98,-1,98,22,20,-1,98,20,75,-1,75,20,18,-1,75,18,76,-1,76,18,17,-1,76,17,73,-1,73,17,47,-1,73,47,71,-1,71,47,46,-1,71,46,70,-1,70,46,44,-1,70,44,68,-1,68,44,43,-1,68,43,66,-1,66,43,9,-1,66,9,54,-1,106,33,107,-1,107,33,32,-1,107,32,81,-1,81,32,31,-1,81,31,82,-1,82,31,30,-1,82,30,84,-1,84,30,29,-1,84,29,85,-1,85,29,1,-1,85,1,102,-1,102,1,0,-1,102,0,103,-1,103,0,42,-1,105,34,106,-1,106,34,33,-1,94,25,92,-1,92,25,6,-1,92,6,87,-1,87,6,4,-1,87,4,80,-1,80,4,10,-1,80,10,79,-1,79,10,12,-1,79,12,100,-1,100,12,14,-1,100,14,101,-1,101,14,16,-1,101,16,105,-1,105,16,34,-1,96,23,94,-1,94,23,25,-1,61,51,64,-1,64,51,8,-1,64,8,65,-1,65,8,7,-1,65,7,67,-1,67,7,28,-1,67,28,69,-1,69,28,45,-1,69,45,72,-1,72,45,19,-1,72,19,74,-1,74,19,21,-1,74,21,96,-1,96,21,23,-1,62,52,61,-1,61,52,51,-1,104,41,58,-1,58,41,39,-1,58,39,59,-1,59,39,38,-1,59,38,60,-1,60,38,50,-1,60,50,56,-1,56,50,49,-1,56,49,57,-1,57,49,48,-1,57,48,63,-1,63,48,53,-1,63,53,62,-1,62,53,52,-1,103,42,104,-1,104,42,41,-1,108,109,110,-1,110,109,111,-1,112,113,111,-1,114,115,116,-1,116,115,117,-1,116,117,118,-1,113,119,111,-1,111,119,120,-1,111,120,121,-1,118,117,122,-1,122,117,123,-1,122,123,124,-1,124,123,125,-1,124,125,126,-1,126,125,127,-1,126,127,128,-1,128,127,129,-1,128,129,130,-1,131,132,129,-1,129,132,133,-1,129,133,130,-1,134,135,136,-1,136,135,137,-1,136,137,138,-1,139,110,140,-1,140,110,111,-1,140,111,141,-1,141,111,121,-1,142,143,144,-1,144,143,145,-1,138,146,136,-1,136,146,147,-1,136,147,111,-1,111,147,148,-1,111,148,112,-1,139,149,110,-1,110,149,150,-1,110,150,151,-1,151,150,152,-1,151,152,153,-1,153,152,154,-1,144,155,142,-1,142,155,156,-1,142,156,131,-1,131,156,157,-1,131,157,132,-1,114,158,115,-1,115,158,159,-1,115,159,154,-1,154,159,160,-1,154,160,153,-1,145,161,144,-1,144,161,162,-1,144,162,136,-1,136,162,163,-1,136,163,134,-1,144,136,164,-1,164,136,165,-1,166,167,168,-1,168,167,169,-1,170,171,172,-1,173,174,175,-1,175,174,176,-1,175,176,177,-1,177,176,164,-1,177,164,178,-1,179,180,108,-1,108,180,181,-1,166,182,167,-1,167,182,183,-1,167,183,173,-1,173,183,184,-1,173,184,174,-1,170,172,185,-1,185,172,186,-1,185,186,187,-1,187,186,188,-1,187,188,189,-1,189,188,190,-1,189,190,169,-1,169,190,191,-1,169,191,168,-1,192,193,109,-1,109,193,194,-1,109,194,195,-1,165,196,164,-1,164,196,197,-1,164,197,178,-1,198,199,170,-1,170,199,200,-1,170,200,171,-1,108,201,179,-1,179,201,202,-1,179,202,198,-1,198,202,203,-1,198,203,199,-1,204,205,165,-1,165,205,206,-1,165,206,207,-1,207,208,165,-1,165,208,209,-1,165,209,196,-1,181,210,108,-1,108,210,211,-1,108,211,109,-1,109,211,212,-1,109,212,192,-1,195,213,109,-1,109,213,214,-1,109,214,165,-1,165,214,215,-1,165,215,204,-1,122,124,188,-1,188,124,190,-1,165,136,109,-1,109,136,111,-1,108,110,151,-1,108,151,201,-1,201,151,153,-1,201,153,202,-1,202,153,160,-1,202,160,203,-1,203,160,159,-1,203,159,199,-1,199,159,158,-1,199,158,200,-1,200,158,114,-1,200,114,171,-1,171,114,116,-1,171,116,172,-1,172,116,118,-1,172,118,186,-1,186,118,122,-1,186,122,188,-1,144,164,176,-1,144,176,155,-1,155,176,174,-1,155,174,156,-1,156,174,184,-1,156,184,157,-1,157,184,183,-1,157,183,132,-1,132,183,182,-1,132,182,133,-1,133,182,166,-1,133,166,130,-1,130,166,168,-1,130,168,128,-1,128,168,191,-1,128,191,126,-1,126,191,190,-1,126,190,124,-1,211,140,212,-1,212,140,141,-1,212,141,192,-1,192,141,121,-1,192,121,193,-1,193,121,120,-1,193,120,194,-1,194,120,119,-1,194,119,195,-1,195,119,113,-1,195,113,213,-1,213,113,112,-1,213,112,214,-1,214,112,148,-1,210,139,211,-1,211,139,140,-1,187,123,185,-1,185,123,117,-1,185,117,170,-1,170,117,115,-1,170,115,198,-1,198,115,154,-1,198,154,179,-1,179,154,152,-1,179,152,180,-1,180,152,150,-1,180,150,181,-1,181,150,149,-1,181,149,210,-1,210,149,139,-1,189,125,187,-1,187,125,123,-1,197,161,178,-1,178,161,145,-1,178,145,177,-1,177,145,143,-1,177,143,175,-1,175,143,142,-1,175,142,173,-1,173,142,131,-1,173,131,167,-1,167,131,129,-1,167,129,169,-1,169,129,127,-1,169,127,189,-1,189,127,125,-1,196,162,197,-1,197,162,161,-1,215,147,204,-1,204,147,146,-1,204,146,205,-1,205,146,138,-1,205,138,206,-1,206,138,137,-1,206,137,207,-1,207,137,135,-1,207,135,208,-1,208,135,134,-1,208,134,209,-1,209,134,163,-1,209,163,196,-1,196,163,162,-1,214,148,215,-1,215,148,147,-1,216,217,218,-1,218,217,219,-1,220,218,221,-1,221,218,219,-1,221,219,222,-1,223,224,225,-1,225,224,226,-1,227,228,219,-1,219,228,229,-1,230,231,232,-1,232,231,233,-1,234,235,236,-1,236,235,237,-1,229,238,219,-1,219,238,239,-1,219,239,222,-1,220,240,218,-1,218,240,241,-1,218,241,242,-1,242,241,243,-1,242,243,244,-1,244,243,245,-1,230,246,231,-1,231,246,247,-1,231,247,248,-1,248,247,249,-1,248,249,250,-1,250,249,251,-1,250,251,252,-1,252,251,253,-1,252,253,226,-1,226,253,254,-1,226,254,225,-1,236,255,234,-1,234,255,256,-1,234,256,233,-1,233,256,257,-1,233,257,232,-1,258,259,260,-1,260,259,261,-1,260,261,262,-1,262,263,260,-1,260,263,264,-1,260,264,219,-1,219,264,265,-1,219,265,227,-1,223,266,224,-1,224,266,267,-1,224,267,245,-1,245,267,268,-1,245,268,244,-1,237,269,236,-1,236,269,270,-1,236,270,260,-1,260,270,271,-1,260,271,258,-1,236,260,272,-1,272,260,273,-1,274,275,276,-1,276,275,277,-1,278,272,279,-1,279,272,273,-1,280,281,282,-1,282,281,283,-1,282,283,284,-1,284,283,272,-1,284,272,285,-1,285,272,278,-1,274,286,275,-1,275,286,287,-1,275,287,280,-1,280,287,288,-1,280,288,281,-1,289,290,291,-1,291,290,292,-1,291,292,293,-1,293,292,294,-1,293,294,295,-1,295,294,296,-1,295,296,297,-1,297,296,298,-1,297,298,277,-1,277,298,299,-1,277,299,276,-1,289,291,300,-1,300,291,301,-1,300,301,302,-1,302,301,303,-1,303,301,304,-1,303,304,305,-1,305,304,216,-1,216,304,306,-1,216,306,307,-1,308,309,217,-1,217,309,310,-1,217,310,311,-1,312,313,273,-1,273,313,314,-1,273,314,315,-1,315,316,273,-1,273,316,317,-1,273,317,279,-1,307,318,216,-1,216,318,319,-1,216,319,217,-1,217,319,320,-1,217,320,308,-1,311,321,217,-1,217,321,322,-1,217,322,273,-1,273,322,323,-1,273,323,312,-1,298,296,251,-1,251,296,253,-1,273,260,217,-1,217,260,219,-1,236,272,283,-1,236,283,255,-1,255,283,281,-1,255,281,256,-1,256,281,288,-1,256,288,257,-1,257,288,287,-1,257,287,232,-1,232,287,286,-1,232,286,230,-1,230,286,274,-1,230,274,246,-1,246,274,276,-1,246,276,247,-1,247,276,299,-1,247,299,249,-1,249,299,298,-1,249,298,251,-1,216,218,242,-1,216,242,305,-1,305,242,244,-1,305,244,303,-1,303,244,268,-1,303,268,302,-1,302,268,267,-1,302,267,300,-1,300,267,266,-1,300,266,289,-1,289,266,223,-1,289,223,290,-1,290,223,225,-1,290,225,292,-1,292,225,254,-1,292,254,294,-1,294,254,253,-1,294,253,296,-1,319,221,320,-1,320,221,222,-1,320,222,308,-1,308,222,239,-1,308,239,309,-1,309,239,238,-1,309,238,310,-1,310,238,229,-1,310,229,311,-1,311,229,228,-1,311,228,321,-1,321,228,227,-1,321,227,322,-1,322,227,265,-1,221,319,220,-1,220,319,318,-1,295,252,293,-1,293,252,226,-1,293,226,291,-1,291,226,224,-1,291,224,301,-1,301,224,245,-1,301,245,304,-1,304,245,243,-1,304,243,306,-1,306,243,241,-1,306,241,307,-1,307,241,240,-1,307,240,318,-1,318,240,220,-1,252,295,250,-1,250,295,297,-1,278,269,285,-1,285,269,237,-1,285,237,284,-1,284,237,235,-1,284,235,282,-1,282,235,234,-1,282,234,280,-1,280,234,233,-1,280,233,275,-1,275,233,231,-1,275,231,277,-1,277,231,248,-1,277,248,297,-1,297,248,250,-1,269,278,270,-1,270,278,279,-1,323,264,312,-1,312,264,263,-1,312,263,313,-1,313,263,262,-1,313,262,314,-1,314,262,261,-1,314,261,315,-1,315,261,259,-1,315,259,316,-1,316,259,258,-1,316,258,317,-1,317,258,271,-1,317,271,279,-1,279,271,270,-1,264,323,265,-1,265,323,322,-1,
        ]
    }
}
Shape{
    appearance Appearance {
        material  Material 	{
            diffuseColor 0.8431372549019608 0.08627450980392157 0.0
            specularColor 0.7411764705882353 0.07450980392156863 0.0
            ambientIntensity 0.3027
            transparency 0.0
            shininess 0.5
        }
    }
    geometry IndexedFaceSet {
        ccw TRUE
        solid FALSE
        coord DEF co Coordinate {
            point [
                -1.1796 0.3108 7.1319, -1.1848 0.2909 7.1322, -1.1375 0.2793 7.1811, -1.215 -0.0292 7.137, -1.2135 -0.05 7.1373, -1.1703 -0.0483 7.1811, 0.1376 -1.1758 7.1686, 0.1913 -1.1668 7.1695, 0.1895 -1.1558 7.1811, 0.8349 -0.8215 7.1811, 0.778 -0.8755 7.1811, 0.7788 -0.8764 7.1798, 0.6473 -0.9762 7.1811, 0.6493 -0.9792 7.1773, 0.6559 -0.9748 7.1774, 0.718 -0.9286 7.1786, 0.7492 -0.9019 7.1792, 0.7771 -0.8781 7.1798, 0.5197 -1.0565 7.175, 0.5217 -1.0553 7.1751, 0.5037 -1.0574 7.1811, 0.5914 -1.0166 7.1762, 0.6389 -0.9859 7.1771, 0.3501 -1.1177 7.1811, 0.3525 -1.1256 7.1722, 0.3767 -1.118 7.1726, 0.3939 -1.1113 7.1729, 0.4492 -1.0896 7.1738, 0.5062 -1.0628 7.1748, 0.2121 -1.1634 7.1698, 0.2574 -1.1526 7.1706, 0.2964 -1.1433 7.1713, 0.1149 -1.178 7.1682, 0.0252 -1.171 7.1811, 0.0611 -1.1835 7.1673, -0.0308 -1.1858 7.1658, -0.0957 -1.1838 7.1647, -0.1396 -1.1629 7.1811, -0.0171 -1.1862 7.166, 0.0255 -1.1847 7.1667, -0.3189 -1.1479 7.161, -0.3067 -1.1506 7.1612, -0.3017 -1.1317 7.1811, -0.2407 -1.1655 7.1623, -0.1867 -1.174 7.1632, -0.1766 -1.1756 7.1633, -0.1694 -1.1768 7.1635, -0.1416 -1.1794 7.1639, -0.4665 -1.0986 7.1585, -0.4546 -1.103 7.1587, -0.4577 -1.0781 7.1811, -0.3939 -1.1257 7.1598, -0.3197 -1.1477 7.161, -0.6175 -1.0243 7.1561, -0.5814 -1.044 7.1567, -0.6047 -1.0031 7.1811, -0.5518 -1.0602 7.1571, -0.475 -1.0954 7.1584, -0.7397 -0.9081 7.1811, -0.757 -0.9293 7.1535, -0.751 -0.9342 7.1537, -0.7001 -0.9714 7.1546, -0.6876 -0.9804 7.1549, -0.6241 -1.0207 7.156, -0.9149 -0.7793 7.1501, -0.8819 -0.8155 7.1509, -0.86 -0.7952 7.1811, -0.8738 -0.8244 7.1511, -0.8114 -0.884 7.1524, -1.0053 -0.6625 7.1476, -0.9898 -0.6849 7.1481, -0.9632 -0.6664 7.1811, -0.9783 -0.7016 7.1484, -0.9266 -0.7665 7.1498, -1.0813 -0.5349 7.1451, -1.0787 -0.5401 7.1452, -1.0473 -0.5244 7.1811, -1.0675 -0.5622 7.1456, -1.0253 -0.6334 7.147, -1.1465 -0.384 7.1425, -1.1412 -0.3993 7.1428, -1.1106 -0.372 7.1811, -1.1367 -0.4124 7.143, -1.1047 -0.4884 7.1443, -1.1917 -0.2196 7.1399, -1.1837 -0.2587 7.1405, -1.1519 -0.2123 7.1811, -1.182 -0.2668 7.1407, -1.1634 -0.3345 7.1417, -1.2095 -0.107 7.1382, -1.2082 -0.1163 7.1383, -1.1992 -0.1831 7.1393, -1.2105 0.1319 7.1347, -1.2111 0.1213 7.1349, -1.1654 0.1167 7.1811, -1.2155 0.0477 7.1359, -1.2153 0.0247 7.1363, -1.1856 0.2881 7.1323, -1.2006 0.2104 7.1335, -1.2061 0.167 7.1342, -1.1345 0.4555 7.1295, -1.1355 0.453 7.1295, -1.0869 0.4364 7.1811, -1.1386 0.4455 7.1297, -1.1643 0.3691 7.131, -1.0615 0.6117 7.1267, -1.0697 0.5975 7.1269, -1.0148 0.5848 7.1811, -1.0733 0.5902 7.1271, -1.1067 0.5227 7.1283, -0.967 0.7564 7.1239, -0.9811 0.7384 7.1242, -0.9226 0.7216 7.1811, -0.9943 0.7189 7.1246, -1.0278 0.6695 7.1256, -0.8747 0.8657 7.1217, -0.9008 0.8365 7.1223, -0.812 0.8441 7.1811, -0.93 0.8039 7.1229, -0.795 0.9409 7.1201, -0.7646 0.9673 7.1195, -0.6853 0.9499 7.1811, -0.8235 0.9161 7.1206, -0.8531 0.8869 7.1213, -0.6796 1.0299 7.1179, -0.6363 1.0587 7.1171, -0.545 1.0367 7.1811, -0.7021 1.0149 7.1183, -0.7215 1.0001 7.1186, -0.4195 1.1655 7.1137, -0.4236 1.1638 7.1137, -0.3939 1.103 7.1811, -0.5009 1.1315 7.115, -0.5568 1.1035 7.1159, -0.5746 1.0946 7.1161, -0.5752 1.0942 7.1162, -0.235 1.1475 7.1811, -0.249 1.216 7.1109, -0.2569 1.2144 7.111, -0.2808 1.2082 7.1114, -0.3362 1.1936 7.1123, -0.4166 1.1665 7.1136, -0.1783 1.2297 7.1098, -0.1673 1.1592 7.1811, -0.1673 1.2315 7.1096, -1.04 0.4507 7.0415, -1.0542 0.4206 7.0426, -1.1045 0.4407 7.0963, -0.9782 0.5726 7.0367, -0.9946 0.5468 7.0378, -1.042 0.5729 7.0914, -0.9023 0.6863 7.032, -0.9198 0.665 7.0329, -0.9637 0.6967 7.0866, -0.814 0.7892 7.0274, -0.8317 0.7723 7.0282, -0.8714 0.8092 7.0818, -0.7156 0.8797 7.0229, -0.7325 0.8669 7.0236, -0.7675 0.9083 7.0773, -0.6095 0.9564 7.0188, -0.6251 0.9473 7.0193, -0.6549 0.9926 7.073, -0.4973 1.0194 7.0148, -0.5113 1.0133 7.0153, -0.5357 1.0617 7.069, -0.3759 1.0702 7.0106, -0.3882 1.0665 7.011, -0.4067 1.1175 7.0647, -0.2468 1.1074 7.0061, -0.2569 1.1055 7.0065, -0.2692 1.1583 7.0602, -0.5786 -1.0389 7.1502, -0.9053 -0.7711 7.1371, -1.0659 -0.5273 7.1275, -1.1499 0.303 7.101, -1.1779 0.1631 7.1054, -1.1889 0.0241 7.1096, -1.1837 -0.114 7.1137, -1.1224 -0.3927 7.1227, -1.1618 -0.2539 7.118, -0.9929 -0.6544 7.1323, -0.8052 -0.8751 7.1418, -0.6953 -0.9647 7.1461, -0.4532 -1.0994 7.1544, -0.3183 -1.1458 7.1588, -0.2428 -1.1066 7.1073, -0.1686 -1.1224 7.1098, -0.1086 -1.1277 7.1119, -0.0295 -1.1346 7.1147, 0.028 -1.1326 7.1167, 0.1102 -1.1296 7.1195, 0.164 -1.121 7.1214, 0.2474 -1.1077 7.1243, 0.3792 -1.0698 7.1288, 0.2965 -1.0936 7.126, 0.4228 -1.0513 7.1304, 0.503 -1.0175 7.1331, 0.6173 -0.9524 7.1372, 0.5408 -0.996 7.1345, 0.7252 -0.8731 7.1414, 0.6503 -0.9282 7.1385, 0.7538 -0.8463 7.1427, 0.825 -0.7794 7.146, 0.914 -0.6729 7.1507, 0.9195 -0.7182 7.1811, 0.8487 -0.751 7.1472, 0.8852 -0.7631 7.1811, 0.8504 -0.8035 7.1811, 0.9898 -0.5555 7.1555, 1.0024 -0.5868 7.1811, 0.9327 -0.6439 7.1519, 0.9633 -0.6537 7.1811, 0.9382 -0.6907 7.1811, 1.0597 -0.4026 7.1613, 1.0696 -0.4375 7.1811, 1.0505 -0.4297 7.1604, 1.0665 -0.4467 7.1811, 1.0036 -0.5269 7.1566, 1.0368 -0.5178 7.1811, 1.0118 -0.5679 7.1811, 1.1002 -0.2736 7.1659, 1.1127 -0.2938 7.1811, 1.095 -0.2985 7.1651, 1.1104 -0.3027 7.1811, 1.0928 -0.3691 7.1811, 1.134 -0.0133 7.1744, 1.1412 -0.0325 7.1811, 1.1345 -0.0323 7.1738, 1.1415 -0.0649 7.1811, 1.1249 -0.1429 7.1703, 1.137 -0.1415 7.1811, 1.1229 -0.1651 7.1696, 1.1339 -0.1667 7.1811, 1.1274 -0.2179 7.1811, 1.117 0.2012 7.1811, 1.1235 0.1686 7.1811, 1.1284 0.1158 7.1783, 1.1337 0.0997 7.1811, 1.1306 0.0994 7.1778, 1.1347 0.0935 7.1811, 1.1407 0.0177 7.1811, -0.1673 1.1226 7.0034, -0.1673 1.1773 7.0568, -0.1673 1.1875 7.0667, -1.0863 0.3231 7.0461, -1.0975 0.2892 7.0473, -1.1168 0.1927 7.0505, -1.1243 0.1557 7.0518, -1.1316 0.0625 7.0547, -1.1348 0.023 7.0559, -1.1314 -0.0661 7.0587, -1.1298 -0.1088 7.06, -1.116 -0.1964 7.0629, -1.1088 -0.2423 7.0644, -1.085 -0.3266 7.0673, -1.0713 -0.3748 7.069, -1.038 -0.454 7.072, -1.0173 -0.5033 7.0738, -0.9758 -0.5756 7.0767, -0.9477 -0.6245 7.0786, -0.8994 -0.6889 7.0814, -0.864 -0.736 7.0834, -0.8108 -0.7913 7.086, -0.7685 -0.8353 7.0881, -0.7121 -0.8812 7.0904, -0.6636 -0.9208 7.0925, -0.6059 -0.9574 7.0946, -0.5522 -0.9916 7.0965, -0.4935 -1.0199 7.0986, -0.4325 -1.0493 7.1007, -0.3719 -1.0702 7.1028, -0.3038 -1.0936 7.1052, 0.6735 0.9507 7.1811, 0.6905 0.9369 7.1811, 0.7075 0.9599 7.1532, 1.0608 0.4251 7.1811, 1.076 0.3783 7.1811, 1.125 0.3955 7.1302, 1.1863 0.1218 7.1214, 1.164 0.2592 7.1257, 1.0844 0.3521 7.1811, 1.1032 0.2775 7.1811, 1.1087 0.2469 7.1811, 1.0323 0.4963 7.1811, 1.0694 0.5277 7.1349, 1.0273 0.5069 7.1811, 0.998 0.6526 7.1397, 0.9627 0.6296 7.1811, 0.969 0.6197 7.1811, 1.0062 0.5517 7.1811, 0.9125 0.7678 7.1444, 0.884 0.7438 7.1811, 0.9276 0.6846 7.1811, 0.8148 0.8707 7.1489, 0.8326 0.8049 7.1811, 0.8821 0.7463 7.1811, 0.7334 0.9021 7.1811, 0.7903 0.8492 7.1811, 0.7925 0.847 7.1811, 0.6105 0.9951 7.1811, 0.5935 1.0343 7.1573, 0.5812 1.0129 7.1811, 0.5143 1.0758 7.1599, 0.499 1.0596 7.1811, 0.5443 1.0354 7.1811, -0.1673 1.1741 6.9526, -0.1673 1.1807 6.9462, -0.2594 1.1639 6.9492, -0.1673 1.2388 6.8889, -0.2719 1.2201 6.8922, -0.5228 1.0718 6.9579, -0.6409 1.0056 6.9618, -0.3951 1.1251 6.9537, -0.7525 0.9251 6.966, -0.9491 0.7219 6.975, -0.8561 0.8301 6.9704, -1.0291 0.6025 6.9798, -1.143 0.34 6.9891, -1.0942 0.4742 6.9845, -1.1751 0.2028 6.9936, -1.1905 -0.0695 7.0017, -1.1745 -0.2066 7.0059, -1.1907 0.0658 6.9978, -1.1419 -0.3437 7.0103, -1.0926 -0.4778 7.015, -1.0271 -0.6059 7.0197, -0.9467 -0.7251 7.0245, -0.8534 -0.8329 7.0291, -0.7495 -0.9275 7.0335, -0.6377 -1.0076 7.0377, -0.5194 -1.0734 7.0416, -0.3915 -1.1264 7.0458, -0.2556 -1.1648 7.0503, -0.1143 -1.187 7.055, 0.0295 -1.1921 7.0597, 0.1727 -1.1799 7.0644, 0.3121 -1.1509 7.069, 0.445 -1.1064 7.0734, 0.569 -1.048 7.0775, 0.6843 -0.9766 7.0815, 0.7932 -0.8904 7.0857, 0.8931 -0.7902 7.0903, 0.9814 -0.6775 7.0949, 1.0558 -0.5543 7.0997, 1.1148 -0.4234 7.1044, 1.1573 -0.2877 7.109, 1.183 -0.1503 7.1133, 1.1924 -0.014 7.1174, -0.34 1.2006 6.8944, -0.4142 1.1794 6.8967, -0.5063 1.1409 6.8996, -0.548 1.1235 6.9009, -0.7888 0.9697 6.909, -0.6718 1.0541 6.9049, -0.663 1.0591 6.9046, -0.8054 0.9544 6.9097, -0.8974 0.8701 6.9134, -0.9315 0.8305 6.9151, -0.9949 0.7567 6.9181, -1.0392 0.6905 6.9206, -1.0787 0.6315 6.9228, -1.1267 0.537 6.9261, -1.2318 0.2126 6.9366, -1.1981 0.3564 6.9322, -1.1921 0.3728 6.9316, -1.1469 0.4971 6.9275, -1.2331 0.2008 6.937, -1.2481 0.069 6.9408, -1.248 0.0247 6.942, -1.2479 -0.0729 6.9448, -1.2387 -0.1518 6.947, -1.2311 -0.2166 6.9489, -1.2053 -0.3253 6.9523, -1.1969 -0.3603 6.9534, -1.0766 -0.6351 6.9628, -1.1453 -0.5009 6.958, -1.1483 -0.4927 6.9578, -1.0669 -0.6496 6.9633, -0.8946 -0.8731 6.9721, -0.9637 -0.7931 6.9689, -0.9924 -0.76 6.9675, -0.8419 -0.9211 6.9743, -0.7856 -0.9723 6.9766, -0.7036 -1.0311 6.9795, -0.6685 -1.0562 6.9807, -0.4104 -1.1807 6.9889, -0.5444 -1.1252 6.9846, -0.5515 -1.1213 6.9844, -0.3875 -1.1872 6.9896, -0.2679 -1.221 6.9933, -0.2158 -1.2291 6.995, -0.1198 -1.2442 6.998, -0.04 -1.2471 7.0005, 0.0309 -1.2496 7.0028, 0.1365 -1.2406 7.0061, 0.181 -1.2368 7.0075, 0.4665 -1.1597 7.0165, 0.3271 -1.2064 7.0121, 0.3106 -1.2099 7.0116, 0.4783 -1.1541 7.0168, 0.5965 -1.0985 7.0206, 0.6359 -1.0741 7.0219, 0.7173 -1.0237 7.0245, 0.7811 -0.9732 7.0269, 0.8314 -0.9334 7.0288, 0.9111 -0.8535 7.0322, 0.9361 -0.8283 7.0333, 1.1067 -0.581 7.0427, 1.0287 -0.7101 7.038, 1.0233 -0.717 7.0377, 1.1139 -0.5651 7.0433, 1.2131 -0.3016 7.052, 1.1817 -0.4019 7.0488, 1.1685 -0.4438 7.0474, 1.2263 -0.2309 7.0542, 1.24 -0.1575 7.0564, 1.2471 -0.0554 7.0593, 1.2499 -0.0147 7.0604, 1.2201 0.2717 7.0687, 1.2435 0.1276 7.0644, 1.2438 0.1213 7.0642, 1.2133 0.2955 7.0695, 1.1792 0.4146 7.0733, 1.1587 0.4635 7.0749, 1.121 0.5531 7.078, 1.0814 0.6224 7.0805, 1.0462 0.6841 7.0827, 0.9829 0.7692 7.086, 0.9565 0.8048 7.0874, 0.8652 0.901 7.0915, 0.8541 0.9127 7.092, 0.5565 1.1193 7.1024, 0.5334 1.0959 7.1336, 0.579 1.1073 7.1017, 0.6221 1.0842 7.1003, 0.7294 1.0142 7.0967, 0.7417 1.0062 7.0963, 1.2446 0.1157 7.0557, 1.2438 0.1213 7.0558, 0.2898 1.2159 7.1024, 0.2938 1.215 7.1024, 0.405 1.1826 7.0987, 0.4167 1.1772 7.1024, 0.4168 1.1778 7.0984, 0.4387 1.1705 7.1024, 0.5361 1.1292 7.0946, 0.5784 1.1062 7.0933, 0.6576 1.0631 7.0908, 0.7288 1.0133 7.0883, 0.7724 0.9828 7.0868, 0.8652 0.9009 7.0831, 0.8796 0.8881 7.0825, 0.9768 0.78 7.078, 0.9839 0.7699 7.0776, 1.0614 0.6602 7.0734, 1.0818 0.6227 7.0721, 1.1315 0.5311 7.0688, 1.1586 0.4635 7.0665, 1.1858 0.3954 7.0642, 1.2129 0.2954 7.0611, 1.2235 0.2559 7.0598, 1.2498 -0.0228 7.0518, 1.2474 -0.0554 7.0509, 1.2395 -0.1621 7.0479, 1.2264 -0.2309 7.0458, 1.2129 -0.3024 7.0436, 1.1818 -0.4019 7.0404, 1.1696 -0.4409 7.0391, 1.1142 -0.5653 7.0349, 1.11 -0.5748 7.0346, 1.0349 -0.7011 7.0299, 1.0229 -0.7167 7.0293, 0.9459 -0.8172 7.0254, 0.9108 -0.8533 7.0238, 0.8451 -0.921 7.0209, 0.7811 -0.9734 7.0185, 0.735 -1.0111 7.0167, 0.6363 -1.0747 7.0135, 0.6183 -1.0863 7.0129, 0.4937 -1.1484 7.0089, 0.4783 -1.154 7.0084, 0.3598 -1.1971 7.0047, 0.3103 -1.2089 7.0032, 0.2188 -1.2307 7.0003, 0.1364 -1.2404 6.9977, 0.0733 -1.2478 6.9957, -0.0401 -1.2478 6.9921, -0.0736 -1.2478 6.9911, -0.2161 -1.231 6.9866, -0.219 -1.2307 6.9865, -0.36 -1.197 6.982, -0.3874 -1.1871 6.9812, -0.4939 -1.1483 6.9778, -0.5509 -1.1199 6.976, -0.6186 -1.0862 6.9739, -0.7038 -1.0312 6.9711, -0.7352 -1.0109 6.97, -0.8432 -0.9226 6.9659, -0.8453 -0.9209 6.9658, -0.946 -0.817 6.9614, -0.964 -0.7935 6.9605, -1.035 -0.7009 6.9568, -1.0658 -0.649 6.9549, -1.1101 -0.5746 6.9522, -1.1469 -0.492 6.9494, -1.1697 -0.4407 6.9476, -1.2057 -0.3253 6.9439, -1.2129 -0.3021 6.9432, -1.2395 -0.1618 6.9389, -1.2402 -0.152 6.9386, -1.2498 -0.0225 6.9349, -1.248 0.0246 6.9336, -1.2446 0.1159 6.9311, -1.2318 0.2006 6.9286, -1.2235 0.2562 6.9269, -1.1919 0.3728 6.9232, -1.1857 0.3957 6.9225, -1.1314 0.5314 6.918, -1.128 0.5376 6.9177, -1.0613 0.6605 6.9133, -1.0398 0.6908 6.9122, -0.9766 0.7802 6.9087, -0.9314 0.8305 6.9067, -0.8795 0.8883 6.9043, -0.805 0.954 6.9013, -0.7722 0.983 6.9, -0.663 1.0592 6.8962, -0.1673 1.2388 6.8805, -0.2659 1.2214 6.8836, -0.34 1.2007 6.886, -0.4048 1.1826 6.888, -0.5065 1.1413 6.8912, -0.5359 1.1293 6.8921, -0.6574 1.0632 6.896, 1.0125 0.63 4.0679, 0.9317 0.7443 4.0725, 0.8868 0.7084 4.1295, 1.1874 0.1105 4.0502, 1.1672 0.2444 4.0543, 1.1109 0.2326 4.1113, 1.1825 -0.1544 4.0423, 1.1923 -0.0216 4.0463, 1.1348 -0.0205 4.1033, 0.9025 -0.7795 4.0199, 0.9874 -0.6687 4.0244, 0.9398 -0.6364 4.0814, 0.4711 -1.0955 4.0034, 0.59 -1.0363 4.0074, 0.5616 -0.9863 4.0643, 0.2088 -1.1741 3.9948, 0.3433 -1.142 3.9992, 0.3268 -1.0869 4.0562, -0.3433 -1.142 3.9765, -0.2088 -1.1741 3.981, -0.1988 -1.1174 4.0379, -0.59 -1.0363 3.9684, -0.4711 -1.0955 3.9723, -0.4484 -1.0427 4.0293, -1.059 -0.5482 3.9467, -0.9874 -0.6687 3.9513, -0.9398 -0.6364 4.0083, -1.1923 -0.0216 3.9294, -1.1825 -0.1544 3.9334, -1.1254 -0.147 3.9904, -1.1672 0.2444 3.9214, -1.1874 0.1105 3.9256, -1.1301 0.1052 3.9825, -0.839 0.8474 3.8988, -0.9317 0.7443 3.9032, -0.8868 0.7084 3.9602, -0.1673 1.1741 3.8817, -0.1673 1.1807 3.8753, -0.2536 1.1652 3.8781, 0.1673 1.1875 4.0938, 0.1673 1.1807 4.1005, 0.2536 1.1652 4.0976, 0.1673 1.1226 4.1571, 0.2414 1.109 4.1546, 0.3862 1.1282 4.0932, -0.1673 1.1226 3.9325, -0.2414 1.109 3.9351, -0.3676 1.0738 3.9395, -0.3862 1.1282 3.8825, -0.4866 1.0254 3.9436, -0.5112 1.0773 3.8866, -0.5969 0.9654 3.9474, -0.6271 1.0143 3.8905, -0.7011 0.8925 3.9514, -0.7367 0.9378 3.8945, -0.7986 0.8065 3.9557, -0.9636 0.5997 3.9648, -1.0125 0.63 3.9078, -1.0273 0.4825 3.9694, -1.0794 0.5069 3.9125, -1.0766 0.3592 3.974, -1.1312 0.3774 3.917, -1.1109 0.2326 3.9784, -1.1348 -0.0205 3.9864, -1.1013 -0.2744 3.9946, -1.1571 -0.2883 3.9376, -1.0621 -0.4002 3.9991, -1.1159 -0.4205 3.9421, -1.0079 -0.5218 4.0036, -0.8589 -0.7419 4.0128, -0.9025 -0.7795 3.9559, -0.7674 -0.8362 4.0173, -0.8063 -0.8786 3.9603, -0.6675 -0.918 4.0215, -0.7013 -0.9645 3.9645, -0.5616 -0.9863 4.0253, -0.3268 -1.0869 4.0335, -0.0667 -1.133 4.0425, -0.0701 -1.1904 3.9856, 0.0667 -1.133 4.0471, 0.0701 -1.1904 3.9902, 0.1988 -1.1174 4.0517, 0.4484 -1.0427 4.0604, 0.6675 -0.918 4.0682, 0.7013 -0.9645 4.0112, 0.7674 -0.8362 4.0724, 0.8063 -0.8786 4.0154, 0.8589 -0.7419 4.0768, 1.0079 -0.5218 4.086, 1.059 -0.5482 4.029, 1.0621 -0.4002 4.0906, 1.1159 -0.4205 4.0336, 1.1013 -0.2744 4.0951, 1.1571 -0.2883 4.0381, 1.1254 -0.147 4.0993, 1.1301 0.1052 4.1071, 1.0766 0.3592 4.1157, 1.1312 0.3774 4.0587, 1.0273 0.4825 4.1202, 1.0794 0.5069 4.0633, 0.9636 0.5997 4.1249, 0.7986 0.8065 4.1339, 0.839 0.8474 4.077, 0.7011 0.8925 4.1382, 0.7367 0.9378 4.0813, 0.5969 0.9654 4.1422, 0.6271 1.0143 4.0853, 0.4866 1.0254 4.1461, 0.5112 1.0773 4.0891, 0.3676 1.0738 4.1502, -0.1673 1.2388 3.8181, -0.2659 1.2214 3.8212, -0.3378 1.2013 3.8234, -0.4048 1.1826 3.8256, -0.5023 1.143 3.8286, -0.5359 1.1293 3.8297, -0.6574 1.0632 3.8335, -0.6575 1.0631 3.8335, -0.7722 0.983 3.8375, -0.7983 0.9599 3.8386, -0.8795 0.8883 3.8418, -0.9239 0.8388 3.8438, -0.9766 0.7802 3.8463, -1.032 0.7019 3.8493, -1.1857 0.3956 3.8601, -1.1314 0.5313 3.8555, -1.1205 0.5515 3.8548, -1.0613 0.6604 3.8509, -1.1872 0.3902 3.8602, -1.2446 0.1158 3.8686, -1.2288 0.2207 3.8655, -1.2235 0.2561 3.8645, -1.2472 0.0471 3.8705, -1.2498 -0.0226 3.8725, -1.242 -0.1273 3.8755, -1.2395 -0.1619 3.8764, -1.1697 -0.4408 3.8851, -1.2129 -0.3022 3.8807, -1.2134 -0.2995 3.8806, -1.1588 -0.4653 3.886, -1.1101 -0.5746 3.8897, -1.082 -0.6219 3.8915, -1.035 -0.7009 3.8944, -0.9846 -0.7667 3.897, -0.946 -0.8171 3.8989, -0.8685 -0.8969 3.9023, -0.8452 -0.9209 3.9034, -0.7358 -1.0104 3.9075, -0.7351 -1.011 3.9075, -0.4938 -1.1483 3.9154, -0.5872 -1.1019 3.9124, -0.6185 -1.0863 3.9114, -0.4276 -1.1724 3.9175, -0.3599 -1.1971 3.9196, -0.2599 -1.2209 3.9227, -0.2189 -1.2307 3.924, 0.0735 -1.2478 3.9332, -0.0735 -1.2478 3.9286, -0.0873 -1.2462 3.9282, 0.0873 -1.2462 3.9337, 0.3599 -1.1971 3.9423, 0.2599 -1.2209 3.9391, 0.2189 -1.2307 3.9378, 0.4276 -1.1724 3.9444, 0.4938 -1.1483 3.9465, 0.5872 -1.1019 3.9494, 0.6185 -1.0863 3.9504, 0.8452 -0.9209 3.9585, 0.7358 -1.0104 3.9543, 0.7351 -1.011 3.9543, 0.8685 -0.8969 3.9595, 0.946 -0.8171 3.9629, 0.9846 -0.7667 3.9649, 1.035 -0.7009 3.9675, 1.082 -0.6219 3.9704, 1.2129 -0.3022 3.9811, 1.1697 -0.4408 3.9767, 1.1588 -0.4653 3.9758, 1.1101 -0.5746 3.9721, 1.2134 -0.2995 3.9812, 1.2498 -0.0226 3.9894, 1.242 -0.1273 3.9864, 1.2395 -0.1619 3.9854, 1.2472 0.0471 3.9913, 1.2446 0.1158 3.9932, 1.2288 0.2207 3.9963, 1.2235 0.2561 3.9974, 1.1314 0.5313 4.0063, 1.1857 0.3956 4.0018, 1.1872 0.3902 4.0016, 1.1205 0.5515 4.0071, 1.0613 0.6604 4.011, 1.032 0.7019 4.0125, 0.9766 0.7802 4.0156, 0.9239 0.8388 4.018, 0.8795 0.8883 4.02, 0.7983 0.9599 4.0233, 0.7722 0.983 4.0243, 0.5359 1.1293 4.0321, 0.6574 1.0632 4.0283, 0.6575 1.0631 4.0283, 0.5023 1.143 4.0332, 0.1673 1.2388 4.0438, 0.2659 1.2214 4.0407, 0.3378 1.2013 4.0384, 0.4048 1.1826 4.0363, 1.2134 -0.2995 4.209, 1.2129 -0.3022 4.209, 1.1571 -0.2883 4.152, 1.1159 -0.4205 4.1475, 0.7358 -1.0104 4.1821, 0.7351 -1.011 4.1821, 0.7013 -0.9645 4.1252, 0.59 -1.0363 4.1213, -0.0701 -1.1904 4.0995, 0.0701 -1.1904 4.1041, 0.0735 -1.2478 4.1611, -1.1872 0.3902 4.088, -1.1857 0.3956 4.0879, -1.1312 0.3774 4.0309, -1.0794 0.5069 4.0264, -0.6575 1.0631 4.0614, -0.6574 1.0632 4.0613, -0.6271 1.0143 4.0044, -0.5112 1.0773 4.0005, -0.1673 1.1875 3.9959, -0.1673 1.1807 3.9892, -0.2536 1.1652 3.992, 0.1673 1.1741 4.2079, 0.1673 1.1807 4.2144, 0.2536 1.1652 4.2115, -0.1673 1.2388 4.0459, -0.2659 1.2214 4.049, -0.3378 1.2013 4.0513, -0.3862 1.1282 3.9964, -0.5359 1.1293 4.0575, -0.5023 1.143 4.0564, -0.4048 1.1826 4.0534, -0.7722 0.983 4.0653, -0.7367 0.9378 4.0084, -0.7983 0.9599 4.0664, -0.839 0.8474 4.0127, -0.8795 0.8883 4.0696, -1.0125 0.63 4.0217, -1.032 0.7019 4.0771, -0.9317 0.7443 4.0171, -0.9766 0.7802 4.0741, -0.9239 0.8388 4.0717, -1.1314 0.5313 4.0833, -1.1205 0.5515 4.0826, -1.0613 0.6604 4.0787, -1.2235 0.2561 4.0923, -1.1672 0.2444 4.0353, -1.2288 0.2207 4.0933, -1.1874 0.1105 4.0395, -1.2446 0.1158 4.0964, -1.2472 0.0471 4.0984, -1.1923 -0.0216 4.0433, -1.2498 -0.0226 4.1003, -1.242 -0.1273 4.1033, -1.1825 -0.1544 4.0473, -1.2395 -0.1619 4.1043, -1.2134 -0.2995 4.1084, -1.1571 -0.2883 4.0516, -1.2129 -0.3022 4.1085, -1.1697 -0.4408 4.113, -1.1159 -0.4205 4.056, -1.1588 -0.4653 4.1138, -1.059 -0.5482 4.0606, -1.1101 -0.5746 4.1176, -0.9025 -0.7795 4.0698, -0.9846 -0.7667 4.1248, -0.9874 -0.6687 4.0652, -1.035 -0.7009 4.1222, -1.082 -0.6219 4.1193, -0.8063 -0.8786 4.0742, -0.8685 -0.8969 4.1302, -0.946 -0.8171 4.1268, -0.7013 -0.9645 4.0784, -0.7358 -1.0104 4.1353, -0.8452 -0.9209 4.1312, -0.4711 -1.0955 4.0862, -0.5872 -1.1019 4.1402, -0.59 -1.0363 4.0823, -0.6185 -1.0863 4.1393, -0.7351 -1.011 4.1354, -0.3433 -1.142 4.0904, -0.4276 -1.1724 4.1453, -0.4938 -1.1483 4.1432, -0.2088 -1.1741 4.0949, -0.2599 -1.2209 4.1505, -0.3599 -1.1971 4.1474, -0.0735 -1.2478 4.1564, -0.0873 -1.2462 4.156, -0.2189 -1.2307 4.1518, 0.3433 -1.142 4.1131, 0.2599 -1.2209 4.1669, 0.2088 -1.1741 4.1087, 0.2189 -1.2307 4.1656, 0.0873 -1.2462 4.1615, 0.4711 -1.0955 4.1173, 0.4276 -1.1724 4.1722, 0.3599 -1.1971 4.1701, 0.6185 -1.0863 4.1782, 0.5872 -1.1019 4.1772, 0.4938 -1.1483 4.1743, 0.8452 -0.9209 4.1863, 0.8063 -0.8786 4.1293, 0.8685 -0.8969 4.1873, 0.9025 -0.7795 4.1338, 0.946 -0.8171 4.1907, 1.059 -0.5482 4.143, 1.082 -0.6219 4.1982, 0.9874 -0.6687 4.1383, 1.035 -0.7009 4.1953, 0.9846 -0.7667 4.1927, 1.1697 -0.4408 4.2045, 1.1588 -0.4653 4.2037, 1.1101 -0.5746 4.1999, 1.2395 -0.1619 4.2132, 1.1825 -0.1544 4.1563, 1.242 -0.1273 4.2142, 1.1923 -0.0216 4.1602, 1.2498 -0.0226 4.2172, 1.2472 0.0471 4.2191, 1.1874 0.1105 4.1641, 1.2446 0.1158 4.221, 1.2288 0.2207 4.2241, 1.1672 0.2444 4.1682, 1.2235 0.2561 4.2252, 1.1872 0.3902 4.2294, 1.1312 0.3774 4.1726, 1.1857 0.3956 4.2296, 1.1314 0.5313 4.2342, 1.0794 0.5069 4.1772, 1.1205 0.5515 4.2349, 1.0125 0.63 4.1818, 1.0613 0.6604 4.2388, 0.839 0.8474 4.1909, 0.9239 0.8388 4.2458, 0.9317 0.7443 4.1864, 0.9766 0.7802 4.2434, 1.032 0.7019 4.2404, 0.6575 1.0631 4.2561, 0.7722 0.983 4.2521, 0.7367 0.9378 4.1952, 0.7983 0.9599 4.2511, 0.8795 0.8883 4.2479, 0.6574 1.0632 4.2561, 0.6271 1.0143 4.1992, 0.5359 1.1293 4.26, 0.5112 1.0773 4.203, 0.5023 1.143 4.261, 0.3862 1.1282 4.2071, 0.4048 1.1826 4.2641, 0.1673 1.2388 4.2716, 0.2659 1.2214 4.2685, 0.3378 1.2013 4.2662, 0.1673 1.2388 4.28, 0.2659 1.2214 4.2769, 0.3378 1.2013 4.2746, 0.4048 1.1826 4.2725, 0.5023 1.143 4.2694, 0.5359 1.1293 4.2684, 0.6574 1.0632 4.2645, 0.6575 1.0631 4.2645, 0.7722 0.983 4.2605, 0.7983 0.9599 4.2595, 0.8795 0.8883 4.2563, 0.9239 0.8388 4.2542, 0.9766 0.7802 4.2518, 1.032 0.7019 4.2488, 1.0613 0.6604 4.2472, 1.1205 0.5515 4.2433, 1.1314 0.5313 4.2426, 1.1857 0.3956 4.238, 1.1872 0.3902 4.2378, 1.2235 0.2561 4.2336, 1.2288 0.2207 4.2325, 1.2446 0.1158 4.2294, 1.2472 0.0471 4.2275, 1.2498 -0.0226 4.2256, 1.242 -0.1273 4.2226, 1.2395 -0.1619 4.2216, 1.2134 -0.2995 4.2174, 1.2129 -0.3022 4.2174, 1.1697 -0.4408 4.2129, 1.1588 -0.4653 4.2121, 1.1101 -0.5746 4.2083, 1.082 -0.6219 4.2066, 1.035 -0.7009 4.2037, 0.9846 -0.7667 4.2011, 0.946 -0.8171 4.1991, 0.8685 -0.8969 4.1957, 0.8452 -0.9209 4.1947, 0.7358 -1.0104 4.1905, 0.7351 -1.011 4.1905, 0.6185 -1.0863 4.1866, 0.5872 -1.1019 4.1856, 0.4938 -1.1483 4.1827, 0.4276 -1.1724 4.1806, 0.3599 -1.1971 4.1785, 0.2599 -1.2209 4.1753, 0.2189 -1.2307 4.174, 0.0873 -1.2462 4.1699, 0.0735 -1.2478 4.1695, -0.0735 -1.2478 4.1648, -0.0873 -1.2462 4.1644, -0.2189 -1.2307 4.1602, -0.2599 -1.2209 4.159, -0.3599 -1.1971 4.1558, -0.4276 -1.1724 4.1537, -0.4938 -1.1483 4.1516, -0.5872 -1.1019 4.1486, -0.6185 -1.0863 4.1477, -0.7351 -1.011 4.1438, -0.7358 -1.0104 4.1437, -0.8452 -0.9209 4.1396, -0.8685 -0.8969 4.1386, -0.946 -0.8171 4.1352, -0.9846 -0.7667 4.1332, -1.035 -0.7009 4.1306, -1.082 -0.6219 4.1277, -1.1101 -0.5746 4.126, -1.1588 -0.4653 4.1222, -1.1697 -0.4408 4.1214, -1.2129 -0.3022 4.1169, -1.2134 -0.2995 4.1168, -1.2395 -0.1619 4.1127, -1.242 -0.1273 4.1117, -1.2498 -0.0226 4.1087, -1.2472 0.0471 4.1068, -1.2446 0.1158 4.1048, -1.2288 0.2207 4.1017, -1.2235 0.2561 4.1007, -1.1872 0.3902 4.0965, -1.1857 0.3956 4.0963, -1.1314 0.5313 4.0917, -1.1205 0.5515 4.091, -1.0613 0.6604 4.0871, -1.032 0.7019 4.0855, -0.9766 0.7802 4.0825, -0.9239 0.8388 4.0801, -0.8795 0.8883 4.078, -0.7983 0.9599 4.0748, -0.7722 0.983 4.0737, -0.6575 1.0631 4.0698, -0.6574 1.0632 4.0698, -0.5359 1.1293 4.0659, -0.1673 1.2388 4.0543, -0.2659 1.2214 4.0574, -0.3378 1.2013 4.0597, -0.4048 1.1826 4.0618, -0.5023 1.143 4.0648, 1.0125 0.63 4.3041, 0.9317 0.7443 4.3087, 0.8868 0.7084 4.3657, 1.1874 0.1105 4.2864, 1.1672 0.2444 4.2906, 1.1109 0.2326 4.3475, 1.1825 -0.1544 4.2786, 1.1923 -0.0216 4.2825, 1.1348 -0.0205 4.3395, 0.9025 -0.7795 4.2561, 0.9874 -0.6687 4.2606, 0.9398 -0.6364 4.3176, 0.4711 -1.0955 4.2396, 0.59 -1.0363 4.2436, 0.5616 -0.9863 4.3005, 0.2088 -1.1741 4.231, 0.3433 -1.142 4.2354, 0.3268 -1.0869 4.2924, -0.3433 -1.142 4.2128, -0.2088 -1.1741 4.2172, -0.1988 -1.1174 4.2742, -0.59 -1.0363 4.2046, -0.4711 -1.0955 4.2085, -0.4484 -1.0427 4.2655, -1.059 -0.5482 4.1829, -0.9874 -0.6687 4.1875, -0.9398 -0.6364 4.2445, -1.1923 -0.0216 4.1657, -1.1825 -0.1544 4.1696, -1.1254 -0.147 4.2266, -1.1672 0.2444 4.1576, -1.1874 0.1105 4.1618, -1.1301 0.1052 4.2187, -0.839 0.8474 4.135, -0.9317 0.7443 4.1395, -0.8868 0.7084 4.1964, -0.1673 1.1741 4.118, -0.1673 1.1807 4.1115, -0.2536 1.1652 4.1144, 0.1673 1.1875 4.33, 0.1673 1.1807 4.3367, 0.2536 1.1652 4.3338, 0.1673 1.1226 4.3934, 0.2414 1.109 4.3908, 0.3862 1.1282 4.3295, -0.1673 1.1226 4.1687, -0.2414 1.109 4.1713, -0.3676 1.0738 4.1757, -0.3862 1.1282 4.1187, -0.4866 1.0254 4.1798, -0.5112 1.0773 4.1229, -0.5969 0.9654 4.1837, -0.6271 1.0143 4.1267, -0.7011 0.8925 4.1877, -0.7367 0.9378 4.1307, -0.7986 0.8065 4.1919, -0.9636 0.5997 4.201, -1.0125 0.63 4.1441, -1.0273 0.4825 4.2056, -1.0794 0.5069 4.1487, -1.0766 0.3592 4.2102, -1.1312 0.3774 4.1532, -1.1109 0.2326 4.2146, -1.1348 -0.0205 4.2226, -1.1013 -0.2744 4.2308, -1.1571 -0.2883 4.1739, -1.0621 -0.4002 4.2353, -1.1159 -0.4205 4.1783, -1.0079 -0.5218 4.2399, -0.8589 -0.7419 4.2491, -0.9025 -0.7795 4.1921, -0.7674 -0.8362 4.2535, -0.8063 -0.8786 4.1965, -0.6675 -0.918 4.2577, -0.7013 -0.9645 4.2007, -0.5616 -0.9863 4.2616, -0.3268 -1.0869 4.2697, -0.0667 -1.133 4.2787, -0.0701 -1.1904 4.2218, 0.0667 -1.133 4.2834, 0.0701 -1.1904 4.2264, 0.1988 -1.1174 4.2879, 0.4484 -1.0427 4.2966, 0.6675 -0.918 4.3044, 0.7013 -0.9645 4.2475, 0.7674 -0.8362 4.3086, 0.8063 -0.8786 4.2517, 0.8589 -0.7419 4.313, 1.0079 -0.5218 4.3222, 1.059 -0.5482 4.2653, 1.0621 -0.4002 4.3268, 1.1159 -0.4205 4.2699, 1.1013 -0.2744 4.3313, 1.1571 -0.2883 4.2743, 1.1254 -0.147 4.3355, 1.1301 0.1052 4.3433, 1.0766 0.3592 4.3519, 1.1312 0.3774 4.295, 1.0273 0.4825 4.3565, 1.0794 0.5069 4.2995, 0.9636 0.5997 4.3611, 0.7986 0.8065 4.3702, 0.839 0.8474 4.3132, 0.7011 0.8925 4.3744, 0.7367 0.9378 4.3175, 0.5969 0.9654 4.3784, 0.6271 1.0143 4.3215, 0.4866 1.0254 4.3823, 0.5112 1.0773 4.3253, 0.3676 1.0738 4.3864, 1.2134 -0.2995 4.4453, 1.2129 -0.3022 4.4452, 1.1571 -0.2883 4.3882, 1.1159 -0.4205 4.3838, 0.7358 -1.0104 4.4184, 0.7351 -1.011 4.4183, 0.7013 -0.9645 4.3614, 0.59 -1.0363 4.3575, -0.0701 -1.1904 4.3357, 0.0701 -1.1904 4.3403, 0.0735 -1.2478 4.3973, -1.1872 0.3902 4.3243, -1.1857 0.3956 4.3241, -1.1312 0.3774 4.2671, -1.0794 0.5069 4.2626, -0.6575 1.0631 4.2976, -0.6574 1.0632 4.2976, -0.6271 1.0143 4.2406, -0.5112 1.0773 4.2368, -0.1673 1.1875 4.2321, -0.1673 1.1807 4.2254, -0.2536 1.1652 4.2283, 0.1673 1.1741 4.4441, 0.1673 1.1807 4.4506, 0.2536 1.1652 4.4477, -0.1673 1.2388 4.2821, -0.2659 1.2214 4.2852, -0.3378 1.2013 4.2875, -0.3862 1.1282 4.2326, -0.5359 1.1293 4.2937, -0.5023 1.143 4.2927, -0.4048 1.1826 4.2896, -0.7722 0.983 4.3016, -0.7367 0.9378 4.2446, -0.7983 0.9599 4.3026, -0.839 0.8474 4.2489, -0.8795 0.8883 4.3058, -1.0125 0.63 4.258, -1.032 0.7019 4.3133, -0.9317 0.7443 4.2534, -0.9766 0.7802 4.3103, -0.9239 0.8388 4.3079, -1.1314 0.5313 4.3195, -1.1205 0.5515 4.3188, -1.0613 0.6604 4.3149, -1.2235 0.2561 4.3285, -1.1672 0.2444 4.2715, -1.2288 0.2207 4.3295, -1.1874 0.1105 4.2757, -1.2446 0.1158 4.3327, -1.2472 0.0471 4.3346, -1.1923 -0.0216 4.2796, -1.2498 -0.0226 4.3365, -1.242 -0.1273 4.3395, -1.1825 -0.1544 4.2835, -1.2395 -0.1619 4.3405, -1.2134 -0.2995 4.3446, -1.1571 -0.2883 4.2878, -1.2129 -0.3022 4.3447, -1.1697 -0.4408 4.3492, -1.1159 -0.4205 4.2922, -1.1588 -0.4653 4.35, -1.059 -0.5482 4.2968, -1.1101 -0.5746 4.3538, -0.9025 -0.7795 4.306, -0.9846 -0.7667 4.361, -0.9874 -0.6687 4.3015, -1.035 -0.7009 4.3584, -1.082 -0.6219 4.3555, -0.8063 -0.8786 4.3104, -0.8685 -0.8969 4.3664, -0.946 -0.8171 4.363, -0.7013 -0.9645 4.3146, -0.7358 -1.0104 4.3716, -0.8452 -0.9209 4.3674, -0.4711 -1.0955 4.3224, -0.5872 -1.1019 4.3765, -0.59 -1.0363 4.3185, -0.6185 -1.0863 4.3755, -0.7351 -1.011 4.3716, -0.3433 -1.142 4.3267, -0.4276 -1.1724 4.3815, -0.4938 -1.1483 4.3794, -0.2088 -1.1741 4.3311, -0.2599 -1.2209 4.3868, -0.3599 -1.1971 4.3836, -0.0735 -1.2478 4.3926, -0.0873 -1.2462 4.3922, -0.2189 -1.2307 4.3881, 0.3433 -1.142 4.3493, 0.2599 -1.2209 4.4031, 0.2088 -1.1741 4.3449, 0.2189 -1.2307 4.4019, 0.0873 -1.2462 4.3977, 0.4711 -1.0955 4.3536, 0.4276 -1.1724 4.4084, 0.3599 -1.1971 4.4063, 0.6185 -1.0863 4.4144, 0.5872 -1.1019 4.4134, 0.4938 -1.1483 4.4105, 0.8452 -0.9209 4.4225, 0.8063 -0.8786 4.3656, 0.8685 -0.8969 4.4235, 0.9025 -0.7795 4.37, 0.946 -0.8171 4.4269, 1.059 -0.5482 4.3792, 1.082 -0.6219 4.4344, 0.9874 -0.6687 4.3746, 1.035 -0.7009 4.4315, 0.9846 -0.7667 4.4289, 1.1697 -0.4408 4.4407, 1.1588 -0.4653 4.4399, 1.1101 -0.5746 4.4361, 1.2395 -0.1619 4.4494, 1.1825 -0.1544 4.3925, 1.242 -0.1273 4.4504, 1.1923 -0.0216 4.3964, 1.2498 -0.0226 4.4534, 1.2472 0.0471 4.4553, 1.1874 0.1105 4.4003, 1.2446 0.1158 4.4573, 1.2288 0.2207 4.4604, 1.1672 0.2444 4.4045, 1.2235 0.2561 4.4614, 1.1872 0.3902 4.4656, 1.1312 0.3774 4.4089, 1.1857 0.3956 4.4658, 1.1314 0.5313 4.4704, 1.0794 0.5069 4.4134, 1.1205 0.5515 4.4711, 1.0125 0.63 4.418, 1.0613 0.6604 4.475, 0.839 0.8474 4.4271, 0.9239 0.8388 4.482, 0.9317 0.7443 4.4226, 0.9766 0.7802 4.4796, 1.032 0.7019 4.4766, 0.6575 1.0631 4.4923, 0.7722 0.983 4.4883, 0.7367 0.9378 4.4314, 0.7983 0.9599 4.4873, 0.8795 0.8883 4.4841, 0.6574 1.0632 4.4923, 0.6271 1.0143 4.4354, 0.5359 1.1293 4.4962, 0.5112 1.0773 4.4392, 0.5023 1.143 4.4972, 0.3862 1.1282 4.4434, 0.4048 1.1826 4.5003, 0.1673 1.2388 4.5078, 0.2659 1.2214 4.5047, 0.3378 1.2013 4.5024, 0.1673 1.2388 4.5162, 0.2659 1.2214 4.5131, 0.3378 1.2013 4.5108, 0.4048 1.1826 4.5087, 0.5023 1.143 4.5056, 0.5359 1.1293 4.5046, 0.6574 1.0632 4.5007, 0.6575 1.0631 4.5007, 0.7722 0.983 4.4968, 0.7983 0.9599 4.4957, 0.8795 0.8883 4.4925, 0.9239 0.8388 4.4904, 0.9766 0.7802 4.488, 1.032 0.7019 4.485, 1.0613 0.6604 4.4834, 1.1205 0.5515 4.4795, 1.1314 0.5313 4.4788, 1.1857 0.3956 4.4742, 1.1872 0.3902 4.474, 1.2235 0.2561 4.4698, 1.2288 0.2207 4.4688, 1.2446 0.1158 4.4657, 1.2472 0.0471 4.4637, 1.2498 -0.0226 4.4618, 1.242 -0.1273 4.4588, 1.2395 -0.1619 4.4578, 1.2134 -0.2995 4.4537, 1.2129 -0.3022 4.4536, 1.1697 -0.4408 4.4491, 1.1588 -0.4653 4.4483, 1.1101 -0.5746 4.4445, 1.082 -0.6219 4.4428, 1.035 -0.7009 4.4399, 0.9846 -0.7667 4.4373, 0.946 -0.8171 4.4353, 0.8685 -0.8969 4.4319, 0.8452 -0.9209 4.4309, 0.7358 -1.0104 4.4268, 0.7351 -1.011 4.4267, 0.6185 -1.0863 4.4228, 0.5872 -1.1019 4.4219, 0.4938 -1.1483 4.4189, 0.4276 -1.1724 4.4168, 0.3599 -1.1971 4.4147, 0.2599 -1.2209 4.4115, 0.2189 -1.2307 4.4103, 0.0873 -1.2462 4.4061, 0.0735 -1.2478 4.4057, -0.0735 -1.2478 4.401, -0.0873 -1.2462 4.4006, -0.2189 -1.2307 4.3965, -0.2599 -1.2209 4.3952, -0.3599 -1.1971 4.392, -0.4276 -1.1724 4.3899, -0.4938 -1.1483 4.3878, -0.5872 -1.1019 4.3849, -0.6185 -1.0863 4.3839, -0.7351 -1.011 4.38, -0.7358 -1.0104 4.38, -0.8452 -0.9209 4.3758, -0.8685 -0.8969 4.3748, -0.946 -0.8171 4.3714, -0.9846 -0.7667 4.3694, -1.035 -0.7009 4.3668, -1.082 -0.6219 4.3639, -1.1101 -0.5746 4.3622, -1.1588 -0.4653 4.3584, -1.1697 -0.4408 4.3576, -1.2129 -0.3022 4.3531, -1.2134 -0.2995 4.353, -1.2395 -0.1619 4.3489, -1.242 -0.1273 4.3479, -1.2498 -0.0226 4.3449, -1.2472 0.0471 4.343, -1.2446 0.1158 4.3411, -1.2288 0.2207 4.338, -1.2235 0.2561 4.3369, -1.1872 0.3902 4.3327, -1.1857 0.3956 4.3325, -1.1314 0.5313 4.3279, -1.1205 0.5515 4.3272, -1.0613 0.6604 4.3233, -1.032 0.7019 4.3217, -0.9766 0.7802 4.3187, -0.9239 0.8388 4.3163, -0.8795 0.8883 4.3142, -0.7983 0.9599 4.311, -0.7722 0.983 4.31, -0.6575 1.0631 4.306, -0.6574 1.0632 4.306, -0.5359 1.1293 4.3021, -0.1673 1.2388 4.2905, -0.2659 1.2214 4.2936, -0.3378 1.2013 4.2959, -0.4048 1.1826 4.298, -0.5023 1.143 4.3011, 1.0125 0.63 4.5404, 0.9317 0.7443 4.545, 0.8868 0.7084 4.6019, 1.1874 0.1105 4.5226, 1.1672 0.2444 4.5268, 1.1109 0.2326 4.5837, 1.1825 -0.1544 4.5148, 1.1923 -0.0216 4.5187, 1.1348 -0.0205 4.5757, 0.9025 -0.7795 4.4923, 0.9874 -0.6687 4.4969, 0.9398 -0.6364 4.5538, 0.4711 -1.0955 4.4759, 0.59 -1.0363 4.4798, 0.5616 -0.9863 4.5367, 0.2088 -1.1741 4.4672, 0.3433 -1.142 4.4716, 0.3268 -1.0869 4.5286, -0.3433 -1.142 4.449, -0.2088 -1.1741 4.4534, -0.1988 -1.1174 4.5104, -0.59 -1.0363 4.4408, -0.4711 -1.0955 4.4448, -0.4484 -1.0427 4.5017, -1.059 -0.5482 4.4191, -0.9874 -0.6687 4.4238, -0.9398 -0.6364 4.4807, -1.1923 -0.0216 4.4019, -1.1825 -0.1544 4.4058, -1.1254 -0.147 4.4628, -1.1672 0.2444 4.3939, -1.1874 0.1105 4.398, -1.1301 0.1052 4.455, -0.839 0.8474 4.3712, -0.9317 0.7443 4.3757, -0.8868 0.7084 4.4326, -0.1673 1.1741 4.3542, -0.1673 1.1807 4.3477, -0.2536 1.1652 4.3506, 0.1673 1.1875 4.5662, 0.1673 1.1807 4.5729, 0.2536 1.1652 4.57, 0.1673 1.1226 4.6296, 0.2414 1.109 4.627, 0.3862 1.1282 4.5657, -0.1673 1.1226 4.405, -0.2414 1.109 4.4075, -0.3676 1.0738 4.4119, -0.3862 1.1282 4.355, -0.4866 1.0254 4.416, -0.5112 1.0773 4.3591, -0.5969 0.9654 4.4199, -0.6271 1.0143 4.3629, -0.7011 0.8925 4.4239, -0.7367 0.9378 4.3669, -0.7986 0.8065 4.4281, -0.9636 0.5997 4.4372, -1.0125 0.63 4.3803, -1.0273 0.4825 4.4419, -1.0794 0.5069 4.3849, -1.0766 0.3592 4.4464, -1.1312 0.3774 4.3895, -1.1109 0.2326 4.4508, -1.1348 -0.0205 4.4588, -1.1013 -0.2744 4.467, -1.1571 -0.2883 4.4101, -1.0621 -0.4002 4.4715, -1.1159 -0.4205 4.4145, -1.0079 -0.5218 4.4761, -0.8589 -0.7419 4.4853, -0.9025 -0.7795 4.4283, -0.7674 -0.8362 4.4897, -0.8063 -0.8786 4.4328, -0.6675 -0.918 4.4939, -0.7013 -0.9645 4.4369, -0.5616 -0.9863 4.4978, -0.3268 -1.0869 4.5059, -0.0667 -1.133 4.515, -0.0701 -1.1904 4.458, 0.0667 -1.133 4.5196, 0.0701 -1.1904 4.4626, 0.1988 -1.1174 4.5242, 0.4484 -1.0427 4.5328, 0.6675 -0.918 4.5406, 0.7013 -0.9645 4.4837, 0.7674 -0.8362 4.5448, 0.8063 -0.8786 4.4879, 0.8589 -0.7419 4.5492, 1.0079 -0.5218 4.5584, 1.059 -0.5482 4.5015, 1.0621 -0.4002 4.563, 1.1159 -0.4205 4.5061, 1.1013 -0.2744 4.5675, 1.1571 -0.2883 4.5105, 1.1254 -0.147 4.5717, 1.1301 0.1052 4.5796, 1.0766 0.3592 4.5881, 1.1312 0.3774 4.5312, 1.0273 0.4825 4.5927, 1.0794 0.5069 4.5357, 0.9636 0.5997 4.5973, 0.7986 0.8065 4.6064, 0.839 0.8474 4.5494, 0.7011 0.8925 4.6107, 0.7367 0.9378 4.5537, 0.5969 0.9654 4.6147, 0.6271 1.0143 4.5577, 0.4866 1.0254 4.6185, 0.5112 1.0773 4.5615, 0.3676 1.0738 4.6226, 1.2134 -0.2995 4.6815, 1.2129 -0.3022 4.6814, 1.1571 -0.2883 4.6245, 1.1159 -0.4205 4.62, 0.7358 -1.0104 4.6546, 0.7351 -1.011 4.6545, 0.7013 -0.9645 4.5976, 0.59 -1.0363 4.5937, -0.0701 -1.1904 4.5719, 0.0701 -1.1904 4.5765, 0.0735 -1.2478 4.6335, -1.1872 0.3902 4.5605, -1.1857 0.3956 4.5603, -1.1312 0.3774 4.5034, -1.0794 0.5069 4.4988, -0.6575 1.0631 4.5338, -0.6574 1.0632 4.5338, -0.6271 1.0143 4.4768, -0.5112 1.0773 4.473, -0.1673 1.1875 4.4683, -0.1673 1.1807 4.4616, -0.2536 1.1652 4.4645, 0.1673 1.1741 4.6803, 0.1673 1.1807 4.6868, 0.2536 1.1652 4.684, -0.1673 1.2388 4.5183, -0.2659 1.2214 4.5214, -0.3378 1.2013 4.5237, -0.3862 1.1282 4.4689, -0.5359 1.1293 4.5299, -0.5023 1.143 4.5289, -0.4048 1.1826 4.5258, -0.7722 0.983 4.5378, -0.7367 0.9378 4.4808, -0.7983 0.9599 4.5388, -0.839 0.8474 4.4851, -0.8795 0.8883 4.5421, -1.0125 0.63 4.4942, -1.032 0.7019 4.5495, -0.9317 0.7443 4.4896, -0.9766 0.7802 4.5465, -0.9239 0.8388 4.5441, -1.1314 0.5313 4.5558, -1.1205 0.5515 4.555, -1.0613 0.6604 4.5511, -1.2235 0.2561 4.5647, -1.1672 0.2444 4.5078, -1.2288 0.2207 4.5658, -1.1874 0.1105 4.5119, -1.2446 0.1158 4.5689, -1.2472 0.0471 4.5708, -1.1923 -0.0216 4.5158, -1.2498 -0.0226 4.5727, -1.242 -0.1273 4.5757, -1.1825 -0.1544 4.5197, -1.2395 -0.1619 4.5767, -1.2134 -0.2995 4.5809, -1.1571 -0.2883 4.524, -1.2129 -0.3022 4.5809, -1.1697 -0.4408 4.5854, -1.1159 -0.4205 4.5285, -1.1588 -0.4653 4.5862, -1.059 -0.5482 4.533, -1.1101 -0.5746 4.59, -0.9025 -0.7795 4.5422, -0.9846 -0.7667 4.5972, -0.9874 -0.6687 4.5377, -1.035 -0.7009 4.5946, -1.082 -0.6219 4.5917, -0.8063 -0.8786 4.5467, -0.8685 -0.8969 4.6026, -0.946 -0.8171 4.5992, -0.7013 -0.9645 4.5509, -0.7358 -1.0104 4.6078, -0.8452 -0.9209 4.6036, -0.4711 -1.0955 4.5587, -0.5872 -1.1019 4.6127, -0.59 -1.0363 4.5547, -0.6185 -1.0863 4.6117, -0.7351 -1.011 4.6078, -0.3433 -1.142 4.5629, -0.4276 -1.1724 4.6177, -0.4938 -1.1483 4.6156, -0.2088 -1.1741 4.5673, -0.2599 -1.2209 4.623, -0.3599 -1.1971 4.6198, -0.0735 -1.2478 4.6289, -0.0873 -1.2462 4.6284, -0.2189 -1.2307 4.6243, 0.3433 -1.142 4.5856, 0.2599 -1.2209 4.6394, 0.2088 -1.1741 4.5811, 0.2189 -1.2307 4.6381, 0.0873 -1.2462 4.6339, 0.4711 -1.0955 4.5898, 0.4276 -1.1724 4.6446, 0.3599 -1.1971 4.6425, 0.6185 -1.0863 4.6507, 0.5872 -1.1019 4.6497, 0.4938 -1.1483 4.6467, 0.8452 -0.9209 4.6587, 0.8063 -0.8786 4.6018, 0.8685 -0.8969 4.6598, 0.9025 -0.7795 4.6062, 0.946 -0.8171 4.6632, 1.059 -0.5482 4.6154, 1.082 -0.6219 4.6706, 0.9874 -0.6687 4.6108, 1.035 -0.7009 4.6677, 0.9846 -0.7667 4.6651, 1.1697 -0.4408 4.6769, 1.1588 -0.4653 4.6761, 1.1101 -0.5746 4.6724, 1.2395 -0.1619 4.6857, 1.1825 -0.1544 4.6287, 1.242 -0.1273 4.6866, 1.1923 -0.0216 4.6327, 1.2498 -0.0226 4.6896, 1.2472 0.0471 4.6916, 1.1874 0.1105 4.6365, 1.2446 0.1158 4.6935, 1.2288 0.2207 4.6966, 1.1672 0.2444 4.6407, 1.2235 0.2561 4.6976, 1.1872 0.3902 4.7019, 1.1312 0.3774 4.6451, 1.1857 0.3956 4.702, 1.1314 0.5313 4.7066, 1.0794 0.5069 4.6496, 1.1205 0.5515 4.7073, 1.0125 0.63 4.6543, 1.0613 0.6604 4.7112, 0.839 0.8474 4.6633, 0.9239 0.8388 4.7182, 0.9317 0.7443 4.6589, 0.9766 0.7802 4.7158, 1.032 0.7019 4.7128, 0.6575 1.0631 4.7286, 0.7722 0.983 4.7246, 0.7367 0.9378 4.6676, 0.7983 0.9599 4.7235, 0.8795 0.8883 4.7203, 0.6574 1.0632 4.7286, 0.6271 1.0143 4.6716, 0.5359 1.1293 4.7324, 0.5112 1.0773 4.6755, 0.5023 1.143 4.7335, 0.3862 1.1282 4.6796, 0.4048 1.1826 4.7365, 0.1673 1.2388 4.744, 0.2659 1.2214 4.7409, 0.3378 1.2013 4.7386, 0.1673 1.2388 4.7524, 0.2659 1.2214 4.7493, 0.3378 1.2013 4.747, 0.4048 1.1826 4.7449, 0.5023 1.143 4.7419, 0.5359 1.1293 4.7408, 0.6574 1.0632 4.737, 0.6575 1.0631 4.737, 0.7722 0.983 4.733, 0.7983 0.9599 4.7319, 0.8795 0.8883 4.7287, 0.9239 0.8388 4.7266, 0.9766 0.7802 4.7242, 1.032 0.7019 4.7212, 1.0613 0.6604 4.7196, 1.1205 0.5515 4.7157, 1.1314 0.5313 4.715, 1.1857 0.3956 4.7104, 1.1872 0.3902 4.7103, 1.2235 0.2561 4.706, 1.2288 0.2207 4.705, 1.2446 0.1158 4.7019, 1.2472 0.0471 4.7, 1.2498 -0.0226 4.698, 1.242 -0.1273 4.695, 1.2395 -0.1619 4.6941, 1.2134 -0.2995 4.6899, 1.2129 -0.3022 4.6898, 1.1697 -0.4408 4.6853, 1.1588 -0.4653 4.6845, 1.1101 -0.5746 4.6808, 1.082 -0.6219 4.679, 1.035 -0.7009 4.6761, 0.9846 -0.7667 4.6735, 0.946 -0.8171 4.6716, 0.8685 -0.8969 4.6682, 0.8452 -0.9209 4.6671, 0.7358 -1.0104 4.663, 0.7351 -1.011 4.663, 0.6185 -1.0863 4.6591, 0.5872 -1.1019 4.6581, 0.4938 -1.1483 4.6551, 0.4276 -1.1724 4.653, 0.3599 -1.1971 4.6509, 0.2599 -1.2209 4.6478, 0.2189 -1.2307 4.6465, 0.0873 -1.2462 4.6423, 0.0735 -1.2478 4.6419, -0.0735 -1.2478 4.6373, -0.0873 -1.2462 4.6368, -0.2189 -1.2307 4.6327, -0.2599 -1.2209 4.6314, -0.3599 -1.1971 4.6282, -0.4276 -1.1724 4.6261, -0.4938 -1.1483 4.624, -0.5872 -1.1019 4.6211, -0.6185 -1.0863 4.6201, -0.7351 -1.011 4.6162, -0.7358 -1.0104 4.6162, -0.8452 -0.9209 4.612, -0.8685 -0.8969 4.611, -0.946 -0.8171 4.6076, -0.9846 -0.7667 4.6056, -1.035 -0.7009 4.603, -1.082 -0.6219 4.6001, -1.1101 -0.5746 4.5984, -1.1588 -0.4653 4.5947, -1.1697 -0.4408 4.5938, -1.2129 -0.3022 4.5894, -1.2134 -0.2995 4.5893, -1.2395 -0.1619 4.5851, -1.242 -0.1273 4.5841, -1.2498 -0.0226 4.5811, -1.2472 0.0471 4.5792, -1.2446 0.1158 4.5773, -1.2288 0.2207 4.5742, -1.2235 0.2561 4.5731, -1.1872 0.3902 4.5689, -1.1857 0.3956 4.5687, -1.1314 0.5313 4.5642, -1.1205 0.5515 4.5634, -1.0613 0.6604 4.5595, -1.032 0.7019 4.5579, -0.9766 0.7802 4.5549, -0.9239 0.8388 4.5525, -0.8795 0.8883 4.5505, -0.7983 0.9599 4.5472, -0.7722 0.983 4.5462, -0.6575 1.0631 4.5422, -0.6574 1.0632 4.5422, -0.5359 1.1293 4.5383, -0.1673 1.2388 4.5267, -0.2659 1.2214 4.5298, -0.3378 1.2013 4.5321, -0.4048 1.1826 4.5342, -0.5023 1.143 4.5373, 1.0125 0.63 4.7766, 0.9317 0.7443 4.7812, 0.8868 0.7084 4.8381, 1.1874 0.1105 4.7588, 1.1672 0.2444 4.763, 1.1109 0.2326 4.8199, 1.1825 -0.1544 4.751, 1.1923 -0.0216 4.755, 1.1348 -0.0205 4.8119, 0.9025 -0.7795 4.7285, 0.9874 -0.6687 4.7331, 0.9398 -0.6364 4.79, 0.4711 -1.0955 4.7121, 0.59 -1.0363 4.716, 0.5616 -0.9863 4.773, 0.2088 -1.1741 4.7034, 0.3433 -1.142 4.7079, 0.3268 -1.0869 4.7648, -0.3433 -1.142 4.6852, -0.2088 -1.1741 4.6896, -0.1988 -1.1174 4.7466, -0.59 -1.0363 4.6771, -0.4711 -1.0955 4.681, -0.4484 -1.0427 4.7379, -1.059 -0.5482 4.6554, -0.9874 -0.6687 4.66, -0.9398 -0.6364 4.7169, -1.1923 -0.0216 4.6381, -1.1825 -0.1544 4.6421, -1.1254 -0.147 4.699, -1.1672 0.2444 4.6301, -1.1874 0.1105 4.6342, -1.1301 0.1052 4.6912, -0.839 0.8474 4.6074, -0.9317 0.7443 4.6119, -0.8868 0.7084 4.6688, -0.1673 1.1741 4.5904, -0.1673 1.1807 4.584, -0.2536 1.1652 4.5868, 0.1673 1.1875 4.8025, 0.1673 1.1807 4.8091, 0.2536 1.1652 4.8063, 0.1673 1.1226 4.8658, 0.2414 1.109 4.8632, 0.3862 1.1282 4.8019, -0.1673 1.1226 4.6412, -0.2414 1.109 4.6438, -0.3676 1.0738 4.6481, -0.3862 1.1282 4.5912, -0.4866 1.0254 4.6523, -0.5112 1.0773 4.5953, -0.5969 0.9654 4.6561, -0.6271 1.0143 4.5991, -0.7011 0.8925 4.6601, -0.7367 0.9378 4.6031, -0.7986 0.8065 4.6644, -0.9636 0.5997 4.6734, -1.0125 0.63 4.6165, -1.0273 0.4825 4.6781, -1.0794 0.5069 4.6211, -1.0766 0.3592 4.6826, -1.1312 0.3774 4.6257, -1.1109 0.2326 4.687, -1.1348 -0.0205 4.6951, -1.1013 -0.2744 4.7033, -1.1571 -0.2883 4.6463, -1.0621 -0.4002 4.7077, -1.1159 -0.4205 4.6508, -1.0079 -0.5218 4.7123, -0.8589 -0.7419 4.7215, -0.9025 -0.7795 4.6646, -0.7674 -0.8362 4.7259, -0.8063 -0.8786 4.669, -0.6675 -0.918 4.7301, -0.7013 -0.9645 4.6732, -0.5616 -0.9863 4.734, -0.3268 -1.0869 4.7422, -0.0667 -1.133 4.7512, -0.0701 -1.1904 4.6942, 0.0667 -1.133 4.7558, 0.0701 -1.1904 4.6988, 0.1988 -1.1174 4.7604, 0.4484 -1.0427 4.769, 0.6675 -0.918 4.7769, 0.7013 -0.9645 4.7199, 0.7674 -0.8362 4.781, 0.8063 -0.8786 4.7241, 0.8589 -0.7419 4.7855, 1.0079 -0.5218 4.7947, 1.059 -0.5482 4.7377, 1.0621 -0.4002 4.7993, 1.1159 -0.4205 4.7423, 1.1013 -0.2744 4.8037, 1.1571 -0.2883 4.7468, 1.1254 -0.147 4.808, 1.1301 0.1052 4.8158, 1.0766 0.3592 4.8243, 1.1312 0.3774 4.7674, 1.0273 0.4825 4.8289, 1.0794 0.5069 4.7719, 0.9636 0.5997 4.8335, 0.7986 0.8065 4.8426, 0.839 0.8474 4.7857, 0.7011 0.8925 4.8469, 0.7367 0.9378 4.7899, 0.5969 0.9654 4.8509, 0.6271 1.0143 4.7939, 0.4866 1.0254 4.8547, 0.5112 1.0773 4.7978, 0.3676 1.0738 4.8588, 1.2134 -0.2995 4.9177, 1.2129 -0.3022 4.9176, 1.1571 -0.2883 4.8607, 1.1159 -0.4205 4.8562, 0.7358 -1.0104 4.8908, 0.7351 -1.011 4.8908, 0.7013 -0.9645 4.8338, 0.59 -1.0363 4.8299, -0.0701 -1.1904 4.8081, 0.0701 -1.1904 4.8128, 0.0735 -1.2478 4.8697, -1.1872 0.3902 4.7967, -1.1857 0.3956 4.7965, -1.1312 0.3774 4.7396, -1.0794 0.5069 4.735, -0.6575 1.0631 4.77, -0.6574 1.0632 4.77, -0.6271 1.0143 4.7131, -0.5112 1.0773 4.7092, -0.1673 1.1875 4.7045, -0.1673 1.1807 4.6979, -0.2536 1.1652 4.7007, 0.1673 1.1741 4.9166, 0.1673 1.1807 4.923, 0.2536 1.1652 4.9202, -0.1673 1.2388 4.7546, -0.2659 1.2214 4.7577, -0.3378 1.2013 4.7599, -0.3862 1.1282 4.7051, -0.5359 1.1293 4.7662, -0.5023 1.143 4.7651, -0.4048 1.1826 4.762, -0.7722 0.983 4.774, -0.7367 0.9378 4.7171, -0.7983 0.9599 4.775, -0.839 0.8474 4.7213, -0.8795 0.8883 4.7783, -1.0125 0.63 4.7304, -1.032 0.7019 4.7858, -0.9317 0.7443 4.7258, -0.9766 0.7802 4.7828, -0.9239 0.8388 4.7803, -1.1314 0.5313 4.792, -1.1205 0.5515 4.7913, -1.0613 0.6604 4.7874, -1.2235 0.2561 4.8009, -1.1672 0.2444 4.744, -1.2288 0.2207 4.802, -1.1874 0.1105 4.7481, -1.2446 0.1158 4.8051, -1.2472 0.0471 4.807, -1.1923 -0.0216 4.752, -1.2498 -0.0226 4.809, -1.242 -0.1273 4.8119, -1.1825 -0.1544 4.756, -1.2395 -0.1619 4.8129, -1.2134 -0.2995 4.8171, -1.1571 -0.2883 4.7602, -1.2129 -0.3022 4.8172, -1.1697 -0.4408 4.8216, -1.1159 -0.4205 4.7647, -1.1588 -0.4653 4.8225, -1.059 -0.5482 4.7693, -1.1101 -0.5746 4.8262, -0.9025 -0.7795 4.7785, -0.9846 -0.7667 4.8334, -0.9874 -0.6687 4.7739, -1.035 -0.7009 4.8308, -1.082 -0.6219 4.828, -0.8063 -0.8786 4.7829, -0.8685 -0.8969 4.8388, -0.946 -0.8171 4.8354, -0.7013 -0.9645 4.7871, -0.7358 -1.0104 4.844, -0.8452 -0.9209 4.8398, -0.4711 -1.0955 4.7949, -0.5872 -1.1019 4.8489, -0.59 -1.0363 4.791, -0.6185 -1.0863 4.8479, -0.7351 -1.011 4.844, -0.3433 -1.142 4.7991, -0.4276 -1.1724 4.8539, -0.4938 -1.1483 4.8518, -0.2088 -1.1741 4.8035, -0.2599 -1.2209 4.8592, -0.3599 -1.1971 4.8561, -0.0735 -1.2478 4.8651, -0.0873 -1.2462 4.8646, -0.2189 -1.2307 4.8605, 0.3433 -1.142 4.8218, 0.2599 -1.2209 4.8756, 0.2088 -1.1741 4.8173, 0.2189 -1.2307 4.8743, 0.0873 -1.2462 4.8701, 0.4711 -1.0955 4.826, 0.4276 -1.1724 4.8809, 0.3599 -1.1971 4.8787, 0.6185 -1.0863 4.8869, 0.5872 -1.1019 4.8859, 0.4938 -1.1483 4.883, 0.8452 -0.9209 4.895, 0.8063 -0.8786 4.838, 0.8685 -0.8969 4.896, 0.9025 -0.7795 4.8424, 0.946 -0.8171 4.8994, 1.059 -0.5482 4.8516, 1.082 -0.6219 4.9068, 0.9874 -0.6687 4.847, 1.035 -0.7009 4.9039, 0.9846 -0.7667 4.9014, 1.1697 -0.4408 4.9132, 1.1588 -0.4653 4.9123, 1.1101 -0.5746 4.9086, 1.2395 -0.1619 4.9219, 1.1825 -0.1544 4.8649, 1.242 -0.1273 4.9229, 1.1923 -0.0216 4.8689, 1.2498 -0.0226 4.9258, 1.2472 0.0471 4.9278, 1.1874 0.1105 4.8727, 1.2446 0.1158 4.9297, 1.2288 0.2207 4.9328, 1.1672 0.2444 4.8769, 1.2235 0.2561 4.9339, 1.1872 0.3902 4.9381, 1.1312 0.3774 4.8813, 1.1857 0.3956 4.9383, 1.1314 0.5313 4.9428, 1.0794 0.5069 4.8859, 1.1205 0.5515 4.9435, 1.0125 0.63 4.8905, 1.0613 0.6604 4.9474, 0.839 0.8474 4.8996, 0.9239 0.8388 4.9545, 0.9317 0.7443 4.8951, 0.9766 0.7802 4.952, 1.032 0.7019 4.949, 0.6575 1.0631 4.9648, 0.7722 0.983 4.9608, 0.7367 0.9378 4.9038, 0.7983 0.9599 4.9597, 0.8795 0.8883 4.9565, 0.6574 1.0632 4.9648, 0.6271 1.0143 4.9078, 0.5359 1.1293 4.9686, 0.5112 1.0773 4.9117, 0.5023 1.143 4.9697, 0.3862 1.1282 4.9158, 0.4048 1.1826 4.9728, 0.1673 1.2388 4.9802, 0.2659 1.2214 4.9771, 0.3378 1.2013 4.9749, 0.1673 1.2388 4.9886, 0.2659 1.2214 4.9855, 0.3378 1.2013 4.9833, 0.4048 1.1826 4.9812, 0.5023 1.143 4.9781, 0.5359 1.1293 4.977, 0.6574 1.0632 4.9732, 0.6575 1.0631 4.9732, 0.7722 0.983 4.9692, 0.7983 0.9599 4.9682, 0.8795 0.8883 4.9649, 0.9239 0.8388 4.9629, 0.9766 0.7802 4.9604, 1.032 0.7019 4.9574, 1.0613 0.6604 4.9558, 1.1205 0.5515 4.9519, 1.1314 0.5313 4.9512, 1.1857 0.3956 4.9467, 1.1872 0.3902 4.9465, 1.2235 0.2561 4.9423, 1.2288 0.2207 4.9412, 1.2446 0.1158 4.9381, 1.2472 0.0471 4.9362, 1.2498 -0.0226 4.9342, 1.242 -0.1273 4.9313, 1.2395 -0.1619 4.9303, 1.2134 -0.2995 4.9261, 1.2129 -0.3022 4.926, 1.1697 -0.4408 4.9216, 1.1588 -0.4653 4.9207, 1.1101 -0.5746 4.917, 1.082 -0.6219 4.9152, 1.035 -0.7009 4.9123, 0.9846 -0.7667 4.9098, 0.946 -0.8171 4.9078, 0.8685 -0.8969 4.9044, 0.8452 -0.9209 4.9034, 0.7358 -1.0104 4.8992, 0.7351 -1.011 4.8992, 0.6185 -1.0863 4.8953, 0.5872 -1.1019 4.8943, 0.4938 -1.1483 4.8914, 0.4276 -1.1724 4.8893, 0.3599 -1.1971 4.8871, 0.2599 -1.2209 4.884, 0.2189 -1.2307 4.8827, 0.0873 -1.2462 4.8785, 0.0735 -1.2478 4.8781, -0.0735 -1.2478 4.8735, -0.0873 -1.2462 4.8731, -0.2189 -1.2307 4.8689, -0.2599 -1.2209 4.8676, -0.3599 -1.1971 4.8645, -0.4276 -1.1724 4.8623, -0.4938 -1.1483 4.8602, -0.5872 -1.1019 4.8573, -0.6185 -1.0863 4.8563, -0.7351 -1.011 4.8524, -0.7358 -1.0104 4.8524, -0.8452 -0.9209 4.8482, -0.8685 -0.8969 4.8472, -0.946 -0.8171 4.8438, -0.9846 -0.7667 4.8418, -1.035 -0.7009 4.8392, -1.082 -0.6219 4.8364, -1.1101 -0.5746 4.8346, -1.1588 -0.4653 4.8309, -1.1697 -0.4408 4.83, -1.2129 -0.3022 4.8256, -1.2134 -0.2995 4.8255, -1.2395 -0.1619 4.8213, -1.242 -0.1273 4.8203, -1.2498 -0.0226 4.8174, -1.2472 0.0471 4.8154, -1.2446 0.1158 4.8135, -1.2288 0.2207 4.8104, -1.2235 0.2561 4.8093, -1.1872 0.3902 4.8051, -1.1857 0.3956 4.8049, -1.1314 0.5313 4.8004, -1.1205 0.5515 4.7997, -1.0613 0.6604 4.7958, -1.032 0.7019 4.7942, -0.9766 0.7802 4.7912, -0.9239 0.8388 4.7887, -0.8795 0.8883 4.7867, -0.7983 0.9599 4.7834, -0.7722 0.983 4.7824, -0.6575 1.0631 4.7784, -0.6574 1.0632 4.7784, -0.5359 1.1293 4.7746, -0.1673 1.2388 4.763, -0.2659 1.2214 4.7661, -0.3378 1.2013 4.7683, -0.4048 1.1826 4.7704, -0.5023 1.143 4.7735, 1.0125 0.63 5.0128, 0.9317 0.7443 5.0174, 0.8868 0.7084 5.0743, 1.1874 0.1105 4.9951, 1.1672 0.2444 4.9992, 1.1109 0.2326 5.0562, 1.1825 -0.1544 4.9872, 1.1923 -0.0216 4.9912, 1.1348 -0.0205 5.0481, 0.9025 -0.7795 4.9647, 0.9874 -0.6687 4.9693, 0.9398 -0.6364 5.0263, 0.4711 -1.0955 4.9483, 0.59 -1.0363 4.9522, 0.5616 -0.9863 5.0092, 0.2088 -1.1741 4.9396, 0.3433 -1.142 4.9441, 0.3268 -1.0869 5.001, -0.3433 -1.142 4.9214, -0.2088 -1.1741 4.9259, -0.1988 -1.1174 4.9828, -0.59 -1.0363 4.9133, -0.4711 -1.0955 4.9172, -0.4484 -1.0427 4.9742, -1.059 -0.5482 4.8916, -0.9874 -0.6687 4.8962, -0.9398 -0.6364 4.9532, -1.1923 -0.0216 4.8743, -1.1825 -0.1544 4.8783, -1.1254 -0.147 4.9352, -1.1672 0.2444 4.8663, -1.1874 0.1105 4.8705, -1.1301 0.1052 4.9274, -0.839 0.8474 4.8436, -0.9317 0.7443 4.8481, -0.8868 0.7084 4.9051, -0.1673 1.1741 4.8266, -0.1673 1.1807 4.8202, -0.2536 1.1652 4.823, 0.1673 1.1875 5.0387, 0.1673 1.1807 5.0453, 0.2536 1.1652 5.0425, 0.1673 1.1226 5.102, 0.2414 1.109 5.0994, 0.3862 1.1282 5.0381, -0.1673 1.1226 4.8774, -0.2414 1.109 4.88, -0.3676 1.0738 4.8843, -0.3862 1.1282 4.8274, -0.4866 1.0254 4.8885, -0.5112 1.0773 4.8315, -0.5969 0.9654 4.8923, -0.6271 1.0143 4.8354, -0.7011 0.8925 4.8963, -0.7367 0.9378 4.8394, -0.7986 0.8065 4.9006, -0.9636 0.5997 4.9097, -1.0125 0.63 4.8527, -1.0273 0.4825 4.9143, -1.0794 0.5069 4.8573, -1.0766 0.3592 4.9189, -1.1312 0.3774 4.8619, -1.1109 0.2326 4.9232, -1.1348 -0.0205 4.9313, -1.1013 -0.2744 4.9395, -1.1571 -0.2883 4.8825, -1.0621 -0.4002 4.9439, -1.1159 -0.4205 4.887, -1.0079 -0.5218 4.9485, -0.8589 -0.7419 4.9577, -0.9025 -0.7795 4.9008, -0.7674 -0.8362 4.9621, -0.8063 -0.8786 4.9052, -0.6675 -0.918 4.9663, -0.7013 -0.9645 4.9094, -0.5616 -0.9863 4.9702, -0.3268 -1.0869 4.9784, -0.0667 -1.133 4.9874, -0.0701 -1.1904 4.9304, 0.0667 -1.133 4.992, 0.0701 -1.1904 4.9351, 0.1988 -1.1174 4.9966, 0.4484 -1.0427 5.0053, 0.6675 -0.918 5.0131, 0.7013 -0.9645 4.9561, 0.7674 -0.8362 5.0173, 0.8063 -0.8786 4.9603, 0.8589 -0.7419 5.0217, 1.0079 -0.5218 5.0309, 1.059 -0.5482 4.9739, 1.0621 -0.4002 5.0355, 1.1159 -0.4205 4.9785, 1.1013 -0.2744 5.0399, 1.1571 -0.2883 4.983, 1.1254 -0.147 5.0442, 1.1301 0.1052 5.052, 1.0766 0.3592 5.0606, 1.1312 0.3774 5.0036, 1.0273 0.4825 5.0651, 1.0794 0.5069 5.0082, 0.9636 0.5997 5.0697, 0.7986 0.8065 5.0788, 0.839 0.8474 5.0219, 0.7011 0.8925 5.0831, 0.7367 0.9378 5.0261, 0.5969 0.9654 5.0871, 0.6271 1.0143 5.0301, 0.4866 1.0254 5.0909, 0.5112 1.0773 5.034, 0.3676 1.0738 5.0951, 1.2134 -0.2995 5.1539, 1.2129 -0.3022 5.1538, 1.1571 -0.2883 5.0969, 1.1159 -0.4205 5.0924, 0.7358 -1.0104 5.127, 0.7351 -1.011 5.127, 0.7013 -0.9645 5.07, 0.59 -1.0363 5.0661, -0.0701 -1.1904 5.0443, 0.0701 -1.1904 5.049, 0.0735 -1.2478 5.1059, -1.1872 0.3902 5.0329, -1.1857 0.3956 5.0328, -1.1312 0.3774 4.9758, -1.0794 0.5069 4.9712, -0.6575 1.0631 5.0062, -0.6574 1.0632 5.0062, -0.6271 1.0143 4.9493, -0.5112 1.0773 4.9454, -0.1673 1.1875 4.9407, -0.1673 1.1807 4.9341, -0.2536 1.1652 4.9369, 0.1673 1.1741 5.1528, 0.1673 1.1807 5.1592, 0.2536 1.1652 5.1564, -0.1673 1.2388 4.9908, -0.2659 1.2214 4.9939, -0.3378 1.2013 4.9961, -0.3862 1.1282 4.9413, -0.5359 1.1293 5.0024, -0.5023 1.143 5.0013, -0.4048 1.1826 4.9983, -0.7722 0.983 5.0102, -0.7367 0.9378 4.9533, -0.7983 0.9599 5.0113, -0.839 0.8474 4.9575, -0.8795 0.8883 5.0145, -1.0125 0.63 4.9666, -1.032 0.7019 5.022, -0.9317 0.7443 4.962, -0.9766 0.7802 5.019, -0.9239 0.8388 5.0165, -1.1314 0.5313 5.0282, -1.1205 0.5515 5.0275, -1.0613 0.6604 5.0236, -1.2235 0.2561 5.0372, -1.1672 0.2444 4.9802, -1.2288 0.2207 5.0382, -1.1874 0.1105 4.9844, -1.2446 0.1158 5.0413, -1.2472 0.0471 5.0432, -1.1923 -0.0216 4.9882, -1.2498 -0.0226 5.0452, -1.242 -0.1273 5.0482, -1.1825 -0.1544 4.9922, -1.2395 -0.1619 5.0491, -1.2134 -0.2995 5.0533, -1.1571 -0.2883 4.9964, -1.2129 -0.3022 5.0534, -1.1697 -0.4408 5.0578, -1.1159 -0.4205 5.0009, -1.1588 -0.4653 5.0587, -1.059 -0.5482 5.0055, -1.1101 -0.5746 5.0624, -0.9025 -0.7795 5.0147, -0.9846 -0.7667 5.0697, -0.9874 -0.6687 5.0101, -1.035 -0.7009 5.0671, -1.082 -0.6219 5.0642, -0.8063 -0.8786 5.0191, -0.8685 -0.8969 5.075, -0.946 -0.8171 5.0716, -0.7013 -0.9645 5.0233, -0.7358 -1.0104 5.0802, -0.8452 -0.9209 5.0761, -0.4711 -1.0955 5.0311, -0.5872 -1.1019 5.0851, -0.59 -1.0363 5.0272, -0.6185 -1.0863 5.0841, -0.7351 -1.011 5.0802, -0.3433 -1.142 5.0353, -0.4276 -1.1724 5.0902, -0.4938 -1.1483 5.0881, -0.2088 -1.1741 5.0398, -0.2599 -1.2209 5.0954, -0.3599 -1.1971 5.0923, -0.0735 -1.2478 5.1013, -0.0873 -1.2462 5.1009, -0.2189 -1.2307 5.0967, 0.3433 -1.142 5.058, 0.2599 -1.2209 5.1118, 0.2088 -1.1741 5.0536, 0.2189 -1.2307 5.1105, 0.0873 -1.2462 5.1064, 0.4711 -1.0955 5.0622, 0.4276 -1.1724 5.1171, 0.3599 -1.1971 5.115, 0.6185 -1.0863 5.1231, 0.5872 -1.1019 5.1221, 0.4938 -1.1483 5.1192, 0.8452 -0.9209 5.1312, 0.8063 -0.8786 5.0742, 0.8685 -0.8969 5.1322, 0.9025 -0.7795 5.0786, 0.946 -0.8171 5.1356, 1.059 -0.5482 5.0878, 1.082 -0.6219 5.1431, 0.9874 -0.6687 5.0832, 1.035 -0.7009 5.1402, 0.9846 -0.7667 5.1376, 1.1697 -0.4408 5.1494, 1.1588 -0.4653 5.1485, 1.1101 -0.5746 5.1448, 1.2395 -0.1619 5.1581, 1.1825 -0.1544 5.1011, 1.242 -0.1273 5.1591, 1.1923 -0.0216 5.1051, 1.2498 -0.0226 5.1621, 1.2472 0.0471 5.164, 1.1874 0.1105 5.109, 1.2446 0.1158 5.1659, 1.2288 0.2207 5.169, 1.1672 0.2444 5.1131, 1.2235 0.2561 5.1701, 1.1872 0.3902 5.1743, 1.1312 0.3774 5.1175, 1.1857 0.3956 5.1745, 1.1314 0.5313 5.179, 1.0794 0.5069 5.1221, 1.1205 0.5515 5.1798, 1.0125 0.63 5.1267, 1.0613 0.6604 5.1837, 0.839 0.8474 5.1358, 0.9239 0.8388 5.1907, 0.9317 0.7443 5.1313, 0.9766 0.7802 5.1883, 1.032 0.7019 5.1853, 0.6575 1.0631 5.201, 0.7722 0.983 5.197, 0.7367 0.9378 5.1401, 0.7983 0.9599 5.196, 0.8795 0.8883 5.1927, 0.6574 1.0632 5.201, 0.6271 1.0143 5.1441, 0.5359 1.1293 5.2048, 0.5112 1.0773 5.1479, 0.5023 1.143 5.2059, 0.3862 1.1282 5.152, 0.4048 1.1826 5.209, 0.1673 1.2388 5.2165, 0.2659 1.2214 5.2134, 0.3378 1.2013 5.2111, 0.1673 1.2388 5.2249, 0.2659 1.2214 5.2218, 0.3378 1.2013 5.2195, 0.4048 1.1826 5.2174, 0.5023 1.143 5.2143, 0.5359 1.1293 5.2133, 0.6574 1.0632 5.2094, 0.6575 1.0631 5.2094, 0.7722 0.983 5.2054, 0.7983 0.9599 5.2044, 0.8795 0.8883 5.2011, 0.9239 0.8388 5.1991, 0.9766 0.7802 5.1967, 1.032 0.7019 5.1937, 1.0613 0.6604 5.1921, 1.1205 0.5515 5.1882, 1.1314 0.5313 5.1874, 1.1857 0.3956 5.1829, 1.1872 0.3902 5.1827, 1.2235 0.2561 5.1785, 1.2288 0.2207 5.1774, 1.2446 0.1158 5.1743, 1.2472 0.0471 5.1724, 1.2498 -0.0226 5.1705, 1.242 -0.1273 5.1675, 1.2395 -0.1619 5.1665, 1.2134 -0.2995 5.1623, 1.2129 -0.3022 5.1622, 1.1697 -0.4408 5.1578, 1.1588 -0.4653 5.1569, 1.1101 -0.5746 5.1532, 1.082 -0.6219 5.1515, 1.035 -0.7009 5.1486, 0.9846 -0.7667 5.146, 0.946 -0.8171 5.144, 0.8685 -0.8969 5.1406, 0.8452 -0.9209 5.1396, 0.7358 -1.0104 5.1354, 0.7351 -1.011 5.1354, 0.6185 -1.0863 5.1315, 0.5872 -1.1019 5.1305, 0.4938 -1.1483 5.1276, 0.4276 -1.1724 5.1255, 0.3599 -1.1971 5.1234, 0.2599 -1.2209 5.1202, 0.2189 -1.2307 5.1189, 0.0873 -1.2462 5.1148, 0.0735 -1.2478 5.1143, -0.0735 -1.2478 5.1097, -0.0873 -1.2462 5.1093, -0.2189 -1.2307 5.1051, -0.2599 -1.2209 5.1038, -0.3599 -1.1971 5.1007, -0.4276 -1.1724 5.0986, -0.4938 -1.1483 5.0965, -0.5872 -1.1019 5.0935, -0.6185 -1.0863 5.0925, -0.7351 -1.011 5.0886, -0.7358 -1.0104 5.0886, -0.8452 -0.9209 5.0845, -0.8685 -0.8969 5.0834, -0.946 -0.8171 5.08, -0.9846 -0.7667 5.0781, -1.035 -0.7009 5.0755, -1.082 -0.6219 5.0726, -1.1101 -0.5746 5.0708, -1.1588 -0.4653 5.0671, -1.1697 -0.4408 5.0663, -1.2129 -0.3022 5.0618, -1.2134 -0.2995 5.0617, -1.2395 -0.1619 5.0575, -1.242 -0.1273 5.0566, -1.2498 -0.0226 5.0536, -1.2472 0.0471 5.0516, -1.2446 0.1158 5.0497, -1.2288 0.2207 5.0466, -1.2235 0.2561 5.0456, -1.1872 0.3902 5.0413, -1.1857 0.3956 5.0412, -1.1314 0.5313 5.0366, -1.1205 0.5515 5.0359, -1.0613 0.6604 5.032, -1.032 0.7019 5.0304, -0.9766 0.7802 5.0274, -0.9239 0.8388 5.0249, -0.8795 0.8883 5.0229, -0.7983 0.9599 5.0197, -0.7722 0.983 5.0186, -0.6575 1.0631 5.0146, -0.6574 1.0632 5.0146, -0.5359 1.1293 5.0108, -0.1673 1.2388 4.9992, -0.2659 1.2214 5.0023, -0.3378 1.2013 5.0045, -0.4048 1.1826 5.0067, -0.5023 1.143 5.0097, 1.0125 0.63 5.249, 0.9317 0.7443 5.2536, 0.8868 0.7084 5.3106, 1.1874 0.1105 5.2313, 1.1672 0.2444 5.2354, 1.1109 0.2326 5.2924, 1.1825 -0.1544 5.2234, 1.1923 -0.0216 5.2274, 1.1348 -0.0205 5.2844, 0.9025 -0.7795 5.201, 0.9874 -0.6687 5.2055, 0.9398 -0.6364 5.2625, 0.4711 -1.0955 5.1845, 0.59 -1.0363 5.1885, 0.5616 -0.9863 5.2454, 0.2088 -1.1741 5.1759, 0.3433 -1.142 5.1803, 0.3268 -1.0869 5.2373, -0.3433 -1.142 5.1576, -0.2088 -1.1741 5.1621, -0.1988 -1.1174 5.219, -0.59 -1.0363 5.1495, -0.4711 -1.0955 5.1534, -0.4484 -1.0427 5.2104, -1.059 -0.5482 5.1278, -0.9874 -0.6687 5.1324, -0.9398 -0.6364 5.1894, -1.1923 -0.0216 5.1105, -1.1825 -0.1544 5.1145, -1.1254 -0.147 5.1715, -1.1672 0.2444 5.1025, -1.1874 0.1105 5.1067, -1.1301 0.1052 5.1636, -0.839 0.8474 5.0799, -0.9317 0.7443 5.0843, -0.8868 0.7084 5.1413, -0.1673 1.1741 5.0628, -0.1673 1.1807 5.0564, -0.2536 1.1652 5.0592, 0.1673 1.1875 5.2749, 0.1673 1.1807 5.2816, 0.2536 1.1652 5.2787, 0.1673 1.1226 5.3382, 0.2414 1.109 5.3357, 0.3862 1.1282 5.2743, -0.1673 1.1226 5.1136, -0.2414 1.109 5.1162, -0.3676 1.0738 5.1206, -0.3862 1.1282 5.0636, -0.4866 1.0254 5.1247, -0.5112 1.0773 5.0677, -0.5969 0.9654 5.1285, -0.6271 1.0143 5.0716, -0.7011 0.8925 5.1325, -0.7367 0.9378 5.0756, -0.7986 0.8065 5.1368, -0.9636 0.5997 5.1459, -1.0125 0.63 5.0889, -1.0273 0.4825 5.1505, -1.0794 0.5069 5.0936, -1.0766 0.3592 5.1551, -1.1312 0.3774 5.0981, -1.1109 0.2326 5.1595, -1.1348 -0.0205 5.1675, -1.1013 -0.2744 5.1757, -1.1571 -0.2883 5.1187, -1.0621 -0.4002 5.1802, -1.1159 -0.4205 5.1232, -1.0079 -0.5218 5.1848, -0.8589 -0.7419 5.1939, -0.9025 -0.7795 5.137, -0.7674 -0.8362 5.1984, -0.8063 -0.8786 5.1414, -0.6675 -0.918 5.2026, -0.7013 -0.9645 5.1456, -0.5616 -0.9863 5.2064, -0.3268 -1.0869 5.2146, -0.0667 -1.133 5.2236, -0.0701 -1.1904 5.1667, 0.0667 -1.133 5.2282, 0.0701 -1.1904 5.1713, 0.1988 -1.1174 5.2328, 0.4484 -1.0427 5.2415, 0.6675 -0.918 5.2493, 0.7013 -0.9645 5.1923, 0.7674 -0.8362 5.2535, 0.8063 -0.8786 5.1965, 0.8589 -0.7419 5.2579, 1.0079 -0.5218 5.2671, 1.059 -0.5482 5.2102, 1.0621 -0.4002 5.2717, 1.1159 -0.4205 5.2147, 1.1013 -0.2744 5.2762, 1.1571 -0.2883 5.2192, 1.1254 -0.147 5.2804, 1.1301 0.1052 5.2882, 1.0766 0.3592 5.2968, 1.1312 0.3774 5.2398, 1.0273 0.4825 5.3013, 1.0794 0.5069 5.2444, 0.9636 0.5997 5.306, 0.7986 0.8065 5.315, 0.839 0.8474 5.2581, 0.7011 0.8925 5.3193, 0.7367 0.9378 5.2624, 0.5969 0.9654 5.3233, 0.6271 1.0143 5.2664, 0.4866 1.0254 5.3272, 0.5112 1.0773 5.2702, 0.3676 1.0738 5.3313, 1.2134 -0.2995 5.3901, 1.2129 -0.3022 5.3901, 1.1571 -0.2883 5.3331, 1.1159 -0.4205 5.3287, 0.7358 -1.0104 5.3632, 0.7351 -1.011 5.3632, 0.7013 -0.9645 5.3063, 0.59 -1.0363 5.3024, -0.0701 -1.1904 5.2806, 0.0701 -1.1904 5.2852, 0.0735 -1.2478 5.3422, -1.1872 0.3902 5.2692, -1.1857 0.3956 5.269, -1.1312 0.3774 5.212, -1.0794 0.5069 5.2075, -0.6575 1.0631 5.2425, -0.6574 1.0632 5.2425, -0.6271 1.0143 5.1855, -0.5112 1.0773 5.1817, -0.1673 1.1875 5.177, -0.1673 1.1807 5.1703, -0.2536 1.1652 5.1731, 0.1673 1.1741 5.389, 0.1673 1.1807 5.3955, 0.2536 1.1652 5.3926, -0.1673 1.2388 5.227, -0.2659 1.2214 5.2301, -0.3378 1.2013 5.2324, -0.3862 1.1282 5.1775, -0.5359 1.1293 5.2386, -0.5023 1.143 5.2375, -0.4048 1.1826 5.2345, -0.7722 0.983 5.2464, -0.7367 0.9378 5.1895, -0.7983 0.9599 5.2475, -0.839 0.8474 5.1938, -0.8795 0.8883 5.2507, -1.0125 0.63 5.2028, -1.032 0.7019 5.2582, -0.9317 0.7443 5.1982, -0.9766 0.7802 5.2552, -0.9239 0.8388 5.2528, -1.1314 0.5313 5.2644, -1.1205 0.5515 5.2637, -1.0613 0.6604 5.2598, -1.2235 0.2561 5.2734, -1.1672 0.2444 5.2164, -1.2288 0.2207 5.2744, -1.1874 0.1105 5.2206, -1.2446 0.1158 5.2775, -1.2472 0.0471 5.2795, -1.1923 -0.0216 5.2244, -1.2498 -0.0226 5.2814, -1.242 -0.1273 5.2844, -1.1825 -0.1544 5.2284, -1.2395 -0.1619 5.2854, -1.2134 -0.2995 5.2895, -1.1571 -0.2883 5.2327, -1.2129 -0.3022 5.2896, -1.1697 -0.4408 5.2941, -1.1159 -0.4205 5.2371, -1.1588 -0.4653 5.2949, -1.059 -0.5482 5.2417, -1.1101 -0.5746 5.2987, -0.9025 -0.7795 5.2509, -0.9846 -0.7667 5.3059, -0.9874 -0.6687 5.2463, -1.035 -0.7009 5.3033, -1.082 -0.6219 5.3004, -0.8063 -0.8786 5.2553, -0.8685 -0.8969 5.3113, -0.946 -0.8171 5.3079, -0.7013 -0.9645 5.2595, -0.7358 -1.0104 5.3164, -0.8452 -0.9209 5.3123, -0.4711 -1.0955 5.2673, -0.5872 -1.1019 5.3213, -0.59 -1.0363 5.2634, -0.6185 -1.0863 5.3204, -0.7351 -1.011 5.3165, -0.3433 -1.142 5.2715, -0.4276 -1.1724 5.3264, -0.4938 -1.1483 5.3243, -0.2088 -1.1741 5.276, -0.2599 -1.2209 5.3317, -0.3599 -1.1971 5.3285, -0.0735 -1.2478 5.3375, -0.0873 -1.2462 5.3371, -0.2189 -1.2307 5.3329, 0.3433 -1.142 5.2942, 0.2599 -1.2209 5.348, 0.2088 -1.1741 5.2898, 0.2189 -1.2307 5.3467, 0.0873 -1.2462 5.3426, 0.4711 -1.0955 5.2984, 0.4276 -1.1724 5.3533, 0.3599 -1.1971 5.3512, 0.6185 -1.0863 5.3593, 0.5872 -1.1019 5.3583, 0.4938 -1.1483 5.3554, 0.8452 -0.9209 5.3674, 0.8063 -0.8786 5.3104, 0.8685 -0.8969 5.3684, 0.9025 -0.7795 5.3149, 0.946 -0.8171 5.3718, 1.059 -0.5482 5.3241, 1.082 -0.6219 5.3793, 0.9874 -0.6687 5.3194, 1.035 -0.7009 5.3764, 0.9846 -0.7667 5.3738, 1.1697 -0.4408 5.3856, 1.1588 -0.4653 5.3848, 1.1101 -0.5746 5.381, 1.2395 -0.1619 5.3943, 1.1825 -0.1544 5.3374, 1.242 -0.1273 5.3953, 1.1923 -0.0216 5.3413, 1.2498 -0.0226 5.3983, 1.2472 0.0471 5.4002, 1.1874 0.1105 5.3452, 1.2446 0.1158 5.4021, 1.2288 0.2207 5.4052, 1.1672 0.2444 5.3493, 1.2235 0.2561 5.4063, 1.1872 0.3902 5.4105, 1.1312 0.3774 5.3537, 1.1857 0.3956 5.4107, 1.1314 0.5313 5.4153, 1.0794 0.5069 5.3583, 1.1205 0.5515 5.416, 1.0125 0.63 5.3629, 1.0613 0.6604 5.4199, 0.839 0.8474 5.372, 0.9239 0.8388 5.4269, 0.9317 0.7443 5.3675, 0.9766 0.7802 5.4245, 1.032 0.7019 5.4215, 0.6575 1.0631 5.4372, 0.7722 0.983 5.4332, 0.7367 0.9378 5.3763, 0.7983 0.9599 5.4322, 0.8795 0.8883 5.429, 0.6574 1.0632 5.4372, 0.6271 1.0143 5.3803, 0.5359 1.1293 5.4411, 0.5112 1.0773 5.3841, 0.5023 1.143 5.4421, 0.3862 1.1282 5.3882, 0.4048 1.1826 5.4452, 0.1673 1.2388 5.4527, 0.2659 1.2214 5.4496, 0.3378 1.2013 5.4473, 0.1673 1.2388 5.4611, 0.2659 1.2214 5.458, 0.3378 1.2013 5.4557, 0.4048 1.1826 5.4536, 0.5023 1.143 5.4505, 0.5359 1.1293 5.4495, 0.6574 1.0632 5.4456, 0.6575 1.0631 5.4456, 0.7722 0.983 5.4416, 0.7983 0.9599 5.4406, 0.8795 0.8883 5.4374, 0.9239 0.8388 5.4353, 0.9766 0.7802 5.4329, 1.032 0.7019 5.4299, 1.0613 0.6604 5.4283, 1.1205 0.5515 5.4244, 1.1314 0.5313 5.4237, 1.1857 0.3956 5.4191, 1.1872 0.3902 5.4189, 1.2235 0.2561 5.4147, 1.2288 0.2207 5.4136, 1.2446 0.1158 5.4105, 1.2472 0.0471 5.4086, 1.2498 -0.0226 5.4067, 1.242 -0.1273 5.4037, 1.2395 -0.1619 5.4027, 1.2134 -0.2995 5.3985, 1.2129 -0.3022 5.3985, 1.1697 -0.4408 5.394, 1.1588 -0.4653 5.3932, 1.1101 -0.5746 5.3894, 1.082 -0.6219 5.3877, 1.035 -0.7009 5.3848, 0.9846 -0.7667 5.3822, 0.946 -0.8171 5.3802, 0.8685 -0.8969 5.3768, 0.8452 -0.9209 5.3758, 0.7358 -1.0104 5.3716, 0.7351 -1.011 5.3716, 0.6185 -1.0863 5.3677, 0.5872 -1.1019 5.3667, 0.4938 -1.1483 5.3638, 0.4276 -1.1724 5.3617, 0.3599 -1.1971 5.3596, 0.2599 -1.2209 5.3564, 0.2189 -1.2307 5.3551, 0.0873 -1.2462 5.351, 0.0735 -1.2478 5.3506, -0.0735 -1.2478 5.3459, -0.0873 -1.2462 5.3455, -0.2189 -1.2307 5.3413, -0.2599 -1.2209 5.3401, -0.3599 -1.1971 5.3369, -0.4276 -1.1724 5.3348, -0.4938 -1.1483 5.3327, -0.5872 -1.1019 5.3297, -0.6185 -1.0863 5.3288, -0.7351 -1.011 5.3249, -0.7358 -1.0104 5.3248, -0.8452 -0.9209 5.3207, -0.8685 -0.8969 5.3197, -0.946 -0.8171 5.3163, -0.9846 -0.7667 5.3143, -1.035 -0.7009 5.3117, -1.082 -0.6219 5.3088, -1.1101 -0.5746 5.3071, -1.1588 -0.4653 5.3033, -1.1697 -0.4408 5.3025, -1.2129 -0.3022 5.298, -1.2134 -0.2995 5.2979, -1.2395 -0.1619 5.2938, -1.242 -0.1273 5.2928, -1.2498 -0.0226 5.2898, -1.2472 0.0471 5.2879, -1.2446 0.1158 5.2859, -1.2288 0.2207 5.2828, -1.2235 0.2561 5.2818, -1.1872 0.3902 5.2776, -1.1857 0.3956 5.2774, -1.1314 0.5313 5.2728, -1.1205 0.5515 5.2721, -1.0613 0.6604 5.2682, -1.032 0.7019 5.2666, -0.9766 0.7802 5.2636, -0.9239 0.8388 5.2612, -0.8795 0.8883 5.2591, -0.7983 0.9599 5.2559, -0.7722 0.983 5.2548, -0.6575 1.0631 5.2509, -0.6574 1.0632 5.2509, -0.5359 1.1293 5.247, -0.1673 1.2388 5.2354, -0.2659 1.2214 5.2385, -0.3378 1.2013 5.2408, -0.4048 1.1826 5.2429, -0.5023 1.143 5.246, 1.0125 0.63 5.4852, 0.9317 0.7443 5.4898, 0.8868 0.7084 5.5468, 1.1874 0.1105 5.4675, 1.1672 0.2444 5.4717, 1.1109 0.2326 5.5286, 1.1825 -0.1544 5.4597, 1.1923 -0.0216 5.4636, 1.1348 -0.0205 5.5206, 0.9025 -0.7795 5.4372, 0.9874 -0.6687 5.4417, 0.9398 -0.6364 5.4987, 0.4711 -1.0955 5.4207, 0.59 -1.0363 5.4247, 0.5616 -0.9863 5.4816, 0.2088 -1.1741 5.4121, 0.3433 -1.142 5.4165, 0.3268 -1.0869 5.4735, -0.3433 -1.142 5.3939, -0.2088 -1.1741 5.3983, -0.1988 -1.1174 5.4553, -0.59 -1.0363 5.3857, -0.4711 -1.0955 5.3896, -0.4484 -1.0427 5.4466, -1.059 -0.5482 5.364, -0.9874 -0.6687 5.3686, -0.9398 -0.6364 5.4256, -1.1923 -0.0216 5.3468, -1.1825 -0.1544 5.3507, -1.1254 -0.147 5.4077, -1.1672 0.2444 5.3387, -1.1874 0.1105 5.3429, -1.1301 0.1052 5.3998, -0.839 0.8474 5.3161, -0.9317 0.7443 5.3206, -0.8868 0.7084 5.3775, -0.1673 1.1741 5.2991, -0.1673 1.1807 5.2926, -0.2536 1.1652 5.2955, 0.1673 1.1875 5.5111, 0.1673 1.1807 5.5178, 0.2536 1.1652 5.5149, 0.1673 1.1226 5.5745, 0.2414 1.109 5.5719, 0.3862 1.1282 5.5106, -0.1673 1.1226 5.3498, -0.2414 1.109 5.3524, -0.3676 1.0738 5.3568, -0.3862 1.1282 5.2998, -0.4866 1.0254 5.3609, -0.5112 1.0773 5.304, -0.5969 0.9654 5.3648, -0.6271 1.0143 5.3078, -0.7011 0.8925 5.3688, -0.7367 0.9378 5.3118, -0.7986 0.8065 5.373, -0.9636 0.5997 5.3821, -1.0125 0.63 5.3252, -1.0273 0.4825 5.3867, -1.0794 0.5069 5.3298, -1.0766 0.3592 5.3913, -1.1312 0.3774 5.3343, -1.1109 0.2326 5.3957, -1.1348 -0.0205 5.4037, -1.1013 -0.2744 5.4119, -1.1571 -0.2883 5.355, -1.0621 -0.4002 5.4164, -1.1159 -0.4205 5.3594, -1.0079 -0.5218 5.421, -0.8589 -0.7419 5.4302, -0.9025 -0.7795 5.3732, -0.7674 -0.8362 5.4346, -0.8063 -0.8786 5.3776, -0.6675 -0.918 5.4388, -0.7013 -0.9645 5.3818, -0.5616 -0.9863 5.4427, -0.3268 -1.0869 5.4508, -0.0667 -1.133 5.4598, -0.0701 -1.1904 5.4029, 0.0667 -1.133 5.4645, 0.0701 -1.1904 5.4075, 0.1988 -1.1174 5.469, 0.4484 -1.0427 5.4777, 0.6675 -0.918 5.4855, 0.7013 -0.9645 5.4286, 0.7674 -0.8362 5.4897, 0.8063 -0.8786 5.4328, 0.8589 -0.7419 5.4941, 1.0079 -0.5218 5.5033, 1.059 -0.5482 5.4464, 1.0621 -0.4002 5.5079, 1.1159 -0.4205 5.451, 1.1013 -0.2744 5.5124, 1.1571 -0.2883 5.4554, 1.1254 -0.147 5.5166, 1.1301 0.1052 5.5244, 1.0766 0.3592 5.533, 1.1312 0.3774 5.4761, 1.0273 0.4825 5.5376, 1.0794 0.5069 5.4806, 0.9636 0.5997 5.5422, 0.7986 0.8065 5.5513, 0.839 0.8474 5.4943, 0.7011 0.8925 5.5555, 0.7367 0.9378 5.4986, 0.5969 0.9654 5.5595, 0.6271 1.0143 5.5026, 0.4866 1.0254 5.5634, 0.5112 1.0773 5.5064, 0.3676 1.0738 5.5675, 1.2134 -0.2995 5.6264, 1.2129 -0.3022 5.6263, 1.1571 -0.2883 5.5693, 1.1159 -0.4205 5.5649, 0.7358 -1.0104 5.5995, 0.7351 -1.011 5.5994, 0.7013 -0.9645 5.5425, 0.59 -1.0363 5.5386, -0.0701 -1.1904 5.5168, 0.0701 -1.1904 5.5214, 0.0735 -1.2478 5.5784, -1.1872 0.3902 5.5054, -1.1857 0.3956 5.5052, -1.1312 0.3774 5.4482, -1.0794 0.5069 5.4437, -0.6575 1.0631 5.4787, -0.6574 1.0632 5.4787, -0.6271 1.0143 5.4217, -0.5112 1.0773 5.4179, -0.1673 1.1875 5.4132, -0.1673 1.1807 5.4065, -0.2536 1.1652 5.4094, 0.1673 1.1741 5.6252, 0.1673 1.1807 5.6317, 0.2536 1.1652 5.6288, -0.1673 1.2388 5.4632, -0.2659 1.2214 5.4663, -0.3378 1.2013 5.4686, -0.3862 1.1282 5.4137, -0.5359 1.1293 5.4748, -0.5023 1.143 5.4738, -0.4048 1.1826 5.4707, -0.7722 0.983 5.4827, -0.7367 0.9378 5.4257, -0.7983 0.9599 5.4837, -0.839 0.8474 5.43, -0.8795 0.8883 5.4869, -1.0125 0.63 5.4391, -1.032 0.7019 5.4944, -0.9317 0.7443 5.4345, -0.9766 0.7802 5.4914, -0.9239 0.8388 5.489, -1.1314 0.5313 5.5006, -1.1205 0.5515 5.4999, -1.0613 0.6604 5.496, -1.2235 0.2561 5.5096, -1.1672 0.2444 5.4526, -1.2288 0.2207 5.5107, -1.1874 0.1105 5.4568, -1.2446 0.1158 5.5138, -1.2472 0.0471 5.5157, -1.1923 -0.0216 5.4607, -1.2498 -0.0226 5.5176, -1.242 -0.1273 5.5206, -1.1825 -0.1544 5.4646, -1.2395 -0.1619 5.5216, -1.2134 -0.2995 5.5257, -1.1571 -0.2883 5.4689, -1.2129 -0.3022 5.5258, -1.1697 -0.4408 5.5303, -1.1159 -0.4205 5.4733, -1.1588 -0.4653 5.5311, -1.059 -0.5482 5.4779, -1.1101 -0.5746 5.5349, -0.9025 -0.7795 5.4871, -0.9846 -0.7667 5.5421, -0.9874 -0.6687 5.4826, -1.035 -0.7009 5.5395, -1.082 -0.6219 5.5366, -0.8063 -0.8786 5.4915, -0.8685 -0.8969 5.5475, -0.946 -0.8171 5.5441, -0.7013 -0.9645 5.4957, -0.7358 -1.0104 5.5527, -0.8452 -0.9209 5.5485, -0.4711 -1.0955 5.5036, -0.5872 -1.1019 5.5576, -0.59 -1.0363 5.4996, -0.6185 -1.0863 5.5566, -0.7351 -1.011 5.5527, -0.3433 -1.142 5.5078, -0.4276 -1.1724 5.5626, -0.4938 -1.1483 5.5605, -0.2088 -1.1741 5.5122, -0.2599 -1.2209 5.5679, -0.3599 -1.1971 5.5647, -0.0735 -1.2478 5.5737, -0.0873 -1.2462 5.5733, -0.2189 -1.2307 5.5692, 0.3433 -1.142 5.5304, 0.2599 -1.2209 5.5842, 0.2088 -1.1741 5.526, 0.2189 -1.2307 5.583, 0.0873 -1.2462 5.5788, 0.4711 -1.0955 5.5347, 0.4276 -1.1724 5.5895, 0.3599 -1.1971 5.5874, 0.6185 -1.0863 5.5955, 0.5872 -1.1019 5.5946, 0.4938 -1.1483 5.5916, 0.8452 -0.9209 5.6036, 0.8063 -0.8786 5.5467, 0.8685 -0.8969 5.6046, 0.9025 -0.7795 5.5511, 0.946 -0.8171 5.608, 1.059 -0.5482 5.5603, 1.082 -0.6219 5.6155, 0.9874 -0.6687 5.5557, 1.035 -0.7009 5.6126, 0.9846 -0.7667 5.61, 1.1697 -0.4408 5.6218, 1.1588 -0.4653 5.621, 1.1101 -0.5746 5.6172, 1.2395 -0.1619 5.6305, 1.1825 -0.1544 5.5736, 1.242 -0.1273 5.6315, 1.1923 -0.0216 5.5775, 1.2498 -0.0226 5.6345, 1.2472 0.0471 5.6364, 1.1874 0.1105 5.5814, 1.2446 0.1158 5.6384, 1.2288 0.2207 5.6415, 1.1672 0.2444 5.5856, 1.2235 0.2561 5.6425, 1.1872 0.3902 5.6467, 1.1312 0.3774 5.59, 1.1857 0.3956 5.6469, 1.1314 0.5313 5.6515, 1.0794 0.5069 5.5945, 1.1205 0.5515 5.6522, 1.0125 0.63 5.5991, 1.0613 0.6604 5.6561, 0.839 0.8474 5.6082, 0.9239 0.8388 5.6631, 0.9317 0.7443 5.6037, 0.9766 0.7802 5.6607, 1.032 0.7019 5.6577, 0.6575 1.0631 5.6734, 0.7722 0.983 5.6695, 0.7367 0.9378 5.6125, 0.7983 0.9599 5.6684, 0.8795 0.8883 5.6652, 0.6574 1.0632 5.6734, 0.6271 1.0143 5.6165, 0.5359 1.1293 5.6773, 0.5112 1.0773 5.6203, 0.5023 1.143 5.6783, 0.3862 1.1282 5.6245, 0.4048 1.1826 5.6814, 0.1673 1.2388 5.6889, 0.2659 1.2214 5.6858, 0.3378 1.2013 5.6835, 0.1673 1.2388 5.6973, 0.2659 1.2214 5.6942, 0.3378 1.2013 5.6919, 0.4048 1.1826 5.6898, 0.5023 1.143 5.6868, 0.5359 1.1293 5.6857, 0.6574 1.0632 5.6818, 0.6575 1.0631 5.6818, 0.7722 0.983 5.6779, 0.7983 0.9599 5.6768, 0.8795 0.8883 5.6736, 0.9239 0.8388 5.6715, 0.9766 0.7802 5.6691, 1.032 0.7019 5.6661, 1.0613 0.6604 5.6645, 1.1205 0.5515 5.6606, 1.1314 0.5313 5.6599, 1.1857 0.3956 5.6553, 1.1872 0.3902 5.6551, 1.2235 0.2561 5.6509, 1.2288 0.2207 5.6499, 1.2446 0.1158 5.6468, 1.2472 0.0471 5.6448, 1.2498 -0.0226 5.6429, 1.242 -0.1273 5.6399, 1.2395 -0.1619 5.6389, 1.2134 -0.2995 5.6348, 1.2129 -0.3022 5.6347, 1.1697 -0.4408 5.6302, 1.1588 -0.4653 5.6294, 1.1101 -0.5746 5.6256, 1.082 -0.6219 5.6239, 1.035 -0.7009 5.621, 0.9846 -0.7667 5.6184, 0.946 -0.8171 5.6164, 0.8685 -0.8969 5.613, 0.8452 -0.9209 5.612, 0.7358 -1.0104 5.6079, 0.7351 -1.011 5.6078, 0.6185 -1.0863 5.6039, 0.5872 -1.1019 5.603, 0.4938 -1.1483 5.6, 0.4276 -1.1724 5.5979, 0.3599 -1.1971 5.5958, 0.2599 -1.2209 5.5926, 0.2189 -1.2307 5.5914, 0.0873 -1.2462 5.5872, 0.0735 -1.2478 5.5868, -0.0735 -1.2478 5.5821, -0.0873 -1.2462 5.5817, -0.2189 -1.2307 5.5776, -0.2599 -1.2209 5.5763, -0.3599 -1.1971 5.5731, -0.4276 -1.1724 5.571, -0.4938 -1.1483 5.5689, -0.5872 -1.1019 5.566, -0.6185 -1.0863 5.565, -0.7351 -1.011 5.5611, -0.7358 -1.0104 5.5611, -0.8452 -0.9209 5.5569, -0.8685 -0.8969 5.5559, -0.946 -0.8171 5.5525, -0.9846 -0.7667 5.5505, -1.035 -0.7009 5.5479, -1.082 -0.6219 5.545, -1.1101 -0.5746 5.5433, -1.1588 -0.4653 5.5395, -1.1697 -0.4408 5.5387, -1.2129 -0.3022 5.5342, -1.2134 -0.2995 5.5342, -1.2395 -0.1619 5.53, -1.242 -0.1273 5.529, -1.2498 -0.0226 5.526, -1.2472 0.0471 5.5241, -1.2446 0.1158 5.5222, -1.2288 0.2207 5.5191, -1.2235 0.2561 5.518, -1.1872 0.3902 5.5138, -1.1857 0.3956 5.5136, -1.1314 0.5313 5.509, -1.1205 0.5515 5.5083, -1.0613 0.6604 5.5044, -1.032 0.7019 5.5028, -0.9766 0.7802 5.4998, -0.9239 0.8388 5.4974, -0.8795 0.8883 5.4953, -0.7983 0.9599 5.4921, -0.7722 0.983 5.4911, -0.6575 1.0631 5.4871, -0.6574 1.0632 5.4871, -0.5359 1.1293 5.4832, -0.1673 1.2388 5.4716, -0.2659 1.2214 5.4747, -0.3378 1.2013 5.477, -0.4048 1.1826 5.4791, -0.5023 1.143 5.4822, 1.0125 0.63 5.7215, 0.9317 0.7443 5.7261, 0.8868 0.7084 5.783, 1.1874 0.1105 5.7037, 1.1672 0.2444 5.7079, 1.1109 0.2326 5.7648, 1.1825 -0.1544 5.6959, 1.1923 -0.0216 5.6999, 1.1348 -0.0205 5.7568, 0.9025 -0.7795 5.6734, 0.9874 -0.6687 5.678, 0.9398 -0.6364 5.7349, 0.4711 -1.0955 5.657, 0.59 -1.0363 5.6609, 0.5616 -0.9863 5.7178, 0.2088 -1.1741 5.6483, 0.3433 -1.142 5.6528, 0.3268 -1.0869 5.7097, -0.3433 -1.142 5.6301, -0.2088 -1.1741 5.6345, -0.1988 -1.1174 5.6915, -0.59 -1.0363 5.6219, -0.4711 -1.0955 5.6259, -0.4484 -1.0427 5.6828, -1.059 -0.5482 5.6002, -0.9874 -0.6687 5.6049, -0.9398 -0.6364 5.6618, -1.1923 -0.0216 5.583, -1.1825 -0.1544 5.5869, -1.1254 -0.147 5.6439, -1.1672 0.2444 5.575, -1.1874 0.1105 5.5791, -1.1301 0.1052 5.6361, -0.839 0.8474 5.5523, -0.9317 0.7443 5.5568, -0.8868 0.7084 5.6137, -0.1673 1.1741 5.5353, -0.1673 1.1807 5.5288, -0.2536 1.1652 5.5317, 0.1673 1.1875 5.7473, 0.1673 1.1807 5.754, 0.2536 1.1652 5.7512, 0.1673 1.1226 5.8107, 0.2414 1.109 5.8081, 0.3862 1.1282 5.7468, -0.1673 1.1226 5.5861, -0.2414 1.109 5.5886, -0.3676 1.0738 5.593, -0.3862 1.1282 5.5361, -0.4866 1.0254 5.5971, -0.5112 1.0773 5.5402, -0.5969 0.9654 5.601, -0.6271 1.0143 5.544, -0.7011 0.8925 5.605, -0.7367 0.9378 5.548, -0.7986 0.8065 5.6093, -0.9636 0.5997 5.6183, -1.0125 0.63 5.5614, -1.0273 0.4825 5.623, -1.0794 0.5069 5.566, -1.0766 0.3592 5.6275, -1.1312 0.3774 5.5706, -1.1109 0.2326 5.6319, -1.1348 -0.0205 5.6399, -1.1013 -0.2744 5.6481, -1.1571 -0.2883 5.5912, -1.0621 -0.4002 5.6526, -1.1159 -0.4205 5.5956, -1.0079 -0.5218 5.6572, -0.8589 -0.7419 5.6664, -0.9025 -0.7795 5.6094, -0.7674 -0.8362 5.6708, -0.8063 -0.8786 5.6139, -0.6675 -0.918 5.675, -0.7013 -0.9645 5.618, -0.5616 -0.9863 5.6789, -0.3268 -1.0869 5.687, -0.0667 -1.133 5.6961, -0.0701 -1.1904 5.6391, 0.0667 -1.133 5.7007, 0.0701 -1.1904 5.6437, 0.1988 -1.1174 5.7053, 0.4484 -1.0427 5.7139, 0.6675 -0.918 5.7217, 0.7013 -0.9645 5.6648, 0.7674 -0.8362 5.7259, 0.8063 -0.8786 5.669, 0.8589 -0.7419 5.7304, 1.0079 -0.5218 5.7395, 1.059 -0.5482 5.6826, 1.0621 -0.4002 5.7441, 1.1159 -0.4205 5.6872, 1.1013 -0.2744 5.7486, 1.1571 -0.2883 5.6916, 1.1254 -0.147 5.7528, 1.1301 0.1052 5.7607, 1.0766 0.3592 5.7692, 1.1312 0.3774 5.7123, 1.0273 0.4825 5.7738, 1.0794 0.5069 5.7168, 0.9636 0.5997 5.7784, 0.7986 0.8065 5.7875, 0.839 0.8474 5.7305, 0.7011 0.8925 5.7918, 0.7367 0.9378 5.7348, 0.5969 0.9654 5.7958, 0.6271 1.0143 5.7388, 0.4866 1.0254 5.7996, 0.5112 1.0773 5.7426, 0.3676 1.0738 5.8037, 1.2134 -0.2995 5.8626, 1.2129 -0.3022 5.8625, 1.1571 -0.2883 5.8056, 1.1159 -0.4205 5.8011, 0.7358 -1.0104 5.8357, 0.7351 -1.011 5.8357, 0.7013 -0.9645 5.7787, 0.59 -1.0363 5.7748, -0.0701 -1.1904 5.753, 0.0701 -1.1904 5.7576, 0.0735 -1.2478 5.8146, -1.1872 0.3902 5.7416, -1.1857 0.3956 5.7414, -1.1312 0.3774 5.6845, -1.0794 0.5069 5.6799, -0.6575 1.0631 5.7149, -0.6574 1.0632 5.7149, -0.6271 1.0143 5.6579, -0.5112 1.0773 5.6541, -0.1673 1.1875 5.6494, -0.1673 1.1807 5.6427, -0.2536 1.1652 5.6456, 0.1673 1.1741 5.8615, 0.1673 1.1807 5.8679, 0.2536 1.1652 5.8651, -0.1673 1.2388 5.6994, -0.2659 1.2214 5.7025, -0.3378 1.2013 5.7048, -0.3862 1.1282 5.65, -0.5359 1.1293 5.711, -0.5023 1.143 5.71, -0.4048 1.1826 5.7069, -0.7722 0.983 5.7189, -0.7367 0.9378 5.6619, -0.7983 0.9599 5.7199, -0.839 0.8474 5.6662, -0.8795 0.8883 5.7232, -1.0125 0.63 5.6753, -1.032 0.7019 5.7306, -0.9317 0.7443 5.6707, -0.9766 0.7802 5.7276, -0.9239 0.8388 5.7252, -1.1314 0.5313 5.7369, -1.1205 0.5515 5.7361, -1.0613 0.6604 5.7322, -1.2235 0.2561 5.7458, -1.1672 0.2444 5.6889, -1.2288 0.2207 5.7469, -1.1874 0.1105 5.693, -1.2446 0.1158 5.75, -1.2472 0.0471 5.7519, -1.1923 -0.0216 5.6969, -1.2498 -0.0226 5.7538, -1.242 -0.1273 5.7568, -1.1825 -0.1544 5.7009, -1.2395 -0.1619 5.7578, -1.2134 -0.2995 5.762, -1.1571 -0.2883 5.7051, -1.2129 -0.3022 5.7621, -1.1697 -0.4408 5.7665, -1.1159 -0.4205 5.7096, -1.1588 -0.4653 5.7674, -1.059 -0.5482 5.7141, -1.1101 -0.5746 5.7711, -0.9025 -0.7795 5.7233, -0.9846 -0.7667 5.7783, -0.9874 -0.6687 5.7188, -1.035 -0.7009 5.7757, -1.082 -0.6219 5.7728, -0.8063 -0.8786 5.7278, -0.8685 -0.8969 5.7837, -0.946 -0.8171 5.7803, -0.7013 -0.9645 5.732, -0.7358 -1.0104 5.7889, -0.8452 -0.9209 5.7847, -0.4711 -1.0955 5.7398, -0.5872 -1.1019 5.7938, -0.59 -1.0363 5.7358, -0.6185 -1.0863 5.7928, -0.7351 -1.011 5.7889, -0.3433 -1.142 5.744, -0.4276 -1.1724 5.7988, -0.4938 -1.1483 5.7967, -0.2088 -1.1741 5.7484, -0.2599 -1.2209 5.8041, -0.3599 -1.1971 5.8009, -0.0735 -1.2478 5.81, -0.0873 -1.2462 5.8095, -0.2189 -1.2307 5.8054, 0.3433 -1.142 5.7667, 0.2599 -1.2209 5.8205, 0.2088 -1.1741 5.7622, 0.2189 -1.2307 5.8192, 0.0873 -1.2462 5.815, 0.4711 -1.0955 5.7709, 0.4276 -1.1724 5.8257, 0.3599 -1.1971 5.8236, 0.6185 -1.0863 5.8318, 0.5872 -1.1019 5.8308, 0.4938 -1.1483 5.8278, 0.8452 -0.9209 5.8398, 0.8063 -0.8786 5.7829, 0.8685 -0.8969 5.8409, 0.9025 -0.7795 5.7873, 0.946 -0.8171 5.8443, 1.059 -0.5482 5.7965, 1.082 -0.6219 5.8517, 0.9874 -0.6687 5.7919, 1.035 -0.7009 5.8488, 0.9846 -0.7667 5.8462, 1.1697 -0.4408 5.858, 1.1588 -0.4653 5.8572, 1.1101 -0.5746 5.8535, 1.2395 -0.1619 5.8668, 1.1825 -0.1544 5.8098, 1.242 -0.1273 5.8677, 1.1923 -0.0216 5.8138, 1.2498 -0.0226 5.8707, 1.2472 0.0471 5.8727, 1.1874 0.1105 5.8176, 1.2446 0.1158 5.8746, 1.2288 0.2207 5.8777, 1.1672 0.2444 5.8218, 1.2235 0.2561 5.8787, 1.1872 0.3902 5.883, 1.1312 0.3774 5.8262, 1.1857 0.3956 5.8831, 1.1314 0.5313 5.8877, 1.0794 0.5069 5.8307, 1.1205 0.5515 5.8884, 1.0125 0.63 5.8354, 1.0613 0.6604 5.8923, 0.839 0.8474 5.8444, 0.9239 0.8388 5.8993, 0.9317 0.7443 5.84, 0.9766 0.7802 5.8969, 1.032 0.7019 5.8939, 0.6575 1.0631 5.9097, 0.7722 0.983 5.9057, 0.7367 0.9378 5.8487, 0.7983 0.9599 5.9046, 0.8795 0.8883 5.9014, 0.6574 1.0632 5.9097, 0.6271 1.0143 5.8527, 0.5359 1.1293 5.9135, 0.5112 1.0773 5.8566, 0.5023 1.143 5.9146, 0.3862 1.1282 5.8607, 0.4048 1.1826 5.9176, 0.1673 1.2388 5.9251, 0.2659 1.2214 5.922, 0.3378 1.2013 5.9197, 0.1673 1.2388 5.9335, 0.2659 1.2214 5.9304, 0.3378 1.2013 5.9282, 0.4048 1.1826 5.926, 0.5023 1.143 5.923, 0.5359 1.1293 5.9219, 0.6574 1.0632 5.9181, 0.6575 1.0631 5.9181, 0.7722 0.983 5.9141, 0.7983 0.9599 5.913, 0.8795 0.8883 5.9098, 0.9239 0.8388 5.9078, 0.9766 0.7802 5.9053, 1.032 0.7019 5.9023, 1.0613 0.6604 5.9007, 1.1205 0.5515 5.8968, 1.1314 0.5313 5.8961, 1.1857 0.3956 5.8915, 1.1872 0.3902 5.8914, 1.2235 0.2561 5.8871, 1.2288 0.2207 5.8861, 1.2446 0.1158 5.883, 1.2472 0.0471 5.8811, 1.2498 -0.0226 5.8791, 1.242 -0.1273 5.8761, 1.2395 -0.1619 5.8752, 1.2134 -0.2995 5.871, 1.2129 -0.3022 5.8709, 1.1697 -0.4408 5.8664, 1.1588 -0.4653 5.8656, 1.1101 -0.5746 5.8619, 1.082 -0.6219 5.8601, 1.035 -0.7009 5.8572, 0.9846 -0.7667 5.8546, 0.946 -0.8171 5.8527, 0.8685 -0.8969 5.8493, 0.8452 -0.9209 5.8482, 0.7358 -1.0104 5.8441, 0.7351 -1.011 5.8441, 0.6185 -1.0863 5.8402, 0.5872 -1.1019 5.8392, 0.4938 -1.1483 5.8362, 0.4276 -1.1724 5.8341, 0.3599 -1.1971 5.832, 0.2599 -1.2209 5.8289, 0.2189 -1.2307 5.8276, 0.0873 -1.2462 5.8234, 0.0735 -1.2478 5.823, -0.0735 -1.2478 5.8184, -0.0873 -1.2462 5.8179, -0.2189 -1.2307 5.8138, -0.2599 -1.2209 5.8125, -0.3599 -1.1971 5.8093, -0.4276 -1.1724 5.8072, -0.4938 -1.1483 5.8051, -0.5872 -1.1019 5.8022, -0.6185 -1.0863 5.8012, -0.7351 -1.011 5.7973, -0.7358 -1.0104 5.7973, -0.8452 -0.9209 5.7931, -0.8685 -0.8969 5.7921, -0.946 -0.8171 5.7887, -0.9846 -0.7667 5.7867, -1.035 -0.7009 5.7841, -1.082 -0.6219 5.7812, -1.1101 -0.5746 5.7795, -1.1588 -0.4653 5.7758, -1.1697 -0.4408 5.7749, -1.2129 -0.3022 5.7705, -1.2134 -0.2995 5.7704, -1.2395 -0.1619 5.7662, -1.242 -0.1273 5.7652, -1.2498 -0.0226 5.7622, -1.2472 0.0471 5.7603, -1.2446 0.1158 5.7584, -1.2288 0.2207 5.7553, -1.2235 0.2561 5.7542, -1.1872 0.3902 5.75, -1.1857 0.3956 5.7498, -1.1314 0.5313 5.7453, -1.1205 0.5515 5.7445, -1.0613 0.6604 5.7406, -1.032 0.7019 5.739, -0.9766 0.7802 5.736, -0.9239 0.8388 5.7336, -0.8795 0.8883 5.7316, -0.7983 0.9599 5.7283, -0.7722 0.983 5.7273, -0.6575 1.0631 5.7233, -0.6574 1.0632 5.7233, -0.5359 1.1293 5.7194, -0.1673 1.2388 5.7078, -0.2659 1.2214 5.7109, -0.3378 1.2013 5.7132, -0.4048 1.1826 5.7153, -0.5023 1.143 5.7184, 1.0125 0.63 5.9577, 0.9317 0.7443 5.9623, 0.8868 0.7084 6.0192, 1.1874 0.1105 5.9399, 1.1672 0.2444 5.9441, 1.1109 0.2326 6.001, 1.1825 -0.1544 5.9321, 1.1923 -0.0216 5.9361, 1.1348 -0.0205 5.993, 0.9025 -0.7795 5.9096, 0.9874 -0.6687 5.9142, 0.9398 -0.6364 5.9711, 0.4711 -1.0955 5.8932, 0.59 -1.0363 5.8971, 0.5616 -0.9863 5.9541, 0.2088 -1.1741 5.8845, 0.3433 -1.142 5.889, 0.3268 -1.0869 5.9459, -0.3433 -1.142 5.8663, -0.2088 -1.1741 5.8707, -0.1988 -1.1174 5.9277, -0.59 -1.0363 5.8582, -0.4711 -1.0955 5.8621, -0.4484 -1.0427 5.919, -1.059 -0.5482 5.8365, -0.9874 -0.6687 5.8411, -0.9398 -0.6364 5.898, -1.1923 -0.0216 5.8192, -1.1825 -0.1544 5.8232, -1.1254 -0.147 5.8801, -1.1672 0.2444 5.8112, -1.1874 0.1105 5.8153, -1.1301 0.1052 5.8723, -0.839 0.8474 5.7885, -0.9317 0.7443 5.793, -0.8868 0.7084 5.85, -0.1673 1.1741 5.7715, -0.1673 1.1807 5.7651, -0.2536 1.1652 5.7679, 0.1673 1.1875 5.9836, 0.1673 1.1807 5.9902, 0.2536 1.1652 5.9874, 0.1673 1.1226 6.0469, 0.2414 1.109 6.0443, 0.3862 1.1282 5.983, -0.1673 1.1226 5.8223, -0.2414 1.109 5.8249, -0.3676 1.0738 5.8292, -0.3862 1.1282 5.7723, -0.4866 1.0254 5.8334, -0.5112 1.0773 5.7764, -0.5969 0.9654 5.8372, -0.6271 1.0143 5.7802, -0.7011 0.8925 5.8412, -0.7367 0.9378 5.7842, -0.7986 0.8065 5.8455, -0.9636 0.5997 5.8545, -1.0125 0.63 5.7976, -1.0273 0.4825 5.8592, -1.0794 0.5069 5.8022, -1.0766 0.3592 5.8637, -1.1312 0.3774 5.8068, -1.1109 0.2326 5.8681, -1.1348 -0.0205 5.8762, -1.1013 -0.2744 5.8844, -1.1571 -0.2883 5.8274, -1.0621 -0.4002 5.8888, -1.1159 -0.4205 5.8319, -1.0079 -0.5218 5.8934, -0.8589 -0.7419 5.9026, -0.9025 -0.7795 5.8457, -0.7674 -0.8362 5.907, -0.8063 -0.8786 5.8501, -0.6675 -0.918 5.9112, -0.7013 -0.9645 5.8543, -0.5616 -0.9863 5.9151, -0.3268 -1.0869 5.9233, -0.0667 -1.133 5.9323, -0.0701 -1.1904 5.8753, 0.0667 -1.133 5.9369, 0.0701 -1.1904 5.88, 0.1988 -1.1174 5.9415, 0.4484 -1.0427 5.9501, 0.6675 -0.918 5.958, 0.7013 -0.9645 5.901, 0.7674 -0.8362 5.9622, 0.8063 -0.8786 5.9052, 0.8589 -0.7419 5.9666, 1.0079 -0.5218 5.9758, 1.059 -0.5482 5.9188, 1.0621 -0.4002 5.9804, 1.1159 -0.4205 5.9234, 1.1013 -0.2744 5.9848, 1.1571 -0.2883 5.9279, 1.1254 -0.147 5.9891, 1.1301 0.1052 5.9969, 1.0766 0.3592 6.0054, 1.1312 0.3774 5.9485, 1.0273 0.4825 6.01, 1.0794 0.5069 5.9531, 0.9636 0.5997 6.0146, 0.7986 0.8065 6.0237, 0.839 0.8474 5.9668, 0.7011 0.8925 6.028, 0.7367 0.9378 5.971, 0.5969 0.9654 6.032, 0.6271 1.0143 5.975, 0.4866 1.0254 6.0358, 0.5112 1.0773 5.9789, 0.3676 1.0738 6.04, 1.2134 -0.2995 6.0988, 1.2129 -0.3022 6.0987, 1.1571 -0.2883 6.0418, 1.1159 -0.4205 6.0373, 0.7358 -1.0104 6.0719, 0.7351 -1.011 6.0719, 0.7013 -0.9645 6.0149, 0.59 -1.0363 6.011, -0.0701 -1.1904 5.9892, 0.0701 -1.1904 5.9939, 0.0735 -1.2478 6.0508, -1.1872 0.3902 5.9778, -1.1857 0.3956 5.9776, -1.1312 0.3774 5.9207, -1.0794 0.5069 5.9161, -0.6575 1.0631 5.9511, -0.6574 1.0632 5.9511, -0.6271 1.0143 5.8942, -0.5112 1.0773 5.8903, -0.1673 1.1875 5.8856, -0.1673 1.1807 5.879, -0.2536 1.1652 5.8818, 0.1673 1.1741 6.0977, 0.1673 1.1807 6.1041, 0.2536 1.1652 6.1013, -0.1673 1.2388 5.9357, -0.2659 1.2214 5.9388, -0.3378 1.2013 5.941, -0.3862 1.1282 5.8862, -0.5359 1.1293 5.9473, -0.5023 1.143 5.9462, -0.4048 1.1826 5.9431, -0.7722 0.983 5.9551, -0.7367 0.9378 5.8982, -0.7983 0.9599 5.9561, -0.839 0.8474 5.9024, -0.8795 0.8883 5.9594, -1.0125 0.63 5.9115, -1.032 0.7019 5.9669, -0.9317 0.7443 5.9069, -0.9766 0.7802 5.9639, -0.9239 0.8388 5.9614, -1.1314 0.5313 5.9731, -1.1205 0.5515 5.9724, -1.0613 0.6604 5.9685, -1.2235 0.2561 5.982, -1.1672 0.2444 5.9251, -1.2288 0.2207 5.9831, -1.1874 0.1105 5.9292, -1.2446 0.1158 5.9862, -1.2472 0.0471 5.9881, -1.1923 -0.0216 5.9331, -1.2498 -0.0226 5.9901, -1.242 -0.1273 5.993, -1.1825 -0.1544 5.9371, -1.2395 -0.1619 5.994, -1.2134 -0.2995 5.9982, -1.1571 -0.2883 5.9413, -1.2129 -0.3022 5.9983, -1.1697 -0.4408 6.0027, -1.1159 -0.4205 5.9458, -1.1588 -0.4653 6.0036, -1.059 -0.5482 5.9504, -1.1101 -0.5746 6.0073, -0.9025 -0.7795 5.9596, -0.9846 -0.7667 6.0145, -0.9874 -0.6687 5.955, -1.035 -0.7009 6.0119, -1.082 -0.6219 6.0091, -0.8063 -0.8786 5.964, -0.8685 -0.8969 6.0199, -0.946 -0.8171 6.0165, -0.7013 -0.9645 5.9682, -0.7358 -1.0104 6.0251, -0.8452 -0.9209 6.0209, -0.4711 -1.0955 5.976, -0.5872 -1.1019 6.03, -0.59 -1.0363 5.9721, -0.6185 -1.0863 6.029, -0.7351 -1.011 6.0251, -0.3433 -1.142 5.9802, -0.4276 -1.1724 6.035, -0.4938 -1.1483 6.0329, -0.2088 -1.1741 5.9847, -0.2599 -1.2209 6.0403, -0.3599 -1.1971 6.0372, -0.0735 -1.2478 6.0462, -0.0873 -1.2462 6.0458, -0.2189 -1.2307 6.0416, 0.3433 -1.142 6.0029, 0.2599 -1.2209 6.0567, 0.2088 -1.1741 5.9984, 0.2189 -1.2307 6.0554, 0.0873 -1.2462 6.0512, 0.4711 -1.0955 6.0071, 0.4276 -1.1724 6.062, 0.3599 -1.1971 6.0598, 0.6185 -1.0863 6.068, 0.5872 -1.1019 6.067, 0.4938 -1.1483 6.0641, 0.8452 -0.9209 6.0761, 0.8063 -0.8786 6.0191, 0.8685 -0.8969 6.0771, 0.9025 -0.7795 6.0235, 0.946 -0.8171 6.0805, 1.059 -0.5482 6.0327, 1.082 -0.6219 6.0879, 0.9874 -0.6687 6.0281, 1.035 -0.7009 6.085, 0.9846 -0.7667 6.0825, 1.1697 -0.4408 6.0943, 1.1588 -0.4653 6.0934, 1.1101 -0.5746 6.0897, 1.2395 -0.1619 6.103, 1.1825 -0.1544 6.046, 1.242 -0.1273 6.104, 1.1923 -0.0216 6.05, 1.2498 -0.0226 6.1069, 1.2472 0.0471 6.1089, 1.1874 0.1105 6.0538, 1.2446 0.1158 6.1108, 1.2288 0.2207 6.1139, 1.1672 0.2444 6.058, 1.2235 0.2561 6.115, 1.1872 0.3902 6.1192, 1.1312 0.3774 6.0624, 1.1857 0.3956 6.1194, 1.1314 0.5313 6.1239, 1.0794 0.5069 6.067, 1.1205 0.5515 6.1246, 1.0125 0.63 6.0716, 1.0613 0.6604 6.1285, 0.839 0.8474 6.0807, 0.9239 0.8388 6.1356, 0.9317 0.7443 6.0762, 0.9766 0.7802 6.1331, 1.032 0.7019 6.1301, 0.6575 1.0631 6.1459, 0.7722 0.983 6.1419, 0.7367 0.9378 6.0849, 0.7983 0.9599 6.1409, 0.8795 0.8883 6.1376, 0.6574 1.0632 6.1459, 0.6271 1.0143 6.0889, 0.5359 1.1293 6.1497, 0.5112 1.0773 6.0928, 0.5023 1.143 6.1508, 0.3862 1.1282 6.0969, 0.4048 1.1826 6.1539, 0.1673 1.2388 6.1613, 0.2659 1.2214 6.1582, 0.3378 1.2013 6.156, 0.1673 1.2388 6.1697, 0.2659 1.2214 6.1666, 0.3378 1.2013 6.1644, 0.4048 1.1826 6.1623, 0.5023 1.143 6.1592, 0.5359 1.1293 6.1581, 0.6574 1.0632 6.1543, 0.6575 1.0631 6.1543, 0.7722 0.983 6.1503, 0.7983 0.9599 6.1493, 0.8795 0.8883 6.146, 0.9239 0.8388 6.144, 0.9766 0.7802 6.1415, 1.032 0.7019 6.1385, 1.0613 0.6604 6.1369, 1.1205 0.5515 6.133, 1.1314 0.5313 6.1323, 1.1857 0.3956 6.1278, 1.1872 0.3902 6.1276, 1.2235 0.2561 6.1234, 1.2288 0.2207 6.1223, 1.2446 0.1158 6.1192, 1.2472 0.0471 6.1173, 1.2498 -0.0226 6.1153, 1.242 -0.1273 6.1124, 1.2395 -0.1619 6.1114, 1.2134 -0.2995 6.1072, 1.2129 -0.3022 6.1071, 1.1697 -0.4408 6.1027, 1.1588 -0.4653 6.1018, 1.1101 -0.5746 6.0981, 1.082 -0.6219 6.0963, 1.035 -0.7009 6.0935, 0.9846 -0.7667 6.0909, 0.946 -0.8171 6.0889, 0.8685 -0.8969 6.0855, 0.8452 -0.9209 6.0845, 0.7358 -1.0104 6.0803, 0.7351 -1.011 6.0803, 0.6185 -1.0863 6.0764, 0.5872 -1.1019 6.0754, 0.4938 -1.1483 6.0725, 0.4276 -1.1724 6.0704, 0.3599 -1.1971 6.0682, 0.2599 -1.2209 6.0651, 0.2189 -1.2307 6.0638, 0.0873 -1.2462 6.0597, 0.0735 -1.2478 6.0592, -0.0735 -1.2478 6.0546, -0.0873 -1.2462 6.0542, -0.2189 -1.2307 6.05, -0.2599 -1.2209 6.0487, -0.3599 -1.1971 6.0456, -0.4276 -1.1724 6.0434, -0.4938 -1.1483 6.0413, -0.5872 -1.1019 6.0384, -0.6185 -1.0863 6.0374, -0.7351 -1.011 6.0335, -0.7358 -1.0104 6.0335, -0.8452 -0.9209 6.0293, -0.8685 -0.8969 6.0283, -0.946 -0.8171 6.0249, -0.9846 -0.7667 6.0229, -1.035 -0.7009 6.0204, -1.082 -0.6219 6.0175, -1.1101 -0.5746 6.0157, -1.1588 -0.4653 6.012, -1.1697 -0.4408 6.0111, -1.2129 -0.3022 6.0067, -1.2134 -0.2995 6.0066, -1.2395 -0.1619 6.0024, -1.242 -0.1273 6.0014, -1.2498 -0.0226 5.9985, -1.2472 0.0471 5.9965, -1.2446 0.1158 5.9946, -1.2288 0.2207 5.9915, -1.2235 0.2561 5.9904, -1.1872 0.3902 5.9862, -1.1857 0.3956 5.986, -1.1314 0.5313 5.9815, -1.1205 0.5515 5.9808, -1.0613 0.6604 5.9769, -1.032 0.7019 5.9753, -0.9766 0.7802 5.9723, -0.9239 0.8388 5.9698, -0.8795 0.8883 5.9678, -0.7983 0.9599 5.9646, -0.7722 0.983 5.9635, -0.6575 1.0631 5.9595, -0.6574 1.0632 5.9595, -0.5359 1.1293 5.9557, -0.1673 1.2388 5.9441, -0.2659 1.2214 5.9472, -0.3378 1.2013 5.9494, -0.4048 1.1826 5.9515, -0.5023 1.143 5.9546, 1.0125 0.63 6.1939, 0.9317 0.7443 6.1985, 0.8868 0.7084 6.2555, 1.1874 0.1105 6.1762, 1.1672 0.2444 6.1803, 1.1109 0.2326 6.2373, 1.1825 -0.1544 6.1683, 1.1923 -0.0216 6.1723, 1.1348 -0.0205 6.2292, 0.9025 -0.7795 6.1458, 0.9874 -0.6687 6.1504, 0.9398 -0.6364 6.2074, 0.4711 -1.0955 6.1294, 0.59 -1.0363 6.1333, 0.5616 -0.9863 6.1903, 0.2088 -1.1741 6.1208, 0.3433 -1.142 6.1252, 0.3268 -1.0869 6.1821, -0.3433 -1.142 6.1025, -0.2088 -1.1741 6.107, -0.1988 -1.1174 6.1639, -0.59 -1.0363 6.0944, -0.4711 -1.0955 6.0983, -0.4484 -1.0427 6.1553, -1.059 -0.5482 6.0727, -0.9874 -0.6687 6.0773, -0.9398 -0.6364 6.1343, -1.1923 -0.0216 6.0554, -1.1825 -0.1544 6.0594, -1.1254 -0.147 6.1163, -1.1672 0.2444 6.0474, -1.1874 0.1105 6.0516, -1.1301 0.1052 6.1085, -0.839 0.8474 6.0247, -0.9317 0.7443 6.0292, -0.8868 0.7084 6.0862, -0.1673 1.1741 6.0077, -0.1673 1.1807 6.0013, -0.2536 1.1652 6.0041, 0.1673 1.1875 6.2198, 0.1673 1.1807 6.2264, 0.2536 1.1652 6.2236, 0.1673 1.1226 6.2831, 0.2414 1.109 6.2805, 0.3862 1.1282 6.2192, -0.1673 1.1226 6.0585, -0.2414 1.109 6.0611, -0.3676 1.0738 6.0655, -0.3862 1.1282 6.0085, -0.4866 1.0254 6.0696, -0.5112 1.0773 6.0126, -0.5969 0.9654 6.0734, -0.6271 1.0143 6.0165, -0.7011 0.8925 6.0774, -0.7367 0.9378 6.0205, -0.7986 0.8065 6.0817, -0.9636 0.5997 6.0908, -1.0125 0.63 6.0338, -1.0273 0.4825 6.0954, -1.0794 0.5069 6.0384, -1.0766 0.3592 6.1, -1.1312 0.3774 6.043, -1.1109 0.2326 6.1044, -1.1348 -0.0205 6.1124, -1.1013 -0.2744 6.1206, -1.1571 -0.2883 6.0636, -1.0621 -0.4002 6.125, -1.1159 -0.4205 6.0681, -1.0079 -0.5218 6.1296, -0.8589 -0.7419 6.1388, -0.9025 -0.7795 6.0819, -0.7674 -0.8362 6.1433, -0.8063 -0.8786 6.0863, -0.6675 -0.918 6.1474, -0.7013 -0.9645 6.0905, -0.5616 -0.9863 6.1513, -0.3268 -1.0869 6.1595, -0.0667 -1.133 6.1685, -0.0701 -1.1904 6.1115, 0.0667 -1.133 6.1731, 0.0701 -1.1904 6.1162, 0.1988 -1.1174 6.1777, 0.4484 -1.0427 6.1864, 0.6675 -0.918 6.1942, 0.7013 -0.9645 6.1372, 0.7674 -0.8362 6.1984, 0.8063 -0.8786 6.1414, 0.8589 -0.7419 6.2028, 1.0079 -0.5218 6.212, 1.059 -0.5482 6.155, 1.0621 -0.4002 6.2166, 1.1159 -0.4205 6.1596, 1.1013 -0.2744 6.221, 1.1571 -0.2883 6.1641, 1.1254 -0.147 6.2253, 1.1301 0.1052 6.2331, 1.0766 0.3592 6.2417, 1.1312 0.3774 6.1847, 1.0273 0.4825 6.2462, 1.0794 0.5069 6.1893, 0.9636 0.5997 6.2509, 0.7986 0.8065 6.2599, 0.839 0.8474 6.203, 0.7011 0.8925 6.2642, 0.7367 0.9378 6.2072, 0.5969 0.9654 6.2682, 0.6271 1.0143 6.2112, 0.4866 1.0254 6.272, 0.5112 1.0773 6.2151, 0.3676 1.0738 6.2762, 1.2134 -0.2995 6.335, 1.2129 -0.3022 6.3349, 1.1571 -0.2883 6.278, 1.1159 -0.4205 6.2735, 0.7358 -1.0104 6.3081, 0.7351 -1.011 6.3081, 0.7013 -0.9645 6.2511, 0.59 -1.0363 6.2472, -0.0701 -1.1904 6.2255, 0.0701 -1.1904 6.2301, 0.0735 -1.2478 6.287, -1.1872 0.3902 6.214, -1.1857 0.3956 6.2139, -1.1312 0.3774 6.1569, -1.0794 0.5069 6.1524, -0.6575 1.0631 6.1873, -0.6574 1.0632 6.1873, -0.6271 1.0143 6.1304, -0.5112 1.0773 6.1265, -0.1673 1.1875 6.1218, -0.1673 1.1807 6.1152, -0.2536 1.1652 6.118, 0.1673 1.1741 6.3339, 0.1673 1.1807 6.3403, 0.2536 1.1652 6.3375, -0.1673 1.2388 6.1719, -0.2659 1.2214 6.175, -0.3378 1.2013 6.1773, -0.3862 1.1282 6.1224, -0.5359 1.1293 6.1835, -0.5023 1.143 6.1824, -0.4048 1.1826 6.1794, -0.7722 0.983 6.1913, -0.7367 0.9378 6.1344, -0.7983 0.9599 6.1924, -0.839 0.8474 6.1386, -0.8795 0.8883 6.1956, -1.0125 0.63 6.1477, -1.032 0.7019 6.2031, -0.9317 0.7443 6.1431, -0.9766 0.7802 6.2001, -0.9239 0.8388 6.1976, -1.1314 0.5313 6.2093, -1.1205 0.5515 6.2086, -1.0613 0.6604 6.2047, -1.2235 0.2561 6.2183, -1.1672 0.2444 6.1613, -1.2288 0.2207 6.2193, -1.1874 0.1105 6.1655, -1.2446 0.1158 6.2224, -1.2472 0.0471 6.2243, -1.1923 -0.0216 6.1693, -1.2498 -0.0226 6.2263, -1.242 -0.1273 6.2293, -1.1825 -0.1544 6.1733, -1.2395 -0.1619 6.2302, -1.2134 -0.2995 6.2344, -1.1571 -0.2883 6.1775, -1.2129 -0.3022 6.2345, -1.1697 -0.4408 6.239, -1.1159 -0.4205 6.182, -1.1588 -0.4653 6.2398, -1.059 -0.5482 6.1866, -1.1101 -0.5746 6.2435, -0.9025 -0.7795 6.1958, -0.9846 -0.7667 6.2508, -0.9874 -0.6687 6.1912, -1.035 -0.7009 6.2482, -1.082 -0.6219 6.2453, -0.8063 -0.8786 6.2002, -0.8685 -0.8969 6.2561, -0.946 -0.8171 6.2527, -0.7013 -0.9645 6.2044, -0.7358 -1.0104 6.2613, -0.8452 -0.9209 6.2572, -0.4711 -1.0955 6.2122, -0.5872 -1.1019 6.2662, -0.59 -1.0363 6.2083, -0.6185 -1.0863 6.2652, -0.7351 -1.011 6.2613, -0.3433 -1.142 6.2164, -0.4276 -1.1724 6.2713, -0.4938 -1.1483 6.2692, -0.2088 -1.1741 6.2209, -0.2599 -1.2209 6.2765, -0.3599 -1.1971 6.2734, -0.0735 -1.2478 6.2824, -0.0873 -1.2462 6.282, -0.2189 -1.2307 6.2778, 0.3433 -1.142 6.2391, 0.2599 -1.2209 6.2929, 0.2088 -1.1741 6.2347, 0.2189 -1.2307 6.2916, 0.0873 -1.2462 6.2875, 0.4711 -1.0955 6.2433, 0.4276 -1.1724 6.2982, 0.3599 -1.1971 6.2961, 0.6185 -1.0863 6.3042, 0.5872 -1.1019 6.3032, 0.4938 -1.1483 6.3003, 0.8452 -0.9209 6.3123, 0.8063 -0.8786 6.2553, 0.8685 -0.8969 6.3133, 0.9025 -0.7795 6.2597, 0.946 -0.8171 6.3167, 1.059 -0.5482 6.2689, 1.082 -0.6219 6.3242, 0.9874 -0.6687 6.2643, 1.035 -0.7009 6.3213, 0.9846 -0.7667 6.3187, 1.1697 -0.4408 6.3305, 1.1588 -0.4653 6.3296, 1.1101 -0.5746 6.3259, 1.2395 -0.1619 6.3392, 1.1825 -0.1544 6.2822, 1.242 -0.1273 6.3402, 1.1923 -0.0216 6.2862, 1.2498 -0.0226 6.3432, 1.2472 0.0471 6.3451, 1.1874 0.1105 6.2901, 1.2446 0.1158 6.347, 1.2288 0.2207 6.3501, 1.1672 0.2444 6.2942, 1.2235 0.2561 6.3512, 1.1872 0.3902 6.3554, 1.1312 0.3774 6.2986, 1.1857 0.3956 6.3556, 1.1314 0.5313 6.3601, 1.0794 0.5069 6.3032, 1.1205 0.5515 6.3609, 1.0125 0.63 6.3078, 1.0613 0.6604 6.3648, 0.839 0.8474 6.3169, 0.9239 0.8388 6.3718, 0.9317 0.7443 6.3124, 0.9766 0.7802 6.3694, 1.032 0.7019 6.3664, 0.6575 1.0631 6.3821, 0.7722 0.983 6.3781, 0.7367 0.9378 6.3212, 0.7983 0.9599 6.3771, 0.8795 0.8883 6.3738, 0.6574 1.0632 6.3821, 0.6271 1.0143 6.3252, 0.5359 1.1293 6.386, 0.5112 1.0773 6.329, 0.5023 1.143 6.387, 0.3862 1.1282 6.3331, 0.4048 1.1826 6.3901, 0.1673 1.2388 6.3976, 0.2659 1.2214 6.3945, 0.3378 1.2013 6.3922, 0.1673 1.2388 6.406, 0.2659 1.2214 6.4029, 0.3378 1.2013 6.4006, 0.4048 1.1826 6.3985, 0.5023 1.143 6.3954, 0.5359 1.1293 6.3944, 0.6574 1.0632 6.3905, 0.6575 1.0631 6.3905, 0.7722 0.983 6.3865, 0.7983 0.9599 6.3855, 0.8795 0.8883 6.3822, 0.9239 0.8388 6.3802, 0.9766 0.7802 6.3778, 1.032 0.7019 6.3748, 1.0613 0.6604 6.3732, 1.1205 0.5515 6.3693, 1.1314 0.5313 6.3685, 1.1857 0.3956 6.364, 1.1872 0.3902 6.3638, 1.2235 0.2561 6.3596, 1.2288 0.2207 6.3585, 1.2446 0.1158 6.3554, 1.2472 0.0471 6.3535, 1.2498 -0.0226 6.3516, 1.242 -0.1273 6.3486, 1.2395 -0.1619 6.3476, 1.2134 -0.2995 6.3434, 1.2129 -0.3022 6.3434, 1.1697 -0.4408 6.3389, 1.1588 -0.4653 6.338, 1.1101 -0.5746 6.3343, 1.082 -0.6219 6.3326, 1.035 -0.7009 6.3297, 0.9846 -0.7667 6.3271, 0.946 -0.8171 6.3251, 0.8685 -0.8969 6.3217, 0.8452 -0.9209 6.3207, 0.7358 -1.0104 6.3165, 0.7351 -1.011 6.3165, 0.6185 -1.0863 6.3126, 0.5872 -1.1019 6.3116, 0.4938 -1.1483 6.3087, 0.4276 -1.1724 6.3066, 0.3599 -1.1971 6.3045, 0.2599 -1.2209 6.3013, 0.2189 -1.2307 6.3, 0.0873 -1.2462 6.2959, 0.0735 -1.2478 6.2954, -0.0735 -1.2478 6.2908, -0.0873 -1.2462 6.2904, -0.2189 -1.2307 6.2862, -0.2599 -1.2209 6.2849, -0.3599 -1.1971 6.2818, -0.4276 -1.1724 6.2797, -0.4938 -1.1483 6.2776, -0.5872 -1.1019 6.2746, -0.6185 -1.0863 6.2736, -0.7351 -1.011 6.2698, -0.7358 -1.0104 6.2697, -0.8452 -0.9209 6.2656, -0.8685 -0.8969 6.2645, -0.946 -0.8171 6.2611, -0.9846 -0.7667 6.2592, -1.035 -0.7009 6.2566, -1.082 -0.6219 6.2537, -1.1101 -0.5746 6.2519, -1.1588 -0.4653 6.2482, -1.1697 -0.4408 6.2474, -1.2129 -0.3022 6.2429, -1.2134 -0.2995 6.2428, -1.2395 -0.1619 6.2386, -1.242 -0.1273 6.2377, -1.2498 -0.0226 6.2347, -1.2472 0.0471 6.2327, -1.2446 0.1158 6.2308, -1.2288 0.2207 6.2277, -1.2235 0.2561 6.2267, -1.1872 0.3902 6.2224, -1.1857 0.3956 6.2223, -1.1314 0.5313 6.2177, -1.1205 0.5515 6.217, -1.0613 0.6604 6.2131, -1.032 0.7019 6.2115, -0.9766 0.7802 6.2085, -0.9239 0.8388 6.2061, -0.8795 0.8883 6.204, -0.7983 0.9599 6.2008, -0.7722 0.983 6.1997, -0.6575 1.0631 6.1957, -0.6574 1.0632 6.1957, -0.5359 1.1293 6.1919, -0.1673 1.2388 6.1803, -0.2659 1.2214 6.1834, -0.3378 1.2013 6.1857, -0.4048 1.1826 6.1878, -0.5023 1.143 6.1908, 1.0125 0.63 6.4301, 0.9317 0.7443 6.4347, 0.8868 0.7084 6.4917, 1.1874 0.1105 6.4124, 1.1672 0.2444 6.4165, 1.1109 0.2326 6.4735, 1.1825 -0.1544 6.4046, 1.1923 -0.0216 6.4085, 1.1348 -0.0205 6.4655, 0.9025 -0.7795 6.3821, 0.9874 -0.6687 6.3866, 0.9398 -0.6364 6.4436, 0.4711 -1.0955 6.3656, 0.59 -1.0363 6.3696, 0.5616 -0.9863 6.4265, 0.2088 -1.1741 6.357, 0.3433 -1.142 6.3614, 0.3268 -1.0869 6.4184, -0.3433 -1.142 6.3387, -0.2088 -1.1741 6.3432, -0.1988 -1.1174 6.4001, -0.59 -1.0363 6.3306, -0.4711 -1.0955 6.3345, -0.4484 -1.0427 6.3915, -1.059 -0.5482 6.3089, -0.9874 -0.6687 6.3135, -0.9398 -0.6364 6.3705, -1.1923 -0.0216 6.2916, -1.1825 -0.1544 6.2956, -1.1254 -0.147 6.3526, -1.1672 0.2444 6.2836, -1.1874 0.1105 6.2878, -1.1301 0.1052 6.3447, -0.839 0.8474 6.261, -0.9317 0.7443 6.2654, -0.8868 0.7084 6.3224, -0.1673 1.1741 6.2439, -0.1673 1.1807 6.2375, -0.2536 1.1652 6.2403, 0.1673 1.1875 6.456, 0.1673 1.1807 6.4627, 0.2536 1.1652 6.4598, 0.1673 1.1226 6.5193, 0.2414 1.109 6.5168, 0.3862 1.1282 6.4554, -0.1673 1.1226 6.2947, -0.2414 1.109 6.2973, -0.3676 1.0738 6.3017, -0.3862 1.1282 6.2447, -0.4866 1.0254 6.3058, -0.5112 1.0773 6.2488, -0.5969 0.9654 6.3096, -0.6271 1.0143 6.2527, -0.7011 0.8925 6.3136, -0.7367 0.9378 6.2567, -0.7986 0.8065 6.3179, -0.9636 0.5997 6.327, -1.0125 0.63 6.27, -1.0273 0.4825 6.3316, -1.0794 0.5069 6.2747, -1.0766 0.3592 6.3362, -1.1312 0.3774 6.2792, -1.1109 0.2326 6.3406, -1.1348 -0.0205 6.3486, -1.1013 -0.2744 6.3568, -1.1571 -0.2883 6.2998, -1.0621 -0.4002 6.3613, -1.1159 -0.4205 6.3043, -1.0079 -0.5218 6.3659, -0.8589 -0.7419 6.3751, -0.9025 -0.7795 6.3181, -0.7674 -0.8362 6.3795, -0.8063 -0.8786 6.3225, -0.6675 -0.918 6.3837, -0.7013 -0.9645 6.3267, -0.5616 -0.9863 6.3876, -0.3268 -1.0869 6.3957, -0.0667 -1.133 6.4047, -0.0701 -1.1904 6.3478, 0.0667 -1.133 6.4093, 0.0701 -1.1904 6.3524, 0.1988 -1.1174 6.4139, 0.4484 -1.0427 6.4226, 0.6675 -0.918 6.4304, 0.7013 -0.9645 6.3734, 0.7674 -0.8362 6.4346, 0.8063 -0.8786 6.3776, 0.8589 -0.7419 6.439, 1.0079 -0.5218 6.4482, 1.059 -0.5482 6.3913, 1.0621 -0.4002 6.4528, 1.1159 -0.4205 6.3958, 1.1013 -0.2744 6.4573, 1.1571 -0.2883 6.4003, 1.1254 -0.147 6.4615, 1.1301 0.1052 6.4693, 1.0766 0.3592 6.4779, 1.1312 0.3774 6.4209, 1.0273 0.4825 6.4824, 1.0794 0.5069 6.4255, 0.9636 0.5997 6.4871, 0.7986 0.8065 6.4962, 0.839 0.8474 6.4392, 0.7011 0.8925 6.5004, 0.7367 0.9378 6.4435, 0.5969 0.9654 6.5044, 0.6271 1.0143 6.4475, 0.4866 1.0254 6.5083, 0.5112 1.0773 6.4513, 0.3676 1.0738 6.5124, 1.2134 -0.2995 6.5713, 1.2129 -0.3022 6.5712, 1.1571 -0.2883 6.5142, 1.1159 -0.4205 6.5098, 0.7358 -1.0104 6.5443, 0.7351 -1.011 6.5443, 0.7013 -0.9645 6.4874, 0.59 -1.0363 6.4835, -0.0701 -1.1904 6.4617, 0.0701 -1.1904 6.4663, 0.0735 -1.2478 6.5233, -1.1872 0.3902 6.4503, -1.1857 0.3956 6.4501, -1.1312 0.3774 6.3931, -1.0794 0.5069 6.3886, -0.6575 1.0631 6.4236, -0.6574 1.0632 6.4236, -0.6271 1.0143 6.3666, -0.5112 1.0773 6.3628, -0.1673 1.1875 6.3581, -0.1673 1.1807 6.3514, -0.2536 1.1652 6.3542, 0.1673 1.1741 6.5701, 0.1673 1.1807 6.5766, 0.2536 1.1652 6.5737, -0.1673 1.2388 6.4081, -0.2659 1.2214 6.4112, -0.3378 1.2013 6.4135, -0.3862 1.1282 6.3586, -0.5359 1.1293 6.4197, -0.5023 1.143 6.4186, -0.4048 1.1826 6.4156, -0.7722 0.983 6.4275, -0.7367 0.9378 6.3706, -0.7983 0.9599 6.4286, -0.839 0.8474 6.3749, -0.8795 0.8883 6.4318, -1.0125 0.63 6.3839, -1.032 0.7019 6.4393, -0.9317 0.7443 6.3793, -0.9766 0.7802 6.4363, -0.9239 0.8388 6.4339, -1.1314 0.5313 6.4455, -1.1205 0.5515 6.4448, -1.0613 0.6604 6.4409, -1.2235 0.2561 6.4545, -1.1672 0.2444 6.3975, -1.2288 0.2207 6.4555, -1.1874 0.1105 6.4017, -1.2446 0.1158 6.4586, -1.2472 0.0471 6.4606, -1.1923 -0.0216 6.4056, -1.2498 -0.0226 6.4625, -1.242 -0.1273 6.4655, -1.1825 -0.1544 6.4095, -1.2395 -0.1619 6.4665, -1.2134 -0.2995 6.4706, -1.1571 -0.2883 6.4138, -1.2129 -0.3022 6.4707, -1.1697 -0.4408 6.4752, -1.1159 -0.4205 6.4182, -1.1588 -0.4653 6.476, -1.059 -0.5482 6.4228, -1.1101 -0.5746 6.4798, -0.9025 -0.7795 6.432, -0.9846 -0.7667 6.487, -0.9874 -0.6687 6.4274, -1.035 -0.7009 6.4844, -1.082 -0.6219 6.4815, -0.8063 -0.8786 6.4364, -0.8685 -0.8969 6.4924, -0.946 -0.8171 6.489, -0.7013 -0.9645 6.4406, -0.7358 -1.0104 6.4975, -0.8452 -0.9209 6.4934, -0.4711 -1.0955 6.4484, -0.5872 -1.1019 6.5024, -0.59 -1.0363 6.4445, -0.6185 -1.0863 6.5015, -0.7351 -1.011 6.4976, -0.3433 -1.142 6.4527, -0.4276 -1.1724 6.5075, -0.4938 -1.1483 6.5054, -0.2088 -1.1741 6.4571, -0.2599 -1.2209 6.5128, -0.3599 -1.1971 6.5096, -0.0735 -1.2478 6.5186, -0.0873 -1.2462 6.5182, -0.2189 -1.2307 6.514, 0.3433 -1.142 6.4753, 0.2599 -1.2209 6.5291, 0.2088 -1.1741 6.4709, 0.2189 -1.2307 6.5278, 0.0873 -1.2462 6.5237, 0.4711 -1.0955 6.4795, 0.4276 -1.1724 6.5344, 0.3599 -1.1971 6.5323, 0.6185 -1.0863 6.5404, 0.5872 -1.1019 6.5394, 0.4938 -1.1483 6.5365, 0.8452 -0.9209 6.5485, 0.8063 -0.8786 6.4915, 0.8685 -0.8969 6.5495, 0.9025 -0.7795 6.496, 0.946 -0.8171 6.5529, 1.059 -0.5482 6.5052, 1.082 -0.6219 6.5604, 0.9874 -0.6687 6.5005, 1.035 -0.7009 6.5575, 0.9846 -0.7667 6.5549, 1.1697 -0.4408 6.5667, 1.1588 -0.4653 6.5659, 1.1101 -0.5746 6.5621, 1.2395 -0.1619 6.5754, 1.1825 -0.1544 6.5185, 1.242 -0.1273 6.5764, 1.1923 -0.0216 6.5224, 1.2498 -0.0226 6.5794, 1.2472 0.0471 6.5813, 1.1874 0.1105 6.5263, 1.2446 0.1158 6.5832, 1.2288 0.2207 6.5863, 1.1672 0.2444 6.5304, 1.2235 0.2561 6.5874, 1.1872 0.3902 6.5916, 1.1312 0.3774 6.5348, 1.1857 0.3956 6.5918, 1.1314 0.5313 6.5964, 1.0794 0.5069 6.5394, 1.1205 0.5515 6.5971, 1.0125 0.63 6.544, 1.0613 0.6604 6.601, 0.839 0.8474 6.5531, 0.9239 0.8388 6.608, 0.9317 0.7443 6.5486, 0.9766 0.7802 6.6056, 1.032 0.7019 6.6026, 0.6575 1.0631 6.6183, 0.7722 0.983 6.6143, 0.7367 0.9378 6.5574, 0.7983 0.9599 6.6133, 0.8795 0.8883 6.6101, 0.6574 1.0632 6.6183, 0.6271 1.0143 6.5614, 0.5359 1.1293 6.6222, 0.5112 1.0773 6.5652, 0.5023 1.143 6.6232, 0.3862 1.1282 6.5693, 0.4048 1.1826 6.6263, 0.1673 1.2388 6.6338, 0.2659 1.2214 6.6307, 0.3378 1.2013 6.6284, 0.1673 1.2388 6.6422, 0.2659 1.2214 6.6391, 0.3378 1.2013 6.6368, 0.4048 1.1826 6.6347, 0.5023 1.143 6.6316, 0.5359 1.1293 6.6306, 0.6574 1.0632 6.6267, 0.6575 1.0631 6.6267, 0.7722 0.983 6.6227, 0.7983 0.9599 6.6217, 0.8795 0.8883 6.6185, 0.9239 0.8388 6.6164, 0.9766 0.7802 6.614, 1.032 0.7019 6.611, 1.0613 0.6604 6.6094, 1.1205 0.5515 6.6055, 1.1314 0.5313 6.6048, 1.1857 0.3956 6.6002, 1.1872 0.3902 6.6, 1.2235 0.2561 6.5958, 1.2288 0.2207 6.5948, 1.2446 0.1158 6.5916, 1.2472 0.0471 6.5897, 1.2498 -0.0226 6.5878, 1.242 -0.1273 6.5848, 1.2395 -0.1619 6.5838, 1.2134 -0.2995 6.5797, 1.2129 -0.3022 6.5796, 1.1697 -0.4408 6.5751, 1.1588 -0.4653 6.5743, 1.1101 -0.5746 6.5705, 1.082 -0.6219 6.5688, 1.035 -0.7009 6.5659, 0.9846 -0.7667 6.5633, 0.946 -0.8171 6.5613, 0.8685 -0.8969 6.5579, 0.8452 -0.9209 6.5569, 0.7358 -1.0104 6.5527, 0.7351 -1.011 6.5527, 0.6185 -1.0863 6.5488, 0.5872 -1.1019 6.5478, 0.4938 -1.1483 6.5449, 0.4276 -1.1724 6.5428, 0.3599 -1.1971 6.5407, 0.2599 -1.2209 6.5375, 0.2189 -1.2307 6.5362, 0.0873 -1.2462 6.5321, 0.0735 -1.2478 6.5317, -0.0735 -1.2478 6.527, -0.0873 -1.2462 6.5266, -0.2189 -1.2307 6.5224, -0.2599 -1.2209 6.5212, -0.3599 -1.1971 6.518, -0.4276 -1.1724 6.5159, -0.4938 -1.1483 6.5138, -0.5872 -1.1019 6.5108, -0.6185 -1.0863 6.5099, -0.7351 -1.011 6.506, -0.7358 -1.0104 6.5059, -0.8452 -0.9209 6.5018, -0.8685 -0.8969 6.5008, -0.946 -0.8171 6.4974, -0.9846 -0.7667 6.4954, -1.035 -0.7009 6.4928, -1.082 -0.6219 6.4899, -1.1101 -0.5746 6.4882, -1.1588 -0.4653 6.4844, -1.1697 -0.4408 6.4836, -1.2129 -0.3022 6.4791, -1.2134 -0.2995 6.479, -1.2395 -0.1619 6.4749, -1.242 -0.1273 6.4739, -1.2498 -0.0226 6.4709, -1.2472 0.0471 6.469, -1.2446 0.1158 6.467, -1.2288 0.2207 6.4639, -1.2235 0.2561 6.4629, -1.1872 0.3902 6.4587, -1.1857 0.3956 6.4585, -1.1314 0.5313 6.4539, -1.1205 0.5515 6.4532, -1.0613 0.6604 6.4493, -1.032 0.7019 6.4477, -0.9766 0.7802 6.4447, -0.9239 0.8388 6.4423, -0.8795 0.8883 6.4402, -0.7983 0.9599 6.437, -0.7722 0.983 6.436, -0.6575 1.0631 6.432, -0.6574 1.0632 6.432, -0.5359 1.1293 6.4281, -0.1673 1.2388 6.4165, -0.2659 1.2214 6.4196, -0.3378 1.2013 6.4219, -0.4048 1.1826 6.424, -0.5023 1.143 6.4271, 1.0125 0.63 6.6663, 0.9317 0.7443 6.6709, 0.8868 0.7084 6.7279, 1.1874 0.1105 6.6486, 1.1672 0.2444 6.6528, 1.1109 0.2326 6.7097, 1.1825 -0.1544 6.6408, 1.1923 -0.0216 6.6447, 1.1348 -0.0205 6.7017, 0.9025 -0.7795 6.6183, 0.9874 -0.6687 6.6228, 0.9398 -0.6364 6.6798, 0.4711 -1.0955 6.6019, 0.59 -1.0363 6.6058, 0.5616 -0.9863 6.6627, 0.2088 -1.1741 6.5932, 0.3433 -1.142 6.5976, 0.3268 -1.0869 6.6546, -0.3433 -1.142 6.575, -0.2088 -1.1741 6.5794, -0.1988 -1.1174 6.6364, -0.59 -1.0363 6.5668, -0.4711 -1.0955 6.5707, -0.4484 -1.0427 6.6277, -1.059 -0.5482 6.5451, -0.9874 -0.6687 6.5497, -0.9398 -0.6364 6.6067, -1.1923 -0.0216 6.5279, -1.1825 -0.1544 6.5318, -1.1254 -0.147 6.5888, -1.1672 0.2444 6.5198, -1.1874 0.1105 6.524, -1.1301 0.1052 6.581, -0.839 0.8474 6.4972, -0.9317 0.7443 6.5017, -0.8868 0.7084 6.5586, -0.1673 1.1741 6.4802, -0.1673 1.1807 6.4737, -0.2536 1.1652 6.4766, 0.1673 1.1875 6.6922, 0.1673 1.1807 6.6989, 0.2536 1.1652 6.696, 0.1673 1.1226 6.7556, 0.2414 1.109 6.753, 0.3862 1.1282 6.6917, -0.1673 1.1226 6.5309, -0.2414 1.109 6.5335, -0.3676 1.0738 6.5379, -0.3862 1.1282 6.4809, -0.4866 1.0254 6.542, -0.5112 1.0773 6.4851, -0.5969 0.9654 6.5459, -0.6271 1.0143 6.4889, -0.7011 0.8925 6.5499, -0.7367 0.9378 6.4929, -0.7986 0.8065 6.5541, -0.9636 0.5997 6.5632, -1.0125 0.63 6.5063, -1.0273 0.4825 6.5678, -1.0794 0.5069 6.5109, -1.0766 0.3592 6.5724, -1.1312 0.3774 6.5154, -1.1109 0.2326 6.5768, -1.1348 -0.0205 6.5848, -1.1013 -0.2744 6.593, -1.1571 -0.2883 6.5361, -1.0621 -0.4002 6.5975, -1.1159 -0.4205 6.5405, -1.0079 -0.5218 6.6021, -0.8589 -0.7419 6.6113, -0.9025 -0.7795 6.5543, -0.7674 -0.8362 6.6157, -0.8063 -0.8786 6.5587, -0.6675 -0.918 6.6199, -0.7013 -0.9645 6.5629, -0.5616 -0.9863 6.6238, -0.3268 -1.0869 6.6319, -0.0667 -1.133 6.6409, -0.0701 -1.1904 6.584, 0.0667 -1.133 6.6456, 0.0701 -1.1904 6.5886, 0.1988 -1.1174 6.6501, 0.4484 -1.0427 6.6588, 0.6675 -0.918 6.6666, 0.7013 -0.9645 6.6097, 0.7674 -0.8362 6.6708, 0.8063 -0.8786 6.6139, 0.8589 -0.7419 6.6752, 1.0079 -0.5218 6.6844, 1.059 -0.5482 6.6275, 1.0621 -0.4002 6.689, 1.1159 -0.4205 6.6321, 1.1013 -0.2744 6.6935, 1.1571 -0.2883 6.6365, 1.1254 -0.147 6.6977, 1.1301 0.1052 6.7056, 1.0766 0.3592 6.7141, 1.1312 0.3774 6.6572, 1.0273 0.4825 6.7187, 1.0794 0.5069 6.6617, 0.9636 0.5997 6.7233, 0.7986 0.8065 6.7324, 0.839 0.8474 6.6754, 0.7011 0.8925 6.7366, 0.7367 0.9378 6.6797, 0.5969 0.9654 6.7406, 0.6271 1.0143 6.6837, 0.4866 1.0254 6.7445, 0.5112 1.0773 6.6875, 0.3676 1.0738 6.7486, 1.2134 -0.2995 6.8075, 1.2129 -0.3022 6.8074, 1.1571 -0.2883 6.7504, 1.1159 -0.4205 6.746, 0.7358 -1.0104 6.7806, 0.7351 -1.011 6.7805, 0.7013 -0.9645 6.7236, 0.59 -1.0363 6.7197, -0.0701 -1.1904 6.6979, 0.0701 -1.1904 6.7025, 0.0735 -1.2478 6.7595, -1.1872 0.3902 6.6865, -1.1857 0.3956 6.6863, -1.1312 0.3774 6.6293, -1.0794 0.5069 6.6248, -0.6575 1.0631 6.6598, -0.6574 1.0632 6.6598, -0.6271 1.0143 6.6028, -0.5112 1.0773 6.599, -0.1673 1.1875 6.5943, -0.1673 1.1807 6.5876, -0.2536 1.1652 6.5905, 0.1673 1.1741 6.8063, 0.1673 1.1807 6.8128, 0.2536 1.1652 6.8099, -0.1673 1.2388 6.6443, -0.2659 1.2214 6.6474, -0.3378 1.2013 6.6497, -0.3862 1.1282 6.5948, -0.5359 1.1293 6.6559, -0.5023 1.143 6.6549, -0.4048 1.1826 6.6518, -0.7722 0.983 6.6638, -0.7367 0.9378 6.6068, -0.7983 0.9599 6.6648, -0.839 0.8474 6.6111, -0.8795 0.8883 6.668, -1.0125 0.63 6.6202, -1.032 0.7019 6.6755, -0.9317 0.7443 6.6156, -0.9766 0.7802 6.6725, -0.9239 0.8388 6.6701, -1.1314 0.5313 6.6817, -1.1205 0.5515 6.681, -1.0613 0.6604 6.6771, -1.2235 0.2561 6.6907, -1.1672 0.2444 6.6337, -1.2288 0.2207 6.6918, -1.1874 0.1105 6.6379, -1.2446 0.1158 6.6949, -1.2472 0.0471 6.6968, -1.1923 -0.0216 6.6418, -1.2498 -0.0226 6.6987, -1.242 -0.1273 6.7017, -1.1825 -0.1544 6.6457, -1.2395 -0.1619 6.7027, -1.2134 -0.2995 6.7069, -1.1571 -0.2883 6.65, -1.2129 -0.3022 6.7069, -1.1697 -0.4408 6.7114, -1.1159 -0.4205 6.6544, -1.1588 -0.4653 6.7122, -1.059 -0.5482 6.659, -1.1101 -0.5746 6.716, -0.9025 -0.7795 6.6682, -0.9846 -0.7667 6.7232, -0.9874 -0.6687 6.6637, -1.035 -0.7009 6.7206, -1.082 -0.6219 6.7177, -0.8063 -0.8786 6.6726, -0.8685 -0.8969 6.7286, -0.946 -0.8171 6.7252, -0.7013 -0.9645 6.6768, -0.7358 -1.0104 6.7338, -0.8452 -0.9209 6.7296, -0.4711 -1.0955 6.6847, -0.5872 -1.1019 6.7387, -0.59 -1.0363 6.6807, -0.6185 -1.0863 6.7377, -0.7351 -1.011 6.7338, -0.3433 -1.142 6.6889, -0.4276 -1.1724 6.7437, -0.4938 -1.1483 6.7416, -0.2088 -1.1741 6.6933, -0.2599 -1.2209 6.749, -0.3599 -1.1971 6.7458, -0.0735 -1.2478 6.7548, -0.0873 -1.2462 6.7544, -0.2189 -1.2307 6.7503, 0.3433 -1.142 6.7115, 0.2599 -1.2209 6.7653, 0.2088 -1.1741 6.7071, 0.2189 -1.2307 6.7641, 0.0873 -1.2462 6.7599, 0.4711 -1.0955 6.7158, 0.4276 -1.1724 6.7706, 0.3599 -1.1971 6.7685, 0.6185 -1.0863 6.7766, 0.5872 -1.1019 6.7757, 0.4938 -1.1483 6.7727, 0.8452 -0.9209 6.7847, 0.8063 -0.8786 6.7278, 0.8685 -0.8969 6.7857, 0.9025 -0.7795 6.7322, 0.946 -0.8171 6.7891, 1.059 -0.5482 6.7414, 1.082 -0.6219 6.7966, 0.9874 -0.6687 6.7368, 1.035 -0.7009 6.7937, 0.9846 -0.7667 6.7911, 1.1697 -0.4408 6.8029, 1.1588 -0.4653 6.8021, 1.1101 -0.5746 6.7983, 1.2395 -0.1619 6.8116, 1.1825 -0.1544 6.7547, 1.242 -0.1273 6.8126, 1.1923 -0.0216 6.7586, 1.2498 -0.0226 6.8156, 1.2472 0.0471 6.8175, 1.1874 0.1105 6.7625, 1.2446 0.1158 6.8195, 1.2288 0.2207 6.8226, 1.1672 0.2444 6.7667, 1.2235 0.2561 6.8236, 1.1872 0.3902 6.8278, 1.1312 0.3774 6.7711, 1.1857 0.3956 6.828, 1.1314 0.5313 6.8326, 1.0794 0.5069 6.7756, 1.1205 0.5515 6.8333, 1.0125 0.63 6.7802, 1.0613 0.6604 6.8372, 0.839 0.8474 6.7893, 0.9239 0.8388 6.8442, 0.9317 0.7443 6.7848, 0.9766 0.7802 6.8418, 1.032 0.7019 6.8388, 0.6575 1.0631 6.8545, 0.7722 0.983 6.8506, 0.7367 0.9378 6.7936, 0.7983 0.9599 6.8495, 0.8795 0.8883 6.8463, 0.6574 1.0632 6.8545, 0.6271 1.0143 6.7976, 0.5359 1.1293 6.8584, 0.5112 1.0773 6.8014, 0.5023 1.143 6.8595, 0.3862 1.1282 6.8056, 0.4048 1.1826 6.8625, 0.1673 1.2388 6.87, 0.2659 1.2214 6.8669, 0.3378 1.2013 6.8646, 0.1673 1.2388 6.8784, 0.2659 1.2214 6.8753, 0.3378 1.2013 6.873, 0.4048 1.1826 6.8709, 0.5023 1.143 6.8679, 0.5359 1.1293 6.8668, 0.6574 1.0632 6.863, 0.6575 1.0631 6.8629, 0.7722 0.983 6.859, 0.7983 0.9599 6.8579, 0.8795 0.8883 6.8547, 0.9239 0.8388 6.8526, 0.9766 0.7802 6.8502, 1.032 0.7019 6.8472, 1.0613 0.6604 6.8456, 1.1205 0.5515 6.8417, 1.1314 0.5313 6.841, 1.1857 0.3956 6.8364, 1.1872 0.3902 6.8362, 1.2235 0.2561 6.832, 1.2288 0.2207 6.831, 1.2446 0.1158 6.8279, 1.2472 0.0471 6.8259, 1.2498 -0.0226 6.824, 1.242 -0.1273 6.821, 1.2395 -0.1619 6.82, 1.2134 -0.2995 6.8159, 1.2129 -0.3022 6.8158, 1.1697 -0.4408 6.8113, 1.1588 -0.4653 6.8105, 1.1101 -0.5746 6.8067, 1.082 -0.6219 6.805, 1.035 -0.7009 6.8021, 0.9846 -0.7667 6.7995, 0.946 -0.8171 6.7975, 0.8685 -0.8969 6.7941, 0.8452 -0.9209 6.7931, 0.7358 -1.0104 6.789, 0.7351 -1.011 6.7889, 0.6185 -1.0863 6.785, 0.5872 -1.1019 6.7841, 0.4938 -1.1483 6.7811, 0.4276 -1.1724 6.779, 0.3599 -1.1971 6.7769, 0.2599 -1.2209 6.7738, 0.2189 -1.2307 6.7725, 0.0873 -1.2462 6.7683, 0.0735 -1.2478 6.7679, -0.0735 -1.2478 6.7632, -0.0873 -1.2462 6.7628, -0.2189 -1.2307 6.7587, -0.2599 -1.2209 6.7574, -0.3599 -1.1971 6.7542, -0.4276 -1.1724 6.7521, -0.4938 -1.1483 6.75, -0.5872 -1.1019 6.7471, -0.6185 -1.0863 6.7461, -0.7351 -1.011 6.7422, -0.7358 -1.0104 6.7422, -0.8452 -0.9209 6.738, -0.8685 -0.8969 6.737, -0.946 -0.8171 6.7336, -0.9846 -0.7667 6.7316, -1.035 -0.7009 6.729, -1.082 -0.6219 6.7261, -1.1101 -0.5746 6.7244, -1.1588 -0.4653 6.7206, -1.1697 -0.4408 6.7198, -1.2129 -0.3022 6.7153, -1.2134 -0.2995 6.7153, -1.2395 -0.1619 6.7111, -1.242 -0.1273 6.7101, -1.2498 -0.0226 6.7071, -1.2472 0.0471 6.7052, -1.2446 0.1158 6.7033, -1.2288 0.2207 6.7002, -1.2235 0.2561 6.6991, -1.1872 0.3902 6.6949, -1.1857 0.3956 6.6947, -1.1314 0.5313 6.6901, -1.1205 0.5515 6.6894, -1.0613 0.6604 6.6855, -1.032 0.7019 6.6839, -0.9766 0.7802 6.6809, -0.9239 0.8388 6.6785, -0.8795 0.8883 6.6764, -0.7983 0.9599 6.6732, -0.7722 0.983 6.6722, -0.6575 1.0631 6.6682, -0.6574 1.0632 6.6682, -0.5359 1.1293 6.6643, -0.1673 1.2388 6.6527, -0.2659 1.2214 6.6558, -0.3378 1.2013 6.6581, -0.4048 1.1826 6.6602, -0.5023 1.143 6.6633, 1.0125 0.63 6.9026, 0.9317 0.7443 6.9072, 0.8869 0.7082 6.9641, 1.1874 0.1105 6.8848, 1.1672 0.2444 6.889, 1.1109 0.2324 6.9459, 1.1825 -0.1544 6.877, 1.1923 -0.0216 6.881, 1.1348 -0.0207 6.9379, 0.9025 -0.7795 6.8545, 0.9874 -0.6687 6.8591, 0.9397 -0.6366 6.916, 0.4711 -1.0955 6.8381, 0.59 -1.0363 6.842, 0.5615 -0.9864 6.8989, 0.2088 -1.1741 6.8294, 0.3433 -1.142 6.8339, 0.3267 -1.087 6.8908, -0.3433 -1.142 6.8112, -0.2088 -1.1741 6.8156, -0.1989 -1.1174 6.8726, -0.59 -1.0363 6.803, -0.4711 -1.0955 6.807, -0.4485 -1.0426 6.8639, -1.059 -0.5482 6.7813, -0.9874 -0.6687 6.786, -0.9398 -0.6364 6.8429, -1.1923 -0.0216 6.7641, -1.1825 -0.1544 6.768, -1.1254 -0.1469 6.825, -1.1672 0.2444 6.7561, -1.1874 0.1105 6.7602, -1.1301 0.1052 6.8172, -0.839 0.8474 6.7334, -0.9317 0.7443 6.7379, -0.8868 0.7084 6.7948, -0.1673 1.1741 6.7164, -0.1673 1.1807 6.7099, -0.2536 1.1652 6.7128, 0.1673 1.1875 6.9284, 0.1673 1.1807 6.9351, 0.2536 1.1652 6.9323, -0.1673 1.1226 6.7672, -0.2414 1.109 6.7697, -0.3675 1.0738 6.7741, -0.3862 1.1282 6.7172, -0.3676 1.0738 6.7741, -0.4866 1.0254 6.7782, -0.5112 1.0773 6.7213, -0.5969 0.9654 6.7821, -0.6271 1.0143 6.7251, -0.7011 0.8925 6.7861, -0.7367 0.9378 6.7291, -0.7985 0.8066 6.7904, -0.9636 0.5997 6.7994, -1.0125 0.63 6.7425, -1.0273 0.4825 6.8041, -1.0794 0.5069 6.7471, -1.0766 0.3592 6.8086, -1.1312 0.3774 6.7517, -1.1109 0.2326 6.813, -1.1348 -0.0205 6.821, -1.1013 -0.2743 6.8292, -1.1571 -0.2883 6.7723, -1.0621 -0.4001 6.8337, -1.1159 -0.4205 6.7767, -1.008 -0.5217 6.8383, -0.859 -0.7418 6.8475, -0.9025 -0.7795 6.7905, -0.7675 -0.8361 6.8519, -0.8063 -0.8786 6.795, -0.6676 -0.9179 6.8561, -0.7013 -0.9645 6.7991, -0.5617 -0.9863 6.86, -0.3269 -1.0869 6.8681, -0.0668 -1.133 6.8772, -0.0701 -1.1904 6.8202, 0.0666 -1.133 6.8818, 0.0701 -1.1904 6.8248, 0.1986 -1.1175 6.8864, 0.4483 -1.0427 6.895, 0.6674 -0.918 6.9028, 0.7013 -0.9645 6.8459, 0.7673 -0.8363 6.907, 0.8063 -0.8786 6.8501, 0.8588 -0.742 6.9114, 1.0079 -0.5219 6.9206, 1.059 -0.5482 6.8637, 1.062 -0.4004 6.9252, 1.1159 -0.4205 6.8683, 1.1013 -0.2746 6.9297, 1.1571 -0.2883 6.8727, 1.1254 -0.1471 6.9339, 1.1301 0.105 6.9418, 1.0767 0.359 6.9503, 1.1312 0.3774 6.8934, 1.0274 0.4823 6.9549, 1.0794 0.5069 6.8979, 0.9637 0.5995 6.9595, 0.7987 0.8064 6.9686, 0.839 0.8474 6.9116, 0.7013 0.8924 6.9729, 0.7367 0.9378 6.9159, 0.5971 0.9652 6.9769, 0.6271 1.0143 6.9199, 0.4868 1.0253 6.9807, 0.5112 1.0773 6.9237, 0.3678 1.0738 6.9848, 0.1673 1.1226 6.9918, 0.2414 1.109 6.9892, 0.3862 1.1282 6.9279, 0.2416 1.109 6.9892, 1.1874 0.1103 6.9987, 1.1923 -0.0217 6.9949, -0.3434 -1.142 6.9251, -0.2089 -1.174 6.9295, -0.9025 -0.7794 6.9044, -0.8064 -0.8785 6.9089, -0.5112 1.0774 6.8352, -0.6271 1.0143 6.839, -0.2536 1.1652 6.8267, 0.2539 1.1652 7.0462, 0.266 1.2208 7.1027, 0.3864 1.1282 7.0418, 0.1673 1.1807 7.049, 0.1673 1.2368 7.1043, 0.2508 1.2239 7.1029, 0.1673 1.1741 7.0426, -0.1673 1.1807 6.8238, -0.1673 1.1875 6.8305, -0.3862 1.1282 6.8311, -0.839 0.8474 6.8473, -0.7366 0.9378 6.843, -0.9317 0.7443 6.8518, -1.0124 0.6301 6.8564, -1.0794 0.5069 6.861, -1.1672 0.2444 6.87, -1.1312 0.3775 6.8656, -1.1874 0.1106 6.8741, -1.1923 -0.0215 6.878, -1.1825 -0.1544 6.882, -1.1571 -0.2882 6.8862, -1.1159 -0.4204 6.8907, -0.9874 -0.6686 6.8999, -1.0591 -0.5481 6.8952, -0.5901 -1.0362 6.9169, -0.7014 -0.9644 6.9131, -0.4712 -1.0955 6.9209, 0.07 -1.1904 6.9387, -0.0702 -1.1904 6.9341, 0.2087 -1.1741 6.9433, 0.3432 -1.142 6.9478, 0.471 -1.0956 6.952, 0.5899 -1.0364 6.9559, 0.7012 -0.9645 6.9598, 0.9024 -0.7796 6.9684, 0.8062 -0.8787 6.964, 0.9873 -0.6688 6.973, 1.1158 -0.4207 6.9822, 1.0589 -0.5484 6.9776, 1.1571 -0.2885 6.9867, 1.1824 -0.1546 6.9909, 1.1672 0.2442 7.0029, 1.1313 0.3772 7.0073, 1.0795 0.5067 7.0118, 1.0126 0.6299 7.0165, 0.9319 0.7441 7.0211, 0.8392 0.8472 7.0255, 0.7368 0.9376 7.0298, 0.5114 1.0772 7.0377, 0.6273 1.0141 7.0338, -0.2414 1.109 6.7697, 0.2753 1.1384 7.1811, 0.1673 1.1592 7.1811, 0.4111 1.0967 7.1811, -0.9843 -0.0 7.1811, -0.9843 -0.0 3.6811, -0.9721 0.154 7.1811, -0.9721 0.154 3.6811, -0.9361 0.3042 7.1811, -0.9361 0.3042 3.6811, -0.877 0.4468 7.1811, -0.877 0.4468 3.6811, -0.7963 0.5785 7.1811, -0.7963 0.5785 3.6811, -0.696 0.696 7.1811, -0.696 0.696 3.6811, -0.5785 0.7963 7.1811, -0.5785 0.7963 3.6811, -0.4468 0.877 7.1811, -0.4468 0.877 3.6811, -0.3042 0.9361 7.1811, -0.3042 0.9361 3.6811, -0.154 0.9721 7.1811, -0.154 0.9721 3.6811, 0.0 0.9843 7.1811, 0.0 0.9843 3.6811, 0.154 0.9721 7.1811, 0.154 0.9721 3.6811, 0.3042 0.9361 7.1811, 0.3042 0.9361 3.6811, 0.4468 0.877 7.1811, 0.4468 0.877 3.6811, 0.5785 0.7963 7.1811, 0.5785 0.7963 3.6811, 0.696 0.696 7.1811, 0.696 0.696 3.6811, 0.7963 0.5785 7.1811, 0.7963 0.5785 3.6811, 0.877 0.4468 7.1811, 0.877 0.4468 3.6811, 0.9361 0.3042 7.1811, 0.9361 0.3042 3.6811, 0.9721 0.154 7.1811, 0.9721 0.154 3.6811, 0.9843 0.0 7.1811, 0.9843 0.0 3.6811, 0.9721 -0.154 7.1811, 0.9721 -0.154 3.6811, 0.9361 -0.3042 7.1811, 0.9361 -0.3042 3.6811, 0.877 -0.4468 7.1811, 0.877 -0.4468 3.6811, 0.7963 -0.5785 7.1811, 0.7963 -0.5785 3.6811, 0.696 -0.696 7.1811, 0.696 -0.696 3.6811, 0.5785 -0.7963 7.1811, 0.5785 -0.7963 3.6811, 0.4468 -0.877 7.1811, 0.4468 -0.877 3.6811, 0.3042 -0.9361 7.1811, 0.3042 -0.9361 3.6811, 0.154 -0.9721 7.1811, 0.154 -0.9721 3.6811, 0.0 -0.9843 7.1811, 0.0 -0.9843 3.6811, -0.154 -0.9721 7.1811, -0.154 -0.9721 3.6811, -0.3042 -0.9361 7.1811, -0.3042 -0.9361 3.6811, -0.4468 -0.877 7.1811, -0.4468 -0.877 3.6811, -0.5785 -0.7963 7.1811, -0.5785 -0.7963 3.6811, -0.696 -0.696 7.1811, -0.696 -0.696 3.6811, -0.7963 -0.5785 7.1811, -0.7963 -0.5785 3.6811, -0.877 -0.4468 7.1811, -0.877 -0.4468 3.6811, -0.9361 -0.3042 7.1811, -0.9361 -0.3042 3.6811, -0.9721 -0.154 7.1811, -0.9721 -0.154 3.6811, -0.1673 1.0508 7.1811, 0.1673 1.0508 7.1811, 0.1673 1.0508 3.6811, -0.1673 1.2388 3.6811, -0.1673 1.0508 3.6811, -0.3384 1.2033 3.6811, -0.5029 1.1444 3.6811, -0.6575 1.0631 3.6811, -1.2136 -0.2995 3.6811, -1.2435 -0.1274 3.6811, -1.2491 0.0472 3.6811, -1.2303 0.2209 3.6811, -1.1875 0.3903 3.6811, -1.1215 0.552 3.6811, -1.0336 0.703 3.6811, -0.9255 0.8402 3.6811, -0.7993 0.9611 3.6811, 0.0874 -1.2469 3.6811, -0.0874 -1.2469 3.6811, -0.2603 -1.2226 3.6811, -0.4283 -1.1743 3.6811, -0.5878 -1.1032 3.6811, -0.7359 -1.0104 3.6811, -0.8696 -0.898 3.6811, -0.9863 -0.768 3.6811, -1.0837 -0.623 3.6811, -1.16 -0.4658 3.6811, 1.2136 -0.2995 3.6811, 1.16 -0.4658 3.6811, 1.0837 -0.623 3.6811, 0.9863 -0.768 3.6811, 0.8696 -0.898 3.6811, 0.7359 -1.0104 3.6811, 0.5878 -1.1032 3.6811, 0.4283 -1.1743 3.6811, 0.2603 -1.2226 3.6811, 0.1673 1.2388 3.6811, 0.3384 1.2033 3.6811, 0.5029 1.1444 3.6811, 0.6575 1.0631 3.6811, 0.7993 0.9611 3.6811, 0.9255 0.8402 3.6811, 1.0336 0.703 3.6811, 1.1215 0.552 3.6811, 1.1875 0.3903 3.6811, 1.2303 0.2209 3.6811, 1.2491 0.0472 3.6811, 1.2435 -0.1274 3.6811, 1.1024 -2.1063 0.0236, 1.1024 -2.1063 0.1811, 1.2992 -2.1063 0.0236, 1.2205 -2.1063 0.1811, 1.2992 -2.1063 3.6024, 1.2205 -2.1063 3.563, 1.2965 -2.1063 3.6227, 1.2887 -2.1063 3.6417, -1.2965 -2.1063 3.6227, -1.2887 -2.1063 3.6417, -1.2205 -2.1063 3.563, -1.2761 -2.1063 3.658, -1.2205 -2.1063 3.6811, 1.2205 -2.1063 3.6811, 1.2409 -2.1063 3.6784, -1.1024 -2.1063 0.1811, -1.1024 -2.1063 0.0236, -1.2205 -2.1063 0.1811, -1.2992 -2.1063 0.0236, -1.2992 -2.1063 3.6024, -1.2598 -2.1063 3.6706, -1.2409 -2.1063 3.6784, 1.2598 -2.1063 3.6706, 1.2761 -2.1063 3.658, -1.1024 2.1063 0.0236, -1.1024 2.1063 0.1811, -1.2992 2.1063 0.0236, -1.2205 2.1063 0.1811, -1.2992 2.1063 3.6024, -1.2205 2.1063 3.563, -1.2965 2.1063 3.6227, 1.2205 2.1063 3.563, 1.2205 2.1063 3.6811, -1.2205 2.1063 3.6811, -1.2409 2.1063 3.6784, -1.2598 2.1063 3.6706, 1.1024 2.1063 0.1811, 1.1024 2.1063 0.0236, 1.2205 2.1063 0.1811, 1.2992 2.1063 0.0236, 1.2992 2.1063 3.6024, 1.2965 2.1063 3.6227, 1.2887 2.1063 3.6417, 1.2761 2.1063 3.658, -1.2761 2.1063 3.658, -1.2887 2.1063 3.6417, 1.2598 2.1063 3.6706, 1.2409 2.1063 3.6784
            ]
        }
        coordIndex [
            0,1,2,-1,3,4,5,-1,6,7,8,-1,9,10,11,-1,12,13,14,-1,14,15,12,-1,12,15,16,-1,12,16,10,-1,10,16,17,-1,10,17,11,-1,18,19,20,-1,20,19,21,-1,20,21,12,-1,12,21,22,-1,12,22,13,-1,23,24,25,-1,25,26,23,-1,23,26,27,-1,23,27,20,-1,20,27,28,-1,20,28,18,-1,7,29,8,-1,8,29,30,-1,8,30,23,-1,23,30,31,-1,23,31,24,-1,6,8,32,-1,32,8,33,-1,32,33,34,-1,35,33,36,-1,36,33,37,-1,35,38,33,-1,33,38,39,-1,33,39,34,-1,40,41,42,-1,42,41,43,-1,42,43,37,-1,37,43,44,-1,37,44,45,-1,45,46,37,-1,37,46,47,-1,37,47,36,-1,48,49,50,-1,50,49,51,-1,50,51,42,-1,42,51,52,-1,42,52,40,-1,53,54,55,-1,55,54,56,-1,55,56,50,-1,50,56,57,-1,50,57,48,-1,58,59,60,-1,60,61,58,-1,58,61,62,-1,58,62,55,-1,55,62,63,-1,55,63,53,-1,64,65,66,-1,66,65,67,-1,66,67,58,-1,58,67,68,-1,58,68,59,-1,69,70,71,-1,71,70,72,-1,71,72,66,-1,66,72,73,-1,66,73,64,-1,74,75,76,-1,76,75,77,-1,76,77,71,-1,71,77,78,-1,71,78,69,-1,79,80,81,-1,81,80,82,-1,81,82,76,-1,76,82,83,-1,76,83,74,-1,84,85,86,-1,86,85,87,-1,86,87,81,-1,81,87,88,-1,81,88,79,-1,4,89,5,-1,5,89,90,-1,5,90,86,-1,86,90,91,-1,86,91,84,-1,92,93,94,-1,94,93,95,-1,94,95,5,-1,5,95,96,-1,5,96,3,-1,1,97,2,-1,2,97,98,-1,2,98,94,-1,94,98,99,-1,94,99,92,-1,100,101,102,-1,102,101,103,-1,102,103,2,-1,2,103,104,-1,2,104,0,-1,105,106,107,-1,107,106,108,-1,107,108,102,-1,102,108,109,-1,102,109,100,-1,110,111,112,-1,112,111,113,-1,112,113,107,-1,107,113,114,-1,107,114,105,-1,115,116,117,-1,117,116,112,-1,112,116,118,-1,112,118,110,-1,119,117,120,-1,120,117,121,-1,119,122,117,-1,117,122,123,-1,117,123,115,-1,124,121,125,-1,125,121,126,-1,124,127,121,-1,121,127,128,-1,121,128,120,-1,129,130,131,-1,131,130,126,-1,126,130,132,-1,126,132,133,-1,133,134,126,-1,126,134,135,-1,126,135,125,-1,136,137,138,-1,138,139,136,-1,136,139,140,-1,136,140,131,-1,131,140,141,-1,131,141,129,-1,137,136,142,-1,142,136,143,-1,142,143,144,-1,145,146,147,-1,148,149,150,-1,151,152,153,-1,154,155,156,-1,157,158,159,-1,160,161,162,-1,163,164,165,-1,166,167,168,-1,169,170,171,-1,56,54,172,-1,65,64,173,-1,75,74,174,-1,1,0,175,-1,103,101,147,-1,122,119,159,-1,138,137,171,-1,171,137,142,-1,132,130,168,-1,168,130,129,-1,141,140,171,-1,171,140,139,-1,171,139,138,-1,125,135,165,-1,165,135,134,-1,165,134,133,-1,120,128,162,-1,162,128,127,-1,162,127,124,-1,122,159,123,-1,110,118,156,-1,156,118,116,-1,156,116,115,-1,105,114,153,-1,153,114,113,-1,153,113,111,-1,100,109,150,-1,150,109,108,-1,150,108,106,-1,103,147,104,-1,176,98,175,-1,175,98,97,-1,175,97,1,-1,93,176,95,-1,95,176,177,-1,93,92,176,-1,176,92,99,-1,176,99,98,-1,4,177,89,-1,89,177,178,-1,4,3,177,-1,177,3,96,-1,177,96,95,-1,84,91,178,-1,178,91,90,-1,178,90,89,-1,179,79,88,-1,179,88,180,-1,180,88,87,-1,180,87,85,-1,83,82,179,-1,179,82,80,-1,179,80,79,-1,75,174,77,-1,77,174,78,-1,78,174,181,-1,78,181,69,-1,73,72,181,-1,181,72,70,-1,181,70,69,-1,60,59,182,-1,182,59,68,-1,182,68,173,-1,173,68,67,-1,173,67,65,-1,54,53,172,-1,172,53,63,-1,172,63,183,-1,183,63,62,-1,183,62,61,-1,49,48,184,-1,184,48,57,-1,49,184,51,-1,51,184,185,-1,51,185,52,-1,43,41,185,-1,185,41,40,-1,185,40,52,-1,43,185,44,-1,44,185,186,-1,44,186,187,-1,36,188,189,-1,36,47,188,-1,188,47,46,-1,188,46,187,-1,187,46,45,-1,187,45,44,-1,190,38,189,-1,189,38,35,-1,189,35,36,-1,191,34,190,-1,190,34,39,-1,190,39,38,-1,29,192,193,-1,29,7,192,-1,192,7,6,-1,192,6,191,-1,191,6,32,-1,191,32,34,-1,26,25,194,-1,194,25,24,-1,194,24,195,-1,195,24,31,-1,195,31,193,-1,193,31,30,-1,193,30,29,-1,26,194,27,-1,27,194,196,-1,27,196,28,-1,28,196,197,-1,28,197,18,-1,198,22,199,-1,199,22,21,-1,199,21,197,-1,197,21,19,-1,197,19,18,-1,200,15,201,-1,201,15,14,-1,201,14,198,-1,198,14,13,-1,198,13,22,-1,202,203,9,-1,9,11,202,-1,202,11,17,-1,202,17,200,-1,200,17,16,-1,200,16,15,-1,204,205,206,-1,206,205,207,-1,206,207,203,-1,203,207,208,-1,203,208,9,-1,209,210,211,-1,211,210,212,-1,211,212,204,-1,204,212,213,-1,204,213,205,-1,214,215,216,-1,216,215,217,-1,216,217,218,-1,218,217,219,-1,218,219,209,-1,209,219,220,-1,209,220,210,-1,221,222,223,-1,223,222,224,-1,223,224,214,-1,214,224,225,-1,214,225,215,-1,226,227,228,-1,228,227,229,-1,228,229,230,-1,230,229,231,-1,230,231,232,-1,232,231,233,-1,232,233,221,-1,221,233,234,-1,221,234,222,-1,235,236,237,-1,237,236,238,-1,237,238,239,-1,239,238,240,-1,239,240,226,-1,226,240,241,-1,226,241,227,-1,242,169,243,-1,243,169,171,-1,243,171,244,-1,244,171,142,-1,244,142,144,-1,170,166,171,-1,171,166,168,-1,171,168,141,-1,141,168,129,-1,167,163,168,-1,168,163,165,-1,168,165,132,-1,132,165,133,-1,164,160,165,-1,165,160,162,-1,165,162,125,-1,125,162,124,-1,161,157,162,-1,162,157,159,-1,162,159,120,-1,120,159,119,-1,158,154,159,-1,159,154,156,-1,159,156,123,-1,123,156,115,-1,155,151,156,-1,156,151,153,-1,156,153,110,-1,110,153,111,-1,152,148,153,-1,153,148,150,-1,153,150,105,-1,105,150,106,-1,149,145,150,-1,150,145,147,-1,150,147,100,-1,100,147,101,-1,146,245,147,-1,147,245,175,-1,147,175,104,-1,104,175,0,-1,245,246,175,-1,175,246,247,-1,175,247,176,-1,176,247,248,-1,176,248,177,-1,248,249,177,-1,177,249,250,-1,177,250,178,-1,178,250,251,-1,251,252,178,-1,178,252,180,-1,178,180,84,-1,84,180,85,-1,252,253,180,-1,180,253,254,-1,180,254,179,-1,179,254,255,-1,255,256,179,-1,179,256,174,-1,179,174,83,-1,83,174,74,-1,256,257,174,-1,174,257,258,-1,174,258,181,-1,181,258,259,-1,259,260,181,-1,181,260,173,-1,181,173,73,-1,73,173,64,-1,260,261,173,-1,173,261,262,-1,173,262,182,-1,182,262,263,-1,263,264,182,-1,182,264,183,-1,182,183,60,-1,60,183,61,-1,264,265,183,-1,183,265,266,-1,183,266,172,-1,172,266,267,-1,172,267,268,-1,268,269,172,-1,172,269,184,-1,172,184,56,-1,56,184,57,-1,269,270,184,-1,184,270,271,-1,184,271,185,-1,185,271,272,-1,185,272,186,-1,273,274,275,-1,276,277,278,-1,279,280,235,-1,281,282,280,-1,280,282,283,-1,280,283,235,-1,276,278,284,-1,284,278,285,-1,284,285,286,-1,287,288,289,-1,287,289,285,-1,285,289,290,-1,285,290,286,-1,291,292,287,-1,287,292,293,-1,287,293,288,-1,294,295,291,-1,291,295,296,-1,291,296,292,-1,297,298,294,-1,294,298,299,-1,294,299,295,-1,273,275,300,-1,300,275,301,-1,300,301,302,-1,303,304,301,-1,301,304,305,-1,301,305,302,-1,306,307,308,-1,308,307,309,-1,308,309,310,-1,242,306,169,-1,169,306,308,-1,169,308,170,-1,170,308,166,-1,311,312,160,-1,167,313,163,-1,163,313,311,-1,163,311,164,-1,164,311,160,-1,154,158,314,-1,314,158,157,-1,314,157,312,-1,312,157,161,-1,312,161,160,-1,315,151,316,-1,316,151,155,-1,145,149,317,-1,317,149,148,-1,317,148,315,-1,315,148,152,-1,315,152,151,-1,318,245,319,-1,319,245,146,-1,249,248,320,-1,320,248,247,-1,320,247,318,-1,318,247,246,-1,318,246,245,-1,321,322,253,-1,250,323,251,-1,251,323,321,-1,251,321,252,-1,252,321,253,-1,324,325,257,-1,257,256,324,-1,324,256,255,-1,324,255,322,-1,322,255,254,-1,322,254,253,-1,261,260,326,-1,326,260,259,-1,326,259,325,-1,325,259,258,-1,325,258,257,-1,262,327,263,-1,263,327,328,-1,263,328,264,-1,264,328,265,-1,266,329,267,-1,267,329,330,-1,267,330,268,-1,268,330,331,-1,272,271,332,-1,332,271,270,-1,332,270,331,-1,331,270,269,-1,331,269,268,-1,186,333,187,-1,187,333,334,-1,335,189,334,-1,334,189,188,-1,334,188,187,-1,336,191,335,-1,335,191,190,-1,335,190,189,-1,337,193,336,-1,336,193,192,-1,336,192,191,-1,197,196,338,-1,338,196,194,-1,338,194,337,-1,337,194,195,-1,337,195,193,-1,199,339,198,-1,198,339,340,-1,341,200,340,-1,340,200,201,-1,340,201,198,-1,342,203,341,-1,341,203,202,-1,341,202,200,-1,343,204,342,-1,342,204,206,-1,342,206,203,-1,216,218,344,-1,344,218,209,-1,344,209,343,-1,343,209,211,-1,343,211,204,-1,214,345,223,-1,223,345,346,-1,223,346,221,-1,221,346,232,-1,230,347,228,-1,228,347,348,-1,235,237,279,-1,279,237,239,-1,279,239,348,-1,348,239,226,-1,348,226,228,-1,310,349,308,-1,308,349,313,-1,308,313,166,-1,166,313,167,-1,349,350,313,-1,313,350,351,-1,313,351,311,-1,311,351,352,-1,311,352,312,-1,353,314,354,-1,354,314,312,-1,354,312,355,-1,355,312,352,-1,353,356,314,-1,314,356,316,-1,314,316,154,-1,154,316,155,-1,356,357,316,-1,316,357,358,-1,316,358,315,-1,315,358,359,-1,315,359,317,-1,317,359,360,-1,317,360,361,-1,361,362,317,-1,317,362,319,-1,317,319,145,-1,145,319,146,-1,363,320,364,-1,364,320,318,-1,364,318,365,-1,365,318,319,-1,365,319,366,-1,366,319,362,-1,363,367,320,-1,320,367,323,-1,320,323,249,-1,249,323,250,-1,367,368,323,-1,323,368,369,-1,323,369,321,-1,321,369,370,-1,321,370,322,-1,322,370,371,-1,371,372,322,-1,322,372,373,-1,322,373,324,-1,324,373,374,-1,324,374,325,-1,375,326,376,-1,376,326,325,-1,376,325,377,-1,377,325,374,-1,375,378,326,-1,326,378,327,-1,326,327,261,-1,261,327,262,-1,379,328,380,-1,380,328,327,-1,380,327,381,-1,381,327,378,-1,379,382,328,-1,328,382,329,-1,328,329,265,-1,265,329,266,-1,382,383,329,-1,329,383,384,-1,329,384,330,-1,330,384,385,-1,330,385,331,-1,386,332,387,-1,387,332,331,-1,387,331,388,-1,388,331,385,-1,386,389,332,-1,332,389,333,-1,332,333,272,-1,272,333,186,-1,389,390,333,-1,333,390,391,-1,333,391,334,-1,334,391,392,-1,334,392,335,-1,335,392,393,-1,393,394,335,-1,335,394,395,-1,335,395,336,-1,336,395,396,-1,336,396,337,-1,397,338,398,-1,398,338,337,-1,398,337,399,-1,399,337,396,-1,397,400,338,-1,338,400,339,-1,338,339,197,-1,197,339,199,-1,400,401,339,-1,339,401,402,-1,339,402,340,-1,340,402,403,-1,340,403,341,-1,341,403,404,-1,404,405,341,-1,341,405,406,-1,341,406,342,-1,342,406,407,-1,342,407,343,-1,408,344,409,-1,409,344,343,-1,409,343,410,-1,410,343,407,-1,408,411,344,-1,344,411,345,-1,344,345,216,-1,216,345,214,-1,412,346,413,-1,413,346,345,-1,413,345,414,-1,414,345,411,-1,412,415,346,-1,346,415,347,-1,346,347,232,-1,232,347,230,-1,415,416,347,-1,347,416,417,-1,347,417,348,-1,348,417,418,-1,348,418,279,-1,419,280,420,-1,420,280,279,-1,420,279,421,-1,421,279,418,-1,419,422,280,-1,280,422,278,-1,280,278,281,-1,281,278,277,-1,422,423,278,-1,278,423,424,-1,278,424,285,-1,285,424,425,-1,285,425,287,-1,287,425,426,-1,426,427,287,-1,287,427,428,-1,287,428,291,-1,291,428,429,-1,291,429,294,-1,294,429,430,-1,430,431,294,-1,294,431,275,-1,294,275,297,-1,297,275,274,-1,432,433,434,-1,434,433,303,-1,434,303,435,-1,435,303,301,-1,435,301,436,-1,436,301,275,-1,436,275,437,-1,437,275,431,-1,438,439,421,-1,440,441,442,-1,442,441,443,-1,442,443,444,-1,444,443,445,-1,444,445,446,-1,446,445,432,-1,446,432,447,-1,432,434,447,-1,447,434,435,-1,447,435,448,-1,448,435,436,-1,448,436,449,-1,449,436,437,-1,449,437,450,-1,450,437,431,-1,450,431,451,-1,451,431,430,-1,451,430,452,-1,452,430,429,-1,452,429,453,-1,453,429,428,-1,453,428,454,-1,454,428,427,-1,454,427,455,-1,455,427,426,-1,455,426,456,-1,456,426,457,-1,457,426,425,-1,457,425,458,-1,458,425,424,-1,458,424,459,-1,459,424,423,-1,459,423,460,-1,460,423,422,-1,460,422,461,-1,461,422,419,-1,461,419,439,-1,439,419,420,-1,439,420,421,-1,438,421,462,-1,462,421,418,-1,462,418,463,-1,463,418,417,-1,463,417,464,-1,464,417,416,-1,464,416,465,-1,465,416,415,-1,465,415,466,-1,466,415,412,-1,466,412,467,-1,467,412,413,-1,467,413,468,-1,468,413,414,-1,468,414,469,-1,469,414,411,-1,469,411,470,-1,470,411,408,-1,470,408,471,-1,471,408,409,-1,471,409,472,-1,472,409,410,-1,472,410,473,-1,473,410,407,-1,473,407,474,-1,474,407,406,-1,474,406,475,-1,475,406,405,-1,475,405,476,-1,476,405,404,-1,476,404,477,-1,477,404,403,-1,477,403,478,-1,478,403,402,-1,478,402,479,-1,479,402,401,-1,479,401,480,-1,480,401,400,-1,480,400,481,-1,481,400,397,-1,481,397,482,-1,482,397,398,-1,482,398,483,-1,483,398,399,-1,483,399,484,-1,484,399,396,-1,484,396,485,-1,485,396,395,-1,485,395,486,-1,486,395,394,-1,486,394,487,-1,487,394,393,-1,487,393,488,-1,488,393,392,-1,488,392,489,-1,489,392,391,-1,489,391,490,-1,490,391,390,-1,490,390,491,-1,491,390,389,-1,491,389,492,-1,492,389,386,-1,492,386,493,-1,493,386,387,-1,493,387,494,-1,494,387,388,-1,494,388,495,-1,495,388,385,-1,495,385,496,-1,496,385,384,-1,496,384,497,-1,497,384,383,-1,497,383,498,-1,498,383,382,-1,498,382,499,-1,499,382,379,-1,499,379,500,-1,500,379,380,-1,500,380,501,-1,501,380,381,-1,501,381,502,-1,502,381,378,-1,502,378,503,-1,503,378,375,-1,503,375,504,-1,504,375,376,-1,504,376,505,-1,505,376,377,-1,505,377,506,-1,506,377,374,-1,506,374,507,-1,507,374,373,-1,507,373,508,-1,508,373,372,-1,508,372,509,-1,509,372,371,-1,509,371,510,-1,510,371,370,-1,510,370,511,-1,511,370,369,-1,511,369,512,-1,512,369,368,-1,512,368,513,-1,513,368,367,-1,513,367,514,-1,514,367,363,-1,514,363,515,-1,515,363,364,-1,515,364,516,-1,516,364,365,-1,516,365,517,-1,517,365,366,-1,517,366,518,-1,518,366,362,-1,518,362,519,-1,519,362,361,-1,519,361,520,-1,520,361,360,-1,520,360,521,-1,521,360,359,-1,521,359,522,-1,522,359,358,-1,522,358,523,-1,523,358,524,-1,524,358,357,-1,524,357,525,-1,525,357,356,-1,525,356,526,-1,526,356,353,-1,526,353,527,-1,527,353,354,-1,527,354,355,-1,309,528,310,-1,310,528,529,-1,310,529,349,-1,349,529,530,-1,349,530,350,-1,350,530,531,-1,350,531,351,-1,351,531,532,-1,351,532,352,-1,352,532,533,-1,352,533,355,-1,355,533,534,-1,355,534,527,-1,535,536,537,-1,538,539,540,-1,541,542,543,-1,544,545,546,-1,547,548,549,-1,550,551,552,-1,553,554,555,-1,556,557,558,-1,559,560,561,-1,562,563,564,-1,565,566,567,-1,568,569,570,-1,571,572,573,-1,574,575,576,-1,575,577,576,-1,576,577,578,-1,576,578,579,-1,580,571,581,-1,581,571,573,-1,581,573,582,-1,582,573,583,-1,582,583,584,-1,584,583,585,-1,584,585,586,-1,586,585,587,-1,586,587,588,-1,588,587,589,-1,588,589,590,-1,570,569,591,-1,591,569,592,-1,591,592,593,-1,593,592,594,-1,593,594,595,-1,595,594,596,-1,595,596,597,-1,567,566,598,-1,564,563,599,-1,599,563,600,-1,599,600,601,-1,601,600,602,-1,601,602,603,-1,561,560,604,-1,604,560,605,-1,604,605,606,-1,606,605,607,-1,606,607,608,-1,608,607,609,-1,608,609,610,-1,558,557,611,-1,555,554,612,-1,612,554,613,-1,612,613,614,-1,614,613,615,-1,614,615,616,-1,552,551,617,-1,549,548,618,-1,618,548,619,-1,618,619,620,-1,620,619,621,-1,620,621,622,-1,546,545,623,-1,623,545,624,-1,623,624,625,-1,625,624,626,-1,625,626,627,-1,627,626,628,-1,627,628,629,-1,543,542,630,-1,540,539,631,-1,631,539,632,-1,631,632,633,-1,633,632,634,-1,633,634,635,-1,537,536,636,-1,636,536,637,-1,636,637,638,-1,638,637,639,-1,638,639,640,-1,640,639,641,-1,640,641,642,-1,642,641,643,-1,642,643,644,-1,572,645,573,-1,573,645,646,-1,573,646,583,-1,583,646,647,-1,647,648,583,-1,583,648,649,-1,583,649,585,-1,585,649,650,-1,585,650,587,-1,587,650,651,-1,587,651,589,-1,589,651,652,-1,589,652,653,-1,653,654,589,-1,589,654,568,-1,589,568,590,-1,590,568,570,-1,654,655,568,-1,568,655,656,-1,568,656,569,-1,569,656,657,-1,569,657,592,-1,592,657,658,-1,659,596,660,-1,660,596,594,-1,660,594,661,-1,661,594,592,-1,661,592,662,-1,662,592,658,-1,659,663,596,-1,596,663,565,-1,596,565,597,-1,597,565,567,-1,664,566,665,-1,665,566,565,-1,665,565,666,-1,666,565,663,-1,664,667,566,-1,566,667,562,-1,566,562,598,-1,598,562,564,-1,667,668,562,-1,562,668,669,-1,562,669,563,-1,563,669,670,-1,563,670,600,-1,671,602,672,-1,672,602,600,-1,672,600,673,-1,673,600,670,-1,671,674,602,-1,602,674,559,-1,602,559,603,-1,603,559,561,-1,674,675,559,-1,559,675,676,-1,559,676,560,-1,560,676,677,-1,560,677,605,-1,605,677,678,-1,678,679,605,-1,605,679,680,-1,605,680,607,-1,607,680,681,-1,607,681,609,-1,609,681,682,-1,682,683,609,-1,609,683,556,-1,609,556,610,-1,610,556,558,-1,684,557,685,-1,685,557,556,-1,685,556,686,-1,686,556,683,-1,684,687,557,-1,557,687,553,-1,557,553,611,-1,611,553,555,-1,687,688,553,-1,553,688,689,-1,553,689,554,-1,554,689,690,-1,554,690,613,-1,691,615,692,-1,692,615,613,-1,692,613,693,-1,693,613,690,-1,691,694,615,-1,615,694,550,-1,615,550,616,-1,616,550,552,-1,695,551,696,-1,696,551,550,-1,696,550,697,-1,697,550,694,-1,695,698,551,-1,551,698,547,-1,551,547,617,-1,617,547,549,-1,698,699,547,-1,547,699,700,-1,547,700,548,-1,548,700,701,-1,548,701,619,-1,702,621,703,-1,703,621,619,-1,703,619,704,-1,704,619,701,-1,702,705,621,-1,621,705,544,-1,621,544,622,-1,622,544,546,-1,705,706,544,-1,544,706,707,-1,544,707,545,-1,545,707,708,-1,545,708,624,-1,624,708,709,-1,710,628,711,-1,711,628,626,-1,711,626,712,-1,712,626,624,-1,712,624,713,-1,713,624,709,-1,710,714,628,-1,628,714,541,-1,628,541,629,-1,629,541,543,-1,715,542,716,-1,716,542,541,-1,716,541,717,-1,717,541,714,-1,715,718,542,-1,542,718,538,-1,542,538,630,-1,630,538,540,-1,718,719,538,-1,538,719,720,-1,538,720,539,-1,539,720,721,-1,539,721,632,-1,722,634,723,-1,723,634,632,-1,723,632,724,-1,724,632,721,-1,722,725,634,-1,634,725,535,-1,634,535,635,-1,635,535,537,-1,725,726,535,-1,535,726,727,-1,535,727,536,-1,536,727,728,-1,536,728,637,-1,637,728,729,-1,729,730,637,-1,637,730,731,-1,637,731,639,-1,639,731,732,-1,639,732,641,-1,733,643,734,-1,734,643,641,-1,734,641,735,-1,735,641,732,-1,733,736,643,-1,643,736,579,-1,643,579,644,-1,644,579,578,-1,737,574,738,-1,738,574,576,-1,738,576,739,-1,739,576,579,-1,739,579,740,-1,740,579,736,-1,741,742,743,-1,743,742,744,-1,745,746,747,-1,747,746,748,-1,749,750,751,-1,752,753,754,-1,754,753,755,-1,756,757,758,-1,758,757,759,-1,760,761,762,-1,763,764,765,-1,766,760,767,-1,767,760,762,-1,767,762,768,-1,768,762,769,-1,757,770,759,-1,759,770,771,-1,759,771,769,-1,769,771,772,-1,769,772,768,-1,756,758,773,-1,773,758,774,-1,773,774,775,-1,775,774,776,-1,775,776,777,-1,778,779,780,-1,780,779,781,-1,780,781,776,-1,776,781,782,-1,776,782,777,-1,753,783,755,-1,755,783,784,-1,755,784,778,-1,778,784,785,-1,778,785,779,-1,752,754,786,-1,786,754,787,-1,786,787,788,-1,788,787,789,-1,788,789,790,-1,790,789,791,-1,791,789,792,-1,791,792,793,-1,793,792,794,-1,794,792,795,-1,794,795,796,-1,796,795,797,-1,797,795,798,-1,797,798,799,-1,799,798,800,-1,800,798,801,-1,800,801,802,-1,802,801,803,-1,802,803,804,-1,805,806,807,-1,807,806,808,-1,807,808,803,-1,803,808,809,-1,803,809,804,-1,810,811,805,-1,805,811,812,-1,805,812,806,-1,813,814,810,-1,810,814,815,-1,810,815,811,-1,816,817,818,-1,818,817,819,-1,818,819,813,-1,813,819,820,-1,813,820,814,-1,821,822,816,-1,816,822,823,-1,816,823,817,-1,824,825,821,-1,821,825,826,-1,821,826,822,-1,751,827,749,-1,749,827,828,-1,749,828,824,-1,824,828,829,-1,824,829,825,-1,830,831,832,-1,832,831,833,-1,832,833,750,-1,750,833,834,-1,750,834,751,-1,835,836,830,-1,830,836,837,-1,830,837,831,-1,746,838,748,-1,748,838,839,-1,748,839,835,-1,835,839,840,-1,835,840,836,-1,745,747,841,-1,841,747,842,-1,841,842,843,-1,843,842,844,-1,843,844,845,-1,846,847,848,-1,848,847,849,-1,848,849,844,-1,844,849,850,-1,844,850,845,-1,742,851,744,-1,744,851,852,-1,744,852,846,-1,846,852,853,-1,846,853,847,-1,741,743,854,-1,854,743,855,-1,854,855,856,-1,856,855,857,-1,856,857,858,-1,858,857,859,-1,859,857,860,-1,859,860,861,-1,861,860,862,-1,862,860,863,-1,862,863,864,-1,864,863,865,-1,865,863,866,-1,865,866,867,-1,867,866,868,-1,868,866,869,-1,868,869,870,-1,870,869,871,-1,870,871,872,-1,873,874,875,-1,875,874,876,-1,875,876,871,-1,871,876,877,-1,871,877,872,-1,878,879,880,-1,880,879,881,-1,880,881,873,-1,873,881,882,-1,873,882,874,-1,878,880,883,-1,883,880,884,-1,883,884,885,-1,885,884,886,-1,885,886,887,-1,887,886,888,-1,887,888,889,-1,764,890,765,-1,765,890,891,-1,765,891,888,-1,888,891,892,-1,888,892,889,-1,577,763,578,-1,578,763,765,-1,578,765,644,-1,644,765,888,-1,644,888,642,-1,642,888,886,-1,642,886,640,-1,640,886,884,-1,640,884,638,-1,638,884,880,-1,638,880,636,-1,636,880,873,-1,636,873,537,-1,537,873,875,-1,537,875,635,-1,635,875,871,-1,635,871,633,-1,633,871,869,-1,633,869,631,-1,631,869,866,-1,631,866,540,-1,540,866,863,-1,540,863,630,-1,630,863,860,-1,630,860,543,-1,543,860,857,-1,543,857,629,-1,629,857,855,-1,629,855,627,-1,627,855,743,-1,627,743,625,-1,625,743,744,-1,625,744,623,-1,623,744,846,-1,623,846,546,-1,546,846,848,-1,546,848,622,-1,622,848,844,-1,622,844,620,-1,620,844,842,-1,620,842,618,-1,618,842,747,-1,618,747,549,-1,549,747,748,-1,549,748,617,-1,617,748,835,-1,617,835,552,-1,552,835,830,-1,552,830,616,-1,616,830,832,-1,616,832,614,-1,614,832,750,-1,614,750,612,-1,612,750,749,-1,612,749,555,-1,555,749,824,-1,555,824,611,-1,611,824,821,-1,611,821,558,-1,558,821,816,-1,558,816,610,-1,610,816,818,-1,610,818,608,-1,608,818,813,-1,608,813,606,-1,606,813,810,-1,606,810,604,-1,604,810,805,-1,604,805,561,-1,561,805,807,-1,561,807,603,-1,603,807,803,-1,603,803,601,-1,601,803,801,-1,601,801,599,-1,599,801,798,-1,599,798,564,-1,564,798,795,-1,564,795,598,-1,598,795,792,-1,598,792,567,-1,567,792,789,-1,567,789,597,-1,597,789,787,-1,597,787,595,-1,595,787,754,-1,595,754,593,-1,593,754,755,-1,593,755,591,-1,591,755,778,-1,591,778,570,-1,570,778,780,-1,570,780,590,-1,590,780,776,-1,590,776,588,-1,588,776,774,-1,588,774,586,-1,586,774,758,-1,586,758,584,-1,584,758,759,-1,584,759,582,-1,582,759,769,-1,582,769,581,-1,581,769,762,-1,581,762,580,-1,580,762,761,-1,890,893,891,-1,891,893,894,-1,891,894,892,-1,892,894,895,-1,892,895,889,-1,889,895,896,-1,889,896,887,-1,887,896,897,-1,887,897,885,-1,897,898,885,-1,885,898,899,-1,885,899,883,-1,883,899,900,-1,883,900,878,-1,878,900,879,-1,879,900,901,-1,879,901,881,-1,881,901,902,-1,881,902,882,-1,882,902,903,-1,882,903,874,-1,874,903,904,-1,874,904,876,-1,876,904,905,-1,876,905,877,-1,877,905,906,-1,877,906,872,-1,872,906,907,-1,872,907,870,-1,870,907,908,-1,870,908,868,-1,868,908,909,-1,868,909,867,-1,867,909,910,-1,867,910,865,-1,865,910,911,-1,865,911,864,-1,864,911,912,-1,864,912,862,-1,862,912,913,-1,862,913,861,-1,861,913,914,-1,861,914,859,-1,859,914,915,-1,859,915,858,-1,858,915,916,-1,858,916,856,-1,856,916,917,-1,856,917,854,-1,854,917,918,-1,854,918,741,-1,741,918,919,-1,741,919,742,-1,742,919,920,-1,742,920,851,-1,851,920,921,-1,851,921,852,-1,852,921,922,-1,852,922,853,-1,853,922,923,-1,853,923,847,-1,847,923,924,-1,847,924,849,-1,849,924,925,-1,849,925,850,-1,850,925,926,-1,850,926,845,-1,845,926,927,-1,845,927,843,-1,843,927,928,-1,843,928,841,-1,841,928,929,-1,841,929,745,-1,745,929,930,-1,745,930,746,-1,746,930,931,-1,746,931,838,-1,838,931,932,-1,838,932,839,-1,839,932,933,-1,839,933,840,-1,840,933,934,-1,840,934,836,-1,836,934,935,-1,836,935,837,-1,837,935,936,-1,837,936,831,-1,831,936,937,-1,831,937,833,-1,833,937,938,-1,833,938,834,-1,834,938,939,-1,834,939,751,-1,751,939,940,-1,751,940,827,-1,827,940,941,-1,827,941,828,-1,828,941,942,-1,828,942,829,-1,829,942,943,-1,829,943,825,-1,825,943,944,-1,825,944,826,-1,826,944,945,-1,826,945,822,-1,822,945,946,-1,822,946,823,-1,823,946,947,-1,823,947,817,-1,817,947,948,-1,817,948,819,-1,819,948,949,-1,819,949,820,-1,820,949,950,-1,820,950,814,-1,814,950,951,-1,814,951,815,-1,815,951,952,-1,815,952,811,-1,811,952,953,-1,811,953,812,-1,812,953,954,-1,812,954,806,-1,806,954,955,-1,806,955,808,-1,808,955,956,-1,808,956,809,-1,809,956,957,-1,809,957,804,-1,804,957,958,-1,804,958,802,-1,802,958,959,-1,802,959,800,-1,800,959,960,-1,800,960,799,-1,799,960,961,-1,799,961,797,-1,797,961,962,-1,797,962,796,-1,796,962,963,-1,796,963,794,-1,794,963,964,-1,794,964,793,-1,793,964,965,-1,793,965,791,-1,791,965,966,-1,791,966,790,-1,790,966,967,-1,790,967,788,-1,788,967,968,-1,788,968,786,-1,786,968,969,-1,786,969,752,-1,752,969,970,-1,752,970,753,-1,753,970,971,-1,753,971,783,-1,783,971,972,-1,783,972,784,-1,784,972,973,-1,784,973,785,-1,785,973,974,-1,785,974,779,-1,779,974,975,-1,779,975,781,-1,781,975,976,-1,781,976,782,-1,782,976,977,-1,782,977,777,-1,777,977,978,-1,777,978,775,-1,775,978,979,-1,775,979,773,-1,773,979,980,-1,773,980,756,-1,980,981,756,-1,756,981,982,-1,756,982,757,-1,757,982,983,-1,984,766,985,-1,985,766,767,-1,985,767,986,-1,986,767,768,-1,986,768,987,-1,987,768,772,-1,987,772,988,-1,988,772,771,-1,988,771,983,-1,983,771,770,-1,983,770,757,-1,989,990,991,-1,992,993,994,-1,995,996,997,-1,998,999,1000,-1,1001,1002,1003,-1,1004,1005,1006,-1,1007,1008,1009,-1,1010,1011,1012,-1,1013,1014,1015,-1,1016,1017,1018,-1,1019,1020,1021,-1,1022,1023,1024,-1,1025,1026,1027,-1,1028,1029,1030,-1,1029,1031,1030,-1,1030,1031,1032,-1,1030,1032,1033,-1,1034,1025,1035,-1,1035,1025,1027,-1,1035,1027,1036,-1,1036,1027,1037,-1,1036,1037,1038,-1,1038,1037,1039,-1,1038,1039,1040,-1,1040,1039,1041,-1,1040,1041,1042,-1,1042,1041,1043,-1,1042,1043,1044,-1,1024,1023,1045,-1,1045,1023,1046,-1,1045,1046,1047,-1,1047,1046,1048,-1,1047,1048,1049,-1,1049,1048,1050,-1,1049,1050,1051,-1,1021,1020,1052,-1,1018,1017,1053,-1,1053,1017,1054,-1,1053,1054,1055,-1,1055,1054,1056,-1,1055,1056,1057,-1,1015,1014,1058,-1,1058,1014,1059,-1,1058,1059,1060,-1,1060,1059,1061,-1,1060,1061,1062,-1,1062,1061,1063,-1,1062,1063,1064,-1,1012,1011,1065,-1,1009,1008,1066,-1,1066,1008,1067,-1,1066,1067,1068,-1,1068,1067,1069,-1,1068,1069,1070,-1,1006,1005,1071,-1,1003,1002,1072,-1,1072,1002,1073,-1,1072,1073,1074,-1,1074,1073,1075,-1,1074,1075,1076,-1,1000,999,1077,-1,1077,999,1078,-1,1077,1078,1079,-1,1079,1078,1080,-1,1079,1080,1081,-1,1081,1080,1082,-1,1081,1082,1083,-1,997,996,1084,-1,994,993,1085,-1,1085,993,1086,-1,1085,1086,1087,-1,1087,1086,1088,-1,1087,1088,1089,-1,991,990,1090,-1,1090,990,1091,-1,1090,1091,1092,-1,1092,1091,1093,-1,1092,1093,1094,-1,1094,1093,1095,-1,1094,1095,1096,-1,1096,1095,1097,-1,1096,1097,1098,-1,1026,984,1027,-1,1027,984,985,-1,1027,985,1037,-1,1037,985,986,-1,986,987,1037,-1,1037,987,988,-1,1037,988,1039,-1,1039,988,983,-1,1039,983,1041,-1,1041,983,982,-1,1041,982,1043,-1,1043,982,981,-1,1043,981,980,-1,980,979,1043,-1,1043,979,1022,-1,1043,1022,1044,-1,1044,1022,1024,-1,979,978,1022,-1,1022,978,977,-1,1022,977,1023,-1,1023,977,976,-1,1023,976,1046,-1,1046,976,975,-1,971,1050,972,-1,972,1050,1048,-1,972,1048,973,-1,973,1048,1046,-1,973,1046,974,-1,974,1046,975,-1,971,970,1050,-1,1050,970,1019,-1,1050,1019,1051,-1,1051,1019,1021,-1,967,1020,968,-1,968,1020,1019,-1,968,1019,969,-1,969,1019,970,-1,967,966,1020,-1,1020,966,1016,-1,1020,1016,1052,-1,1052,1016,1018,-1,966,965,1016,-1,1016,965,964,-1,1016,964,1017,-1,1017,964,963,-1,1017,963,1054,-1,960,1056,961,-1,961,1056,1054,-1,961,1054,962,-1,962,1054,963,-1,960,959,1056,-1,1056,959,1013,-1,1056,1013,1057,-1,1057,1013,1015,-1,959,958,1013,-1,1013,958,957,-1,1013,957,1014,-1,1014,957,956,-1,1014,956,1059,-1,1059,956,955,-1,955,954,1059,-1,1059,954,953,-1,1059,953,1061,-1,1061,953,952,-1,1061,952,1063,-1,1063,952,951,-1,951,950,1063,-1,1063,950,1010,-1,1063,1010,1064,-1,1064,1010,1012,-1,947,1011,948,-1,948,1011,1010,-1,948,1010,949,-1,949,1010,950,-1,947,946,1011,-1,1011,946,1007,-1,1011,1007,1065,-1,1065,1007,1009,-1,946,945,1007,-1,1007,945,944,-1,1007,944,1008,-1,1008,944,943,-1,1008,943,1067,-1,940,1069,941,-1,941,1069,1067,-1,941,1067,942,-1,942,1067,943,-1,940,939,1069,-1,1069,939,1004,-1,1069,1004,1070,-1,1070,1004,1006,-1,936,1005,937,-1,937,1005,1004,-1,937,1004,938,-1,938,1004,939,-1,936,935,1005,-1,1005,935,1001,-1,1005,1001,1071,-1,1071,1001,1003,-1,935,934,1001,-1,1001,934,933,-1,1001,933,1002,-1,1002,933,932,-1,1002,932,1073,-1,929,1075,930,-1,930,1075,1073,-1,930,1073,931,-1,931,1073,932,-1,929,928,1075,-1,1075,928,998,-1,1075,998,1076,-1,1076,998,1000,-1,928,927,998,-1,998,927,926,-1,998,926,999,-1,999,926,925,-1,999,925,1078,-1,1078,925,924,-1,920,1082,921,-1,921,1082,1080,-1,921,1080,922,-1,922,1080,1078,-1,922,1078,923,-1,923,1078,924,-1,920,919,1082,-1,1082,919,995,-1,1082,995,1083,-1,1083,995,997,-1,916,996,917,-1,917,996,995,-1,917,995,918,-1,918,995,919,-1,916,915,996,-1,996,915,992,-1,996,992,1084,-1,1084,992,994,-1,915,914,992,-1,992,914,913,-1,992,913,993,-1,993,913,912,-1,993,912,1086,-1,909,1088,910,-1,910,1088,1086,-1,910,1086,911,-1,911,1086,912,-1,909,908,1088,-1,1088,908,989,-1,1088,989,1089,-1,1089,989,991,-1,908,907,989,-1,989,907,906,-1,989,906,990,-1,990,906,905,-1,990,905,1091,-1,1091,905,904,-1,904,903,1091,-1,1091,903,902,-1,1091,902,1093,-1,1093,902,901,-1,1093,901,1095,-1,898,1097,899,-1,899,1097,1095,-1,899,1095,900,-1,900,1095,901,-1,898,897,1097,-1,1097,897,1033,-1,1097,1033,1098,-1,1098,1033,1032,-1,893,1028,894,-1,894,1028,1030,-1,894,1030,895,-1,895,1030,1033,-1,895,1033,896,-1,896,1033,897,-1,1099,1100,1101,-1,1101,1100,1102,-1,1103,1104,1105,-1,1105,1104,1106,-1,1107,1108,1109,-1,1110,1111,1112,-1,1112,1111,1113,-1,1114,1115,1116,-1,1116,1115,1117,-1,1118,1119,1120,-1,1121,1122,1123,-1,1124,1118,1125,-1,1125,1118,1120,-1,1125,1120,1126,-1,1126,1120,1127,-1,1115,1128,1117,-1,1117,1128,1129,-1,1117,1129,1127,-1,1127,1129,1130,-1,1127,1130,1126,-1,1114,1116,1131,-1,1131,1116,1132,-1,1131,1132,1133,-1,1133,1132,1134,-1,1133,1134,1135,-1,1136,1137,1138,-1,1138,1137,1139,-1,1138,1139,1134,-1,1134,1139,1140,-1,1134,1140,1135,-1,1111,1141,1113,-1,1113,1141,1142,-1,1113,1142,1136,-1,1136,1142,1143,-1,1136,1143,1137,-1,1110,1112,1144,-1,1144,1112,1145,-1,1144,1145,1146,-1,1146,1145,1147,-1,1146,1147,1148,-1,1148,1147,1149,-1,1149,1147,1150,-1,1149,1150,1151,-1,1151,1150,1152,-1,1152,1150,1153,-1,1152,1153,1154,-1,1154,1153,1155,-1,1155,1153,1156,-1,1155,1156,1157,-1,1157,1156,1158,-1,1158,1156,1159,-1,1158,1159,1160,-1,1160,1159,1161,-1,1160,1161,1162,-1,1163,1164,1165,-1,1165,1164,1166,-1,1165,1166,1161,-1,1161,1166,1167,-1,1161,1167,1162,-1,1168,1169,1163,-1,1163,1169,1170,-1,1163,1170,1164,-1,1171,1172,1168,-1,1168,1172,1173,-1,1168,1173,1169,-1,1174,1175,1176,-1,1176,1175,1177,-1,1176,1177,1171,-1,1171,1177,1178,-1,1171,1178,1172,-1,1179,1180,1174,-1,1174,1180,1181,-1,1174,1181,1175,-1,1182,1183,1179,-1,1179,1183,1184,-1,1179,1184,1180,-1,1109,1185,1107,-1,1107,1185,1186,-1,1107,1186,1182,-1,1182,1186,1187,-1,1182,1187,1183,-1,1188,1189,1190,-1,1190,1189,1191,-1,1190,1191,1108,-1,1108,1191,1192,-1,1108,1192,1109,-1,1193,1194,1188,-1,1188,1194,1195,-1,1188,1195,1189,-1,1104,1196,1106,-1,1106,1196,1197,-1,1106,1197,1193,-1,1193,1197,1198,-1,1193,1198,1194,-1,1103,1105,1199,-1,1199,1105,1200,-1,1199,1200,1201,-1,1201,1200,1202,-1,1201,1202,1203,-1,1204,1205,1206,-1,1206,1205,1207,-1,1206,1207,1202,-1,1202,1207,1208,-1,1202,1208,1203,-1,1100,1209,1102,-1,1102,1209,1210,-1,1102,1210,1204,-1,1204,1210,1211,-1,1204,1211,1205,-1,1099,1101,1212,-1,1212,1101,1213,-1,1212,1213,1214,-1,1214,1213,1215,-1,1214,1215,1216,-1,1216,1215,1217,-1,1217,1215,1218,-1,1217,1218,1219,-1,1219,1218,1220,-1,1220,1218,1221,-1,1220,1221,1222,-1,1222,1221,1223,-1,1223,1221,1224,-1,1223,1224,1225,-1,1225,1224,1226,-1,1226,1224,1227,-1,1226,1227,1228,-1,1228,1227,1229,-1,1228,1229,1230,-1,1231,1232,1233,-1,1233,1232,1234,-1,1233,1234,1229,-1,1229,1234,1235,-1,1229,1235,1230,-1,1236,1237,1238,-1,1238,1237,1239,-1,1238,1239,1231,-1,1231,1239,1240,-1,1231,1240,1232,-1,1236,1238,1241,-1,1241,1238,1242,-1,1241,1242,1243,-1,1243,1242,1244,-1,1243,1244,1245,-1,1245,1244,1246,-1,1245,1246,1247,-1,1122,1248,1123,-1,1123,1248,1249,-1,1123,1249,1246,-1,1246,1249,1250,-1,1246,1250,1247,-1,1031,1121,1032,-1,1032,1121,1123,-1,1032,1123,1098,-1,1098,1123,1246,-1,1098,1246,1096,-1,1096,1246,1244,-1,1096,1244,1094,-1,1094,1244,1242,-1,1094,1242,1092,-1,1092,1242,1238,-1,1092,1238,1090,-1,1090,1238,1231,-1,1090,1231,991,-1,991,1231,1233,-1,991,1233,1089,-1,1089,1233,1229,-1,1089,1229,1087,-1,1087,1229,1227,-1,1087,1227,1085,-1,1085,1227,1224,-1,1085,1224,994,-1,994,1224,1221,-1,994,1221,1084,-1,1084,1221,1218,-1,1084,1218,997,-1,997,1218,1215,-1,997,1215,1083,-1,1083,1215,1213,-1,1083,1213,1081,-1,1081,1213,1101,-1,1081,1101,1079,-1,1079,1101,1102,-1,1079,1102,1077,-1,1077,1102,1204,-1,1077,1204,1000,-1,1000,1204,1206,-1,1000,1206,1076,-1,1076,1206,1202,-1,1076,1202,1074,-1,1074,1202,1200,-1,1074,1200,1072,-1,1072,1200,1105,-1,1072,1105,1003,-1,1003,1105,1106,-1,1003,1106,1071,-1,1071,1106,1193,-1,1071,1193,1006,-1,1006,1193,1188,-1,1006,1188,1070,-1,1070,1188,1190,-1,1070,1190,1068,-1,1068,1190,1108,-1,1068,1108,1066,-1,1066,1108,1107,-1,1066,1107,1009,-1,1009,1107,1182,-1,1009,1182,1065,-1,1065,1182,1179,-1,1065,1179,1012,-1,1012,1179,1174,-1,1012,1174,1064,-1,1064,1174,1176,-1,1064,1176,1062,-1,1062,1176,1171,-1,1062,1171,1060,-1,1060,1171,1168,-1,1060,1168,1058,-1,1058,1168,1163,-1,1058,1163,1015,-1,1015,1163,1165,-1,1015,1165,1057,-1,1057,1165,1161,-1,1057,1161,1055,-1,1055,1161,1159,-1,1055,1159,1053,-1,1053,1159,1156,-1,1053,1156,1018,-1,1018,1156,1153,-1,1018,1153,1052,-1,1052,1153,1150,-1,1052,1150,1021,-1,1021,1150,1147,-1,1021,1147,1051,-1,1051,1147,1145,-1,1051,1145,1049,-1,1049,1145,1112,-1,1049,1112,1047,-1,1047,1112,1113,-1,1047,1113,1045,-1,1045,1113,1136,-1,1045,1136,1024,-1,1024,1136,1138,-1,1024,1138,1044,-1,1044,1138,1134,-1,1044,1134,1042,-1,1042,1134,1132,-1,1042,1132,1040,-1,1040,1132,1116,-1,1040,1116,1038,-1,1038,1116,1117,-1,1038,1117,1036,-1,1036,1117,1127,-1,1036,1127,1035,-1,1035,1127,1120,-1,1035,1120,1034,-1,1034,1120,1119,-1,1248,1251,1249,-1,1249,1251,1252,-1,1249,1252,1250,-1,1250,1252,1253,-1,1250,1253,1247,-1,1247,1253,1254,-1,1247,1254,1245,-1,1245,1254,1255,-1,1245,1255,1243,-1,1255,1256,1243,-1,1243,1256,1257,-1,1243,1257,1241,-1,1241,1257,1258,-1,1241,1258,1236,-1,1236,1258,1237,-1,1237,1258,1259,-1,1237,1259,1239,-1,1239,1259,1260,-1,1239,1260,1240,-1,1240,1260,1261,-1,1240,1261,1232,-1,1232,1261,1262,-1,1232,1262,1234,-1,1234,1262,1263,-1,1234,1263,1235,-1,1235,1263,1264,-1,1235,1264,1230,-1,1230,1264,1265,-1,1230,1265,1228,-1,1228,1265,1266,-1,1228,1266,1226,-1,1226,1266,1267,-1,1226,1267,1225,-1,1225,1267,1268,-1,1225,1268,1223,-1,1223,1268,1269,-1,1223,1269,1222,-1,1222,1269,1270,-1,1222,1270,1220,-1,1220,1270,1271,-1,1220,1271,1219,-1,1219,1271,1272,-1,1219,1272,1217,-1,1217,1272,1273,-1,1217,1273,1216,-1,1216,1273,1274,-1,1216,1274,1214,-1,1214,1274,1275,-1,1214,1275,1212,-1,1212,1275,1276,-1,1212,1276,1099,-1,1099,1276,1277,-1,1099,1277,1100,-1,1100,1277,1278,-1,1100,1278,1209,-1,1209,1278,1279,-1,1209,1279,1210,-1,1210,1279,1280,-1,1210,1280,1211,-1,1211,1280,1281,-1,1211,1281,1205,-1,1205,1281,1282,-1,1205,1282,1207,-1,1207,1282,1283,-1,1207,1283,1208,-1,1208,1283,1284,-1,1208,1284,1203,-1,1203,1284,1285,-1,1203,1285,1201,-1,1201,1285,1286,-1,1201,1286,1199,-1,1199,1286,1287,-1,1199,1287,1103,-1,1103,1287,1288,-1,1103,1288,1104,-1,1104,1288,1289,-1,1104,1289,1196,-1,1196,1289,1290,-1,1196,1290,1197,-1,1197,1290,1291,-1,1197,1291,1198,-1,1198,1291,1292,-1,1198,1292,1194,-1,1194,1292,1293,-1,1194,1293,1195,-1,1195,1293,1294,-1,1195,1294,1189,-1,1189,1294,1295,-1,1189,1295,1191,-1,1191,1295,1296,-1,1191,1296,1192,-1,1192,1296,1297,-1,1192,1297,1109,-1,1109,1297,1298,-1,1109,1298,1185,-1,1185,1298,1299,-1,1185,1299,1186,-1,1186,1299,1300,-1,1186,1300,1187,-1,1187,1300,1301,-1,1187,1301,1183,-1,1183,1301,1302,-1,1183,1302,1184,-1,1184,1302,1303,-1,1184,1303,1180,-1,1180,1303,1304,-1,1180,1304,1181,-1,1181,1304,1305,-1,1181,1305,1175,-1,1175,1305,1306,-1,1175,1306,1177,-1,1177,1306,1307,-1,1177,1307,1178,-1,1178,1307,1308,-1,1178,1308,1172,-1,1172,1308,1309,-1,1172,1309,1173,-1,1173,1309,1310,-1,1173,1310,1169,-1,1169,1310,1311,-1,1169,1311,1170,-1,1170,1311,1312,-1,1170,1312,1164,-1,1164,1312,1313,-1,1164,1313,1166,-1,1166,1313,1314,-1,1166,1314,1167,-1,1167,1314,1315,-1,1167,1315,1162,-1,1162,1315,1316,-1,1162,1316,1160,-1,1160,1316,1317,-1,1160,1317,1158,-1,1158,1317,1318,-1,1158,1318,1157,-1,1157,1318,1319,-1,1157,1319,1155,-1,1155,1319,1320,-1,1155,1320,1154,-1,1154,1320,1321,-1,1154,1321,1152,-1,1152,1321,1322,-1,1152,1322,1151,-1,1151,1322,1323,-1,1151,1323,1149,-1,1149,1323,1324,-1,1149,1324,1148,-1,1148,1324,1325,-1,1148,1325,1146,-1,1146,1325,1326,-1,1146,1326,1144,-1,1144,1326,1327,-1,1144,1327,1110,-1,1110,1327,1328,-1,1110,1328,1111,-1,1111,1328,1329,-1,1111,1329,1141,-1,1141,1329,1330,-1,1141,1330,1142,-1,1142,1330,1331,-1,1142,1331,1143,-1,1143,1331,1332,-1,1143,1332,1137,-1,1137,1332,1333,-1,1137,1333,1139,-1,1139,1333,1334,-1,1139,1334,1140,-1,1140,1334,1335,-1,1140,1335,1135,-1,1135,1335,1336,-1,1135,1336,1133,-1,1133,1336,1337,-1,1133,1337,1131,-1,1131,1337,1338,-1,1131,1338,1114,-1,1338,1339,1114,-1,1114,1339,1340,-1,1114,1340,1115,-1,1115,1340,1341,-1,1342,1124,1343,-1,1343,1124,1125,-1,1343,1125,1344,-1,1344,1125,1126,-1,1344,1126,1345,-1,1345,1126,1130,-1,1345,1130,1346,-1,1346,1130,1129,-1,1346,1129,1341,-1,1341,1129,1128,-1,1341,1128,1115,-1,1347,1348,1349,-1,1350,1351,1352,-1,1353,1354,1355,-1,1356,1357,1358,-1,1359,1360,1361,-1,1362,1363,1364,-1,1365,1366,1367,-1,1368,1369,1370,-1,1371,1372,1373,-1,1374,1375,1376,-1,1377,1378,1379,-1,1380,1381,1382,-1,1383,1384,1385,-1,1386,1387,1388,-1,1387,1389,1388,-1,1388,1389,1390,-1,1388,1390,1391,-1,1392,1383,1393,-1,1393,1383,1385,-1,1393,1385,1394,-1,1394,1385,1395,-1,1394,1395,1396,-1,1396,1395,1397,-1,1396,1397,1398,-1,1398,1397,1399,-1,1398,1399,1400,-1,1400,1399,1401,-1,1400,1401,1402,-1,1382,1381,1403,-1,1403,1381,1404,-1,1403,1404,1405,-1,1405,1404,1406,-1,1405,1406,1407,-1,1407,1406,1408,-1,1407,1408,1409,-1,1379,1378,1410,-1,1376,1375,1411,-1,1411,1375,1412,-1,1411,1412,1413,-1,1413,1412,1414,-1,1413,1414,1415,-1,1373,1372,1416,-1,1416,1372,1417,-1,1416,1417,1418,-1,1418,1417,1419,-1,1418,1419,1420,-1,1420,1419,1421,-1,1420,1421,1422,-1,1370,1369,1423,-1,1367,1366,1424,-1,1424,1366,1425,-1,1424,1425,1426,-1,1426,1425,1427,-1,1426,1427,1428,-1,1364,1363,1429,-1,1361,1360,1430,-1,1430,1360,1431,-1,1430,1431,1432,-1,1432,1431,1433,-1,1432,1433,1434,-1,1358,1357,1435,-1,1435,1357,1436,-1,1435,1436,1437,-1,1437,1436,1438,-1,1437,1438,1439,-1,1439,1438,1440,-1,1439,1440,1441,-1,1355,1354,1442,-1,1352,1351,1443,-1,1443,1351,1444,-1,1443,1444,1445,-1,1445,1444,1446,-1,1445,1446,1447,-1,1349,1348,1448,-1,1448,1348,1449,-1,1448,1449,1450,-1,1450,1449,1451,-1,1450,1451,1452,-1,1452,1451,1453,-1,1452,1453,1454,-1,1454,1453,1455,-1,1454,1455,1456,-1,1384,1342,1385,-1,1385,1342,1343,-1,1385,1343,1395,-1,1395,1343,1344,-1,1344,1345,1395,-1,1395,1345,1346,-1,1395,1346,1397,-1,1397,1346,1341,-1,1397,1341,1399,-1,1399,1341,1340,-1,1399,1340,1401,-1,1401,1340,1339,-1,1401,1339,1338,-1,1338,1337,1401,-1,1401,1337,1380,-1,1401,1380,1402,-1,1402,1380,1382,-1,1337,1336,1380,-1,1380,1336,1335,-1,1380,1335,1381,-1,1381,1335,1334,-1,1381,1334,1404,-1,1404,1334,1333,-1,1329,1408,1330,-1,1330,1408,1406,-1,1330,1406,1331,-1,1331,1406,1404,-1,1331,1404,1332,-1,1332,1404,1333,-1,1329,1328,1408,-1,1408,1328,1377,-1,1408,1377,1409,-1,1409,1377,1379,-1,1325,1378,1326,-1,1326,1378,1377,-1,1326,1377,1327,-1,1327,1377,1328,-1,1325,1324,1378,-1,1378,1324,1374,-1,1378,1374,1410,-1,1410,1374,1376,-1,1324,1323,1374,-1,1374,1323,1322,-1,1374,1322,1375,-1,1375,1322,1321,-1,1375,1321,1412,-1,1318,1414,1319,-1,1319,1414,1412,-1,1319,1412,1320,-1,1320,1412,1321,-1,1318,1317,1414,-1,1414,1317,1371,-1,1414,1371,1415,-1,1415,1371,1373,-1,1317,1316,1371,-1,1371,1316,1315,-1,1371,1315,1372,-1,1372,1315,1314,-1,1372,1314,1417,-1,1417,1314,1313,-1,1313,1312,1417,-1,1417,1312,1311,-1,1417,1311,1419,-1,1419,1311,1310,-1,1419,1310,1421,-1,1421,1310,1309,-1,1309,1308,1421,-1,1421,1308,1368,-1,1421,1368,1422,-1,1422,1368,1370,-1,1305,1369,1306,-1,1306,1369,1368,-1,1306,1368,1307,-1,1307,1368,1308,-1,1305,1304,1369,-1,1369,1304,1365,-1,1369,1365,1423,-1,1423,1365,1367,-1,1304,1303,1365,-1,1365,1303,1302,-1,1365,1302,1366,-1,1366,1302,1301,-1,1366,1301,1425,-1,1298,1427,1299,-1,1299,1427,1425,-1,1299,1425,1300,-1,1300,1425,1301,-1,1298,1297,1427,-1,1427,1297,1362,-1,1427,1362,1428,-1,1428,1362,1364,-1,1294,1363,1295,-1,1295,1363,1362,-1,1295,1362,1296,-1,1296,1362,1297,-1,1294,1293,1363,-1,1363,1293,1359,-1,1363,1359,1429,-1,1429,1359,1361,-1,1293,1292,1359,-1,1359,1292,1291,-1,1359,1291,1360,-1,1360,1291,1290,-1,1360,1290,1431,-1,1287,1433,1288,-1,1288,1433,1431,-1,1288,1431,1289,-1,1289,1431,1290,-1,1287,1286,1433,-1,1433,1286,1356,-1,1433,1356,1434,-1,1434,1356,1358,-1,1286,1285,1356,-1,1356,1285,1284,-1,1356,1284,1357,-1,1357,1284,1283,-1,1357,1283,1436,-1,1436,1283,1282,-1,1278,1440,1279,-1,1279,1440,1438,-1,1279,1438,1280,-1,1280,1438,1436,-1,1280,1436,1281,-1,1281,1436,1282,-1,1278,1277,1440,-1,1440,1277,1353,-1,1440,1353,1441,-1,1441,1353,1355,-1,1274,1354,1275,-1,1275,1354,1353,-1,1275,1353,1276,-1,1276,1353,1277,-1,1274,1273,1354,-1,1354,1273,1350,-1,1354,1350,1442,-1,1442,1350,1352,-1,1273,1272,1350,-1,1350,1272,1271,-1,1350,1271,1351,-1,1351,1271,1270,-1,1351,1270,1444,-1,1267,1446,1268,-1,1268,1446,1444,-1,1268,1444,1269,-1,1269,1444,1270,-1,1267,1266,1446,-1,1446,1266,1347,-1,1446,1347,1447,-1,1447,1347,1349,-1,1266,1265,1347,-1,1347,1265,1264,-1,1347,1264,1348,-1,1348,1264,1263,-1,1348,1263,1449,-1,1449,1263,1262,-1,1262,1261,1449,-1,1449,1261,1260,-1,1449,1260,1451,-1,1451,1260,1259,-1,1451,1259,1453,-1,1256,1455,1257,-1,1257,1455,1453,-1,1257,1453,1258,-1,1258,1453,1259,-1,1256,1255,1455,-1,1455,1255,1391,-1,1455,1391,1456,-1,1456,1391,1390,-1,1251,1386,1252,-1,1252,1386,1388,-1,1252,1388,1253,-1,1253,1388,1391,-1,1253,1391,1254,-1,1254,1391,1255,-1,1457,1458,1459,-1,1459,1458,1460,-1,1461,1462,1463,-1,1463,1462,1464,-1,1465,1466,1467,-1,1468,1469,1470,-1,1470,1469,1471,-1,1472,1473,1474,-1,1474,1473,1475,-1,1476,1477,1478,-1,1479,1480,1481,-1,1482,1476,1483,-1,1483,1476,1478,-1,1483,1478,1484,-1,1484,1478,1485,-1,1473,1486,1475,-1,1475,1486,1487,-1,1475,1487,1485,-1,1485,1487,1488,-1,1485,1488,1484,-1,1472,1474,1489,-1,1489,1474,1490,-1,1489,1490,1491,-1,1491,1490,1492,-1,1491,1492,1493,-1,1494,1495,1496,-1,1496,1495,1497,-1,1496,1497,1492,-1,1492,1497,1498,-1,1492,1498,1493,-1,1469,1499,1471,-1,1471,1499,1500,-1,1471,1500,1494,-1,1494,1500,1501,-1,1494,1501,1495,-1,1468,1470,1502,-1,1502,1470,1503,-1,1502,1503,1504,-1,1504,1503,1505,-1,1504,1505,1506,-1,1506,1505,1507,-1,1507,1505,1508,-1,1507,1508,1509,-1,1509,1508,1510,-1,1510,1508,1511,-1,1510,1511,1512,-1,1512,1511,1513,-1,1513,1511,1514,-1,1513,1514,1515,-1,1515,1514,1516,-1,1516,1514,1517,-1,1516,1517,1518,-1,1518,1517,1519,-1,1518,1519,1520,-1,1521,1522,1523,-1,1523,1522,1524,-1,1523,1524,1519,-1,1519,1524,1525,-1,1519,1525,1520,-1,1526,1527,1521,-1,1521,1527,1528,-1,1521,1528,1522,-1,1529,1530,1526,-1,1526,1530,1531,-1,1526,1531,1527,-1,1532,1533,1534,-1,1534,1533,1535,-1,1534,1535,1529,-1,1529,1535,1536,-1,1529,1536,1530,-1,1537,1538,1532,-1,1532,1538,1539,-1,1532,1539,1533,-1,1540,1541,1537,-1,1537,1541,1542,-1,1537,1542,1538,-1,1467,1543,1465,-1,1465,1543,1544,-1,1465,1544,1540,-1,1540,1544,1545,-1,1540,1545,1541,-1,1546,1547,1548,-1,1548,1547,1549,-1,1548,1549,1466,-1,1466,1549,1550,-1,1466,1550,1467,-1,1551,1552,1546,-1,1546,1552,1553,-1,1546,1553,1547,-1,1462,1554,1464,-1,1464,1554,1555,-1,1464,1555,1551,-1,1551,1555,1556,-1,1551,1556,1552,-1,1461,1463,1557,-1,1557,1463,1558,-1,1557,1558,1559,-1,1559,1558,1560,-1,1559,1560,1561,-1,1562,1563,1564,-1,1564,1563,1565,-1,1564,1565,1560,-1,1560,1565,1566,-1,1560,1566,1561,-1,1458,1567,1460,-1,1460,1567,1568,-1,1460,1568,1562,-1,1562,1568,1569,-1,1562,1569,1563,-1,1457,1459,1570,-1,1570,1459,1571,-1,1570,1571,1572,-1,1572,1571,1573,-1,1572,1573,1574,-1,1574,1573,1575,-1,1575,1573,1576,-1,1575,1576,1577,-1,1577,1576,1578,-1,1578,1576,1579,-1,1578,1579,1580,-1,1580,1579,1581,-1,1581,1579,1582,-1,1581,1582,1583,-1,1583,1582,1584,-1,1584,1582,1585,-1,1584,1585,1586,-1,1586,1585,1587,-1,1586,1587,1588,-1,1589,1590,1591,-1,1591,1590,1592,-1,1591,1592,1587,-1,1587,1592,1593,-1,1587,1593,1588,-1,1594,1595,1596,-1,1596,1595,1597,-1,1596,1597,1589,-1,1589,1597,1598,-1,1589,1598,1590,-1,1594,1596,1599,-1,1599,1596,1600,-1,1599,1600,1601,-1,1601,1600,1602,-1,1601,1602,1603,-1,1603,1602,1604,-1,1603,1604,1605,-1,1480,1606,1481,-1,1481,1606,1607,-1,1481,1607,1604,-1,1604,1607,1608,-1,1604,1608,1605,-1,1389,1479,1390,-1,1390,1479,1481,-1,1390,1481,1456,-1,1456,1481,1604,-1,1456,1604,1454,-1,1454,1604,1602,-1,1454,1602,1452,-1,1452,1602,1600,-1,1452,1600,1450,-1,1450,1600,1596,-1,1450,1596,1448,-1,1448,1596,1589,-1,1448,1589,1349,-1,1349,1589,1591,-1,1349,1591,1447,-1,1447,1591,1587,-1,1447,1587,1445,-1,1445,1587,1585,-1,1445,1585,1443,-1,1443,1585,1582,-1,1443,1582,1352,-1,1352,1582,1579,-1,1352,1579,1442,-1,1442,1579,1576,-1,1442,1576,1355,-1,1355,1576,1573,-1,1355,1573,1441,-1,1441,1573,1571,-1,1441,1571,1439,-1,1439,1571,1459,-1,1439,1459,1437,-1,1437,1459,1460,-1,1437,1460,1435,-1,1435,1460,1562,-1,1435,1562,1358,-1,1358,1562,1564,-1,1358,1564,1434,-1,1434,1564,1560,-1,1434,1560,1432,-1,1432,1560,1558,-1,1432,1558,1430,-1,1430,1558,1463,-1,1430,1463,1361,-1,1361,1463,1464,-1,1361,1464,1429,-1,1429,1464,1551,-1,1429,1551,1364,-1,1364,1551,1546,-1,1364,1546,1428,-1,1428,1546,1548,-1,1428,1548,1426,-1,1426,1548,1466,-1,1426,1466,1424,-1,1424,1466,1465,-1,1424,1465,1367,-1,1367,1465,1540,-1,1367,1540,1423,-1,1423,1540,1537,-1,1423,1537,1370,-1,1370,1537,1532,-1,1370,1532,1422,-1,1422,1532,1534,-1,1422,1534,1420,-1,1420,1534,1529,-1,1420,1529,1418,-1,1418,1529,1526,-1,1418,1526,1416,-1,1416,1526,1521,-1,1416,1521,1373,-1,1373,1521,1523,-1,1373,1523,1415,-1,1415,1523,1519,-1,1415,1519,1413,-1,1413,1519,1517,-1,1413,1517,1411,-1,1411,1517,1514,-1,1411,1514,1376,-1,1376,1514,1511,-1,1376,1511,1410,-1,1410,1511,1508,-1,1410,1508,1379,-1,1379,1508,1505,-1,1379,1505,1409,-1,1409,1505,1503,-1,1409,1503,1407,-1,1407,1503,1470,-1,1407,1470,1405,-1,1405,1470,1471,-1,1405,1471,1403,-1,1403,1471,1494,-1,1403,1494,1382,-1,1382,1494,1496,-1,1382,1496,1402,-1,1402,1496,1492,-1,1402,1492,1400,-1,1400,1492,1490,-1,1400,1490,1398,-1,1398,1490,1474,-1,1398,1474,1396,-1,1396,1474,1475,-1,1396,1475,1394,-1,1394,1475,1485,-1,1394,1485,1393,-1,1393,1485,1478,-1,1393,1478,1392,-1,1392,1478,1477,-1,1606,1609,1607,-1,1607,1609,1610,-1,1607,1610,1608,-1,1608,1610,1611,-1,1608,1611,1605,-1,1605,1611,1612,-1,1605,1612,1603,-1,1603,1612,1613,-1,1603,1613,1601,-1,1613,1614,1601,-1,1601,1614,1615,-1,1601,1615,1599,-1,1599,1615,1616,-1,1599,1616,1594,-1,1594,1616,1595,-1,1595,1616,1617,-1,1595,1617,1597,-1,1597,1617,1618,-1,1597,1618,1598,-1,1598,1618,1619,-1,1598,1619,1590,-1,1590,1619,1620,-1,1590,1620,1592,-1,1592,1620,1621,-1,1592,1621,1593,-1,1593,1621,1622,-1,1593,1622,1588,-1,1588,1622,1623,-1,1588,1623,1586,-1,1586,1623,1624,-1,1586,1624,1584,-1,1584,1624,1625,-1,1584,1625,1583,-1,1583,1625,1626,-1,1583,1626,1581,-1,1581,1626,1627,-1,1581,1627,1580,-1,1580,1627,1628,-1,1580,1628,1578,-1,1578,1628,1629,-1,1578,1629,1577,-1,1577,1629,1630,-1,1577,1630,1575,-1,1575,1630,1631,-1,1575,1631,1574,-1,1574,1631,1632,-1,1574,1632,1572,-1,1572,1632,1633,-1,1572,1633,1570,-1,1570,1633,1634,-1,1570,1634,1457,-1,1457,1634,1635,-1,1457,1635,1458,-1,1458,1635,1636,-1,1458,1636,1567,-1,1567,1636,1637,-1,1567,1637,1568,-1,1568,1637,1638,-1,1568,1638,1569,-1,1569,1638,1639,-1,1569,1639,1563,-1,1563,1639,1640,-1,1563,1640,1565,-1,1565,1640,1641,-1,1565,1641,1566,-1,1566,1641,1642,-1,1566,1642,1561,-1,1561,1642,1643,-1,1561,1643,1559,-1,1559,1643,1644,-1,1559,1644,1557,-1,1557,1644,1645,-1,1557,1645,1461,-1,1461,1645,1646,-1,1461,1646,1462,-1,1462,1646,1647,-1,1462,1647,1554,-1,1554,1647,1648,-1,1554,1648,1555,-1,1555,1648,1649,-1,1555,1649,1556,-1,1556,1649,1650,-1,1556,1650,1552,-1,1552,1650,1651,-1,1552,1651,1553,-1,1553,1651,1652,-1,1553,1652,1547,-1,1547,1652,1653,-1,1547,1653,1549,-1,1549,1653,1654,-1,1549,1654,1550,-1,1550,1654,1655,-1,1550,1655,1467,-1,1467,1655,1656,-1,1467,1656,1543,-1,1543,1656,1657,-1,1543,1657,1544,-1,1544,1657,1658,-1,1544,1658,1545,-1,1545,1658,1659,-1,1545,1659,1541,-1,1541,1659,1660,-1,1541,1660,1542,-1,1542,1660,1661,-1,1542,1661,1538,-1,1538,1661,1662,-1,1538,1662,1539,-1,1539,1662,1663,-1,1539,1663,1533,-1,1533,1663,1664,-1,1533,1664,1535,-1,1535,1664,1665,-1,1535,1665,1536,-1,1536,1665,1666,-1,1536,1666,1530,-1,1530,1666,1667,-1,1530,1667,1531,-1,1531,1667,1668,-1,1531,1668,1527,-1,1527,1668,1669,-1,1527,1669,1528,-1,1528,1669,1670,-1,1528,1670,1522,-1,1522,1670,1671,-1,1522,1671,1524,-1,1524,1671,1672,-1,1524,1672,1525,-1,1525,1672,1673,-1,1525,1673,1520,-1,1520,1673,1674,-1,1520,1674,1518,-1,1518,1674,1675,-1,1518,1675,1516,-1,1516,1675,1676,-1,1516,1676,1515,-1,1515,1676,1677,-1,1515,1677,1513,-1,1513,1677,1678,-1,1513,1678,1512,-1,1512,1678,1679,-1,1512,1679,1510,-1,1510,1679,1680,-1,1510,1680,1509,-1,1509,1680,1681,-1,1509,1681,1507,-1,1507,1681,1682,-1,1507,1682,1506,-1,1506,1682,1683,-1,1506,1683,1504,-1,1504,1683,1684,-1,1504,1684,1502,-1,1502,1684,1685,-1,1502,1685,1468,-1,1468,1685,1686,-1,1468,1686,1469,-1,1469,1686,1687,-1,1469,1687,1499,-1,1499,1687,1688,-1,1499,1688,1500,-1,1500,1688,1689,-1,1500,1689,1501,-1,1501,1689,1690,-1,1501,1690,1495,-1,1495,1690,1691,-1,1495,1691,1497,-1,1497,1691,1692,-1,1497,1692,1498,-1,1498,1692,1693,-1,1498,1693,1493,-1,1493,1693,1694,-1,1493,1694,1491,-1,1491,1694,1695,-1,1491,1695,1489,-1,1489,1695,1696,-1,1489,1696,1472,-1,1696,1697,1472,-1,1472,1697,1698,-1,1472,1698,1473,-1,1473,1698,1699,-1,1700,1482,1701,-1,1701,1482,1483,-1,1701,1483,1702,-1,1702,1483,1484,-1,1702,1484,1703,-1,1703,1484,1488,-1,1703,1488,1704,-1,1704,1488,1487,-1,1704,1487,1699,-1,1699,1487,1486,-1,1699,1486,1473,-1,1705,1706,1707,-1,1708,1709,1710,-1,1711,1712,1713,-1,1714,1715,1716,-1,1717,1718,1719,-1,1720,1721,1722,-1,1723,1724,1725,-1,1726,1727,1728,-1,1729,1730,1731,-1,1732,1733,1734,-1,1735,1736,1737,-1,1738,1739,1740,-1,1741,1742,1743,-1,1744,1745,1746,-1,1745,1747,1746,-1,1746,1747,1748,-1,1746,1748,1749,-1,1750,1741,1751,-1,1751,1741,1743,-1,1751,1743,1752,-1,1752,1743,1753,-1,1752,1753,1754,-1,1754,1753,1755,-1,1754,1755,1756,-1,1756,1755,1757,-1,1756,1757,1758,-1,1758,1757,1759,-1,1758,1759,1760,-1,1740,1739,1761,-1,1761,1739,1762,-1,1761,1762,1763,-1,1763,1762,1764,-1,1763,1764,1765,-1,1765,1764,1766,-1,1765,1766,1767,-1,1737,1736,1768,-1,1734,1733,1769,-1,1769,1733,1770,-1,1769,1770,1771,-1,1771,1770,1772,-1,1771,1772,1773,-1,1731,1730,1774,-1,1774,1730,1775,-1,1774,1775,1776,-1,1776,1775,1777,-1,1776,1777,1778,-1,1778,1777,1779,-1,1778,1779,1780,-1,1728,1727,1781,-1,1725,1724,1782,-1,1782,1724,1783,-1,1782,1783,1784,-1,1784,1783,1785,-1,1784,1785,1786,-1,1722,1721,1787,-1,1719,1718,1788,-1,1788,1718,1789,-1,1788,1789,1790,-1,1790,1789,1791,-1,1790,1791,1792,-1,1716,1715,1793,-1,1793,1715,1794,-1,1793,1794,1795,-1,1795,1794,1796,-1,1795,1796,1797,-1,1797,1796,1798,-1,1797,1798,1799,-1,1713,1712,1800,-1,1710,1709,1801,-1,1801,1709,1802,-1,1801,1802,1803,-1,1803,1802,1804,-1,1803,1804,1805,-1,1707,1706,1806,-1,1806,1706,1807,-1,1806,1807,1808,-1,1808,1807,1809,-1,1808,1809,1810,-1,1810,1809,1811,-1,1810,1811,1812,-1,1812,1811,1813,-1,1812,1813,1814,-1,1742,1700,1743,-1,1743,1700,1701,-1,1743,1701,1753,-1,1753,1701,1702,-1,1702,1703,1753,-1,1753,1703,1704,-1,1753,1704,1755,-1,1755,1704,1699,-1,1755,1699,1757,-1,1757,1699,1698,-1,1757,1698,1759,-1,1759,1698,1697,-1,1759,1697,1696,-1,1696,1695,1759,-1,1759,1695,1738,-1,1759,1738,1760,-1,1760,1738,1740,-1,1695,1694,1738,-1,1738,1694,1693,-1,1738,1693,1739,-1,1739,1693,1692,-1,1739,1692,1762,-1,1762,1692,1691,-1,1687,1766,1688,-1,1688,1766,1764,-1,1688,1764,1689,-1,1689,1764,1762,-1,1689,1762,1690,-1,1690,1762,1691,-1,1687,1686,1766,-1,1766,1686,1735,-1,1766,1735,1767,-1,1767,1735,1737,-1,1683,1736,1684,-1,1684,1736,1735,-1,1684,1735,1685,-1,1685,1735,1686,-1,1683,1682,1736,-1,1736,1682,1732,-1,1736,1732,1768,-1,1768,1732,1734,-1,1682,1681,1732,-1,1732,1681,1680,-1,1732,1680,1733,-1,1733,1680,1679,-1,1733,1679,1770,-1,1676,1772,1677,-1,1677,1772,1770,-1,1677,1770,1678,-1,1678,1770,1679,-1,1676,1675,1772,-1,1772,1675,1729,-1,1772,1729,1773,-1,1773,1729,1731,-1,1675,1674,1729,-1,1729,1674,1673,-1,1729,1673,1730,-1,1730,1673,1672,-1,1730,1672,1775,-1,1775,1672,1671,-1,1671,1670,1775,-1,1775,1670,1669,-1,1775,1669,1777,-1,1777,1669,1668,-1,1777,1668,1779,-1,1779,1668,1667,-1,1667,1666,1779,-1,1779,1666,1726,-1,1779,1726,1780,-1,1780,1726,1728,-1,1663,1727,1664,-1,1664,1727,1726,-1,1664,1726,1665,-1,1665,1726,1666,-1,1663,1662,1727,-1,1727,1662,1723,-1,1727,1723,1781,-1,1781,1723,1725,-1,1662,1661,1723,-1,1723,1661,1660,-1,1723,1660,1724,-1,1724,1660,1659,-1,1724,1659,1783,-1,1656,1785,1657,-1,1657,1785,1783,-1,1657,1783,1658,-1,1658,1783,1659,-1,1656,1655,1785,-1,1785,1655,1720,-1,1785,1720,1786,-1,1786,1720,1722,-1,1652,1721,1653,-1,1653,1721,1720,-1,1653,1720,1654,-1,1654,1720,1655,-1,1652,1651,1721,-1,1721,1651,1717,-1,1721,1717,1787,-1,1787,1717,1719,-1,1651,1650,1717,-1,1717,1650,1649,-1,1717,1649,1718,-1,1718,1649,1648,-1,1718,1648,1789,-1,1645,1791,1646,-1,1646,1791,1789,-1,1646,1789,1647,-1,1647,1789,1648,-1,1645,1644,1791,-1,1791,1644,1714,-1,1791,1714,1792,-1,1792,1714,1716,-1,1644,1643,1714,-1,1714,1643,1642,-1,1714,1642,1715,-1,1715,1642,1641,-1,1715,1641,1794,-1,1794,1641,1640,-1,1636,1798,1637,-1,1637,1798,1796,-1,1637,1796,1638,-1,1638,1796,1794,-1,1638,1794,1639,-1,1639,1794,1640,-1,1636,1635,1798,-1,1798,1635,1711,-1,1798,1711,1799,-1,1799,1711,1713,-1,1632,1712,1633,-1,1633,1712,1711,-1,1633,1711,1634,-1,1634,1711,1635,-1,1632,1631,1712,-1,1712,1631,1708,-1,1712,1708,1800,-1,1800,1708,1710,-1,1631,1630,1708,-1,1708,1630,1629,-1,1708,1629,1709,-1,1709,1629,1628,-1,1709,1628,1802,-1,1625,1804,1626,-1,1626,1804,1802,-1,1626,1802,1627,-1,1627,1802,1628,-1,1625,1624,1804,-1,1804,1624,1705,-1,1804,1705,1805,-1,1805,1705,1707,-1,1624,1623,1705,-1,1705,1623,1622,-1,1705,1622,1706,-1,1706,1622,1621,-1,1706,1621,1807,-1,1807,1621,1620,-1,1620,1619,1807,-1,1807,1619,1618,-1,1807,1618,1809,-1,1809,1618,1617,-1,1809,1617,1811,-1,1614,1813,1615,-1,1615,1813,1811,-1,1615,1811,1616,-1,1616,1811,1617,-1,1614,1613,1813,-1,1813,1613,1749,-1,1813,1749,1814,-1,1814,1749,1748,-1,1609,1744,1610,-1,1610,1744,1746,-1,1610,1746,1611,-1,1611,1746,1749,-1,1611,1749,1612,-1,1612,1749,1613,-1,1815,1816,1817,-1,1817,1816,1818,-1,1819,1820,1821,-1,1821,1820,1822,-1,1823,1824,1825,-1,1826,1827,1828,-1,1828,1827,1829,-1,1830,1831,1832,-1,1832,1831,1833,-1,1834,1835,1836,-1,1837,1838,1839,-1,1840,1834,1841,-1,1841,1834,1836,-1,1841,1836,1842,-1,1842,1836,1843,-1,1831,1844,1833,-1,1833,1844,1845,-1,1833,1845,1843,-1,1843,1845,1846,-1,1843,1846,1842,-1,1830,1832,1847,-1,1847,1832,1848,-1,1847,1848,1849,-1,1849,1848,1850,-1,1849,1850,1851,-1,1852,1853,1854,-1,1854,1853,1855,-1,1854,1855,1850,-1,1850,1855,1856,-1,1850,1856,1851,-1,1827,1857,1829,-1,1829,1857,1858,-1,1829,1858,1852,-1,1852,1858,1859,-1,1852,1859,1853,-1,1826,1828,1860,-1,1860,1828,1861,-1,1860,1861,1862,-1,1862,1861,1863,-1,1862,1863,1864,-1,1864,1863,1865,-1,1865,1863,1866,-1,1865,1866,1867,-1,1867,1866,1868,-1,1868,1866,1869,-1,1868,1869,1870,-1,1870,1869,1871,-1,1871,1869,1872,-1,1871,1872,1873,-1,1873,1872,1874,-1,1874,1872,1875,-1,1874,1875,1876,-1,1876,1875,1877,-1,1876,1877,1878,-1,1879,1880,1881,-1,1881,1880,1882,-1,1881,1882,1877,-1,1877,1882,1883,-1,1877,1883,1878,-1,1884,1885,1879,-1,1879,1885,1886,-1,1879,1886,1880,-1,1887,1888,1884,-1,1884,1888,1889,-1,1884,1889,1885,-1,1890,1891,1892,-1,1892,1891,1893,-1,1892,1893,1887,-1,1887,1893,1894,-1,1887,1894,1888,-1,1895,1896,1890,-1,1890,1896,1897,-1,1890,1897,1891,-1,1898,1899,1895,-1,1895,1899,1900,-1,1895,1900,1896,-1,1825,1901,1823,-1,1823,1901,1902,-1,1823,1902,1898,-1,1898,1902,1903,-1,1898,1903,1899,-1,1904,1905,1906,-1,1906,1905,1907,-1,1906,1907,1824,-1,1824,1907,1908,-1,1824,1908,1825,-1,1909,1910,1904,-1,1904,1910,1911,-1,1904,1911,1905,-1,1820,1912,1822,-1,1822,1912,1913,-1,1822,1913,1909,-1,1909,1913,1914,-1,1909,1914,1910,-1,1819,1821,1915,-1,1915,1821,1916,-1,1915,1916,1917,-1,1917,1916,1918,-1,1917,1918,1919,-1,1920,1921,1922,-1,1922,1921,1923,-1,1922,1923,1918,-1,1918,1923,1924,-1,1918,1924,1919,-1,1816,1925,1818,-1,1818,1925,1926,-1,1818,1926,1920,-1,1920,1926,1927,-1,1920,1927,1921,-1,1815,1817,1928,-1,1928,1817,1929,-1,1928,1929,1930,-1,1930,1929,1931,-1,1930,1931,1932,-1,1932,1931,1933,-1,1933,1931,1934,-1,1933,1934,1935,-1,1935,1934,1936,-1,1936,1934,1937,-1,1936,1937,1938,-1,1938,1937,1939,-1,1939,1937,1940,-1,1939,1940,1941,-1,1941,1940,1942,-1,1942,1940,1943,-1,1942,1943,1944,-1,1944,1943,1945,-1,1944,1945,1946,-1,1947,1948,1949,-1,1949,1948,1950,-1,1949,1950,1945,-1,1945,1950,1951,-1,1945,1951,1946,-1,1952,1953,1954,-1,1954,1953,1955,-1,1954,1955,1947,-1,1947,1955,1956,-1,1947,1956,1948,-1,1952,1954,1957,-1,1957,1954,1958,-1,1957,1958,1959,-1,1959,1958,1960,-1,1959,1960,1961,-1,1961,1960,1962,-1,1961,1962,1963,-1,1838,1964,1839,-1,1839,1964,1965,-1,1839,1965,1962,-1,1962,1965,1966,-1,1962,1966,1963,-1,1747,1837,1748,-1,1748,1837,1839,-1,1748,1839,1814,-1,1814,1839,1962,-1,1814,1962,1812,-1,1812,1962,1960,-1,1812,1960,1810,-1,1810,1960,1958,-1,1810,1958,1808,-1,1808,1958,1954,-1,1808,1954,1806,-1,1806,1954,1947,-1,1806,1947,1707,-1,1707,1947,1949,-1,1707,1949,1805,-1,1805,1949,1945,-1,1805,1945,1803,-1,1803,1945,1943,-1,1803,1943,1801,-1,1801,1943,1940,-1,1801,1940,1710,-1,1710,1940,1937,-1,1710,1937,1800,-1,1800,1937,1934,-1,1800,1934,1713,-1,1713,1934,1931,-1,1713,1931,1799,-1,1799,1931,1929,-1,1799,1929,1797,-1,1797,1929,1817,-1,1797,1817,1795,-1,1795,1817,1818,-1,1795,1818,1793,-1,1793,1818,1920,-1,1793,1920,1716,-1,1716,1920,1922,-1,1716,1922,1792,-1,1792,1922,1918,-1,1792,1918,1790,-1,1790,1918,1916,-1,1790,1916,1788,-1,1788,1916,1821,-1,1788,1821,1719,-1,1719,1821,1822,-1,1719,1822,1787,-1,1787,1822,1909,-1,1787,1909,1722,-1,1722,1909,1904,-1,1722,1904,1786,-1,1786,1904,1906,-1,1786,1906,1784,-1,1784,1906,1824,-1,1784,1824,1782,-1,1782,1824,1823,-1,1782,1823,1725,-1,1725,1823,1898,-1,1725,1898,1781,-1,1781,1898,1895,-1,1781,1895,1728,-1,1728,1895,1890,-1,1728,1890,1780,-1,1780,1890,1892,-1,1780,1892,1778,-1,1778,1892,1887,-1,1778,1887,1776,-1,1776,1887,1884,-1,1776,1884,1774,-1,1774,1884,1879,-1,1774,1879,1731,-1,1731,1879,1881,-1,1731,1881,1773,-1,1773,1881,1877,-1,1773,1877,1771,-1,1771,1877,1875,-1,1771,1875,1769,-1,1769,1875,1872,-1,1769,1872,1734,-1,1734,1872,1869,-1,1734,1869,1768,-1,1768,1869,1866,-1,1768,1866,1737,-1,1737,1866,1863,-1,1737,1863,1767,-1,1767,1863,1861,-1,1767,1861,1765,-1,1765,1861,1828,-1,1765,1828,1763,-1,1763,1828,1829,-1,1763,1829,1761,-1,1761,1829,1852,-1,1761,1852,1740,-1,1740,1852,1854,-1,1740,1854,1760,-1,1760,1854,1850,-1,1760,1850,1758,-1,1758,1850,1848,-1,1758,1848,1756,-1,1756,1848,1832,-1,1756,1832,1754,-1,1754,1832,1833,-1,1754,1833,1752,-1,1752,1833,1843,-1,1752,1843,1751,-1,1751,1843,1836,-1,1751,1836,1750,-1,1750,1836,1835,-1,1964,1967,1965,-1,1965,1967,1968,-1,1965,1968,1966,-1,1966,1968,1969,-1,1966,1969,1963,-1,1963,1969,1970,-1,1963,1970,1961,-1,1961,1970,1971,-1,1961,1971,1959,-1,1971,1972,1959,-1,1959,1972,1973,-1,1959,1973,1957,-1,1957,1973,1974,-1,1957,1974,1952,-1,1952,1974,1953,-1,1953,1974,1975,-1,1953,1975,1955,-1,1955,1975,1976,-1,1955,1976,1956,-1,1956,1976,1977,-1,1956,1977,1948,-1,1948,1977,1978,-1,1948,1978,1950,-1,1950,1978,1979,-1,1950,1979,1951,-1,1951,1979,1980,-1,1951,1980,1946,-1,1946,1980,1981,-1,1946,1981,1944,-1,1944,1981,1982,-1,1944,1982,1942,-1,1942,1982,1983,-1,1942,1983,1941,-1,1941,1983,1984,-1,1941,1984,1939,-1,1939,1984,1985,-1,1939,1985,1938,-1,1938,1985,1986,-1,1938,1986,1936,-1,1936,1986,1987,-1,1936,1987,1935,-1,1935,1987,1988,-1,1935,1988,1933,-1,1933,1988,1989,-1,1933,1989,1932,-1,1932,1989,1990,-1,1932,1990,1930,-1,1930,1990,1991,-1,1930,1991,1928,-1,1928,1991,1992,-1,1928,1992,1815,-1,1815,1992,1993,-1,1815,1993,1816,-1,1816,1993,1994,-1,1816,1994,1925,-1,1925,1994,1995,-1,1925,1995,1926,-1,1926,1995,1996,-1,1926,1996,1927,-1,1927,1996,1997,-1,1927,1997,1921,-1,1921,1997,1998,-1,1921,1998,1923,-1,1923,1998,1999,-1,1923,1999,1924,-1,1924,1999,2000,-1,1924,2000,1919,-1,1919,2000,2001,-1,1919,2001,1917,-1,1917,2001,2002,-1,1917,2002,1915,-1,1915,2002,2003,-1,1915,2003,1819,-1,1819,2003,2004,-1,1819,2004,1820,-1,1820,2004,2005,-1,1820,2005,1912,-1,1912,2005,2006,-1,1912,2006,1913,-1,1913,2006,2007,-1,1913,2007,1914,-1,1914,2007,2008,-1,1914,2008,1910,-1,1910,2008,2009,-1,1910,2009,1911,-1,1911,2009,2010,-1,1911,2010,1905,-1,1905,2010,2011,-1,1905,2011,1907,-1,1907,2011,2012,-1,1907,2012,1908,-1,1908,2012,2013,-1,1908,2013,1825,-1,1825,2013,2014,-1,1825,2014,1901,-1,1901,2014,2015,-1,1901,2015,1902,-1,1902,2015,2016,-1,1902,2016,1903,-1,1903,2016,2017,-1,1903,2017,1899,-1,1899,2017,2018,-1,1899,2018,1900,-1,1900,2018,2019,-1,1900,2019,1896,-1,1896,2019,2020,-1,1896,2020,1897,-1,1897,2020,2021,-1,1897,2021,1891,-1,1891,2021,2022,-1,1891,2022,1893,-1,1893,2022,2023,-1,1893,2023,1894,-1,1894,2023,2024,-1,1894,2024,1888,-1,1888,2024,2025,-1,1888,2025,1889,-1,1889,2025,2026,-1,1889,2026,1885,-1,1885,2026,2027,-1,1885,2027,1886,-1,1886,2027,2028,-1,1886,2028,1880,-1,1880,2028,2029,-1,1880,2029,1882,-1,1882,2029,2030,-1,1882,2030,1883,-1,1883,2030,2031,-1,1883,2031,1878,-1,1878,2031,2032,-1,1878,2032,1876,-1,1876,2032,2033,-1,1876,2033,1874,-1,1874,2033,2034,-1,1874,2034,1873,-1,1873,2034,2035,-1,1873,2035,1871,-1,1871,2035,2036,-1,1871,2036,1870,-1,1870,2036,2037,-1,1870,2037,1868,-1,1868,2037,2038,-1,1868,2038,1867,-1,1867,2038,2039,-1,1867,2039,1865,-1,1865,2039,2040,-1,1865,2040,1864,-1,1864,2040,2041,-1,1864,2041,1862,-1,1862,2041,2042,-1,1862,2042,1860,-1,1860,2042,2043,-1,1860,2043,1826,-1,1826,2043,2044,-1,1826,2044,1827,-1,1827,2044,2045,-1,1827,2045,1857,-1,1857,2045,2046,-1,1857,2046,1858,-1,1858,2046,2047,-1,1858,2047,1859,-1,1859,2047,2048,-1,1859,2048,1853,-1,1853,2048,2049,-1,1853,2049,1855,-1,1855,2049,2050,-1,1855,2050,1856,-1,1856,2050,2051,-1,1856,2051,1851,-1,1851,2051,2052,-1,1851,2052,1849,-1,1849,2052,2053,-1,1849,2053,1847,-1,1847,2053,2054,-1,1847,2054,1830,-1,2054,2055,1830,-1,1830,2055,2056,-1,1830,2056,1831,-1,1831,2056,2057,-1,2058,1840,2059,-1,2059,1840,1841,-1,2059,1841,2060,-1,2060,1841,1842,-1,2060,1842,2061,-1,2061,1842,1846,-1,2061,1846,2062,-1,2062,1846,1845,-1,2062,1845,2057,-1,2057,1845,1844,-1,2057,1844,1831,-1,2063,2064,2065,-1,2066,2067,2068,-1,2069,2070,2071,-1,2072,2073,2074,-1,2075,2076,2077,-1,2078,2079,2080,-1,2081,2082,2083,-1,2084,2085,2086,-1,2087,2088,2089,-1,2090,2091,2092,-1,2093,2094,2095,-1,2096,2097,2098,-1,2099,2100,2101,-1,2102,2103,2104,-1,2103,2105,2104,-1,2104,2105,2106,-1,2104,2106,2107,-1,2108,2099,2109,-1,2109,2099,2101,-1,2109,2101,2110,-1,2110,2101,2111,-1,2110,2111,2112,-1,2112,2111,2113,-1,2112,2113,2114,-1,2114,2113,2115,-1,2114,2115,2116,-1,2116,2115,2117,-1,2116,2117,2118,-1,2098,2097,2119,-1,2119,2097,2120,-1,2119,2120,2121,-1,2121,2120,2122,-1,2121,2122,2123,-1,2123,2122,2124,-1,2123,2124,2125,-1,2095,2094,2126,-1,2092,2091,2127,-1,2127,2091,2128,-1,2127,2128,2129,-1,2129,2128,2130,-1,2129,2130,2131,-1,2089,2088,2132,-1,2132,2088,2133,-1,2132,2133,2134,-1,2134,2133,2135,-1,2134,2135,2136,-1,2136,2135,2137,-1,2136,2137,2138,-1,2086,2085,2139,-1,2083,2082,2140,-1,2140,2082,2141,-1,2140,2141,2142,-1,2142,2141,2143,-1,2142,2143,2144,-1,2080,2079,2145,-1,2077,2076,2146,-1,2146,2076,2147,-1,2146,2147,2148,-1,2148,2147,2149,-1,2148,2149,2150,-1,2074,2073,2151,-1,2151,2073,2152,-1,2151,2152,2153,-1,2153,2152,2154,-1,2153,2154,2155,-1,2155,2154,2156,-1,2155,2156,2157,-1,2071,2070,2158,-1,2068,2067,2159,-1,2159,2067,2160,-1,2159,2160,2161,-1,2161,2160,2162,-1,2161,2162,2163,-1,2065,2064,2164,-1,2164,2064,2165,-1,2164,2165,2166,-1,2166,2165,2167,-1,2166,2167,2168,-1,2168,2167,2169,-1,2168,2169,2170,-1,2170,2169,2171,-1,2170,2171,2172,-1,2100,2058,2101,-1,2101,2058,2059,-1,2101,2059,2111,-1,2111,2059,2060,-1,2060,2061,2111,-1,2111,2061,2062,-1,2111,2062,2113,-1,2113,2062,2057,-1,2113,2057,2115,-1,2115,2057,2056,-1,2115,2056,2117,-1,2117,2056,2055,-1,2117,2055,2054,-1,2054,2053,2117,-1,2117,2053,2096,-1,2117,2096,2118,-1,2118,2096,2098,-1,2053,2052,2096,-1,2096,2052,2051,-1,2096,2051,2097,-1,2097,2051,2050,-1,2097,2050,2120,-1,2120,2050,2049,-1,2045,2124,2046,-1,2046,2124,2122,-1,2046,2122,2047,-1,2047,2122,2120,-1,2047,2120,2048,-1,2048,2120,2049,-1,2045,2044,2124,-1,2124,2044,2093,-1,2124,2093,2125,-1,2125,2093,2095,-1,2041,2094,2042,-1,2042,2094,2093,-1,2042,2093,2043,-1,2043,2093,2044,-1,2041,2040,2094,-1,2094,2040,2090,-1,2094,2090,2126,-1,2126,2090,2092,-1,2040,2039,2090,-1,2090,2039,2038,-1,2090,2038,2091,-1,2091,2038,2037,-1,2091,2037,2128,-1,2034,2130,2035,-1,2035,2130,2128,-1,2035,2128,2036,-1,2036,2128,2037,-1,2034,2033,2130,-1,2130,2033,2087,-1,2130,2087,2131,-1,2131,2087,2089,-1,2033,2032,2087,-1,2087,2032,2031,-1,2087,2031,2088,-1,2088,2031,2030,-1,2088,2030,2133,-1,2133,2030,2029,-1,2029,2028,2133,-1,2133,2028,2027,-1,2133,2027,2135,-1,2135,2027,2026,-1,2135,2026,2137,-1,2137,2026,2025,-1,2025,2024,2137,-1,2137,2024,2084,-1,2137,2084,2138,-1,2138,2084,2086,-1,2021,2085,2022,-1,2022,2085,2084,-1,2022,2084,2023,-1,2023,2084,2024,-1,2021,2020,2085,-1,2085,2020,2081,-1,2085,2081,2139,-1,2139,2081,2083,-1,2020,2019,2081,-1,2081,2019,2018,-1,2081,2018,2082,-1,2082,2018,2017,-1,2082,2017,2141,-1,2014,2143,2015,-1,2015,2143,2141,-1,2015,2141,2016,-1,2016,2141,2017,-1,2014,2013,2143,-1,2143,2013,2078,-1,2143,2078,2144,-1,2144,2078,2080,-1,2010,2079,2011,-1,2011,2079,2078,-1,2011,2078,2012,-1,2012,2078,2013,-1,2010,2009,2079,-1,2079,2009,2075,-1,2079,2075,2145,-1,2145,2075,2077,-1,2009,2008,2075,-1,2075,2008,2007,-1,2075,2007,2076,-1,2076,2007,2006,-1,2076,2006,2147,-1,2003,2149,2004,-1,2004,2149,2147,-1,2004,2147,2005,-1,2005,2147,2006,-1,2003,2002,2149,-1,2149,2002,2072,-1,2149,2072,2150,-1,2150,2072,2074,-1,2002,2001,2072,-1,2072,2001,2000,-1,2072,2000,2073,-1,2073,2000,1999,-1,2073,1999,2152,-1,2152,1999,1998,-1,1994,2156,1995,-1,1995,2156,2154,-1,1995,2154,1996,-1,1996,2154,2152,-1,1996,2152,1997,-1,1997,2152,1998,-1,1994,1993,2156,-1,2156,1993,2069,-1,2156,2069,2157,-1,2157,2069,2071,-1,1990,2070,1991,-1,1991,2070,2069,-1,1991,2069,1992,-1,1992,2069,1993,-1,1990,1989,2070,-1,2070,1989,2066,-1,2070,2066,2158,-1,2158,2066,2068,-1,1989,1988,2066,-1,2066,1988,1987,-1,2066,1987,2067,-1,2067,1987,1986,-1,2067,1986,2160,-1,1983,2162,1984,-1,1984,2162,2160,-1,1984,2160,1985,-1,1985,2160,1986,-1,1983,1982,2162,-1,2162,1982,2063,-1,2162,2063,2163,-1,2163,2063,2065,-1,1982,1981,2063,-1,2063,1981,1980,-1,2063,1980,2064,-1,2064,1980,1979,-1,2064,1979,2165,-1,2165,1979,1978,-1,1978,1977,2165,-1,2165,1977,1976,-1,2165,1976,2167,-1,2167,1976,1975,-1,2167,1975,2169,-1,1972,2171,1973,-1,1973,2171,2169,-1,1973,2169,1974,-1,1974,2169,1975,-1,1972,1971,2171,-1,2171,1971,2107,-1,2171,2107,2172,-1,2172,2107,2106,-1,1967,2102,1968,-1,1968,2102,2104,-1,1968,2104,1969,-1,1969,2104,2107,-1,1969,2107,1970,-1,1970,2107,1971,-1,2173,2174,2175,-1,2175,2174,2176,-1,2177,2178,2179,-1,2179,2178,2180,-1,2181,2182,2183,-1,2184,2185,2186,-1,2186,2185,2187,-1,2188,2189,2190,-1,2190,2189,2191,-1,2192,2193,2194,-1,2195,2196,2197,-1,2198,2192,2199,-1,2199,2192,2194,-1,2199,2194,2200,-1,2200,2194,2201,-1,2189,2202,2191,-1,2191,2202,2203,-1,2191,2203,2201,-1,2201,2203,2204,-1,2201,2204,2200,-1,2188,2190,2205,-1,2205,2190,2206,-1,2205,2206,2207,-1,2207,2206,2208,-1,2207,2208,2209,-1,2210,2211,2212,-1,2212,2211,2213,-1,2212,2213,2208,-1,2208,2213,2214,-1,2208,2214,2209,-1,2185,2215,2187,-1,2187,2215,2216,-1,2187,2216,2210,-1,2210,2216,2217,-1,2210,2217,2211,-1,2184,2186,2218,-1,2218,2186,2219,-1,2218,2219,2220,-1,2220,2219,2221,-1,2220,2221,2222,-1,2222,2221,2223,-1,2223,2221,2224,-1,2223,2224,2225,-1,2225,2224,2226,-1,2226,2224,2227,-1,2226,2227,2228,-1,2228,2227,2229,-1,2229,2227,2230,-1,2229,2230,2231,-1,2231,2230,2232,-1,2232,2230,2233,-1,2232,2233,2234,-1,2234,2233,2235,-1,2234,2235,2236,-1,2237,2238,2239,-1,2239,2238,2240,-1,2239,2240,2235,-1,2235,2240,2241,-1,2235,2241,2236,-1,2242,2243,2237,-1,2237,2243,2244,-1,2237,2244,2238,-1,2245,2246,2242,-1,2242,2246,2247,-1,2242,2247,2243,-1,2248,2249,2250,-1,2250,2249,2251,-1,2250,2251,2245,-1,2245,2251,2252,-1,2245,2252,2246,-1,2253,2254,2248,-1,2248,2254,2255,-1,2248,2255,2249,-1,2256,2257,2253,-1,2253,2257,2258,-1,2253,2258,2254,-1,2183,2259,2181,-1,2181,2259,2260,-1,2181,2260,2256,-1,2256,2260,2261,-1,2256,2261,2257,-1,2262,2263,2264,-1,2264,2263,2265,-1,2264,2265,2182,-1,2182,2265,2266,-1,2182,2266,2183,-1,2267,2268,2262,-1,2262,2268,2269,-1,2262,2269,2263,-1,2178,2270,2180,-1,2180,2270,2271,-1,2180,2271,2267,-1,2267,2271,2272,-1,2267,2272,2268,-1,2177,2179,2273,-1,2273,2179,2274,-1,2273,2274,2275,-1,2275,2274,2276,-1,2275,2276,2277,-1,2278,2279,2280,-1,2280,2279,2281,-1,2280,2281,2276,-1,2276,2281,2282,-1,2276,2282,2277,-1,2174,2283,2176,-1,2176,2283,2284,-1,2176,2284,2278,-1,2278,2284,2285,-1,2278,2285,2279,-1,2173,2175,2286,-1,2286,2175,2287,-1,2286,2287,2288,-1,2288,2287,2289,-1,2288,2289,2290,-1,2290,2289,2291,-1,2291,2289,2292,-1,2291,2292,2293,-1,2293,2292,2294,-1,2294,2292,2295,-1,2294,2295,2296,-1,2296,2295,2297,-1,2297,2295,2298,-1,2297,2298,2299,-1,2299,2298,2300,-1,2300,2298,2301,-1,2300,2301,2302,-1,2302,2301,2303,-1,2302,2303,2304,-1,2305,2306,2307,-1,2307,2306,2308,-1,2307,2308,2303,-1,2303,2308,2309,-1,2303,2309,2304,-1,2310,2311,2312,-1,2312,2311,2313,-1,2312,2313,2305,-1,2305,2313,2314,-1,2305,2314,2306,-1,2310,2312,2315,-1,2315,2312,2316,-1,2315,2316,2317,-1,2317,2316,2318,-1,2317,2318,2319,-1,2319,2318,2320,-1,2319,2320,2321,-1,2196,2322,2197,-1,2197,2322,2323,-1,2197,2323,2320,-1,2320,2323,2324,-1,2320,2324,2321,-1,2105,2195,2106,-1,2106,2195,2197,-1,2106,2197,2172,-1,2172,2197,2320,-1,2172,2320,2170,-1,2170,2320,2318,-1,2170,2318,2168,-1,2168,2318,2316,-1,2168,2316,2166,-1,2166,2316,2312,-1,2166,2312,2164,-1,2164,2312,2305,-1,2164,2305,2065,-1,2065,2305,2307,-1,2065,2307,2163,-1,2163,2307,2303,-1,2163,2303,2161,-1,2161,2303,2301,-1,2161,2301,2159,-1,2159,2301,2298,-1,2159,2298,2068,-1,2068,2298,2295,-1,2068,2295,2158,-1,2158,2295,2292,-1,2158,2292,2071,-1,2071,2292,2289,-1,2071,2289,2157,-1,2157,2289,2287,-1,2157,2287,2155,-1,2155,2287,2175,-1,2155,2175,2153,-1,2153,2175,2176,-1,2153,2176,2151,-1,2151,2176,2278,-1,2151,2278,2074,-1,2074,2278,2280,-1,2074,2280,2150,-1,2150,2280,2276,-1,2150,2276,2148,-1,2148,2276,2274,-1,2148,2274,2146,-1,2146,2274,2179,-1,2146,2179,2077,-1,2077,2179,2180,-1,2077,2180,2145,-1,2145,2180,2267,-1,2145,2267,2080,-1,2080,2267,2262,-1,2080,2262,2144,-1,2144,2262,2264,-1,2144,2264,2142,-1,2142,2264,2182,-1,2142,2182,2140,-1,2140,2182,2181,-1,2140,2181,2083,-1,2083,2181,2256,-1,2083,2256,2139,-1,2139,2256,2253,-1,2139,2253,2086,-1,2086,2253,2248,-1,2086,2248,2138,-1,2138,2248,2250,-1,2138,2250,2136,-1,2136,2250,2245,-1,2136,2245,2134,-1,2134,2245,2242,-1,2134,2242,2132,-1,2132,2242,2237,-1,2132,2237,2089,-1,2089,2237,2239,-1,2089,2239,2131,-1,2131,2239,2235,-1,2131,2235,2129,-1,2129,2235,2233,-1,2129,2233,2127,-1,2127,2233,2230,-1,2127,2230,2092,-1,2092,2230,2227,-1,2092,2227,2126,-1,2126,2227,2224,-1,2126,2224,2095,-1,2095,2224,2221,-1,2095,2221,2125,-1,2125,2221,2219,-1,2125,2219,2123,-1,2123,2219,2186,-1,2123,2186,2121,-1,2121,2186,2187,-1,2121,2187,2119,-1,2119,2187,2210,-1,2119,2210,2098,-1,2098,2210,2212,-1,2098,2212,2118,-1,2118,2212,2208,-1,2118,2208,2116,-1,2116,2208,2206,-1,2116,2206,2114,-1,2114,2206,2190,-1,2114,2190,2112,-1,2112,2190,2191,-1,2112,2191,2110,-1,2110,2191,2201,-1,2110,2201,2109,-1,2109,2201,2194,-1,2109,2194,2108,-1,2108,2194,2193,-1,2322,2325,2323,-1,2323,2325,2326,-1,2323,2326,2324,-1,2324,2326,2327,-1,2324,2327,2321,-1,2321,2327,2328,-1,2321,2328,2319,-1,2319,2328,2329,-1,2319,2329,2317,-1,2329,2330,2317,-1,2317,2330,2331,-1,2317,2331,2315,-1,2315,2331,2332,-1,2315,2332,2310,-1,2310,2332,2311,-1,2311,2332,2333,-1,2311,2333,2313,-1,2313,2333,2334,-1,2313,2334,2314,-1,2314,2334,2335,-1,2314,2335,2306,-1,2306,2335,2336,-1,2306,2336,2308,-1,2308,2336,2337,-1,2308,2337,2309,-1,2309,2337,2338,-1,2309,2338,2304,-1,2304,2338,2339,-1,2304,2339,2302,-1,2302,2339,2340,-1,2302,2340,2300,-1,2300,2340,2341,-1,2300,2341,2299,-1,2299,2341,2342,-1,2299,2342,2297,-1,2297,2342,2343,-1,2297,2343,2296,-1,2296,2343,2344,-1,2296,2344,2294,-1,2294,2344,2345,-1,2294,2345,2293,-1,2293,2345,2346,-1,2293,2346,2291,-1,2291,2346,2347,-1,2291,2347,2290,-1,2290,2347,2348,-1,2290,2348,2288,-1,2288,2348,2349,-1,2288,2349,2286,-1,2286,2349,2350,-1,2286,2350,2173,-1,2173,2350,2351,-1,2173,2351,2174,-1,2174,2351,2352,-1,2174,2352,2283,-1,2283,2352,2353,-1,2283,2353,2284,-1,2284,2353,2354,-1,2284,2354,2285,-1,2285,2354,2355,-1,2285,2355,2279,-1,2279,2355,2356,-1,2279,2356,2281,-1,2281,2356,2357,-1,2281,2357,2282,-1,2282,2357,2358,-1,2282,2358,2277,-1,2277,2358,2359,-1,2277,2359,2275,-1,2275,2359,2360,-1,2275,2360,2273,-1,2273,2360,2361,-1,2273,2361,2177,-1,2177,2361,2362,-1,2177,2362,2178,-1,2178,2362,2363,-1,2178,2363,2270,-1,2270,2363,2364,-1,2270,2364,2271,-1,2271,2364,2365,-1,2271,2365,2272,-1,2272,2365,2366,-1,2272,2366,2268,-1,2268,2366,2367,-1,2268,2367,2269,-1,2269,2367,2368,-1,2269,2368,2263,-1,2263,2368,2369,-1,2263,2369,2265,-1,2265,2369,2370,-1,2265,2370,2266,-1,2266,2370,2371,-1,2266,2371,2183,-1,2183,2371,2372,-1,2183,2372,2259,-1,2259,2372,2373,-1,2259,2373,2260,-1,2260,2373,2374,-1,2260,2374,2261,-1,2261,2374,2375,-1,2261,2375,2257,-1,2257,2375,2376,-1,2257,2376,2258,-1,2258,2376,2377,-1,2258,2377,2254,-1,2254,2377,2378,-1,2254,2378,2255,-1,2255,2378,2379,-1,2255,2379,2249,-1,2249,2379,2380,-1,2249,2380,2251,-1,2251,2380,2381,-1,2251,2381,2252,-1,2252,2381,2382,-1,2252,2382,2246,-1,2246,2382,2383,-1,2246,2383,2247,-1,2247,2383,2384,-1,2247,2384,2243,-1,2243,2384,2385,-1,2243,2385,2244,-1,2244,2385,2386,-1,2244,2386,2238,-1,2238,2386,2387,-1,2238,2387,2240,-1,2240,2387,2388,-1,2240,2388,2241,-1,2241,2388,2389,-1,2241,2389,2236,-1,2236,2389,2390,-1,2236,2390,2234,-1,2234,2390,2391,-1,2234,2391,2232,-1,2232,2391,2392,-1,2232,2392,2231,-1,2231,2392,2393,-1,2231,2393,2229,-1,2229,2393,2394,-1,2229,2394,2228,-1,2228,2394,2395,-1,2228,2395,2226,-1,2226,2395,2396,-1,2226,2396,2225,-1,2225,2396,2397,-1,2225,2397,2223,-1,2223,2397,2398,-1,2223,2398,2222,-1,2222,2398,2399,-1,2222,2399,2220,-1,2220,2399,2400,-1,2220,2400,2218,-1,2218,2400,2401,-1,2218,2401,2184,-1,2184,2401,2402,-1,2184,2402,2185,-1,2185,2402,2403,-1,2185,2403,2215,-1,2215,2403,2404,-1,2215,2404,2216,-1,2216,2404,2405,-1,2216,2405,2217,-1,2217,2405,2406,-1,2217,2406,2211,-1,2211,2406,2407,-1,2211,2407,2213,-1,2213,2407,2408,-1,2213,2408,2214,-1,2214,2408,2409,-1,2214,2409,2209,-1,2209,2409,2410,-1,2209,2410,2207,-1,2207,2410,2411,-1,2207,2411,2205,-1,2205,2411,2412,-1,2205,2412,2188,-1,2412,2413,2188,-1,2188,2413,2414,-1,2188,2414,2189,-1,2189,2414,2415,-1,2416,2198,2417,-1,2417,2198,2199,-1,2417,2199,2418,-1,2418,2199,2200,-1,2418,2200,2419,-1,2419,2200,2204,-1,2419,2204,2420,-1,2420,2204,2203,-1,2420,2203,2415,-1,2415,2203,2202,-1,2415,2202,2189,-1,2421,2422,2423,-1,2424,2425,2426,-1,2427,2428,2429,-1,2430,2431,2432,-1,2433,2434,2435,-1,2436,2437,2438,-1,2439,2440,2441,-1,2442,2443,2444,-1,2445,2446,2447,-1,2448,2449,2450,-1,2451,2452,2453,-1,2454,2455,2456,-1,2457,2458,2459,-1,2460,2461,2462,-1,2461,2463,2462,-1,2462,2463,2464,-1,2462,2464,2465,-1,2466,2457,2467,-1,2467,2457,2459,-1,2467,2459,2468,-1,2468,2459,2469,-1,2468,2469,2470,-1,2470,2469,2471,-1,2470,2471,2472,-1,2472,2471,2473,-1,2472,2473,2474,-1,2474,2473,2475,-1,2474,2475,2476,-1,2456,2455,2477,-1,2477,2455,2478,-1,2477,2478,2479,-1,2479,2478,2480,-1,2479,2480,2481,-1,2481,2480,2482,-1,2481,2482,2483,-1,2453,2452,2484,-1,2450,2449,2485,-1,2485,2449,2486,-1,2485,2486,2487,-1,2487,2486,2488,-1,2487,2488,2489,-1,2447,2446,2490,-1,2490,2446,2491,-1,2490,2491,2492,-1,2492,2491,2493,-1,2492,2493,2494,-1,2494,2493,2495,-1,2494,2495,2496,-1,2444,2443,2497,-1,2441,2440,2498,-1,2498,2440,2499,-1,2498,2499,2500,-1,2500,2499,2501,-1,2500,2501,2502,-1,2438,2437,2503,-1,2435,2434,2504,-1,2504,2434,2505,-1,2504,2505,2506,-1,2506,2505,2507,-1,2506,2507,2508,-1,2432,2431,2509,-1,2509,2431,2510,-1,2509,2510,2511,-1,2511,2510,2512,-1,2511,2512,2513,-1,2513,2512,2514,-1,2513,2514,2515,-1,2429,2428,2516,-1,2426,2425,2517,-1,2517,2425,2518,-1,2517,2518,2519,-1,2519,2518,2520,-1,2519,2520,2521,-1,2423,2422,2522,-1,2522,2422,2523,-1,2522,2523,2524,-1,2524,2523,2525,-1,2524,2525,2526,-1,2526,2525,2527,-1,2526,2527,2528,-1,2528,2527,2529,-1,2528,2529,2530,-1,2458,2416,2459,-1,2459,2416,2417,-1,2459,2417,2469,-1,2469,2417,2418,-1,2418,2419,2469,-1,2469,2419,2420,-1,2469,2420,2471,-1,2471,2420,2415,-1,2471,2415,2473,-1,2473,2415,2414,-1,2473,2414,2475,-1,2475,2414,2413,-1,2475,2413,2412,-1,2412,2411,2475,-1,2475,2411,2454,-1,2475,2454,2476,-1,2476,2454,2456,-1,2411,2410,2454,-1,2454,2410,2409,-1,2454,2409,2455,-1,2455,2409,2408,-1,2455,2408,2478,-1,2478,2408,2407,-1,2403,2482,2404,-1,2404,2482,2480,-1,2404,2480,2405,-1,2405,2480,2478,-1,2405,2478,2406,-1,2406,2478,2407,-1,2403,2402,2482,-1,2482,2402,2451,-1,2482,2451,2483,-1,2483,2451,2453,-1,2399,2452,2400,-1,2400,2452,2451,-1,2400,2451,2401,-1,2401,2451,2402,-1,2399,2398,2452,-1,2452,2398,2448,-1,2452,2448,2484,-1,2484,2448,2450,-1,2398,2397,2448,-1,2448,2397,2396,-1,2448,2396,2449,-1,2449,2396,2395,-1,2449,2395,2486,-1,2392,2488,2393,-1,2393,2488,2486,-1,2393,2486,2394,-1,2394,2486,2395,-1,2392,2391,2488,-1,2488,2391,2445,-1,2488,2445,2489,-1,2489,2445,2447,-1,2391,2390,2445,-1,2445,2390,2389,-1,2445,2389,2446,-1,2446,2389,2388,-1,2446,2388,2491,-1,2491,2388,2387,-1,2387,2386,2491,-1,2491,2386,2385,-1,2491,2385,2493,-1,2493,2385,2384,-1,2493,2384,2495,-1,2495,2384,2383,-1,2383,2382,2495,-1,2495,2382,2442,-1,2495,2442,2496,-1,2496,2442,2444,-1,2379,2443,2380,-1,2380,2443,2442,-1,2380,2442,2381,-1,2381,2442,2382,-1,2379,2378,2443,-1,2443,2378,2439,-1,2443,2439,2497,-1,2497,2439,2441,-1,2378,2377,2439,-1,2439,2377,2376,-1,2439,2376,2440,-1,2440,2376,2375,-1,2440,2375,2499,-1,2372,2501,2373,-1,2373,2501,2499,-1,2373,2499,2374,-1,2374,2499,2375,-1,2372,2371,2501,-1,2501,2371,2436,-1,2501,2436,2502,-1,2502,2436,2438,-1,2368,2437,2369,-1,2369,2437,2436,-1,2369,2436,2370,-1,2370,2436,2371,-1,2368,2367,2437,-1,2437,2367,2433,-1,2437,2433,2503,-1,2503,2433,2435,-1,2367,2366,2433,-1,2433,2366,2365,-1,2433,2365,2434,-1,2434,2365,2364,-1,2434,2364,2505,-1,2361,2507,2362,-1,2362,2507,2505,-1,2362,2505,2363,-1,2363,2505,2364,-1,2361,2360,2507,-1,2507,2360,2430,-1,2507,2430,2508,-1,2508,2430,2432,-1,2360,2359,2430,-1,2430,2359,2358,-1,2430,2358,2431,-1,2431,2358,2357,-1,2431,2357,2510,-1,2510,2357,2356,-1,2352,2514,2353,-1,2353,2514,2512,-1,2353,2512,2354,-1,2354,2512,2510,-1,2354,2510,2355,-1,2355,2510,2356,-1,2352,2351,2514,-1,2514,2351,2427,-1,2514,2427,2515,-1,2515,2427,2429,-1,2348,2428,2349,-1,2349,2428,2427,-1,2349,2427,2350,-1,2350,2427,2351,-1,2348,2347,2428,-1,2428,2347,2424,-1,2428,2424,2516,-1,2516,2424,2426,-1,2347,2346,2424,-1,2424,2346,2345,-1,2424,2345,2425,-1,2425,2345,2344,-1,2425,2344,2518,-1,2341,2520,2342,-1,2342,2520,2518,-1,2342,2518,2343,-1,2343,2518,2344,-1,2341,2340,2520,-1,2520,2340,2421,-1,2520,2421,2521,-1,2521,2421,2423,-1,2340,2339,2421,-1,2421,2339,2338,-1,2421,2338,2422,-1,2422,2338,2337,-1,2422,2337,2523,-1,2523,2337,2336,-1,2336,2335,2523,-1,2523,2335,2334,-1,2523,2334,2525,-1,2525,2334,2333,-1,2525,2333,2527,-1,2330,2529,2331,-1,2331,2529,2527,-1,2331,2527,2332,-1,2332,2527,2333,-1,2330,2329,2529,-1,2529,2329,2465,-1,2529,2465,2530,-1,2530,2465,2464,-1,2325,2460,2326,-1,2326,2460,2462,-1,2326,2462,2327,-1,2327,2462,2465,-1,2327,2465,2328,-1,2328,2465,2329,-1,2531,2532,2533,-1,2533,2532,2534,-1,2535,2536,2537,-1,2537,2536,2538,-1,2539,2540,2541,-1,2542,2543,2544,-1,2544,2543,2545,-1,2546,2547,2548,-1,2548,2547,2549,-1,2550,2551,2552,-1,2553,2554,2555,-1,2556,2550,2557,-1,2557,2550,2552,-1,2557,2552,2558,-1,2558,2552,2559,-1,2547,2560,2549,-1,2549,2560,2561,-1,2549,2561,2559,-1,2559,2561,2562,-1,2559,2562,2558,-1,2546,2548,2563,-1,2563,2548,2564,-1,2563,2564,2565,-1,2565,2564,2566,-1,2565,2566,2567,-1,2568,2569,2570,-1,2570,2569,2571,-1,2570,2571,2566,-1,2566,2571,2572,-1,2566,2572,2567,-1,2543,2573,2545,-1,2545,2573,2574,-1,2545,2574,2568,-1,2568,2574,2575,-1,2568,2575,2569,-1,2542,2544,2576,-1,2576,2544,2577,-1,2576,2577,2578,-1,2578,2577,2579,-1,2578,2579,2580,-1,2580,2579,2581,-1,2581,2579,2582,-1,2581,2582,2583,-1,2583,2582,2584,-1,2584,2582,2585,-1,2584,2585,2586,-1,2586,2585,2587,-1,2587,2585,2588,-1,2587,2588,2589,-1,2589,2588,2590,-1,2590,2588,2591,-1,2590,2591,2592,-1,2592,2591,2593,-1,2592,2593,2594,-1,2595,2596,2597,-1,2597,2596,2598,-1,2597,2598,2593,-1,2593,2598,2599,-1,2593,2599,2594,-1,2600,2601,2595,-1,2595,2601,2602,-1,2595,2602,2596,-1,2603,2604,2600,-1,2600,2604,2605,-1,2600,2605,2601,-1,2606,2607,2608,-1,2608,2607,2609,-1,2608,2609,2603,-1,2603,2609,2610,-1,2603,2610,2604,-1,2611,2612,2606,-1,2606,2612,2613,-1,2606,2613,2607,-1,2614,2615,2611,-1,2611,2615,2616,-1,2611,2616,2612,-1,2541,2617,2539,-1,2539,2617,2618,-1,2539,2618,2614,-1,2614,2618,2619,-1,2614,2619,2615,-1,2620,2621,2622,-1,2622,2621,2623,-1,2622,2623,2540,-1,2540,2623,2624,-1,2540,2624,2541,-1,2625,2626,2620,-1,2620,2626,2627,-1,2620,2627,2621,-1,2536,2628,2538,-1,2538,2628,2629,-1,2538,2629,2625,-1,2625,2629,2630,-1,2625,2630,2626,-1,2535,2537,2631,-1,2631,2537,2632,-1,2631,2632,2633,-1,2633,2632,2634,-1,2633,2634,2635,-1,2636,2637,2638,-1,2638,2637,2639,-1,2638,2639,2634,-1,2634,2639,2640,-1,2634,2640,2635,-1,2532,2641,2534,-1,2534,2641,2642,-1,2534,2642,2636,-1,2636,2642,2643,-1,2636,2643,2637,-1,2531,2533,2644,-1,2644,2533,2645,-1,2644,2645,2646,-1,2646,2645,2647,-1,2646,2647,2648,-1,2648,2647,2649,-1,2649,2647,2650,-1,2649,2650,2651,-1,2651,2650,2652,-1,2652,2650,2653,-1,2652,2653,2654,-1,2654,2653,2655,-1,2655,2653,2656,-1,2655,2656,2657,-1,2657,2656,2658,-1,2658,2656,2659,-1,2658,2659,2660,-1,2660,2659,2661,-1,2660,2661,2662,-1,2663,2664,2665,-1,2665,2664,2666,-1,2665,2666,2661,-1,2661,2666,2667,-1,2661,2667,2662,-1,2668,2669,2670,-1,2670,2669,2671,-1,2670,2671,2663,-1,2663,2671,2672,-1,2663,2672,2664,-1,2668,2670,2673,-1,2673,2670,2674,-1,2673,2674,2675,-1,2675,2674,2676,-1,2675,2676,2677,-1,2677,2676,2678,-1,2677,2678,2679,-1,2554,2680,2555,-1,2555,2680,2681,-1,2555,2681,2678,-1,2678,2681,2682,-1,2678,2682,2679,-1,2463,2553,2464,-1,2464,2553,2555,-1,2464,2555,2530,-1,2530,2555,2678,-1,2530,2678,2528,-1,2528,2678,2676,-1,2528,2676,2526,-1,2526,2676,2674,-1,2526,2674,2524,-1,2524,2674,2670,-1,2524,2670,2522,-1,2522,2670,2663,-1,2522,2663,2423,-1,2423,2663,2665,-1,2423,2665,2521,-1,2521,2665,2661,-1,2521,2661,2519,-1,2519,2661,2659,-1,2519,2659,2517,-1,2517,2659,2656,-1,2517,2656,2426,-1,2426,2656,2653,-1,2426,2653,2516,-1,2516,2653,2650,-1,2516,2650,2429,-1,2429,2650,2647,-1,2429,2647,2515,-1,2515,2647,2645,-1,2515,2645,2513,-1,2513,2645,2533,-1,2513,2533,2511,-1,2511,2533,2534,-1,2511,2534,2509,-1,2509,2534,2636,-1,2509,2636,2432,-1,2432,2636,2638,-1,2432,2638,2508,-1,2508,2638,2634,-1,2508,2634,2506,-1,2506,2634,2632,-1,2506,2632,2504,-1,2504,2632,2537,-1,2504,2537,2435,-1,2435,2537,2538,-1,2435,2538,2503,-1,2503,2538,2625,-1,2503,2625,2438,-1,2438,2625,2620,-1,2438,2620,2502,-1,2502,2620,2622,-1,2502,2622,2500,-1,2500,2622,2540,-1,2500,2540,2498,-1,2498,2540,2539,-1,2498,2539,2441,-1,2441,2539,2614,-1,2441,2614,2497,-1,2497,2614,2611,-1,2497,2611,2444,-1,2444,2611,2606,-1,2444,2606,2496,-1,2496,2606,2608,-1,2496,2608,2494,-1,2494,2608,2603,-1,2494,2603,2492,-1,2492,2603,2600,-1,2492,2600,2490,-1,2490,2600,2595,-1,2490,2595,2447,-1,2447,2595,2597,-1,2447,2597,2489,-1,2489,2597,2593,-1,2489,2593,2487,-1,2487,2593,2591,-1,2487,2591,2485,-1,2485,2591,2588,-1,2485,2588,2450,-1,2450,2588,2585,-1,2450,2585,2484,-1,2484,2585,2582,-1,2484,2582,2453,-1,2453,2582,2579,-1,2453,2579,2483,-1,2483,2579,2577,-1,2483,2577,2481,-1,2481,2577,2544,-1,2481,2544,2479,-1,2479,2544,2545,-1,2479,2545,2477,-1,2477,2545,2568,-1,2477,2568,2456,-1,2456,2568,2570,-1,2456,2570,2476,-1,2476,2570,2566,-1,2476,2566,2474,-1,2474,2566,2564,-1,2474,2564,2472,-1,2472,2564,2548,-1,2472,2548,2470,-1,2470,2548,2549,-1,2470,2549,2468,-1,2468,2549,2559,-1,2468,2559,2467,-1,2467,2559,2552,-1,2467,2552,2466,-1,2466,2552,2551,-1,2680,2683,2681,-1,2681,2683,2684,-1,2681,2684,2682,-1,2682,2684,2685,-1,2682,2685,2679,-1,2679,2685,2686,-1,2679,2686,2677,-1,2677,2686,2687,-1,2677,2687,2675,-1,2687,2688,2675,-1,2675,2688,2689,-1,2675,2689,2673,-1,2673,2689,2690,-1,2673,2690,2668,-1,2668,2690,2669,-1,2669,2690,2691,-1,2669,2691,2671,-1,2671,2691,2692,-1,2671,2692,2672,-1,2672,2692,2693,-1,2672,2693,2664,-1,2664,2693,2694,-1,2664,2694,2666,-1,2666,2694,2695,-1,2666,2695,2667,-1,2667,2695,2696,-1,2667,2696,2662,-1,2662,2696,2697,-1,2662,2697,2660,-1,2660,2697,2698,-1,2660,2698,2658,-1,2658,2698,2699,-1,2658,2699,2657,-1,2657,2699,2700,-1,2657,2700,2655,-1,2655,2700,2701,-1,2655,2701,2654,-1,2654,2701,2702,-1,2654,2702,2652,-1,2652,2702,2703,-1,2652,2703,2651,-1,2651,2703,2704,-1,2651,2704,2649,-1,2649,2704,2705,-1,2649,2705,2648,-1,2648,2705,2706,-1,2648,2706,2646,-1,2646,2706,2707,-1,2646,2707,2644,-1,2644,2707,2708,-1,2644,2708,2531,-1,2531,2708,2709,-1,2531,2709,2532,-1,2532,2709,2710,-1,2532,2710,2641,-1,2641,2710,2711,-1,2641,2711,2642,-1,2642,2711,2712,-1,2642,2712,2643,-1,2643,2712,2713,-1,2643,2713,2637,-1,2637,2713,2714,-1,2637,2714,2639,-1,2639,2714,2715,-1,2639,2715,2640,-1,2640,2715,2716,-1,2640,2716,2635,-1,2635,2716,2717,-1,2635,2717,2633,-1,2633,2717,2718,-1,2633,2718,2631,-1,2631,2718,2719,-1,2631,2719,2535,-1,2535,2719,2720,-1,2535,2720,2536,-1,2536,2720,2721,-1,2536,2721,2628,-1,2628,2721,2722,-1,2628,2722,2629,-1,2629,2722,2723,-1,2629,2723,2630,-1,2630,2723,2724,-1,2630,2724,2626,-1,2626,2724,2725,-1,2626,2725,2627,-1,2627,2725,2726,-1,2627,2726,2621,-1,2621,2726,2727,-1,2621,2727,2623,-1,2623,2727,2728,-1,2623,2728,2624,-1,2624,2728,2729,-1,2624,2729,2541,-1,2541,2729,2730,-1,2541,2730,2617,-1,2617,2730,2731,-1,2617,2731,2618,-1,2618,2731,2732,-1,2618,2732,2619,-1,2619,2732,2733,-1,2619,2733,2615,-1,2615,2733,2734,-1,2615,2734,2616,-1,2616,2734,2735,-1,2616,2735,2612,-1,2612,2735,2736,-1,2612,2736,2613,-1,2613,2736,2737,-1,2613,2737,2607,-1,2607,2737,2738,-1,2607,2738,2609,-1,2609,2738,2739,-1,2609,2739,2610,-1,2610,2739,2740,-1,2610,2740,2604,-1,2604,2740,2741,-1,2604,2741,2605,-1,2605,2741,2742,-1,2605,2742,2601,-1,2601,2742,2743,-1,2601,2743,2602,-1,2602,2743,2744,-1,2602,2744,2596,-1,2596,2744,2745,-1,2596,2745,2598,-1,2598,2745,2746,-1,2598,2746,2599,-1,2599,2746,2747,-1,2599,2747,2594,-1,2594,2747,2748,-1,2594,2748,2592,-1,2592,2748,2749,-1,2592,2749,2590,-1,2590,2749,2750,-1,2590,2750,2589,-1,2589,2750,2751,-1,2589,2751,2587,-1,2587,2751,2752,-1,2587,2752,2586,-1,2586,2752,2753,-1,2586,2753,2584,-1,2584,2753,2754,-1,2584,2754,2583,-1,2583,2754,2755,-1,2583,2755,2581,-1,2581,2755,2756,-1,2581,2756,2580,-1,2580,2756,2757,-1,2580,2757,2578,-1,2578,2757,2758,-1,2578,2758,2576,-1,2576,2758,2759,-1,2576,2759,2542,-1,2542,2759,2760,-1,2542,2760,2543,-1,2543,2760,2761,-1,2543,2761,2573,-1,2573,2761,2762,-1,2573,2762,2574,-1,2574,2762,2763,-1,2574,2763,2575,-1,2575,2763,2764,-1,2575,2764,2569,-1,2569,2764,2765,-1,2569,2765,2571,-1,2571,2765,2766,-1,2571,2766,2572,-1,2572,2766,2767,-1,2572,2767,2567,-1,2567,2767,2768,-1,2567,2768,2565,-1,2565,2768,2769,-1,2565,2769,2563,-1,2563,2769,2770,-1,2563,2770,2546,-1,2770,2771,2546,-1,2546,2771,2772,-1,2546,2772,2547,-1,2547,2772,2773,-1,2774,2556,2775,-1,2775,2556,2557,-1,2775,2557,2776,-1,2776,2557,2558,-1,2776,2558,2777,-1,2777,2558,2562,-1,2777,2562,2778,-1,2778,2562,2561,-1,2778,2561,2773,-1,2773,2561,2560,-1,2773,2560,2547,-1,2779,2780,2781,-1,2782,2783,2784,-1,2785,2786,2787,-1,2788,2789,2790,-1,2791,2792,2793,-1,2794,2795,2796,-1,2797,2798,2799,-1,2800,2801,2802,-1,2803,2804,2805,-1,2806,2807,2808,-1,2809,2810,2811,-1,2812,2813,2814,-1,2815,2816,2817,-1,2818,2819,2820,-1,2819,2821,2820,-1,2820,2821,2822,-1,2820,2822,2823,-1,2824,2815,2825,-1,2825,2815,2817,-1,2825,2817,2826,-1,2826,2817,2827,-1,2826,2827,2828,-1,2828,2827,2829,-1,2828,2829,2830,-1,2830,2829,2831,-1,2830,2831,2832,-1,2832,2831,2833,-1,2832,2833,2834,-1,2814,2813,2835,-1,2835,2813,2836,-1,2835,2836,2837,-1,2837,2836,2838,-1,2837,2838,2839,-1,2839,2838,2840,-1,2839,2840,2841,-1,2811,2810,2842,-1,2808,2807,2843,-1,2843,2807,2844,-1,2843,2844,2845,-1,2845,2844,2846,-1,2845,2846,2847,-1,2805,2804,2848,-1,2848,2804,2849,-1,2848,2849,2850,-1,2850,2849,2851,-1,2850,2851,2852,-1,2852,2851,2853,-1,2852,2853,2854,-1,2802,2801,2855,-1,2799,2798,2856,-1,2856,2798,2857,-1,2856,2857,2858,-1,2858,2857,2859,-1,2858,2859,2860,-1,2796,2795,2861,-1,2793,2792,2862,-1,2862,2792,2863,-1,2862,2863,2864,-1,2864,2863,2865,-1,2864,2865,2866,-1,2790,2789,2867,-1,2867,2789,2868,-1,2867,2868,2869,-1,2869,2868,2870,-1,2869,2870,2871,-1,2871,2870,2872,-1,2871,2872,2873,-1,2787,2786,2874,-1,2784,2783,2875,-1,2875,2783,2876,-1,2875,2876,2877,-1,2877,2876,2878,-1,2877,2878,2879,-1,2781,2780,2880,-1,2880,2780,2881,-1,2880,2881,2882,-1,2882,2881,2883,-1,2882,2883,2884,-1,2884,2883,2885,-1,2884,2885,2886,-1,2886,2885,2887,-1,2886,2887,2888,-1,2816,2774,2817,-1,2817,2774,2775,-1,2817,2775,2827,-1,2827,2775,2776,-1,2776,2777,2827,-1,2827,2777,2778,-1,2827,2778,2829,-1,2829,2778,2773,-1,2829,2773,2831,-1,2831,2773,2772,-1,2831,2772,2833,-1,2833,2772,2771,-1,2833,2771,2770,-1,2770,2769,2833,-1,2833,2769,2812,-1,2833,2812,2834,-1,2834,2812,2814,-1,2769,2768,2812,-1,2812,2768,2767,-1,2812,2767,2813,-1,2813,2767,2766,-1,2813,2766,2836,-1,2836,2766,2765,-1,2761,2840,2762,-1,2762,2840,2838,-1,2762,2838,2763,-1,2763,2838,2836,-1,2763,2836,2764,-1,2764,2836,2765,-1,2761,2760,2840,-1,2840,2760,2809,-1,2840,2809,2841,-1,2841,2809,2811,-1,2757,2810,2758,-1,2758,2810,2809,-1,2758,2809,2759,-1,2759,2809,2760,-1,2757,2756,2810,-1,2810,2756,2806,-1,2810,2806,2842,-1,2842,2806,2808,-1,2756,2755,2806,-1,2806,2755,2754,-1,2806,2754,2807,-1,2807,2754,2753,-1,2807,2753,2844,-1,2750,2846,2751,-1,2751,2846,2844,-1,2751,2844,2752,-1,2752,2844,2753,-1,2750,2749,2846,-1,2846,2749,2803,-1,2846,2803,2847,-1,2847,2803,2805,-1,2749,2748,2803,-1,2803,2748,2747,-1,2803,2747,2804,-1,2804,2747,2746,-1,2804,2746,2849,-1,2849,2746,2745,-1,2745,2744,2849,-1,2849,2744,2743,-1,2849,2743,2851,-1,2851,2743,2742,-1,2851,2742,2853,-1,2853,2742,2741,-1,2741,2740,2853,-1,2853,2740,2800,-1,2853,2800,2854,-1,2854,2800,2802,-1,2737,2801,2738,-1,2738,2801,2800,-1,2738,2800,2739,-1,2739,2800,2740,-1,2737,2736,2801,-1,2801,2736,2797,-1,2801,2797,2855,-1,2855,2797,2799,-1,2736,2735,2797,-1,2797,2735,2734,-1,2797,2734,2798,-1,2798,2734,2733,-1,2798,2733,2857,-1,2730,2859,2731,-1,2731,2859,2857,-1,2731,2857,2732,-1,2732,2857,2733,-1,2730,2729,2859,-1,2859,2729,2794,-1,2859,2794,2860,-1,2860,2794,2796,-1,2726,2795,2727,-1,2727,2795,2794,-1,2727,2794,2728,-1,2728,2794,2729,-1,2726,2725,2795,-1,2795,2725,2791,-1,2795,2791,2861,-1,2861,2791,2793,-1,2725,2724,2791,-1,2791,2724,2723,-1,2791,2723,2792,-1,2792,2723,2722,-1,2792,2722,2863,-1,2719,2865,2720,-1,2720,2865,2863,-1,2720,2863,2721,-1,2721,2863,2722,-1,2719,2718,2865,-1,2865,2718,2788,-1,2865,2788,2866,-1,2866,2788,2790,-1,2718,2717,2788,-1,2788,2717,2716,-1,2788,2716,2789,-1,2789,2716,2715,-1,2789,2715,2868,-1,2868,2715,2714,-1,2710,2872,2711,-1,2711,2872,2870,-1,2711,2870,2712,-1,2712,2870,2868,-1,2712,2868,2713,-1,2713,2868,2714,-1,2710,2709,2872,-1,2872,2709,2785,-1,2872,2785,2873,-1,2873,2785,2787,-1,2706,2786,2707,-1,2707,2786,2785,-1,2707,2785,2708,-1,2708,2785,2709,-1,2706,2705,2786,-1,2786,2705,2782,-1,2786,2782,2874,-1,2874,2782,2784,-1,2705,2704,2782,-1,2782,2704,2703,-1,2782,2703,2783,-1,2783,2703,2702,-1,2783,2702,2876,-1,2699,2878,2700,-1,2700,2878,2876,-1,2700,2876,2701,-1,2701,2876,2702,-1,2699,2698,2878,-1,2878,2698,2779,-1,2878,2779,2879,-1,2879,2779,2781,-1,2698,2697,2779,-1,2779,2697,2696,-1,2779,2696,2780,-1,2780,2696,2695,-1,2780,2695,2881,-1,2881,2695,2694,-1,2694,2693,2881,-1,2881,2693,2692,-1,2881,2692,2883,-1,2883,2692,2691,-1,2883,2691,2885,-1,2688,2887,2689,-1,2689,2887,2885,-1,2689,2885,2690,-1,2690,2885,2691,-1,2688,2687,2887,-1,2887,2687,2823,-1,2887,2823,2888,-1,2888,2823,2822,-1,2683,2818,2684,-1,2684,2818,2820,-1,2684,2820,2685,-1,2685,2820,2823,-1,2685,2823,2686,-1,2686,2823,2687,-1,2889,2890,2891,-1,2891,2890,2892,-1,2893,2894,2895,-1,2895,2894,2896,-1,2897,2898,2899,-1,2900,2901,2902,-1,2902,2901,2903,-1,2904,2905,2906,-1,2906,2905,2907,-1,2908,2909,2910,-1,2911,2912,2913,-1,2914,2908,2915,-1,2915,2908,2910,-1,2915,2910,2916,-1,2916,2910,2917,-1,2905,2918,2907,-1,2907,2918,2919,-1,2907,2919,2917,-1,2917,2919,2920,-1,2917,2920,2916,-1,2904,2906,2921,-1,2921,2906,2922,-1,2921,2922,2923,-1,2923,2922,2924,-1,2923,2924,2925,-1,2926,2927,2928,-1,2928,2927,2929,-1,2928,2929,2924,-1,2924,2929,2930,-1,2924,2930,2925,-1,2901,2931,2903,-1,2903,2931,2932,-1,2903,2932,2926,-1,2926,2932,2933,-1,2926,2933,2927,-1,2900,2902,2934,-1,2934,2902,2935,-1,2934,2935,2936,-1,2936,2935,2937,-1,2936,2937,2938,-1,2938,2937,2939,-1,2939,2937,2940,-1,2939,2940,2941,-1,2941,2940,2942,-1,2942,2940,2943,-1,2942,2943,2944,-1,2944,2943,2945,-1,2945,2943,2946,-1,2945,2946,2947,-1,2947,2946,2948,-1,2948,2946,2949,-1,2948,2949,2950,-1,2950,2949,2951,-1,2950,2951,2952,-1,2953,2954,2955,-1,2955,2954,2956,-1,2955,2956,2951,-1,2951,2956,2957,-1,2951,2957,2952,-1,2958,2959,2953,-1,2953,2959,2960,-1,2953,2960,2954,-1,2961,2962,2958,-1,2958,2962,2963,-1,2958,2963,2959,-1,2964,2965,2966,-1,2966,2965,2967,-1,2966,2967,2961,-1,2961,2967,2968,-1,2961,2968,2962,-1,2969,2970,2964,-1,2964,2970,2971,-1,2964,2971,2965,-1,2972,2973,2969,-1,2969,2973,2974,-1,2969,2974,2970,-1,2899,2975,2897,-1,2897,2975,2976,-1,2897,2976,2972,-1,2972,2976,2977,-1,2972,2977,2973,-1,2978,2979,2980,-1,2980,2979,2981,-1,2980,2981,2898,-1,2898,2981,2982,-1,2898,2982,2899,-1,2983,2984,2978,-1,2978,2984,2985,-1,2978,2985,2979,-1,2894,2986,2896,-1,2896,2986,2987,-1,2896,2987,2983,-1,2983,2987,2988,-1,2983,2988,2984,-1,2893,2895,2989,-1,2989,2895,2990,-1,2989,2990,2991,-1,2991,2990,2992,-1,2991,2992,2993,-1,2994,2995,2996,-1,2996,2995,2997,-1,2996,2997,2992,-1,2992,2997,2998,-1,2992,2998,2993,-1,2890,2999,2892,-1,2892,2999,3000,-1,2892,3000,2994,-1,2994,3000,3001,-1,2994,3001,2995,-1,2889,2891,3002,-1,3002,2891,3003,-1,3002,3003,3004,-1,3004,3003,3005,-1,3004,3005,3006,-1,3006,3005,3007,-1,3007,3005,3008,-1,3007,3008,3009,-1,3009,3008,3010,-1,3010,3008,3011,-1,3010,3011,3012,-1,3012,3011,3013,-1,3013,3011,3014,-1,3013,3014,3015,-1,3015,3014,3016,-1,3016,3014,3017,-1,3016,3017,3018,-1,3018,3017,3019,-1,3018,3019,3020,-1,3021,3022,3023,-1,3023,3022,3024,-1,3023,3024,3019,-1,3019,3024,3025,-1,3019,3025,3020,-1,3026,3027,3028,-1,3028,3027,3029,-1,3028,3029,3021,-1,3021,3029,3030,-1,3021,3030,3022,-1,3026,3028,3031,-1,3031,3028,3032,-1,3031,3032,3033,-1,3033,3032,3034,-1,3033,3034,3035,-1,3035,3034,3036,-1,3035,3036,3037,-1,2912,3038,2913,-1,2913,3038,3039,-1,2913,3039,3036,-1,3036,3039,3040,-1,3036,3040,3037,-1,2821,2911,2822,-1,2822,2911,2913,-1,2822,2913,2888,-1,2888,2913,3036,-1,2888,3036,2886,-1,2886,3036,3034,-1,2886,3034,2884,-1,2884,3034,3032,-1,2884,3032,2882,-1,2882,3032,3028,-1,2882,3028,2880,-1,2880,3028,3021,-1,2880,3021,2781,-1,2781,3021,3023,-1,2781,3023,2879,-1,2879,3023,3019,-1,2879,3019,2877,-1,2877,3019,3017,-1,2877,3017,2875,-1,2875,3017,3014,-1,2875,3014,2784,-1,2784,3014,3011,-1,2784,3011,2874,-1,2874,3011,3008,-1,2874,3008,2787,-1,2787,3008,3005,-1,2787,3005,2873,-1,2873,3005,3003,-1,2873,3003,2871,-1,2871,3003,2891,-1,2871,2891,2869,-1,2869,2891,2892,-1,2869,2892,2867,-1,2867,2892,2994,-1,2867,2994,2790,-1,2790,2994,2996,-1,2790,2996,2866,-1,2866,2996,2992,-1,2866,2992,2864,-1,2864,2992,2990,-1,2864,2990,2862,-1,2862,2990,2895,-1,2862,2895,2793,-1,2793,2895,2896,-1,2793,2896,2861,-1,2861,2896,2983,-1,2861,2983,2796,-1,2796,2983,2978,-1,2796,2978,2860,-1,2860,2978,2980,-1,2860,2980,2858,-1,2858,2980,2898,-1,2858,2898,2856,-1,2856,2898,2897,-1,2856,2897,2799,-1,2799,2897,2972,-1,2799,2972,2855,-1,2855,2972,2969,-1,2855,2969,2802,-1,2802,2969,2964,-1,2802,2964,2854,-1,2854,2964,2966,-1,2854,2966,2852,-1,2852,2966,2961,-1,2852,2961,2850,-1,2850,2961,2958,-1,2850,2958,2848,-1,2848,2958,2953,-1,2848,2953,2805,-1,2805,2953,2955,-1,2805,2955,2847,-1,2847,2955,2951,-1,2847,2951,2845,-1,2845,2951,2949,-1,2845,2949,2843,-1,2843,2949,2946,-1,2843,2946,2808,-1,2808,2946,2943,-1,2808,2943,2842,-1,2842,2943,2940,-1,2842,2940,2811,-1,2811,2940,2937,-1,2811,2937,2841,-1,2841,2937,2935,-1,2841,2935,2839,-1,2839,2935,2902,-1,2839,2902,2837,-1,2837,2902,2903,-1,2837,2903,2835,-1,2835,2903,2926,-1,2835,2926,2814,-1,2814,2926,2928,-1,2814,2928,2834,-1,2834,2928,2924,-1,2834,2924,2832,-1,2832,2924,2922,-1,2832,2922,2830,-1,2830,2922,2906,-1,2830,2906,2828,-1,2828,2906,2907,-1,2828,2907,2826,-1,2826,2907,2917,-1,2826,2917,2825,-1,2825,2917,2910,-1,2825,2910,2824,-1,2824,2910,2909,-1,3038,3041,3039,-1,3039,3041,3042,-1,3039,3042,3040,-1,3040,3042,3043,-1,3040,3043,3037,-1,3037,3043,3044,-1,3037,3044,3035,-1,3035,3044,3045,-1,3035,3045,3033,-1,3045,3046,3033,-1,3033,3046,3047,-1,3033,3047,3031,-1,3031,3047,3048,-1,3031,3048,3026,-1,3026,3048,3027,-1,3027,3048,3049,-1,3027,3049,3029,-1,3029,3049,3050,-1,3029,3050,3030,-1,3030,3050,3051,-1,3030,3051,3022,-1,3022,3051,3052,-1,3022,3052,3024,-1,3024,3052,3053,-1,3024,3053,3025,-1,3025,3053,3054,-1,3025,3054,3020,-1,3020,3054,3055,-1,3020,3055,3018,-1,3018,3055,3056,-1,3018,3056,3016,-1,3016,3056,3057,-1,3016,3057,3015,-1,3015,3057,3058,-1,3015,3058,3013,-1,3013,3058,3059,-1,3013,3059,3012,-1,3012,3059,3060,-1,3012,3060,3010,-1,3010,3060,3061,-1,3010,3061,3009,-1,3009,3061,3062,-1,3009,3062,3007,-1,3007,3062,3063,-1,3007,3063,3006,-1,3006,3063,3064,-1,3006,3064,3004,-1,3004,3064,3065,-1,3004,3065,3002,-1,3002,3065,3066,-1,3002,3066,2889,-1,2889,3066,3067,-1,2889,3067,2890,-1,2890,3067,3068,-1,2890,3068,2999,-1,2999,3068,3069,-1,2999,3069,3000,-1,3000,3069,3070,-1,3000,3070,3001,-1,3001,3070,3071,-1,3001,3071,2995,-1,2995,3071,3072,-1,2995,3072,2997,-1,2997,3072,3073,-1,2997,3073,2998,-1,2998,3073,3074,-1,2998,3074,2993,-1,2993,3074,3075,-1,2993,3075,2991,-1,2991,3075,3076,-1,2991,3076,2989,-1,2989,3076,3077,-1,2989,3077,2893,-1,2893,3077,3078,-1,2893,3078,2894,-1,2894,3078,3079,-1,2894,3079,2986,-1,2986,3079,3080,-1,2986,3080,2987,-1,2987,3080,3081,-1,2987,3081,2988,-1,2988,3081,3082,-1,2988,3082,2984,-1,2984,3082,3083,-1,2984,3083,2985,-1,2985,3083,3084,-1,2985,3084,2979,-1,2979,3084,3085,-1,2979,3085,2981,-1,2981,3085,3086,-1,2981,3086,2982,-1,2982,3086,3087,-1,2982,3087,2899,-1,2899,3087,3088,-1,2899,3088,2975,-1,2975,3088,3089,-1,2975,3089,2976,-1,2976,3089,3090,-1,2976,3090,2977,-1,2977,3090,3091,-1,2977,3091,2973,-1,2973,3091,3092,-1,2973,3092,2974,-1,2974,3092,3093,-1,2974,3093,2970,-1,2970,3093,3094,-1,2970,3094,2971,-1,2971,3094,3095,-1,2971,3095,2965,-1,2965,3095,3096,-1,2965,3096,2967,-1,2967,3096,3097,-1,2967,3097,2968,-1,2968,3097,3098,-1,2968,3098,2962,-1,2962,3098,3099,-1,2962,3099,2963,-1,2963,3099,3100,-1,2963,3100,2959,-1,2959,3100,3101,-1,2959,3101,2960,-1,2960,3101,3102,-1,2960,3102,2954,-1,2954,3102,3103,-1,2954,3103,2956,-1,2956,3103,3104,-1,2956,3104,2957,-1,2957,3104,3105,-1,2957,3105,2952,-1,2952,3105,3106,-1,2952,3106,2950,-1,2950,3106,3107,-1,2950,3107,2948,-1,2948,3107,3108,-1,2948,3108,2947,-1,2947,3108,3109,-1,2947,3109,2945,-1,2945,3109,3110,-1,2945,3110,2944,-1,2944,3110,3111,-1,2944,3111,2942,-1,2942,3111,3112,-1,2942,3112,2941,-1,2941,3112,3113,-1,2941,3113,2939,-1,2939,3113,3114,-1,2939,3114,2938,-1,2938,3114,3115,-1,2938,3115,2936,-1,2936,3115,3116,-1,2936,3116,2934,-1,2934,3116,3117,-1,2934,3117,2900,-1,2900,3117,3118,-1,2900,3118,2901,-1,2901,3118,3119,-1,2901,3119,2931,-1,2931,3119,3120,-1,2931,3120,2932,-1,2932,3120,3121,-1,2932,3121,2933,-1,2933,3121,3122,-1,2933,3122,2927,-1,2927,3122,3123,-1,2927,3123,2929,-1,2929,3123,3124,-1,2929,3124,2930,-1,2930,3124,3125,-1,2930,3125,2925,-1,2925,3125,3126,-1,2925,3126,2923,-1,2923,3126,3127,-1,2923,3127,2921,-1,2921,3127,3128,-1,2921,3128,2904,-1,3128,3129,2904,-1,2904,3129,3130,-1,2904,3130,2905,-1,2905,3130,3131,-1,3132,2914,3133,-1,3133,2914,2915,-1,3133,2915,3134,-1,3134,2915,2916,-1,3134,2916,3135,-1,3135,2916,2920,-1,3135,2920,3136,-1,3136,2920,2919,-1,3136,2919,3131,-1,3131,2919,2918,-1,3131,2918,2905,-1,3137,3138,3139,-1,3140,3141,3142,-1,3143,3144,3145,-1,3146,3147,3148,-1,3149,3150,3151,-1,3152,3153,3154,-1,3155,3156,3157,-1,3158,3159,3160,-1,3161,3162,3163,-1,3164,3165,3166,-1,3167,3168,3169,-1,3170,3171,3172,-1,3173,3174,3175,-1,3176,3177,3178,-1,3177,3179,3178,-1,3178,3179,3180,-1,3178,3180,3181,-1,3182,3173,3183,-1,3183,3173,3175,-1,3183,3175,3184,-1,3184,3175,3185,-1,3184,3185,3186,-1,3186,3185,3187,-1,3186,3187,3188,-1,3188,3187,3189,-1,3188,3189,3190,-1,3190,3189,3191,-1,3190,3191,3192,-1,3172,3171,3193,-1,3193,3171,3194,-1,3193,3194,3195,-1,3195,3194,3196,-1,3195,3196,3197,-1,3197,3196,3198,-1,3197,3198,3199,-1,3169,3168,3200,-1,3166,3165,3201,-1,3201,3165,3202,-1,3201,3202,3203,-1,3203,3202,3204,-1,3203,3204,3205,-1,3163,3162,3206,-1,3206,3162,3207,-1,3206,3207,3208,-1,3208,3207,3209,-1,3208,3209,3210,-1,3210,3209,3211,-1,3210,3211,3212,-1,3160,3159,3213,-1,3157,3156,3214,-1,3214,3156,3215,-1,3214,3215,3216,-1,3216,3215,3217,-1,3216,3217,3218,-1,3154,3153,3219,-1,3151,3150,3220,-1,3220,3150,3221,-1,3220,3221,3222,-1,3222,3221,3223,-1,3222,3223,3224,-1,3148,3147,3225,-1,3225,3147,3226,-1,3225,3226,3227,-1,3227,3226,3228,-1,3227,3228,3229,-1,3229,3228,3230,-1,3229,3230,3231,-1,3145,3144,3232,-1,3142,3141,3233,-1,3233,3141,3234,-1,3233,3234,3235,-1,3235,3234,3236,-1,3235,3236,3237,-1,3139,3138,3238,-1,3238,3138,3239,-1,3238,3239,3240,-1,3240,3239,3241,-1,3240,3241,3242,-1,3242,3241,3243,-1,3242,3243,3244,-1,3244,3243,3245,-1,3244,3245,3246,-1,3174,3132,3175,-1,3175,3132,3133,-1,3175,3133,3185,-1,3185,3133,3134,-1,3134,3135,3185,-1,3185,3135,3136,-1,3185,3136,3187,-1,3187,3136,3131,-1,3187,3131,3189,-1,3189,3131,3130,-1,3189,3130,3191,-1,3191,3130,3129,-1,3191,3129,3128,-1,3128,3127,3191,-1,3191,3127,3170,-1,3191,3170,3192,-1,3192,3170,3172,-1,3127,3126,3170,-1,3170,3126,3125,-1,3170,3125,3171,-1,3171,3125,3124,-1,3171,3124,3194,-1,3194,3124,3123,-1,3119,3198,3120,-1,3120,3198,3196,-1,3120,3196,3121,-1,3121,3196,3194,-1,3121,3194,3122,-1,3122,3194,3123,-1,3119,3118,3198,-1,3198,3118,3167,-1,3198,3167,3199,-1,3199,3167,3169,-1,3115,3168,3116,-1,3116,3168,3167,-1,3116,3167,3117,-1,3117,3167,3118,-1,3115,3114,3168,-1,3168,3114,3164,-1,3168,3164,3200,-1,3200,3164,3166,-1,3114,3113,3164,-1,3164,3113,3112,-1,3164,3112,3165,-1,3165,3112,3111,-1,3165,3111,3202,-1,3108,3204,3109,-1,3109,3204,3202,-1,3109,3202,3110,-1,3110,3202,3111,-1,3108,3107,3204,-1,3204,3107,3161,-1,3204,3161,3205,-1,3205,3161,3163,-1,3107,3106,3161,-1,3161,3106,3105,-1,3161,3105,3162,-1,3162,3105,3104,-1,3162,3104,3207,-1,3207,3104,3103,-1,3103,3102,3207,-1,3207,3102,3101,-1,3207,3101,3209,-1,3209,3101,3100,-1,3209,3100,3211,-1,3211,3100,3099,-1,3099,3098,3211,-1,3211,3098,3158,-1,3211,3158,3212,-1,3212,3158,3160,-1,3095,3159,3096,-1,3096,3159,3158,-1,3096,3158,3097,-1,3097,3158,3098,-1,3095,3094,3159,-1,3159,3094,3155,-1,3159,3155,3213,-1,3213,3155,3157,-1,3094,3093,3155,-1,3155,3093,3092,-1,3155,3092,3156,-1,3156,3092,3091,-1,3156,3091,3215,-1,3088,3217,3089,-1,3089,3217,3215,-1,3089,3215,3090,-1,3090,3215,3091,-1,3088,3087,3217,-1,3217,3087,3152,-1,3217,3152,3218,-1,3218,3152,3154,-1,3084,3153,3085,-1,3085,3153,3152,-1,3085,3152,3086,-1,3086,3152,3087,-1,3084,3083,3153,-1,3153,3083,3149,-1,3153,3149,3219,-1,3219,3149,3151,-1,3083,3082,3149,-1,3149,3082,3081,-1,3149,3081,3150,-1,3150,3081,3080,-1,3150,3080,3221,-1,3077,3223,3078,-1,3078,3223,3221,-1,3078,3221,3079,-1,3079,3221,3080,-1,3077,3076,3223,-1,3223,3076,3146,-1,3223,3146,3224,-1,3224,3146,3148,-1,3076,3075,3146,-1,3146,3075,3074,-1,3146,3074,3147,-1,3147,3074,3073,-1,3147,3073,3226,-1,3226,3073,3072,-1,3068,3230,3069,-1,3069,3230,3228,-1,3069,3228,3070,-1,3070,3228,3226,-1,3070,3226,3071,-1,3071,3226,3072,-1,3068,3067,3230,-1,3230,3067,3143,-1,3230,3143,3231,-1,3231,3143,3145,-1,3064,3144,3065,-1,3065,3144,3143,-1,3065,3143,3066,-1,3066,3143,3067,-1,3064,3063,3144,-1,3144,3063,3140,-1,3144,3140,3232,-1,3232,3140,3142,-1,3063,3062,3140,-1,3140,3062,3061,-1,3140,3061,3141,-1,3141,3061,3060,-1,3141,3060,3234,-1,3057,3236,3058,-1,3058,3236,3234,-1,3058,3234,3059,-1,3059,3234,3060,-1,3057,3056,3236,-1,3236,3056,3137,-1,3236,3137,3237,-1,3237,3137,3139,-1,3056,3055,3137,-1,3137,3055,3054,-1,3137,3054,3138,-1,3138,3054,3053,-1,3138,3053,3239,-1,3239,3053,3052,-1,3052,3051,3239,-1,3239,3051,3050,-1,3239,3050,3241,-1,3241,3050,3049,-1,3241,3049,3243,-1,3046,3245,3047,-1,3047,3245,3243,-1,3047,3243,3048,-1,3048,3243,3049,-1,3046,3045,3245,-1,3245,3045,3181,-1,3245,3181,3246,-1,3246,3181,3180,-1,3041,3176,3042,-1,3042,3176,3178,-1,3042,3178,3043,-1,3043,3178,3181,-1,3043,3181,3044,-1,3044,3181,3045,-1,3247,3248,3249,-1,3249,3248,3250,-1,3251,3252,3253,-1,3253,3252,3254,-1,3255,3256,3257,-1,3258,3259,3260,-1,3260,3259,3261,-1,3262,3263,3264,-1,3264,3263,3265,-1,3266,3267,3268,-1,3269,3270,3271,-1,3272,3266,3273,-1,3273,3266,3268,-1,3273,3268,3274,-1,3274,3268,3275,-1,3263,3276,3265,-1,3265,3276,3277,-1,3265,3277,3275,-1,3275,3277,3278,-1,3275,3278,3274,-1,3262,3264,3279,-1,3279,3264,3280,-1,3279,3280,3281,-1,3281,3280,3282,-1,3281,3282,3283,-1,3284,3285,3286,-1,3286,3285,3287,-1,3286,3287,3282,-1,3282,3287,3288,-1,3282,3288,3283,-1,3259,3289,3261,-1,3261,3289,3290,-1,3261,3290,3284,-1,3284,3290,3291,-1,3284,3291,3285,-1,3258,3260,3292,-1,3292,3260,3293,-1,3292,3293,3294,-1,3294,3293,3295,-1,3294,3295,3296,-1,3296,3295,3297,-1,3297,3295,3298,-1,3297,3298,3299,-1,3299,3298,3300,-1,3300,3298,3301,-1,3300,3301,3302,-1,3302,3301,3303,-1,3303,3301,3304,-1,3303,3304,3305,-1,3305,3304,3306,-1,3306,3304,3307,-1,3306,3307,3308,-1,3308,3307,3309,-1,3308,3309,3310,-1,3311,3312,3313,-1,3313,3312,3314,-1,3313,3314,3309,-1,3309,3314,3315,-1,3309,3315,3310,-1,3316,3317,3311,-1,3311,3317,3318,-1,3311,3318,3312,-1,3319,3320,3316,-1,3316,3320,3321,-1,3316,3321,3317,-1,3322,3323,3324,-1,3324,3323,3325,-1,3324,3325,3319,-1,3319,3325,3326,-1,3319,3326,3320,-1,3327,3328,3322,-1,3322,3328,3329,-1,3322,3329,3323,-1,3330,3331,3327,-1,3327,3331,3332,-1,3327,3332,3328,-1,3257,3333,3255,-1,3255,3333,3334,-1,3255,3334,3330,-1,3330,3334,3335,-1,3330,3335,3331,-1,3336,3337,3338,-1,3338,3337,3339,-1,3338,3339,3256,-1,3256,3339,3340,-1,3256,3340,3257,-1,3341,3342,3336,-1,3336,3342,3343,-1,3336,3343,3337,-1,3252,3344,3254,-1,3254,3344,3345,-1,3254,3345,3341,-1,3341,3345,3346,-1,3341,3346,3342,-1,3251,3253,3347,-1,3347,3253,3348,-1,3347,3348,3349,-1,3349,3348,3350,-1,3349,3350,3351,-1,3352,3353,3354,-1,3354,3353,3355,-1,3354,3355,3350,-1,3350,3355,3356,-1,3350,3356,3351,-1,3248,3357,3250,-1,3250,3357,3358,-1,3250,3358,3352,-1,3352,3358,3359,-1,3352,3359,3353,-1,3247,3249,3360,-1,3360,3249,3361,-1,3360,3361,3362,-1,3362,3361,3363,-1,3362,3363,3364,-1,3364,3363,3365,-1,3365,3363,3366,-1,3365,3366,3367,-1,3367,3366,3368,-1,3368,3366,3369,-1,3368,3369,3370,-1,3370,3369,3371,-1,3371,3369,3372,-1,3371,3372,3373,-1,3373,3372,3374,-1,3374,3372,3375,-1,3374,3375,3376,-1,3376,3375,3377,-1,3376,3377,3378,-1,3379,3380,3381,-1,3381,3380,3382,-1,3381,3382,3377,-1,3377,3382,3383,-1,3377,3383,3378,-1,3384,3385,3386,-1,3386,3385,3387,-1,3386,3387,3379,-1,3379,3387,3388,-1,3379,3388,3380,-1,3384,3386,3389,-1,3389,3386,3390,-1,3389,3390,3391,-1,3391,3390,3392,-1,3391,3392,3393,-1,3393,3392,3394,-1,3393,3394,3395,-1,3270,3396,3271,-1,3271,3396,3397,-1,3271,3397,3394,-1,3394,3397,3398,-1,3394,3398,3395,-1,3179,3269,3180,-1,3180,3269,3271,-1,3180,3271,3246,-1,3246,3271,3394,-1,3246,3394,3244,-1,3244,3394,3392,-1,3244,3392,3242,-1,3242,3392,3390,-1,3242,3390,3240,-1,3240,3390,3386,-1,3240,3386,3238,-1,3238,3386,3379,-1,3238,3379,3139,-1,3139,3379,3381,-1,3139,3381,3237,-1,3237,3381,3377,-1,3237,3377,3235,-1,3235,3377,3375,-1,3235,3375,3233,-1,3233,3375,3372,-1,3233,3372,3142,-1,3142,3372,3369,-1,3142,3369,3232,-1,3232,3369,3366,-1,3232,3366,3145,-1,3145,3366,3363,-1,3145,3363,3231,-1,3231,3363,3361,-1,3231,3361,3229,-1,3229,3361,3249,-1,3229,3249,3227,-1,3227,3249,3250,-1,3227,3250,3225,-1,3225,3250,3352,-1,3225,3352,3148,-1,3148,3352,3354,-1,3148,3354,3224,-1,3224,3354,3350,-1,3224,3350,3222,-1,3222,3350,3348,-1,3222,3348,3220,-1,3220,3348,3253,-1,3220,3253,3151,-1,3151,3253,3254,-1,3151,3254,3219,-1,3219,3254,3341,-1,3219,3341,3154,-1,3154,3341,3336,-1,3154,3336,3218,-1,3218,3336,3338,-1,3218,3338,3216,-1,3216,3338,3256,-1,3216,3256,3214,-1,3214,3256,3255,-1,3214,3255,3157,-1,3157,3255,3330,-1,3157,3330,3213,-1,3213,3330,3327,-1,3213,3327,3160,-1,3160,3327,3322,-1,3160,3322,3212,-1,3212,3322,3324,-1,3212,3324,3210,-1,3210,3324,3319,-1,3210,3319,3208,-1,3208,3319,3316,-1,3208,3316,3206,-1,3206,3316,3311,-1,3206,3311,3163,-1,3163,3311,3313,-1,3163,3313,3205,-1,3205,3313,3309,-1,3205,3309,3203,-1,3203,3309,3307,-1,3203,3307,3201,-1,3201,3307,3304,-1,3201,3304,3166,-1,3166,3304,3301,-1,3166,3301,3200,-1,3200,3301,3298,-1,3200,3298,3169,-1,3169,3298,3295,-1,3169,3295,3199,-1,3199,3295,3293,-1,3199,3293,3197,-1,3197,3293,3260,-1,3197,3260,3195,-1,3195,3260,3261,-1,3195,3261,3193,-1,3193,3261,3284,-1,3193,3284,3172,-1,3172,3284,3286,-1,3172,3286,3192,-1,3192,3286,3282,-1,3192,3282,3190,-1,3190,3282,3280,-1,3190,3280,3188,-1,3188,3280,3264,-1,3188,3264,3186,-1,3186,3264,3265,-1,3186,3265,3184,-1,3184,3265,3275,-1,3184,3275,3183,-1,3183,3275,3268,-1,3183,3268,3182,-1,3182,3268,3267,-1,3396,3399,3397,-1,3397,3399,3400,-1,3397,3400,3398,-1,3398,3400,3401,-1,3398,3401,3395,-1,3395,3401,3402,-1,3395,3402,3393,-1,3393,3402,3403,-1,3393,3403,3391,-1,3403,3404,3391,-1,3391,3404,3405,-1,3391,3405,3389,-1,3389,3405,3406,-1,3389,3406,3384,-1,3384,3406,3385,-1,3385,3406,3407,-1,3385,3407,3387,-1,3387,3407,3408,-1,3387,3408,3388,-1,3388,3408,3409,-1,3388,3409,3380,-1,3380,3409,3410,-1,3380,3410,3382,-1,3382,3410,3411,-1,3382,3411,3383,-1,3383,3411,3412,-1,3383,3412,3378,-1,3378,3412,3413,-1,3378,3413,3376,-1,3376,3413,3414,-1,3376,3414,3374,-1,3374,3414,3415,-1,3374,3415,3373,-1,3373,3415,3416,-1,3373,3416,3371,-1,3371,3416,3417,-1,3371,3417,3370,-1,3370,3417,3418,-1,3370,3418,3368,-1,3368,3418,3419,-1,3368,3419,3367,-1,3367,3419,3420,-1,3367,3420,3365,-1,3365,3420,3421,-1,3365,3421,3364,-1,3364,3421,3422,-1,3364,3422,3362,-1,3362,3422,3423,-1,3362,3423,3360,-1,3360,3423,3424,-1,3360,3424,3247,-1,3247,3424,3425,-1,3247,3425,3248,-1,3248,3425,3426,-1,3248,3426,3357,-1,3357,3426,3427,-1,3357,3427,3358,-1,3358,3427,3428,-1,3358,3428,3359,-1,3359,3428,3429,-1,3359,3429,3353,-1,3353,3429,3430,-1,3353,3430,3355,-1,3355,3430,3431,-1,3355,3431,3356,-1,3356,3431,3432,-1,3356,3432,3351,-1,3351,3432,3433,-1,3351,3433,3349,-1,3349,3433,3434,-1,3349,3434,3347,-1,3347,3434,3435,-1,3347,3435,3251,-1,3251,3435,3436,-1,3251,3436,3252,-1,3252,3436,3437,-1,3252,3437,3344,-1,3344,3437,3438,-1,3344,3438,3345,-1,3345,3438,3439,-1,3345,3439,3346,-1,3346,3439,3440,-1,3346,3440,3342,-1,3342,3440,3441,-1,3342,3441,3343,-1,3343,3441,3442,-1,3343,3442,3337,-1,3337,3442,3443,-1,3337,3443,3339,-1,3339,3443,3444,-1,3339,3444,3340,-1,3340,3444,3445,-1,3340,3445,3257,-1,3257,3445,3446,-1,3257,3446,3333,-1,3333,3446,3447,-1,3333,3447,3334,-1,3334,3447,3448,-1,3334,3448,3335,-1,3335,3448,3449,-1,3335,3449,3331,-1,3331,3449,3450,-1,3331,3450,3332,-1,3332,3450,3451,-1,3332,3451,3328,-1,3328,3451,3452,-1,3328,3452,3329,-1,3329,3452,3453,-1,3329,3453,3323,-1,3323,3453,3454,-1,3323,3454,3325,-1,3325,3454,3455,-1,3325,3455,3326,-1,3326,3455,3456,-1,3326,3456,3320,-1,3320,3456,3457,-1,3320,3457,3321,-1,3321,3457,3458,-1,3321,3458,3317,-1,3317,3458,3459,-1,3317,3459,3318,-1,3318,3459,3460,-1,3318,3460,3312,-1,3312,3460,3461,-1,3312,3461,3314,-1,3314,3461,3462,-1,3314,3462,3315,-1,3315,3462,3463,-1,3315,3463,3310,-1,3310,3463,3464,-1,3310,3464,3308,-1,3308,3464,3465,-1,3308,3465,3306,-1,3306,3465,3466,-1,3306,3466,3305,-1,3305,3466,3467,-1,3305,3467,3303,-1,3303,3467,3468,-1,3303,3468,3302,-1,3302,3468,3469,-1,3302,3469,3300,-1,3300,3469,3470,-1,3300,3470,3299,-1,3299,3470,3471,-1,3299,3471,3297,-1,3297,3471,3472,-1,3297,3472,3296,-1,3296,3472,3473,-1,3296,3473,3294,-1,3294,3473,3474,-1,3294,3474,3292,-1,3292,3474,3475,-1,3292,3475,3258,-1,3258,3475,3476,-1,3258,3476,3259,-1,3259,3476,3477,-1,3259,3477,3289,-1,3289,3477,3478,-1,3289,3478,3290,-1,3290,3478,3479,-1,3290,3479,3291,-1,3291,3479,3480,-1,3291,3480,3285,-1,3285,3480,3481,-1,3285,3481,3287,-1,3287,3481,3482,-1,3287,3482,3288,-1,3288,3482,3483,-1,3288,3483,3283,-1,3283,3483,3484,-1,3283,3484,3281,-1,3281,3484,3485,-1,3281,3485,3279,-1,3279,3485,3486,-1,3279,3486,3262,-1,3486,3487,3262,-1,3262,3487,3488,-1,3262,3488,3263,-1,3263,3488,3489,-1,3490,3272,3491,-1,3491,3272,3273,-1,3491,3273,3492,-1,3492,3273,3274,-1,3492,3274,3493,-1,3493,3274,3278,-1,3493,3278,3494,-1,3494,3278,3277,-1,3494,3277,3489,-1,3489,3277,3276,-1,3489,3276,3263,-1,3495,3496,3497,-1,3498,3499,3500,-1,3501,3502,3503,-1,3504,3505,3506,-1,3507,3508,3509,-1,3510,3511,3512,-1,3513,3514,3515,-1,3516,3517,3518,-1,3519,3520,3521,-1,3522,3523,3524,-1,3525,3526,3527,-1,3528,3529,3530,-1,3531,3532,3533,-1,3534,3535,3536,-1,3535,3537,3536,-1,3536,3537,3538,-1,3536,3538,3539,-1,3540,3531,3541,-1,3541,3531,3533,-1,3541,3533,3542,-1,3542,3533,3543,-1,3542,3543,3544,-1,3544,3543,3545,-1,3544,3545,3546,-1,3546,3545,3547,-1,3546,3547,3548,-1,3548,3547,3549,-1,3548,3549,3550,-1,3530,3529,3551,-1,3551,3529,3552,-1,3551,3552,3553,-1,3553,3552,3554,-1,3553,3554,3555,-1,3555,3554,3556,-1,3555,3556,3557,-1,3527,3526,3558,-1,3524,3523,3559,-1,3559,3523,3560,-1,3559,3560,3561,-1,3561,3560,3562,-1,3561,3562,3563,-1,3521,3520,3564,-1,3564,3520,3565,-1,3564,3565,3566,-1,3566,3565,3567,-1,3566,3567,3568,-1,3568,3567,3569,-1,3568,3569,3570,-1,3518,3517,3571,-1,3515,3514,3572,-1,3572,3514,3573,-1,3572,3573,3574,-1,3574,3573,3575,-1,3574,3575,3576,-1,3512,3511,3577,-1,3509,3508,3578,-1,3578,3508,3579,-1,3578,3579,3580,-1,3580,3579,3581,-1,3580,3581,3582,-1,3506,3505,3583,-1,3583,3505,3584,-1,3583,3584,3585,-1,3585,3584,3586,-1,3585,3586,3587,-1,3587,3586,3588,-1,3587,3588,3589,-1,3503,3502,3590,-1,3500,3499,3591,-1,3591,3499,3592,-1,3591,3592,3593,-1,3593,3592,3594,-1,3593,3594,3595,-1,3497,3496,3596,-1,3596,3496,3597,-1,3596,3597,3598,-1,3598,3597,3599,-1,3598,3599,3600,-1,3600,3599,3601,-1,3600,3601,3602,-1,3602,3601,3603,-1,3602,3603,3604,-1,3532,3490,3533,-1,3533,3490,3491,-1,3533,3491,3543,-1,3543,3491,3492,-1,3492,3493,3543,-1,3543,3493,3494,-1,3543,3494,3545,-1,3545,3494,3489,-1,3545,3489,3547,-1,3547,3489,3488,-1,3547,3488,3549,-1,3549,3488,3487,-1,3549,3487,3486,-1,3486,3485,3549,-1,3549,3485,3528,-1,3549,3528,3550,-1,3550,3528,3530,-1,3485,3484,3528,-1,3528,3484,3483,-1,3528,3483,3529,-1,3529,3483,3482,-1,3529,3482,3552,-1,3552,3482,3481,-1,3477,3556,3478,-1,3478,3556,3554,-1,3478,3554,3479,-1,3479,3554,3552,-1,3479,3552,3480,-1,3480,3552,3481,-1,3477,3476,3556,-1,3556,3476,3525,-1,3556,3525,3557,-1,3557,3525,3527,-1,3473,3526,3474,-1,3474,3526,3525,-1,3474,3525,3475,-1,3475,3525,3476,-1,3473,3472,3526,-1,3526,3472,3522,-1,3526,3522,3558,-1,3558,3522,3524,-1,3472,3471,3522,-1,3522,3471,3470,-1,3522,3470,3523,-1,3523,3470,3469,-1,3523,3469,3560,-1,3466,3562,3467,-1,3467,3562,3560,-1,3467,3560,3468,-1,3468,3560,3469,-1,3466,3465,3562,-1,3562,3465,3519,-1,3562,3519,3563,-1,3563,3519,3521,-1,3465,3464,3519,-1,3519,3464,3463,-1,3519,3463,3520,-1,3520,3463,3462,-1,3520,3462,3565,-1,3565,3462,3461,-1,3461,3460,3565,-1,3565,3460,3459,-1,3565,3459,3567,-1,3567,3459,3458,-1,3567,3458,3569,-1,3569,3458,3457,-1,3457,3456,3569,-1,3569,3456,3516,-1,3569,3516,3570,-1,3570,3516,3518,-1,3453,3517,3454,-1,3454,3517,3516,-1,3454,3516,3455,-1,3455,3516,3456,-1,3453,3452,3517,-1,3517,3452,3513,-1,3517,3513,3571,-1,3571,3513,3515,-1,3452,3451,3513,-1,3513,3451,3450,-1,3513,3450,3514,-1,3514,3450,3449,-1,3514,3449,3573,-1,3446,3575,3447,-1,3447,3575,3573,-1,3447,3573,3448,-1,3448,3573,3449,-1,3446,3445,3575,-1,3575,3445,3510,-1,3575,3510,3576,-1,3576,3510,3512,-1,3442,3511,3443,-1,3443,3511,3510,-1,3443,3510,3444,-1,3444,3510,3445,-1,3442,3441,3511,-1,3511,3441,3507,-1,3511,3507,3577,-1,3577,3507,3509,-1,3441,3440,3507,-1,3507,3440,3439,-1,3507,3439,3508,-1,3508,3439,3438,-1,3508,3438,3579,-1,3435,3581,3436,-1,3436,3581,3579,-1,3436,3579,3437,-1,3437,3579,3438,-1,3435,3434,3581,-1,3581,3434,3504,-1,3581,3504,3582,-1,3582,3504,3506,-1,3434,3433,3504,-1,3504,3433,3432,-1,3504,3432,3505,-1,3505,3432,3431,-1,3505,3431,3584,-1,3584,3431,3430,-1,3426,3588,3427,-1,3427,3588,3586,-1,3427,3586,3428,-1,3428,3586,3584,-1,3428,3584,3429,-1,3429,3584,3430,-1,3426,3425,3588,-1,3588,3425,3501,-1,3588,3501,3589,-1,3589,3501,3503,-1,3422,3502,3423,-1,3423,3502,3501,-1,3423,3501,3424,-1,3424,3501,3425,-1,3422,3421,3502,-1,3502,3421,3498,-1,3502,3498,3590,-1,3590,3498,3500,-1,3421,3420,3498,-1,3498,3420,3419,-1,3498,3419,3499,-1,3499,3419,3418,-1,3499,3418,3592,-1,3415,3594,3416,-1,3416,3594,3592,-1,3416,3592,3417,-1,3417,3592,3418,-1,3415,3414,3594,-1,3594,3414,3495,-1,3594,3495,3595,-1,3595,3495,3497,-1,3414,3413,3495,-1,3495,3413,3412,-1,3495,3412,3496,-1,3496,3412,3411,-1,3496,3411,3597,-1,3597,3411,3410,-1,3410,3409,3597,-1,3597,3409,3408,-1,3597,3408,3599,-1,3599,3408,3407,-1,3599,3407,3601,-1,3404,3603,3405,-1,3405,3603,3601,-1,3405,3601,3406,-1,3406,3601,3407,-1,3404,3403,3603,-1,3603,3403,3539,-1,3603,3539,3604,-1,3604,3539,3538,-1,3399,3534,3400,-1,3400,3534,3536,-1,3400,3536,3401,-1,3401,3536,3539,-1,3401,3539,3402,-1,3402,3539,3403,-1,3605,3606,3607,-1,3607,3606,3608,-1,3609,3610,3611,-1,3611,3610,3612,-1,3613,3614,3615,-1,3616,3617,3618,-1,3618,3617,3619,-1,3620,3621,3622,-1,3622,3621,3623,-1,3624,3625,3626,-1,3627,3628,3629,-1,3630,3624,3631,-1,3631,3624,3626,-1,3631,3626,3632,-1,3632,3626,3633,-1,3621,3634,3623,-1,3623,3634,3635,-1,3623,3635,3633,-1,3633,3635,3636,-1,3633,3636,3632,-1,3620,3622,3637,-1,3637,3622,3638,-1,3637,3638,3639,-1,3639,3638,3640,-1,3639,3640,3641,-1,3642,3643,3644,-1,3644,3643,3645,-1,3644,3645,3640,-1,3640,3645,3646,-1,3640,3646,3641,-1,3617,3647,3619,-1,3619,3647,3648,-1,3619,3648,3642,-1,3642,3648,3649,-1,3642,3649,3643,-1,3616,3618,3650,-1,3650,3618,3651,-1,3650,3651,3652,-1,3652,3651,3653,-1,3652,3653,3654,-1,3654,3653,3655,-1,3655,3653,3656,-1,3655,3656,3657,-1,3657,3656,3658,-1,3658,3656,3659,-1,3658,3659,3660,-1,3660,3659,3661,-1,3661,3659,3662,-1,3661,3662,3663,-1,3663,3662,3664,-1,3664,3662,3665,-1,3664,3665,3666,-1,3666,3665,3667,-1,3666,3667,3668,-1,3669,3670,3671,-1,3671,3670,3672,-1,3671,3672,3667,-1,3667,3672,3673,-1,3667,3673,3668,-1,3674,3675,3669,-1,3669,3675,3676,-1,3669,3676,3670,-1,3677,3678,3674,-1,3674,3678,3679,-1,3674,3679,3675,-1,3680,3681,3682,-1,3682,3681,3683,-1,3682,3683,3677,-1,3677,3683,3684,-1,3677,3684,3678,-1,3685,3686,3680,-1,3680,3686,3687,-1,3680,3687,3681,-1,3688,3689,3685,-1,3685,3689,3690,-1,3685,3690,3686,-1,3615,3691,3613,-1,3613,3691,3692,-1,3613,3692,3688,-1,3688,3692,3693,-1,3688,3693,3689,-1,3694,3695,3696,-1,3696,3695,3697,-1,3696,3697,3614,-1,3614,3697,3698,-1,3614,3698,3615,-1,3699,3700,3694,-1,3694,3700,3701,-1,3694,3701,3695,-1,3610,3702,3612,-1,3612,3702,3703,-1,3612,3703,3699,-1,3699,3703,3704,-1,3699,3704,3700,-1,3609,3611,3705,-1,3705,3611,3706,-1,3705,3706,3707,-1,3707,3706,3708,-1,3707,3708,3709,-1,3710,3711,3712,-1,3712,3711,3713,-1,3712,3713,3708,-1,3708,3713,3714,-1,3708,3714,3709,-1,3606,3715,3608,-1,3608,3715,3716,-1,3608,3716,3710,-1,3710,3716,3717,-1,3710,3717,3711,-1,3605,3607,3718,-1,3718,3607,3719,-1,3718,3719,3720,-1,3720,3719,3721,-1,3720,3721,3722,-1,3722,3721,3723,-1,3723,3721,3724,-1,3723,3724,3725,-1,3725,3724,3726,-1,3726,3724,3727,-1,3726,3727,3728,-1,3728,3727,3729,-1,3729,3727,3730,-1,3729,3730,3731,-1,3731,3730,3732,-1,3732,3730,3733,-1,3732,3733,3734,-1,3734,3733,3735,-1,3734,3735,3736,-1,3737,3738,3739,-1,3739,3738,3740,-1,3739,3740,3735,-1,3735,3740,3741,-1,3735,3741,3736,-1,3742,3743,3744,-1,3744,3743,3745,-1,3744,3745,3737,-1,3737,3745,3746,-1,3737,3746,3738,-1,3742,3744,3747,-1,3747,3744,3748,-1,3747,3748,3749,-1,3749,3748,3750,-1,3749,3750,3751,-1,3751,3750,3752,-1,3751,3752,3753,-1,3628,3754,3629,-1,3629,3754,3755,-1,3629,3755,3752,-1,3752,3755,3756,-1,3752,3756,3753,-1,3537,3627,3538,-1,3538,3627,3629,-1,3538,3629,3604,-1,3604,3629,3752,-1,3604,3752,3602,-1,3602,3752,3750,-1,3602,3750,3600,-1,3600,3750,3748,-1,3600,3748,3598,-1,3598,3748,3744,-1,3598,3744,3596,-1,3596,3744,3737,-1,3596,3737,3497,-1,3497,3737,3739,-1,3497,3739,3595,-1,3595,3739,3735,-1,3595,3735,3593,-1,3593,3735,3733,-1,3593,3733,3591,-1,3591,3733,3730,-1,3591,3730,3500,-1,3500,3730,3727,-1,3500,3727,3590,-1,3590,3727,3724,-1,3590,3724,3503,-1,3503,3724,3721,-1,3503,3721,3589,-1,3589,3721,3719,-1,3589,3719,3587,-1,3587,3719,3607,-1,3587,3607,3585,-1,3585,3607,3608,-1,3585,3608,3583,-1,3583,3608,3710,-1,3583,3710,3506,-1,3506,3710,3712,-1,3506,3712,3582,-1,3582,3712,3708,-1,3582,3708,3580,-1,3580,3708,3706,-1,3580,3706,3578,-1,3578,3706,3611,-1,3578,3611,3509,-1,3509,3611,3612,-1,3509,3612,3577,-1,3577,3612,3699,-1,3577,3699,3512,-1,3512,3699,3694,-1,3512,3694,3576,-1,3576,3694,3696,-1,3576,3696,3574,-1,3574,3696,3614,-1,3574,3614,3572,-1,3572,3614,3613,-1,3572,3613,3515,-1,3515,3613,3688,-1,3515,3688,3571,-1,3571,3688,3685,-1,3571,3685,3518,-1,3518,3685,3680,-1,3518,3680,3570,-1,3570,3680,3682,-1,3570,3682,3568,-1,3568,3682,3677,-1,3568,3677,3566,-1,3566,3677,3674,-1,3566,3674,3564,-1,3564,3674,3669,-1,3564,3669,3521,-1,3521,3669,3671,-1,3521,3671,3563,-1,3563,3671,3667,-1,3563,3667,3561,-1,3561,3667,3665,-1,3561,3665,3559,-1,3559,3665,3662,-1,3559,3662,3524,-1,3524,3662,3659,-1,3524,3659,3558,-1,3558,3659,3656,-1,3558,3656,3527,-1,3527,3656,3653,-1,3527,3653,3557,-1,3557,3653,3651,-1,3557,3651,3555,-1,3555,3651,3618,-1,3555,3618,3553,-1,3553,3618,3619,-1,3553,3619,3551,-1,3551,3619,3642,-1,3551,3642,3530,-1,3530,3642,3644,-1,3530,3644,3550,-1,3550,3644,3640,-1,3550,3640,3548,-1,3548,3640,3638,-1,3548,3638,3546,-1,3546,3638,3622,-1,3546,3622,3544,-1,3544,3622,3623,-1,3544,3623,3542,-1,3542,3623,3633,-1,3542,3633,3541,-1,3541,3633,3626,-1,3541,3626,3540,-1,3540,3626,3625,-1,3754,3757,3755,-1,3755,3757,3758,-1,3755,3758,3756,-1,3756,3758,3759,-1,3756,3759,3753,-1,3753,3759,3760,-1,3753,3760,3751,-1,3751,3760,3761,-1,3751,3761,3749,-1,3761,3762,3749,-1,3749,3762,3763,-1,3749,3763,3747,-1,3747,3763,3764,-1,3747,3764,3742,-1,3742,3764,3743,-1,3743,3764,3765,-1,3743,3765,3745,-1,3745,3765,3766,-1,3745,3766,3746,-1,3746,3766,3767,-1,3746,3767,3738,-1,3738,3767,3768,-1,3738,3768,3740,-1,3740,3768,3769,-1,3740,3769,3741,-1,3741,3769,3770,-1,3741,3770,3736,-1,3736,3770,3771,-1,3736,3771,3734,-1,3734,3771,3772,-1,3734,3772,3732,-1,3732,3772,3773,-1,3732,3773,3731,-1,3731,3773,3774,-1,3731,3774,3729,-1,3729,3774,3775,-1,3729,3775,3728,-1,3728,3775,3776,-1,3728,3776,3726,-1,3726,3776,3777,-1,3726,3777,3725,-1,3725,3777,3778,-1,3725,3778,3723,-1,3723,3778,3779,-1,3723,3779,3722,-1,3722,3779,3780,-1,3722,3780,3720,-1,3720,3780,3781,-1,3720,3781,3718,-1,3718,3781,3782,-1,3718,3782,3605,-1,3605,3782,3783,-1,3605,3783,3606,-1,3606,3783,3784,-1,3606,3784,3715,-1,3715,3784,3785,-1,3715,3785,3716,-1,3716,3785,3786,-1,3716,3786,3717,-1,3717,3786,3787,-1,3717,3787,3711,-1,3711,3787,3788,-1,3711,3788,3713,-1,3713,3788,3789,-1,3713,3789,3714,-1,3714,3789,3790,-1,3714,3790,3709,-1,3709,3790,3791,-1,3709,3791,3707,-1,3707,3791,3792,-1,3707,3792,3705,-1,3705,3792,3793,-1,3705,3793,3609,-1,3609,3793,3794,-1,3609,3794,3610,-1,3610,3794,3795,-1,3610,3795,3702,-1,3702,3795,3796,-1,3702,3796,3703,-1,3703,3796,3797,-1,3703,3797,3704,-1,3704,3797,3798,-1,3704,3798,3700,-1,3700,3798,3799,-1,3700,3799,3701,-1,3701,3799,3800,-1,3701,3800,3695,-1,3695,3800,3801,-1,3695,3801,3697,-1,3697,3801,3802,-1,3697,3802,3698,-1,3698,3802,3803,-1,3698,3803,3615,-1,3615,3803,3804,-1,3615,3804,3691,-1,3691,3804,3805,-1,3691,3805,3692,-1,3692,3805,3806,-1,3692,3806,3693,-1,3693,3806,3807,-1,3693,3807,3689,-1,3689,3807,3808,-1,3689,3808,3690,-1,3690,3808,3809,-1,3690,3809,3686,-1,3686,3809,3810,-1,3686,3810,3687,-1,3687,3810,3811,-1,3687,3811,3681,-1,3681,3811,3812,-1,3681,3812,3683,-1,3683,3812,3813,-1,3683,3813,3684,-1,3684,3813,3814,-1,3684,3814,3678,-1,3678,3814,3815,-1,3678,3815,3679,-1,3679,3815,3816,-1,3679,3816,3675,-1,3675,3816,3817,-1,3675,3817,3676,-1,3676,3817,3818,-1,3676,3818,3670,-1,3670,3818,3819,-1,3670,3819,3672,-1,3672,3819,3820,-1,3672,3820,3673,-1,3673,3820,3821,-1,3673,3821,3668,-1,3668,3821,3822,-1,3668,3822,3666,-1,3666,3822,3823,-1,3666,3823,3664,-1,3664,3823,3824,-1,3664,3824,3663,-1,3663,3824,3825,-1,3663,3825,3661,-1,3661,3825,3826,-1,3661,3826,3660,-1,3660,3826,3827,-1,3660,3827,3658,-1,3658,3827,3828,-1,3658,3828,3657,-1,3657,3828,3829,-1,3657,3829,3655,-1,3655,3829,3830,-1,3655,3830,3654,-1,3654,3830,3831,-1,3654,3831,3652,-1,3652,3831,3832,-1,3652,3832,3650,-1,3650,3832,3833,-1,3650,3833,3616,-1,3616,3833,3834,-1,3616,3834,3617,-1,3617,3834,3835,-1,3617,3835,3647,-1,3647,3835,3836,-1,3647,3836,3648,-1,3648,3836,3837,-1,3648,3837,3649,-1,3649,3837,3838,-1,3649,3838,3643,-1,3643,3838,3839,-1,3643,3839,3645,-1,3645,3839,3840,-1,3645,3840,3646,-1,3646,3840,3841,-1,3646,3841,3641,-1,3641,3841,3842,-1,3641,3842,3639,-1,3639,3842,3843,-1,3639,3843,3637,-1,3637,3843,3844,-1,3637,3844,3620,-1,3844,3845,3620,-1,3620,3845,3846,-1,3620,3846,3621,-1,3621,3846,3847,-1,3848,3630,3849,-1,3849,3630,3631,-1,3849,3631,3850,-1,3850,3631,3632,-1,3850,3632,3851,-1,3851,3632,3636,-1,3851,3636,3852,-1,3852,3636,3635,-1,3852,3635,3847,-1,3847,3635,3634,-1,3847,3634,3621,-1,3853,3854,3855,-1,3856,3857,3858,-1,3859,3860,3861,-1,3862,3863,3864,-1,3865,3866,3867,-1,3868,3869,3870,-1,3871,3872,3873,-1,3874,3875,3876,-1,3877,3878,3879,-1,3880,3881,3882,-1,3883,3884,3885,-1,3886,3887,3888,-1,3889,3890,3891,-1,3892,3893,3894,-1,3893,3895,3894,-1,3894,3895,3896,-1,3894,3896,3897,-1,3898,3889,3899,-1,3899,3889,3891,-1,3899,3891,3900,-1,3900,3891,3901,-1,3900,3901,3902,-1,3902,3901,3903,-1,3902,3903,3904,-1,3904,3903,3905,-1,3904,3905,3906,-1,3906,3905,3907,-1,3906,3907,3908,-1,3888,3887,3909,-1,3909,3887,3910,-1,3909,3910,3911,-1,3911,3910,3912,-1,3911,3912,3913,-1,3913,3912,3914,-1,3913,3914,3915,-1,3885,3884,3916,-1,3882,3881,3917,-1,3917,3881,3918,-1,3917,3918,3919,-1,3919,3918,3920,-1,3919,3920,3921,-1,3879,3878,3922,-1,3922,3878,3923,-1,3922,3923,3924,-1,3924,3923,3925,-1,3924,3925,3926,-1,3926,3925,3927,-1,3926,3927,3928,-1,3876,3875,3929,-1,3873,3872,3930,-1,3930,3872,3931,-1,3930,3931,3932,-1,3932,3931,3933,-1,3932,3933,3934,-1,3870,3869,3935,-1,3867,3866,3936,-1,3936,3866,3937,-1,3936,3937,3938,-1,3938,3937,3939,-1,3938,3939,3940,-1,3864,3863,3941,-1,3941,3863,3942,-1,3941,3942,3943,-1,3943,3942,3944,-1,3943,3944,3945,-1,3945,3944,3946,-1,3945,3946,3947,-1,3861,3860,3948,-1,3858,3857,3949,-1,3949,3857,3950,-1,3949,3950,3951,-1,3951,3950,3952,-1,3951,3952,3953,-1,3855,3854,3954,-1,3954,3854,3955,-1,3954,3955,3956,-1,3956,3955,3957,-1,3956,3957,3958,-1,3958,3957,3959,-1,3958,3959,3960,-1,3960,3959,3961,-1,3960,3961,3962,-1,3890,3848,3891,-1,3891,3848,3849,-1,3891,3849,3901,-1,3901,3849,3850,-1,3850,3851,3901,-1,3901,3851,3852,-1,3901,3852,3903,-1,3903,3852,3847,-1,3903,3847,3905,-1,3905,3847,3846,-1,3905,3846,3907,-1,3907,3846,3845,-1,3907,3845,3844,-1,3844,3843,3907,-1,3907,3843,3886,-1,3907,3886,3908,-1,3908,3886,3888,-1,3843,3842,3886,-1,3886,3842,3841,-1,3886,3841,3887,-1,3887,3841,3840,-1,3887,3840,3910,-1,3910,3840,3839,-1,3835,3914,3836,-1,3836,3914,3912,-1,3836,3912,3837,-1,3837,3912,3910,-1,3837,3910,3838,-1,3838,3910,3839,-1,3835,3834,3914,-1,3914,3834,3883,-1,3914,3883,3915,-1,3915,3883,3885,-1,3831,3884,3832,-1,3832,3884,3883,-1,3832,3883,3833,-1,3833,3883,3834,-1,3831,3830,3884,-1,3884,3830,3880,-1,3884,3880,3916,-1,3916,3880,3882,-1,3830,3829,3880,-1,3880,3829,3828,-1,3880,3828,3881,-1,3881,3828,3827,-1,3881,3827,3918,-1,3824,3920,3825,-1,3825,3920,3918,-1,3825,3918,3826,-1,3826,3918,3827,-1,3824,3823,3920,-1,3920,3823,3877,-1,3920,3877,3921,-1,3921,3877,3879,-1,3823,3822,3877,-1,3877,3822,3821,-1,3877,3821,3878,-1,3878,3821,3820,-1,3878,3820,3923,-1,3923,3820,3819,-1,3819,3818,3923,-1,3923,3818,3817,-1,3923,3817,3925,-1,3925,3817,3816,-1,3925,3816,3927,-1,3927,3816,3815,-1,3815,3814,3927,-1,3927,3814,3874,-1,3927,3874,3928,-1,3928,3874,3876,-1,3811,3875,3812,-1,3812,3875,3874,-1,3812,3874,3813,-1,3813,3874,3814,-1,3811,3810,3875,-1,3875,3810,3871,-1,3875,3871,3929,-1,3929,3871,3873,-1,3810,3809,3871,-1,3871,3809,3808,-1,3871,3808,3872,-1,3872,3808,3807,-1,3872,3807,3931,-1,3804,3933,3805,-1,3805,3933,3931,-1,3805,3931,3806,-1,3806,3931,3807,-1,3804,3803,3933,-1,3933,3803,3868,-1,3933,3868,3934,-1,3934,3868,3870,-1,3800,3869,3801,-1,3801,3869,3868,-1,3801,3868,3802,-1,3802,3868,3803,-1,3800,3799,3869,-1,3869,3799,3865,-1,3869,3865,3935,-1,3935,3865,3867,-1,3799,3798,3865,-1,3865,3798,3797,-1,3865,3797,3866,-1,3866,3797,3796,-1,3866,3796,3937,-1,3793,3939,3794,-1,3794,3939,3937,-1,3794,3937,3795,-1,3795,3937,3796,-1,3793,3792,3939,-1,3939,3792,3862,-1,3939,3862,3940,-1,3940,3862,3864,-1,3792,3791,3862,-1,3862,3791,3790,-1,3862,3790,3863,-1,3863,3790,3789,-1,3863,3789,3942,-1,3942,3789,3788,-1,3784,3946,3785,-1,3785,3946,3944,-1,3785,3944,3786,-1,3786,3944,3942,-1,3786,3942,3787,-1,3787,3942,3788,-1,3784,3783,3946,-1,3946,3783,3859,-1,3946,3859,3947,-1,3947,3859,3861,-1,3780,3860,3781,-1,3781,3860,3859,-1,3781,3859,3782,-1,3782,3859,3783,-1,3780,3779,3860,-1,3860,3779,3856,-1,3860,3856,3948,-1,3948,3856,3858,-1,3779,3778,3856,-1,3856,3778,3777,-1,3856,3777,3857,-1,3857,3777,3776,-1,3857,3776,3950,-1,3773,3952,3774,-1,3774,3952,3950,-1,3774,3950,3775,-1,3775,3950,3776,-1,3773,3772,3952,-1,3952,3772,3853,-1,3952,3853,3953,-1,3953,3853,3855,-1,3772,3771,3853,-1,3853,3771,3770,-1,3853,3770,3854,-1,3854,3770,3769,-1,3854,3769,3955,-1,3955,3769,3768,-1,3768,3767,3955,-1,3955,3767,3766,-1,3955,3766,3957,-1,3957,3766,3765,-1,3957,3765,3959,-1,3762,3961,3763,-1,3763,3961,3959,-1,3763,3959,3764,-1,3764,3959,3765,-1,3762,3761,3961,-1,3961,3761,3897,-1,3961,3897,3962,-1,3962,3897,3896,-1,3757,3892,3758,-1,3758,3892,3894,-1,3758,3894,3759,-1,3759,3894,3897,-1,3759,3897,3760,-1,3760,3897,3761,-1,3963,3964,3965,-1,3965,3964,3966,-1,3967,3968,3969,-1,3969,3968,3970,-1,3971,3972,3973,-1,3974,3975,3976,-1,3976,3975,3977,-1,3978,3979,3980,-1,3980,3979,3981,-1,3982,3983,3984,-1,3985,3986,3987,-1,3988,3982,3989,-1,3989,3982,3984,-1,3989,3984,3990,-1,3990,3984,3991,-1,3979,3992,3981,-1,3981,3992,3993,-1,3981,3993,3991,-1,3991,3993,3994,-1,3991,3994,3990,-1,3978,3980,3995,-1,3995,3980,3996,-1,3995,3996,3997,-1,3997,3996,3998,-1,3997,3998,3999,-1,4000,4001,4002,-1,4002,4001,4003,-1,4002,4003,3998,-1,3998,4003,4004,-1,3998,4004,3999,-1,3975,4005,3977,-1,3977,4005,4006,-1,3977,4006,4000,-1,4000,4006,4007,-1,4000,4007,4001,-1,3974,3976,4008,-1,4008,3976,4009,-1,4008,4009,4010,-1,4010,4009,4011,-1,4010,4011,4012,-1,4012,4011,4013,-1,4013,4011,4014,-1,4013,4014,4015,-1,4015,4014,4016,-1,4016,4014,4017,-1,4016,4017,4018,-1,4018,4017,4019,-1,4019,4017,4020,-1,4019,4020,4021,-1,4021,4020,4022,-1,4022,4020,4023,-1,4022,4023,4024,-1,4024,4023,4025,-1,4024,4025,4026,-1,4027,4028,4029,-1,4029,4028,4030,-1,4029,4030,4025,-1,4025,4030,4031,-1,4025,4031,4026,-1,4032,4033,4027,-1,4027,4033,4034,-1,4027,4034,4028,-1,4035,4036,4032,-1,4032,4036,4037,-1,4032,4037,4033,-1,4038,4039,4040,-1,4040,4039,4041,-1,4040,4041,4035,-1,4035,4041,4042,-1,4035,4042,4036,-1,4043,4044,4038,-1,4038,4044,4045,-1,4038,4045,4039,-1,4046,4047,4043,-1,4043,4047,4048,-1,4043,4048,4044,-1,3973,4049,3971,-1,3971,4049,4050,-1,3971,4050,4046,-1,4046,4050,4051,-1,4046,4051,4047,-1,4052,4053,4054,-1,4054,4053,4055,-1,4054,4055,3972,-1,3972,4055,4056,-1,3972,4056,3973,-1,4057,4058,4052,-1,4052,4058,4059,-1,4052,4059,4053,-1,3968,4060,3970,-1,3970,4060,4061,-1,3970,4061,4057,-1,4057,4061,4062,-1,4057,4062,4058,-1,3967,3969,4063,-1,4063,3969,4064,-1,4063,4064,4065,-1,4065,4064,4066,-1,4065,4066,4067,-1,4068,4069,4070,-1,4070,4069,4071,-1,4070,4071,4066,-1,4066,4071,4072,-1,4066,4072,4067,-1,3964,4073,3966,-1,3966,4073,4074,-1,3966,4074,4068,-1,4068,4074,4075,-1,4068,4075,4069,-1,3963,3965,4076,-1,4076,3965,4077,-1,4076,4077,4078,-1,4078,4077,4079,-1,4078,4079,4080,-1,4080,4079,4081,-1,4081,4079,4082,-1,4081,4082,4083,-1,4083,4082,4084,-1,4084,4082,4085,-1,4084,4085,4086,-1,4086,4085,4087,-1,4087,4085,4088,-1,4087,4088,4089,-1,4089,4088,4090,-1,4090,4088,4091,-1,4090,4091,4092,-1,4092,4091,4093,-1,4092,4093,4094,-1,4095,4096,4097,-1,4097,4096,4098,-1,4097,4098,4093,-1,4093,4098,4099,-1,4093,4099,4094,-1,4100,4101,4102,-1,4102,4101,4103,-1,4102,4103,4095,-1,4095,4103,4104,-1,4095,4104,4096,-1,4100,4102,4105,-1,4105,4102,4106,-1,4105,4106,4107,-1,4107,4106,4108,-1,4107,4108,4109,-1,4109,4108,4110,-1,4109,4110,4111,-1,3986,4112,3987,-1,3987,4112,4113,-1,3987,4113,4110,-1,4110,4113,4114,-1,4110,4114,4111,-1,3895,3985,3896,-1,3896,3985,3987,-1,3896,3987,3962,-1,3962,3987,4110,-1,3962,4110,3960,-1,3960,4110,4108,-1,3960,4108,3958,-1,3958,4108,4106,-1,3958,4106,3956,-1,3956,4106,4102,-1,3956,4102,3954,-1,3954,4102,4095,-1,3954,4095,3855,-1,3855,4095,4097,-1,3855,4097,3953,-1,3953,4097,4093,-1,3953,4093,3951,-1,3951,4093,4091,-1,3951,4091,3949,-1,3949,4091,4088,-1,3949,4088,3858,-1,3858,4088,4085,-1,3858,4085,3948,-1,3948,4085,4082,-1,3948,4082,3861,-1,3861,4082,4079,-1,3861,4079,3947,-1,3947,4079,4077,-1,3947,4077,3945,-1,3945,4077,3965,-1,3945,3965,3943,-1,3943,3965,3966,-1,3943,3966,3941,-1,3941,3966,4068,-1,3941,4068,3864,-1,3864,4068,4070,-1,3864,4070,3940,-1,3940,4070,4066,-1,3940,4066,3938,-1,3938,4066,4064,-1,3938,4064,3936,-1,3936,4064,3969,-1,3936,3969,3867,-1,3867,3969,3970,-1,3867,3970,3935,-1,3935,3970,4057,-1,3935,4057,3870,-1,3870,4057,4052,-1,3870,4052,3934,-1,3934,4052,4054,-1,3934,4054,3932,-1,3932,4054,3972,-1,3932,3972,3930,-1,3930,3972,3971,-1,3930,3971,3873,-1,3873,3971,4046,-1,3873,4046,3929,-1,3929,4046,4043,-1,3929,4043,3876,-1,3876,4043,4038,-1,3876,4038,3928,-1,3928,4038,4040,-1,3928,4040,3926,-1,3926,4040,4035,-1,3926,4035,3924,-1,3924,4035,4032,-1,3924,4032,3922,-1,3922,4032,4027,-1,3922,4027,3879,-1,3879,4027,4029,-1,3879,4029,3921,-1,3921,4029,4025,-1,3921,4025,3919,-1,3919,4025,4023,-1,3919,4023,3917,-1,3917,4023,4020,-1,3917,4020,3882,-1,3882,4020,4017,-1,3882,4017,3916,-1,3916,4017,4014,-1,3916,4014,3885,-1,3885,4014,4011,-1,3885,4011,3915,-1,3915,4011,4009,-1,3915,4009,3913,-1,3913,4009,3976,-1,3913,3976,3911,-1,3911,3976,3977,-1,3911,3977,3909,-1,3909,3977,4000,-1,3909,4000,3888,-1,3888,4000,4002,-1,3888,4002,3908,-1,3908,4002,3998,-1,3908,3998,3906,-1,3906,3998,3996,-1,3906,3996,3904,-1,3904,3996,3980,-1,3904,3980,3902,-1,3902,3980,3981,-1,3902,3981,3900,-1,3900,3981,3991,-1,3900,3991,3899,-1,3899,3991,3984,-1,3899,3984,3898,-1,3898,3984,3983,-1,4112,4115,4113,-1,4113,4115,4116,-1,4113,4116,4114,-1,4114,4116,4117,-1,4114,4117,4111,-1,4111,4117,4118,-1,4111,4118,4109,-1,4109,4118,4119,-1,4109,4119,4107,-1,4119,4120,4107,-1,4107,4120,4121,-1,4107,4121,4105,-1,4105,4121,4122,-1,4105,4122,4100,-1,4100,4122,4101,-1,4101,4122,4123,-1,4101,4123,4103,-1,4103,4123,4124,-1,4103,4124,4104,-1,4104,4124,4125,-1,4104,4125,4096,-1,4096,4125,4126,-1,4096,4126,4098,-1,4098,4126,4127,-1,4098,4127,4099,-1,4099,4127,4128,-1,4099,4128,4094,-1,4094,4128,4129,-1,4094,4129,4092,-1,4092,4129,4130,-1,4092,4130,4090,-1,4090,4130,4131,-1,4090,4131,4089,-1,4089,4131,4132,-1,4089,4132,4087,-1,4087,4132,4133,-1,4087,4133,4086,-1,4086,4133,4134,-1,4086,4134,4084,-1,4084,4134,4135,-1,4084,4135,4083,-1,4083,4135,4136,-1,4083,4136,4081,-1,4081,4136,4137,-1,4081,4137,4080,-1,4080,4137,4138,-1,4080,4138,4078,-1,4078,4138,4139,-1,4078,4139,4076,-1,4076,4139,4140,-1,4076,4140,3963,-1,3963,4140,4141,-1,3963,4141,3964,-1,3964,4141,4142,-1,3964,4142,4073,-1,4073,4142,4143,-1,4073,4143,4074,-1,4074,4143,4144,-1,4074,4144,4075,-1,4075,4144,4145,-1,4075,4145,4069,-1,4069,4145,4146,-1,4069,4146,4071,-1,4071,4146,4147,-1,4071,4147,4072,-1,4072,4147,4148,-1,4072,4148,4067,-1,4067,4148,4149,-1,4067,4149,4065,-1,4065,4149,4150,-1,4065,4150,4063,-1,4063,4150,4151,-1,4063,4151,3967,-1,3967,4151,4152,-1,3967,4152,3968,-1,3968,4152,4153,-1,3968,4153,4060,-1,4060,4153,4154,-1,4060,4154,4061,-1,4061,4154,4155,-1,4061,4155,4062,-1,4062,4155,4156,-1,4062,4156,4058,-1,4058,4156,4157,-1,4058,4157,4059,-1,4059,4157,4158,-1,4059,4158,4053,-1,4053,4158,4159,-1,4053,4159,4055,-1,4055,4159,4160,-1,4055,4160,4056,-1,4056,4160,4161,-1,4056,4161,3973,-1,3973,4161,4162,-1,3973,4162,4049,-1,4049,4162,4163,-1,4049,4163,4050,-1,4050,4163,4164,-1,4050,4164,4051,-1,4051,4164,4165,-1,4051,4165,4047,-1,4047,4165,4166,-1,4047,4166,4048,-1,4048,4166,4167,-1,4048,4167,4044,-1,4044,4167,4168,-1,4044,4168,4045,-1,4045,4168,4169,-1,4045,4169,4039,-1,4039,4169,4170,-1,4039,4170,4041,-1,4041,4170,4171,-1,4041,4171,4042,-1,4042,4171,4172,-1,4042,4172,4036,-1,4036,4172,4173,-1,4036,4173,4037,-1,4037,4173,4174,-1,4037,4174,4033,-1,4033,4174,4175,-1,4033,4175,4034,-1,4034,4175,4176,-1,4034,4176,4028,-1,4028,4176,4177,-1,4028,4177,4030,-1,4030,4177,4178,-1,4030,4178,4031,-1,4031,4178,4179,-1,4031,4179,4026,-1,4026,4179,4180,-1,4026,4180,4024,-1,4024,4180,4181,-1,4024,4181,4022,-1,4022,4181,4182,-1,4022,4182,4021,-1,4021,4182,4183,-1,4021,4183,4019,-1,4019,4183,4184,-1,4019,4184,4018,-1,4018,4184,4185,-1,4018,4185,4016,-1,4016,4185,4186,-1,4016,4186,4015,-1,4015,4186,4187,-1,4015,4187,4013,-1,4013,4187,4188,-1,4013,4188,4012,-1,4012,4188,4189,-1,4012,4189,4010,-1,4010,4189,4190,-1,4010,4190,4008,-1,4008,4190,4191,-1,4008,4191,3974,-1,3974,4191,4192,-1,3974,4192,3975,-1,3975,4192,4193,-1,3975,4193,4005,-1,4005,4193,4194,-1,4005,4194,4006,-1,4006,4194,4195,-1,4006,4195,4007,-1,4007,4195,4196,-1,4007,4196,4001,-1,4001,4196,4197,-1,4001,4197,4003,-1,4003,4197,4198,-1,4003,4198,4004,-1,4004,4198,4199,-1,4004,4199,3999,-1,3999,4199,4200,-1,3999,4200,3997,-1,3997,4200,4201,-1,3997,4201,3995,-1,3995,4201,4202,-1,3995,4202,3978,-1,4202,4203,3978,-1,3978,4203,4204,-1,3978,4204,3979,-1,3979,4204,4205,-1,4206,3988,4207,-1,4207,3988,3989,-1,4207,3989,4208,-1,4208,3989,3990,-1,4208,3990,4209,-1,4209,3990,3994,-1,4209,3994,4210,-1,4210,3994,3993,-1,4210,3993,4205,-1,4205,3993,3992,-1,4205,3992,3979,-1,4211,4212,4213,-1,4214,4215,4216,-1,4217,4218,4219,-1,4220,4221,4222,-1,4223,4224,4225,-1,4226,4227,4228,-1,4229,4230,4231,-1,4232,4233,4234,-1,4235,4236,4237,-1,4238,4239,4240,-1,4241,4242,4243,-1,4244,4245,4246,-1,4247,4248,4249,-1,4250,4251,4252,-1,4251,4253,4252,-1,4252,4253,4254,-1,4252,4254,4255,-1,4256,4247,4257,-1,4257,4247,4249,-1,4257,4249,4258,-1,4258,4249,4259,-1,4258,4259,4260,-1,4260,4259,4261,-1,4260,4261,4262,-1,4262,4261,4263,-1,4262,4263,4264,-1,4264,4263,4265,-1,4264,4265,4266,-1,4246,4245,4267,-1,4267,4245,4268,-1,4267,4268,4269,-1,4269,4268,4270,-1,4269,4270,4271,-1,4271,4270,4272,-1,4271,4272,4273,-1,4243,4242,4274,-1,4240,4239,4275,-1,4275,4239,4276,-1,4275,4276,4277,-1,4277,4276,4278,-1,4277,4278,4279,-1,4237,4236,4280,-1,4280,4236,4281,-1,4280,4281,4282,-1,4282,4281,4283,-1,4282,4283,4284,-1,4284,4283,4285,-1,4284,4285,4286,-1,4234,4233,4287,-1,4231,4230,4288,-1,4288,4230,4289,-1,4288,4289,4290,-1,4290,4289,4291,-1,4290,4291,4292,-1,4228,4227,4293,-1,4225,4224,4294,-1,4294,4224,4295,-1,4294,4295,4296,-1,4296,4295,4297,-1,4296,4297,4298,-1,4222,4221,4299,-1,4299,4221,4300,-1,4299,4300,4301,-1,4301,4300,4302,-1,4301,4302,4303,-1,4303,4302,4304,-1,4303,4304,4305,-1,4219,4218,4306,-1,4216,4215,4307,-1,4307,4215,4308,-1,4307,4308,4309,-1,4309,4308,4310,-1,4309,4310,4311,-1,4213,4212,4312,-1,4312,4212,4313,-1,4312,4313,4314,-1,4314,4313,4315,-1,4314,4315,4316,-1,4316,4315,4317,-1,4316,4317,4318,-1,4318,4317,4319,-1,4318,4319,4320,-1,4248,4206,4249,-1,4249,4206,4207,-1,4249,4207,4259,-1,4259,4207,4208,-1,4208,4209,4259,-1,4259,4209,4210,-1,4259,4210,4261,-1,4261,4210,4205,-1,4261,4205,4263,-1,4263,4205,4204,-1,4263,4204,4265,-1,4265,4204,4203,-1,4265,4203,4202,-1,4202,4201,4265,-1,4265,4201,4244,-1,4265,4244,4266,-1,4266,4244,4246,-1,4201,4200,4244,-1,4244,4200,4199,-1,4244,4199,4245,-1,4245,4199,4198,-1,4245,4198,4268,-1,4268,4198,4197,-1,4193,4272,4194,-1,4194,4272,4270,-1,4194,4270,4195,-1,4195,4270,4268,-1,4195,4268,4196,-1,4196,4268,4197,-1,4193,4192,4272,-1,4272,4192,4241,-1,4272,4241,4273,-1,4273,4241,4243,-1,4189,4242,4190,-1,4190,4242,4241,-1,4190,4241,4191,-1,4191,4241,4192,-1,4189,4188,4242,-1,4242,4188,4238,-1,4242,4238,4274,-1,4274,4238,4240,-1,4188,4187,4238,-1,4238,4187,4186,-1,4238,4186,4239,-1,4239,4186,4185,-1,4239,4185,4276,-1,4182,4278,4183,-1,4183,4278,4276,-1,4183,4276,4184,-1,4184,4276,4185,-1,4182,4181,4278,-1,4278,4181,4235,-1,4278,4235,4279,-1,4279,4235,4237,-1,4181,4180,4235,-1,4235,4180,4179,-1,4235,4179,4236,-1,4236,4179,4178,-1,4236,4178,4281,-1,4281,4178,4177,-1,4177,4176,4281,-1,4281,4176,4175,-1,4281,4175,4283,-1,4283,4175,4174,-1,4283,4174,4285,-1,4285,4174,4173,-1,4173,4172,4285,-1,4285,4172,4232,-1,4285,4232,4286,-1,4286,4232,4234,-1,4169,4233,4170,-1,4170,4233,4232,-1,4170,4232,4171,-1,4171,4232,4172,-1,4169,4168,4233,-1,4233,4168,4229,-1,4233,4229,4287,-1,4287,4229,4231,-1,4168,4167,4229,-1,4229,4167,4166,-1,4229,4166,4230,-1,4230,4166,4165,-1,4230,4165,4289,-1,4162,4291,4163,-1,4163,4291,4289,-1,4163,4289,4164,-1,4164,4289,4165,-1,4162,4161,4291,-1,4291,4161,4226,-1,4291,4226,4292,-1,4292,4226,4228,-1,4158,4227,4159,-1,4159,4227,4226,-1,4159,4226,4160,-1,4160,4226,4161,-1,4158,4157,4227,-1,4227,4157,4223,-1,4227,4223,4293,-1,4293,4223,4225,-1,4157,4156,4223,-1,4223,4156,4155,-1,4223,4155,4224,-1,4224,4155,4154,-1,4224,4154,4295,-1,4151,4297,4152,-1,4152,4297,4295,-1,4152,4295,4153,-1,4153,4295,4154,-1,4151,4150,4297,-1,4297,4150,4220,-1,4297,4220,4298,-1,4298,4220,4222,-1,4150,4149,4220,-1,4220,4149,4148,-1,4220,4148,4221,-1,4221,4148,4147,-1,4221,4147,4300,-1,4300,4147,4146,-1,4142,4304,4143,-1,4143,4304,4302,-1,4143,4302,4144,-1,4144,4302,4300,-1,4144,4300,4145,-1,4145,4300,4146,-1,4142,4141,4304,-1,4304,4141,4217,-1,4304,4217,4305,-1,4305,4217,4219,-1,4138,4218,4139,-1,4139,4218,4217,-1,4139,4217,4140,-1,4140,4217,4141,-1,4138,4137,4218,-1,4218,4137,4214,-1,4218,4214,4306,-1,4306,4214,4216,-1,4137,4136,4214,-1,4214,4136,4135,-1,4214,4135,4215,-1,4215,4135,4134,-1,4215,4134,4308,-1,4131,4310,4132,-1,4132,4310,4308,-1,4132,4308,4133,-1,4133,4308,4134,-1,4131,4130,4310,-1,4310,4130,4211,-1,4310,4211,4311,-1,4311,4211,4213,-1,4130,4129,4211,-1,4211,4129,4128,-1,4211,4128,4212,-1,4212,4128,4127,-1,4212,4127,4313,-1,4313,4127,4126,-1,4126,4125,4313,-1,4313,4125,4124,-1,4313,4124,4315,-1,4315,4124,4123,-1,4315,4123,4317,-1,4120,4319,4121,-1,4121,4319,4317,-1,4121,4317,4122,-1,4122,4317,4123,-1,4120,4119,4319,-1,4319,4119,4255,-1,4319,4255,4320,-1,4320,4255,4254,-1,4115,4250,4116,-1,4116,4250,4252,-1,4116,4252,4117,-1,4117,4252,4255,-1,4117,4255,4118,-1,4118,4255,4119,-1,4321,4322,4323,-1,4323,4322,4324,-1,4325,4326,4327,-1,4327,4326,4328,-1,4329,4330,4331,-1,4332,4333,4334,-1,4334,4333,4335,-1,4336,4337,4338,-1,4338,4337,4339,-1,4340,4341,4342,-1,4343,4344,4345,-1,4346,4340,4347,-1,4347,4340,4342,-1,4347,4342,4348,-1,4348,4342,4349,-1,4337,4350,4339,-1,4339,4350,4351,-1,4339,4351,4349,-1,4349,4351,4352,-1,4349,4352,4348,-1,4336,4338,4353,-1,4353,4338,4354,-1,4353,4354,4355,-1,4355,4354,4356,-1,4355,4356,4357,-1,4358,4359,4360,-1,4360,4359,4361,-1,4360,4361,4356,-1,4356,4361,4362,-1,4356,4362,4357,-1,4333,4363,4335,-1,4335,4363,4364,-1,4335,4364,4358,-1,4358,4364,4365,-1,4358,4365,4359,-1,4332,4334,4366,-1,4366,4334,4367,-1,4366,4367,4368,-1,4368,4367,4369,-1,4368,4369,4370,-1,4370,4369,4371,-1,4371,4369,4372,-1,4371,4372,4373,-1,4373,4372,4374,-1,4374,4372,4375,-1,4374,4375,4376,-1,4376,4375,4377,-1,4377,4375,4378,-1,4377,4378,4379,-1,4379,4378,4380,-1,4380,4378,4381,-1,4380,4381,4382,-1,4382,4381,4383,-1,4382,4383,4384,-1,4385,4386,4387,-1,4387,4386,4388,-1,4387,4388,4383,-1,4383,4388,4389,-1,4383,4389,4384,-1,4390,4391,4385,-1,4385,4391,4392,-1,4385,4392,4386,-1,4393,4394,4390,-1,4390,4394,4395,-1,4390,4395,4391,-1,4396,4397,4398,-1,4398,4397,4399,-1,4398,4399,4393,-1,4393,4399,4400,-1,4393,4400,4394,-1,4401,4402,4396,-1,4396,4402,4403,-1,4396,4403,4397,-1,4404,4405,4401,-1,4401,4405,4406,-1,4401,4406,4402,-1,4331,4407,4329,-1,4329,4407,4408,-1,4329,4408,4404,-1,4404,4408,4409,-1,4404,4409,4405,-1,4410,4411,4412,-1,4412,4411,4413,-1,4412,4413,4330,-1,4330,4413,4414,-1,4330,4414,4331,-1,4415,4416,4410,-1,4410,4416,4417,-1,4410,4417,4411,-1,4326,4418,4328,-1,4328,4418,4419,-1,4328,4419,4415,-1,4415,4419,4420,-1,4415,4420,4416,-1,4325,4327,4421,-1,4421,4327,4422,-1,4421,4422,4423,-1,4423,4422,4424,-1,4423,4424,4425,-1,4426,4427,4428,-1,4428,4427,4429,-1,4428,4429,4424,-1,4424,4429,4430,-1,4424,4430,4425,-1,4322,4431,4324,-1,4324,4431,4432,-1,4324,4432,4426,-1,4426,4432,4433,-1,4426,4433,4427,-1,4321,4323,4434,-1,4434,4323,4435,-1,4434,4435,4436,-1,4436,4435,4437,-1,4436,4437,4438,-1,4438,4437,4439,-1,4439,4437,4440,-1,4439,4440,4441,-1,4441,4440,4442,-1,4442,4440,4443,-1,4442,4443,4444,-1,4444,4443,4445,-1,4445,4443,4446,-1,4445,4446,4447,-1,4447,4446,4448,-1,4448,4446,4449,-1,4448,4449,4450,-1,4450,4449,4451,-1,4450,4451,4452,-1,4453,4454,4455,-1,4455,4454,4456,-1,4455,4456,4451,-1,4451,4456,4457,-1,4451,4457,4452,-1,4458,4459,4460,-1,4460,4459,4461,-1,4460,4461,4453,-1,4453,4461,4462,-1,4453,4462,4454,-1,4458,4460,4463,-1,4463,4460,4464,-1,4463,4464,4465,-1,4465,4464,4466,-1,4465,4466,4467,-1,4467,4466,4468,-1,4467,4468,4469,-1,4344,4470,4345,-1,4345,4470,4471,-1,4345,4471,4468,-1,4468,4471,4472,-1,4468,4472,4469,-1,4253,4343,4254,-1,4254,4343,4345,-1,4254,4345,4320,-1,4320,4345,4468,-1,4320,4468,4318,-1,4318,4468,4466,-1,4318,4466,4316,-1,4316,4466,4464,-1,4316,4464,4314,-1,4314,4464,4460,-1,4314,4460,4312,-1,4312,4460,4453,-1,4312,4453,4213,-1,4213,4453,4455,-1,4213,4455,4311,-1,4311,4455,4451,-1,4311,4451,4309,-1,4309,4451,4449,-1,4309,4449,4307,-1,4307,4449,4446,-1,4307,4446,4216,-1,4216,4446,4443,-1,4216,4443,4306,-1,4306,4443,4440,-1,4306,4440,4219,-1,4219,4440,4437,-1,4219,4437,4305,-1,4305,4437,4435,-1,4305,4435,4303,-1,4303,4435,4323,-1,4303,4323,4301,-1,4301,4323,4324,-1,4301,4324,4299,-1,4299,4324,4426,-1,4299,4426,4222,-1,4222,4426,4428,-1,4222,4428,4298,-1,4298,4428,4424,-1,4298,4424,4296,-1,4296,4424,4422,-1,4296,4422,4294,-1,4294,4422,4327,-1,4294,4327,4225,-1,4225,4327,4328,-1,4225,4328,4293,-1,4293,4328,4415,-1,4293,4415,4228,-1,4228,4415,4410,-1,4228,4410,4292,-1,4292,4410,4412,-1,4292,4412,4290,-1,4290,4412,4330,-1,4290,4330,4288,-1,4288,4330,4329,-1,4288,4329,4231,-1,4231,4329,4404,-1,4231,4404,4287,-1,4287,4404,4401,-1,4287,4401,4234,-1,4234,4401,4396,-1,4234,4396,4286,-1,4286,4396,4398,-1,4286,4398,4284,-1,4284,4398,4393,-1,4284,4393,4282,-1,4282,4393,4390,-1,4282,4390,4280,-1,4280,4390,4385,-1,4280,4385,4237,-1,4237,4385,4387,-1,4237,4387,4279,-1,4279,4387,4383,-1,4279,4383,4277,-1,4277,4383,4381,-1,4277,4381,4275,-1,4275,4381,4378,-1,4275,4378,4240,-1,4240,4378,4375,-1,4240,4375,4274,-1,4274,4375,4372,-1,4274,4372,4243,-1,4243,4372,4369,-1,4243,4369,4273,-1,4273,4369,4367,-1,4273,4367,4271,-1,4271,4367,4334,-1,4271,4334,4269,-1,4269,4334,4335,-1,4269,4335,4267,-1,4267,4335,4358,-1,4267,4358,4246,-1,4246,4358,4360,-1,4246,4360,4266,-1,4266,4360,4356,-1,4266,4356,4264,-1,4264,4356,4354,-1,4264,4354,4262,-1,4262,4354,4338,-1,4262,4338,4260,-1,4260,4338,4339,-1,4260,4339,4258,-1,4258,4339,4349,-1,4258,4349,4257,-1,4257,4349,4342,-1,4257,4342,4256,-1,4256,4342,4341,-1,4470,4473,4471,-1,4471,4473,4474,-1,4471,4474,4472,-1,4472,4474,4475,-1,4472,4475,4469,-1,4469,4475,4476,-1,4469,4476,4467,-1,4467,4476,4477,-1,4467,4477,4465,-1,4477,4478,4465,-1,4465,4478,4479,-1,4465,4479,4463,-1,4463,4479,4480,-1,4463,4480,4458,-1,4458,4480,4459,-1,4459,4480,4481,-1,4459,4481,4461,-1,4461,4481,4482,-1,4461,4482,4462,-1,4462,4482,4483,-1,4462,4483,4454,-1,4454,4483,4484,-1,4454,4484,4456,-1,4456,4484,4485,-1,4456,4485,4457,-1,4457,4485,4486,-1,4457,4486,4452,-1,4452,4486,4487,-1,4452,4487,4450,-1,4450,4487,4488,-1,4450,4488,4448,-1,4448,4488,4489,-1,4448,4489,4447,-1,4447,4489,4490,-1,4447,4490,4445,-1,4445,4490,4491,-1,4445,4491,4444,-1,4444,4491,4492,-1,4444,4492,4442,-1,4442,4492,4493,-1,4442,4493,4441,-1,4441,4493,4494,-1,4441,4494,4439,-1,4439,4494,4495,-1,4439,4495,4438,-1,4438,4495,4496,-1,4438,4496,4436,-1,4436,4496,4497,-1,4436,4497,4434,-1,4434,4497,4498,-1,4434,4498,4321,-1,4321,4498,4499,-1,4321,4499,4322,-1,4322,4499,4500,-1,4322,4500,4431,-1,4431,4500,4501,-1,4431,4501,4432,-1,4432,4501,4502,-1,4432,4502,4433,-1,4433,4502,4503,-1,4433,4503,4427,-1,4427,4503,4504,-1,4427,4504,4429,-1,4429,4504,4505,-1,4429,4505,4430,-1,4430,4505,4506,-1,4430,4506,4425,-1,4425,4506,4507,-1,4425,4507,4423,-1,4423,4507,4508,-1,4423,4508,4421,-1,4421,4508,4509,-1,4421,4509,4325,-1,4325,4509,4510,-1,4325,4510,4326,-1,4326,4510,4511,-1,4326,4511,4418,-1,4418,4511,4512,-1,4418,4512,4419,-1,4419,4512,4513,-1,4419,4513,4420,-1,4420,4513,4514,-1,4420,4514,4416,-1,4416,4514,4515,-1,4416,4515,4417,-1,4417,4515,4516,-1,4417,4516,4411,-1,4411,4516,4517,-1,4411,4517,4413,-1,4413,4517,4518,-1,4413,4518,4414,-1,4414,4518,4519,-1,4414,4519,4331,-1,4331,4519,4520,-1,4331,4520,4407,-1,4407,4520,4521,-1,4407,4521,4408,-1,4408,4521,4522,-1,4408,4522,4409,-1,4409,4522,4523,-1,4409,4523,4405,-1,4405,4523,4524,-1,4405,4524,4406,-1,4406,4524,4525,-1,4406,4525,4402,-1,4402,4525,4526,-1,4402,4526,4403,-1,4403,4526,4527,-1,4403,4527,4397,-1,4397,4527,4528,-1,4397,4528,4399,-1,4399,4528,4529,-1,4399,4529,4400,-1,4400,4529,4530,-1,4400,4530,4394,-1,4394,4530,4531,-1,4394,4531,4395,-1,4395,4531,4532,-1,4395,4532,4391,-1,4391,4532,4533,-1,4391,4533,4392,-1,4392,4533,4534,-1,4392,4534,4386,-1,4386,4534,4535,-1,4386,4535,4388,-1,4388,4535,4536,-1,4388,4536,4389,-1,4389,4536,4537,-1,4389,4537,4384,-1,4384,4537,4538,-1,4384,4538,4382,-1,4382,4538,4539,-1,4382,4539,4380,-1,4380,4539,4540,-1,4380,4540,4379,-1,4379,4540,4541,-1,4379,4541,4377,-1,4377,4541,4542,-1,4377,4542,4376,-1,4376,4542,4543,-1,4376,4543,4374,-1,4374,4543,4544,-1,4374,4544,4373,-1,4373,4544,4545,-1,4373,4545,4371,-1,4371,4545,4546,-1,4371,4546,4370,-1,4370,4546,4547,-1,4370,4547,4368,-1,4368,4547,4548,-1,4368,4548,4366,-1,4366,4548,4549,-1,4366,4549,4332,-1,4332,4549,4550,-1,4332,4550,4333,-1,4333,4550,4551,-1,4333,4551,4363,-1,4363,4551,4552,-1,4363,4552,4364,-1,4364,4552,4553,-1,4364,4553,4365,-1,4365,4553,4554,-1,4365,4554,4359,-1,4359,4554,4555,-1,4359,4555,4361,-1,4361,4555,4556,-1,4361,4556,4362,-1,4362,4556,4557,-1,4362,4557,4357,-1,4357,4557,4558,-1,4357,4558,4355,-1,4355,4558,4559,-1,4355,4559,4353,-1,4353,4559,4560,-1,4353,4560,4336,-1,4560,4561,4336,-1,4336,4561,4562,-1,4336,4562,4337,-1,4337,4562,4563,-1,4564,4346,4565,-1,4565,4346,4347,-1,4565,4347,4566,-1,4566,4347,4348,-1,4566,4348,4567,-1,4567,4348,4352,-1,4567,4352,4568,-1,4568,4352,4351,-1,4568,4351,4563,-1,4563,4351,4350,-1,4563,4350,4337,-1,4569,4570,4571,-1,4572,4573,4574,-1,4575,4576,4577,-1,4578,4579,4580,-1,4581,4582,4583,-1,4584,4585,4586,-1,4587,4588,4589,-1,4590,4591,4592,-1,4593,4594,4595,-1,4596,4597,4598,-1,4599,4600,4601,-1,4602,4603,4604,-1,4605,4606,4607,-1,4608,4609,4610,-1,4609,4611,4610,-1,4610,4611,4612,-1,4610,4612,4613,-1,4614,4605,4615,-1,4615,4605,4607,-1,4615,4607,4616,-1,4616,4607,4617,-1,4616,4617,4618,-1,4618,4617,4619,-1,4618,4619,4620,-1,4620,4619,4621,-1,4620,4621,4622,-1,4622,4621,4623,-1,4622,4623,4624,-1,4604,4603,4625,-1,4625,4603,4626,-1,4625,4626,4627,-1,4627,4626,4628,-1,4627,4628,4629,-1,4629,4628,4630,-1,4629,4630,4631,-1,4601,4600,4632,-1,4598,4597,4633,-1,4633,4597,4634,-1,4633,4634,4635,-1,4635,4634,4636,-1,4635,4636,4637,-1,4595,4594,4638,-1,4638,4594,4639,-1,4638,4639,4640,-1,4640,4639,4641,-1,4640,4641,4642,-1,4642,4641,4643,-1,4642,4643,4644,-1,4592,4591,4645,-1,4589,4588,4646,-1,4646,4588,4647,-1,4646,4647,4648,-1,4648,4647,4649,-1,4648,4649,4650,-1,4586,4585,4651,-1,4583,4582,4652,-1,4652,4582,4653,-1,4652,4653,4654,-1,4654,4653,4655,-1,4654,4655,4656,-1,4580,4579,4657,-1,4657,4579,4658,-1,4657,4658,4659,-1,4659,4658,4660,-1,4659,4660,4661,-1,4661,4660,4662,-1,4661,4662,4663,-1,4577,4576,4664,-1,4574,4573,4665,-1,4665,4573,4666,-1,4665,4666,4667,-1,4667,4666,4668,-1,4667,4668,4669,-1,4571,4570,4670,-1,4670,4570,4671,-1,4670,4671,4672,-1,4672,4671,4673,-1,4672,4673,4674,-1,4674,4673,4675,-1,4674,4675,4676,-1,4676,4675,4677,-1,4676,4677,4678,-1,4606,4564,4607,-1,4607,4564,4565,-1,4607,4565,4617,-1,4617,4565,4566,-1,4566,4567,4617,-1,4617,4567,4568,-1,4617,4568,4619,-1,4619,4568,4563,-1,4619,4563,4621,-1,4621,4563,4562,-1,4621,4562,4623,-1,4623,4562,4561,-1,4623,4561,4560,-1,4560,4559,4623,-1,4623,4559,4602,-1,4623,4602,4624,-1,4624,4602,4604,-1,4559,4558,4602,-1,4602,4558,4557,-1,4602,4557,4603,-1,4603,4557,4556,-1,4603,4556,4626,-1,4626,4556,4555,-1,4551,4630,4552,-1,4552,4630,4628,-1,4552,4628,4553,-1,4553,4628,4626,-1,4553,4626,4554,-1,4554,4626,4555,-1,4551,4550,4630,-1,4630,4550,4599,-1,4630,4599,4631,-1,4631,4599,4601,-1,4547,4600,4548,-1,4548,4600,4599,-1,4548,4599,4549,-1,4549,4599,4550,-1,4547,4546,4600,-1,4600,4546,4596,-1,4600,4596,4632,-1,4632,4596,4598,-1,4546,4545,4596,-1,4596,4545,4544,-1,4596,4544,4597,-1,4597,4544,4543,-1,4597,4543,4634,-1,4540,4636,4541,-1,4541,4636,4634,-1,4541,4634,4542,-1,4542,4634,4543,-1,4540,4539,4636,-1,4636,4539,4593,-1,4636,4593,4637,-1,4637,4593,4595,-1,4539,4538,4593,-1,4593,4538,4537,-1,4593,4537,4594,-1,4594,4537,4536,-1,4594,4536,4639,-1,4639,4536,4535,-1,4535,4534,4639,-1,4639,4534,4533,-1,4639,4533,4641,-1,4641,4533,4532,-1,4641,4532,4643,-1,4643,4532,4531,-1,4531,4530,4643,-1,4643,4530,4590,-1,4643,4590,4644,-1,4644,4590,4592,-1,4527,4591,4528,-1,4528,4591,4590,-1,4528,4590,4529,-1,4529,4590,4530,-1,4527,4526,4591,-1,4591,4526,4587,-1,4591,4587,4645,-1,4645,4587,4589,-1,4526,4525,4587,-1,4587,4525,4524,-1,4587,4524,4588,-1,4588,4524,4523,-1,4588,4523,4647,-1,4520,4649,4521,-1,4521,4649,4647,-1,4521,4647,4522,-1,4522,4647,4523,-1,4520,4519,4649,-1,4649,4519,4584,-1,4649,4584,4650,-1,4650,4584,4586,-1,4516,4585,4517,-1,4517,4585,4584,-1,4517,4584,4518,-1,4518,4584,4519,-1,4516,4515,4585,-1,4585,4515,4581,-1,4585,4581,4651,-1,4651,4581,4583,-1,4515,4514,4581,-1,4581,4514,4513,-1,4581,4513,4582,-1,4582,4513,4512,-1,4582,4512,4653,-1,4509,4655,4510,-1,4510,4655,4653,-1,4510,4653,4511,-1,4511,4653,4512,-1,4509,4508,4655,-1,4655,4508,4578,-1,4655,4578,4656,-1,4656,4578,4580,-1,4508,4507,4578,-1,4578,4507,4506,-1,4578,4506,4579,-1,4579,4506,4505,-1,4579,4505,4658,-1,4658,4505,4504,-1,4500,4662,4501,-1,4501,4662,4660,-1,4501,4660,4502,-1,4502,4660,4658,-1,4502,4658,4503,-1,4503,4658,4504,-1,4500,4499,4662,-1,4662,4499,4575,-1,4662,4575,4663,-1,4663,4575,4577,-1,4496,4576,4497,-1,4497,4576,4575,-1,4497,4575,4498,-1,4498,4575,4499,-1,4496,4495,4576,-1,4576,4495,4572,-1,4576,4572,4664,-1,4664,4572,4574,-1,4495,4494,4572,-1,4572,4494,4493,-1,4572,4493,4573,-1,4573,4493,4492,-1,4573,4492,4666,-1,4489,4668,4490,-1,4490,4668,4666,-1,4490,4666,4491,-1,4491,4666,4492,-1,4489,4488,4668,-1,4668,4488,4569,-1,4668,4569,4669,-1,4669,4569,4571,-1,4488,4487,4569,-1,4569,4487,4486,-1,4569,4486,4570,-1,4570,4486,4485,-1,4570,4485,4671,-1,4671,4485,4484,-1,4484,4483,4671,-1,4671,4483,4482,-1,4671,4482,4673,-1,4673,4482,4481,-1,4673,4481,4675,-1,4478,4677,4479,-1,4479,4677,4675,-1,4479,4675,4480,-1,4480,4675,4481,-1,4478,4477,4677,-1,4677,4477,4613,-1,4677,4613,4678,-1,4678,4613,4612,-1,4473,4608,4474,-1,4474,4608,4610,-1,4474,4610,4475,-1,4475,4610,4613,-1,4475,4613,4476,-1,4476,4613,4477,-1,4679,4680,4681,-1,4681,4680,4682,-1,4683,4684,4685,-1,4685,4684,4686,-1,4687,4688,4689,-1,4690,4691,4692,-1,4692,4691,4693,-1,4694,4695,4696,-1,4696,4695,4697,-1,4698,4699,4700,-1,4701,4702,4703,-1,4704,4698,4705,-1,4705,4698,4700,-1,4705,4700,4706,-1,4706,4700,4707,-1,4695,4708,4697,-1,4697,4708,4709,-1,4697,4709,4707,-1,4707,4709,4710,-1,4707,4710,4706,-1,4694,4696,4711,-1,4711,4696,4712,-1,4711,4712,4713,-1,4713,4712,4714,-1,4713,4714,4715,-1,4716,4717,4718,-1,4718,4717,4719,-1,4718,4719,4714,-1,4714,4719,4720,-1,4714,4720,4715,-1,4691,4721,4693,-1,4693,4721,4722,-1,4693,4722,4716,-1,4716,4722,4723,-1,4716,4723,4717,-1,4690,4692,4724,-1,4724,4692,4725,-1,4724,4725,4726,-1,4726,4725,4727,-1,4726,4727,4728,-1,4728,4727,4729,-1,4729,4727,4730,-1,4729,4730,4731,-1,4731,4730,4732,-1,4732,4730,4733,-1,4732,4733,4734,-1,4734,4733,4735,-1,4735,4733,4736,-1,4735,4736,4737,-1,4737,4736,4738,-1,4738,4736,4739,-1,4738,4739,4740,-1,4740,4739,4741,-1,4740,4741,4742,-1,4743,4744,4745,-1,4745,4744,4746,-1,4745,4746,4741,-1,4741,4746,4747,-1,4741,4747,4742,-1,4748,4749,4743,-1,4743,4749,4750,-1,4743,4750,4744,-1,4751,4752,4748,-1,4748,4752,4753,-1,4748,4753,4749,-1,4754,4755,4756,-1,4756,4755,4757,-1,4756,4757,4751,-1,4751,4757,4758,-1,4751,4758,4752,-1,4759,4760,4754,-1,4754,4760,4761,-1,4754,4761,4755,-1,4762,4763,4759,-1,4759,4763,4764,-1,4759,4764,4760,-1,4689,4765,4687,-1,4687,4765,4766,-1,4687,4766,4762,-1,4762,4766,4767,-1,4762,4767,4763,-1,4768,4769,4770,-1,4770,4769,4771,-1,4770,4771,4688,-1,4688,4771,4772,-1,4688,4772,4689,-1,4773,4774,4768,-1,4768,4774,4775,-1,4768,4775,4769,-1,4684,4776,4686,-1,4686,4776,4777,-1,4686,4777,4773,-1,4773,4777,4778,-1,4773,4778,4774,-1,4683,4685,4779,-1,4779,4685,4780,-1,4779,4780,4781,-1,4781,4780,4782,-1,4781,4782,4783,-1,4784,4785,4786,-1,4786,4785,4787,-1,4786,4787,4782,-1,4782,4787,4788,-1,4782,4788,4783,-1,4680,4789,4682,-1,4682,4789,4790,-1,4682,4790,4784,-1,4784,4790,4791,-1,4784,4791,4785,-1,4679,4681,4792,-1,4792,4681,4793,-1,4792,4793,4794,-1,4794,4793,4795,-1,4794,4795,4796,-1,4796,4795,4797,-1,4797,4795,4798,-1,4797,4798,4799,-1,4799,4798,4800,-1,4800,4798,4801,-1,4800,4801,4802,-1,4802,4801,4803,-1,4803,4801,4804,-1,4803,4804,4805,-1,4805,4804,4806,-1,4806,4804,4807,-1,4806,4807,4808,-1,4808,4807,4809,-1,4808,4809,4810,-1,4811,4812,4813,-1,4813,4812,4814,-1,4813,4814,4809,-1,4809,4814,4815,-1,4809,4815,4810,-1,4816,4817,4818,-1,4818,4817,4819,-1,4818,4819,4811,-1,4811,4819,4820,-1,4811,4820,4812,-1,4816,4818,4821,-1,4821,4818,4822,-1,4821,4822,4823,-1,4823,4822,4824,-1,4823,4824,4825,-1,4825,4824,4826,-1,4825,4826,4827,-1,4702,4828,4703,-1,4703,4828,4829,-1,4703,4829,4826,-1,4826,4829,4830,-1,4826,4830,4827,-1,4611,4701,4612,-1,4612,4701,4703,-1,4612,4703,4678,-1,4678,4703,4826,-1,4678,4826,4676,-1,4676,4826,4824,-1,4676,4824,4674,-1,4674,4824,4822,-1,4674,4822,4672,-1,4672,4822,4818,-1,4672,4818,4670,-1,4670,4818,4811,-1,4670,4811,4571,-1,4571,4811,4813,-1,4571,4813,4669,-1,4669,4813,4809,-1,4669,4809,4667,-1,4667,4809,4807,-1,4667,4807,4665,-1,4665,4807,4804,-1,4665,4804,4574,-1,4574,4804,4801,-1,4574,4801,4664,-1,4664,4801,4798,-1,4664,4798,4577,-1,4577,4798,4795,-1,4577,4795,4663,-1,4663,4795,4793,-1,4663,4793,4661,-1,4661,4793,4681,-1,4661,4681,4659,-1,4659,4681,4682,-1,4659,4682,4657,-1,4657,4682,4784,-1,4657,4784,4580,-1,4580,4784,4786,-1,4580,4786,4656,-1,4656,4786,4782,-1,4656,4782,4654,-1,4654,4782,4780,-1,4654,4780,4652,-1,4652,4780,4685,-1,4652,4685,4583,-1,4583,4685,4686,-1,4583,4686,4651,-1,4651,4686,4773,-1,4651,4773,4586,-1,4586,4773,4768,-1,4586,4768,4650,-1,4650,4768,4770,-1,4650,4770,4648,-1,4648,4770,4688,-1,4648,4688,4646,-1,4646,4688,4687,-1,4646,4687,4589,-1,4589,4687,4762,-1,4589,4762,4645,-1,4645,4762,4759,-1,4645,4759,4592,-1,4592,4759,4754,-1,4592,4754,4644,-1,4644,4754,4756,-1,4644,4756,4642,-1,4642,4756,4751,-1,4642,4751,4640,-1,4640,4751,4748,-1,4640,4748,4638,-1,4638,4748,4743,-1,4638,4743,4595,-1,4595,4743,4745,-1,4595,4745,4637,-1,4637,4745,4741,-1,4637,4741,4635,-1,4635,4741,4739,-1,4635,4739,4633,-1,4633,4739,4736,-1,4633,4736,4598,-1,4598,4736,4733,-1,4598,4733,4632,-1,4632,4733,4730,-1,4632,4730,4601,-1,4601,4730,4727,-1,4601,4727,4631,-1,4631,4727,4725,-1,4631,4725,4629,-1,4629,4725,4692,-1,4629,4692,4627,-1,4627,4692,4693,-1,4627,4693,4625,-1,4625,4693,4716,-1,4625,4716,4604,-1,4604,4716,4718,-1,4604,4718,4624,-1,4624,4718,4714,-1,4624,4714,4622,-1,4622,4714,4712,-1,4622,4712,4620,-1,4620,4712,4696,-1,4620,4696,4618,-1,4618,4696,4697,-1,4618,4697,4616,-1,4616,4697,4707,-1,4616,4707,4615,-1,4615,4707,4700,-1,4615,4700,4614,-1,4614,4700,4699,-1,4828,4831,4829,-1,4829,4831,4832,-1,4829,4832,4830,-1,4830,4832,4833,-1,4830,4833,4827,-1,4827,4833,4834,-1,4827,4834,4825,-1,4825,4834,4835,-1,4825,4835,4823,-1,4835,4836,4823,-1,4823,4836,4837,-1,4823,4837,4821,-1,4821,4837,4838,-1,4821,4838,4816,-1,4816,4838,4817,-1,4817,4838,4839,-1,4817,4839,4819,-1,4819,4839,4840,-1,4819,4840,4820,-1,4820,4840,4841,-1,4820,4841,4812,-1,4812,4841,4842,-1,4812,4842,4814,-1,4814,4842,4843,-1,4814,4843,4815,-1,4815,4843,4844,-1,4815,4844,4810,-1,4810,4844,4845,-1,4810,4845,4808,-1,4808,4845,4846,-1,4808,4846,4806,-1,4806,4846,4847,-1,4806,4847,4805,-1,4805,4847,4848,-1,4805,4848,4803,-1,4803,4848,4849,-1,4803,4849,4802,-1,4802,4849,4850,-1,4802,4850,4800,-1,4800,4850,4851,-1,4800,4851,4799,-1,4799,4851,4852,-1,4799,4852,4797,-1,4797,4852,4853,-1,4797,4853,4796,-1,4796,4853,4854,-1,4796,4854,4794,-1,4794,4854,4855,-1,4794,4855,4792,-1,4792,4855,4856,-1,4792,4856,4679,-1,4679,4856,4857,-1,4679,4857,4680,-1,4680,4857,4858,-1,4680,4858,4789,-1,4789,4858,4859,-1,4789,4859,4790,-1,4790,4859,4860,-1,4790,4860,4791,-1,4791,4860,4861,-1,4791,4861,4785,-1,4785,4861,4862,-1,4785,4862,4787,-1,4787,4862,4863,-1,4787,4863,4788,-1,4788,4863,4864,-1,4788,4864,4783,-1,4783,4864,4865,-1,4783,4865,4781,-1,4781,4865,4866,-1,4781,4866,4779,-1,4779,4866,4867,-1,4779,4867,4683,-1,4683,4867,4868,-1,4683,4868,4684,-1,4684,4868,4869,-1,4684,4869,4776,-1,4776,4869,4870,-1,4776,4870,4777,-1,4777,4870,4871,-1,4777,4871,4778,-1,4778,4871,4872,-1,4778,4872,4774,-1,4774,4872,4873,-1,4774,4873,4775,-1,4775,4873,4874,-1,4775,4874,4769,-1,4769,4874,4875,-1,4769,4875,4771,-1,4771,4875,4876,-1,4771,4876,4772,-1,4772,4876,4877,-1,4772,4877,4689,-1,4689,4877,4878,-1,4689,4878,4765,-1,4765,4878,4879,-1,4765,4879,4766,-1,4766,4879,4880,-1,4766,4880,4767,-1,4767,4880,4881,-1,4767,4881,4763,-1,4763,4881,4882,-1,4763,4882,4764,-1,4764,4882,4883,-1,4764,4883,4760,-1,4760,4883,4884,-1,4760,4884,4761,-1,4761,4884,4885,-1,4761,4885,4755,-1,4755,4885,4886,-1,4755,4886,4757,-1,4757,4886,4887,-1,4757,4887,4758,-1,4758,4887,4888,-1,4758,4888,4752,-1,4752,4888,4889,-1,4752,4889,4753,-1,4753,4889,4890,-1,4753,4890,4749,-1,4749,4890,4891,-1,4749,4891,4750,-1,4750,4891,4892,-1,4750,4892,4744,-1,4744,4892,4893,-1,4744,4893,4746,-1,4746,4893,4894,-1,4746,4894,4747,-1,4747,4894,4895,-1,4747,4895,4742,-1,4742,4895,4896,-1,4742,4896,4740,-1,4740,4896,4897,-1,4740,4897,4738,-1,4738,4897,4898,-1,4738,4898,4737,-1,4737,4898,4899,-1,4737,4899,4735,-1,4735,4899,4900,-1,4735,4900,4734,-1,4734,4900,4901,-1,4734,4901,4732,-1,4732,4901,4902,-1,4732,4902,4731,-1,4731,4902,4903,-1,4731,4903,4729,-1,4729,4903,4904,-1,4729,4904,4728,-1,4728,4904,4905,-1,4728,4905,4726,-1,4726,4905,4906,-1,4726,4906,4724,-1,4724,4906,4907,-1,4724,4907,4690,-1,4690,4907,4908,-1,4690,4908,4691,-1,4691,4908,4909,-1,4691,4909,4721,-1,4721,4909,4910,-1,4721,4910,4722,-1,4722,4910,4911,-1,4722,4911,4723,-1,4723,4911,4912,-1,4723,4912,4717,-1,4717,4912,4913,-1,4717,4913,4719,-1,4719,4913,4914,-1,4719,4914,4720,-1,4720,4914,4915,-1,4720,4915,4715,-1,4715,4915,4916,-1,4715,4916,4713,-1,4713,4916,4917,-1,4713,4917,4711,-1,4711,4917,4918,-1,4711,4918,4694,-1,4918,4919,4694,-1,4694,4919,4920,-1,4694,4920,4695,-1,4695,4920,4921,-1,4922,4704,4923,-1,4923,4704,4705,-1,4923,4705,4924,-1,4924,4705,4706,-1,4924,4706,4925,-1,4925,4706,4710,-1,4925,4710,4926,-1,4926,4710,4709,-1,4926,4709,4921,-1,4921,4709,4708,-1,4921,4708,4695,-1,4927,4928,4929,-1,4930,4931,4932,-1,4933,4934,4935,-1,4936,4937,4938,-1,4939,4940,4941,-1,4942,4943,4944,-1,4945,4946,4947,-1,4948,4949,4950,-1,4951,4952,4953,-1,4954,4955,4956,-1,4957,4958,4959,-1,4960,4961,4962,-1,4963,4964,4965,-1,4966,4967,4968,-1,4969,4963,4970,-1,4970,4963,4965,-1,4970,4965,4971,-1,4971,4965,4972,-1,4971,4972,4973,-1,4973,4972,4974,-1,4974,4972,4975,-1,4974,4975,4976,-1,4976,4975,4977,-1,4976,4977,4978,-1,4978,4977,4979,-1,4978,4979,4980,-1,4962,4961,4981,-1,4981,4961,4982,-1,4981,4982,4983,-1,4983,4982,4984,-1,4983,4984,4985,-1,4985,4984,4986,-1,4985,4986,4987,-1,4959,4958,4988,-1,4956,4955,4989,-1,4989,4955,4990,-1,4989,4990,4991,-1,4991,4990,4992,-1,4991,4992,4993,-1,4953,4952,4994,-1,4994,4952,4995,-1,4994,4995,4996,-1,4996,4995,4997,-1,4996,4997,4998,-1,4998,4997,4999,-1,4998,4999,5000,-1,4950,4949,5001,-1,4947,4946,5002,-1,5002,4946,5003,-1,5002,5003,5004,-1,5004,5003,5005,-1,5004,5005,5006,-1,4944,4943,5007,-1,4941,4940,5008,-1,5008,4940,5009,-1,5008,5009,5010,-1,5010,5009,5011,-1,5010,5011,5012,-1,4938,4937,5013,-1,5013,4937,5014,-1,5013,5014,5015,-1,5015,5014,5016,-1,5015,5016,5017,-1,5017,5016,5018,-1,5017,5018,5019,-1,4935,4934,5020,-1,4932,4931,5021,-1,5021,4931,5022,-1,5021,5022,5023,-1,5023,5022,5024,-1,5023,5024,5025,-1,4929,4928,5026,-1,5026,4928,5027,-1,5026,5027,5028,-1,5028,5027,5029,-1,5028,5029,5030,-1,5030,5029,5031,-1,5030,5031,5032,-1,5032,5031,5033,-1,5032,5033,5034,-1,4967,5035,4968,-1,4968,5035,5036,-1,4968,5036,5037,-1,5037,5036,5038,-1,4964,4922,4965,-1,4965,4922,4923,-1,4965,4923,4972,-1,4972,4923,4924,-1,4924,4925,4972,-1,4972,4925,4926,-1,4972,4926,4975,-1,4975,4926,4921,-1,4975,4921,4977,-1,4977,4921,4920,-1,4977,4920,4979,-1,4979,4920,4919,-1,4979,4919,4918,-1,4918,4917,4979,-1,4979,4917,4960,-1,4979,4960,4980,-1,4980,4960,4962,-1,4917,4916,4960,-1,4960,4916,4915,-1,4960,4915,4961,-1,4961,4915,4914,-1,4961,4914,4982,-1,4982,4914,4913,-1,4909,4986,4910,-1,4910,4986,4984,-1,4910,4984,4911,-1,4911,4984,4982,-1,4911,4982,4912,-1,4912,4982,4913,-1,4909,4908,4986,-1,4986,4908,4957,-1,4986,4957,4987,-1,4987,4957,4959,-1,4905,4958,4906,-1,4906,4958,4957,-1,4906,4957,4907,-1,4907,4957,4908,-1,4905,4904,4958,-1,4958,4904,4954,-1,4958,4954,4988,-1,4988,4954,4956,-1,4904,4903,4954,-1,4954,4903,4902,-1,4954,4902,4955,-1,4955,4902,4901,-1,4955,4901,4990,-1,4898,4992,4899,-1,4899,4992,4990,-1,4899,4990,4900,-1,4900,4990,4901,-1,4898,4897,4992,-1,4992,4897,4951,-1,4992,4951,4993,-1,4993,4951,4953,-1,4897,4896,4951,-1,4951,4896,4895,-1,4951,4895,4952,-1,4952,4895,4894,-1,4952,4894,4995,-1,4995,4894,4893,-1,4893,4892,4995,-1,4995,4892,4891,-1,4995,4891,4997,-1,4997,4891,4890,-1,4997,4890,4999,-1,4999,4890,4889,-1,4889,4888,4999,-1,4999,4888,4948,-1,4999,4948,5000,-1,5000,4948,4950,-1,4885,4949,4886,-1,4886,4949,4948,-1,4886,4948,4887,-1,4887,4948,4888,-1,4885,4884,4949,-1,4949,4884,4945,-1,4949,4945,5001,-1,5001,4945,4947,-1,4884,4883,4945,-1,4945,4883,4882,-1,4945,4882,4946,-1,4946,4882,4881,-1,4946,4881,5003,-1,4878,5005,4879,-1,4879,5005,5003,-1,4879,5003,4880,-1,4880,5003,4881,-1,4878,4877,5005,-1,5005,4877,4942,-1,5005,4942,5006,-1,5006,4942,4944,-1,4874,4943,4875,-1,4875,4943,4942,-1,4875,4942,4876,-1,4876,4942,4877,-1,4874,4873,4943,-1,4943,4873,4939,-1,4943,4939,5007,-1,5007,4939,4941,-1,4873,4872,4939,-1,4939,4872,4871,-1,4939,4871,4940,-1,4940,4871,4870,-1,4940,4870,5009,-1,4867,5011,4868,-1,4868,5011,5009,-1,4868,5009,4869,-1,4869,5009,4870,-1,4867,4866,5011,-1,5011,4866,4936,-1,5011,4936,5012,-1,5012,4936,4938,-1,4866,4865,4936,-1,4936,4865,4864,-1,4936,4864,4937,-1,4937,4864,4863,-1,4937,4863,5014,-1,5014,4863,4862,-1,4858,5018,4859,-1,4859,5018,5016,-1,4859,5016,4860,-1,4860,5016,5014,-1,4860,5014,4861,-1,4861,5014,4862,-1,4858,4857,5018,-1,5018,4857,4933,-1,5018,4933,5019,-1,5019,4933,4935,-1,4854,4934,4855,-1,4855,4934,4933,-1,4855,4933,4856,-1,4856,4933,4857,-1,4854,4853,4934,-1,4934,4853,4930,-1,4934,4930,5020,-1,5020,4930,4932,-1,4853,4852,4930,-1,4930,4852,4851,-1,4930,4851,4931,-1,4931,4851,4850,-1,4931,4850,5022,-1,4847,5024,4848,-1,4848,5024,5022,-1,4848,5022,4849,-1,4849,5022,4850,-1,4847,4846,5024,-1,5024,4846,4927,-1,5024,4927,5025,-1,5025,4927,4929,-1,4846,4845,4927,-1,4927,4845,4844,-1,4927,4844,4928,-1,4928,4844,4843,-1,4928,4843,5027,-1,5027,4843,4842,-1,4842,4841,5027,-1,5027,4841,4840,-1,5027,4840,5029,-1,5029,4840,4839,-1,5029,4839,5031,-1,4836,5033,4837,-1,4837,5033,5031,-1,4837,5031,4838,-1,4838,5031,4839,-1,4836,4835,5033,-1,5033,4835,5037,-1,5033,5037,5034,-1,5034,5037,5038,-1,4831,4966,4832,-1,4832,4966,4968,-1,4832,4968,4833,-1,4833,4968,5037,-1,4833,5037,4834,-1,4834,5037,4835,-1,439,438,5039,-1,5039,438,5040,-1,5041,5042,490,-1,5043,5044,499,-1,5045,5046,534,-1,530,529,5047,-1,5048,5049,440,-1,5048,440,5050,-1,5051,5052,5053,-1,5035,5054,5036,-1,5036,5054,5051,-1,5036,5051,5048,-1,5048,5051,5053,-1,5048,5053,5049,-1,5047,5055,4969,-1,5055,5047,5056,-1,5056,5047,529,-1,5056,529,528,-1,531,5057,532,-1,532,5057,5045,-1,532,5045,533,-1,533,5045,534,-1,5058,525,5059,-1,5059,525,526,-1,5059,526,5046,-1,5046,526,527,-1,5046,527,534,-1,5060,523,5058,-1,5058,523,524,-1,5058,524,525,-1,5061,521,5060,-1,5060,521,522,-1,5060,522,523,-1,5062,519,5061,-1,5061,519,520,-1,5061,520,521,-1,514,515,5063,-1,5063,515,516,-1,5063,516,5064,-1,5064,516,517,-1,5064,517,5062,-1,5062,517,518,-1,5062,518,519,-1,514,5063,513,-1,513,5063,5065,-1,513,5065,512,-1,512,5065,5066,-1,512,5066,511,-1,511,5066,510,-1,510,5066,5067,-1,510,5067,509,-1,509,5067,508,-1,508,5067,5068,-1,508,5068,507,-1,507,5068,5069,-1,507,5069,506,-1,5070,503,5071,-1,5071,503,504,-1,5071,504,5069,-1,5069,504,505,-1,5069,505,506,-1,499,500,5043,-1,5043,500,501,-1,5043,501,5070,-1,5070,501,502,-1,5070,502,503,-1,5072,496,5073,-1,5073,496,497,-1,5073,497,5044,-1,5044,497,498,-1,5044,498,499,-1,5074,494,5072,-1,5072,494,495,-1,5072,495,496,-1,490,491,5041,-1,5041,491,492,-1,5041,492,5074,-1,5074,492,493,-1,5074,493,494,-1,485,486,5075,-1,5075,486,487,-1,5075,487,5076,-1,5076,487,488,-1,5076,488,5042,-1,5042,488,489,-1,5042,489,490,-1,485,5075,484,-1,484,5075,5077,-1,484,5077,483,-1,483,5077,5078,-1,483,5078,482,-1,482,5078,481,-1,481,5078,5079,-1,481,5079,480,-1,480,5079,479,-1,479,5079,5080,-1,479,5080,478,-1,478,5080,5081,-1,478,5081,477,-1,5082,474,5083,-1,5083,474,475,-1,5083,475,5081,-1,5081,475,476,-1,5081,476,477,-1,5084,472,5082,-1,5082,472,473,-1,5082,473,474,-1,5085,469,5086,-1,5086,469,470,-1,5086,470,5084,-1,5084,470,471,-1,5084,471,472,-1,5087,467,5085,-1,5085,467,468,-1,5085,468,469,-1,5088,465,5087,-1,5087,465,466,-1,5087,466,467,-1,438,462,5040,-1,5040,462,463,-1,5040,463,5088,-1,5088,463,464,-1,5088,464,465,-1,439,5039,461,-1,461,5039,5089,-1,461,5089,460,-1,460,5089,5090,-1,460,5090,459,-1,459,5090,458,-1,458,5090,5091,-1,458,5091,457,-1,457,5091,456,-1,456,5091,5092,-1,456,5092,455,-1,455,5092,454,-1,454,5092,5093,-1,454,5093,453,-1,453,5093,452,-1,452,5093,5094,-1,452,5094,451,-1,451,5094,5095,-1,451,5095,450,-1,5096,447,5097,-1,5097,447,448,-1,5097,448,5095,-1,5095,448,449,-1,5095,449,450,-1,440,442,5050,-1,5050,442,444,-1,5050,444,5096,-1,5096,444,446,-1,5096,446,447,-1,4969,5098,5047,-1,5047,5098,5057,-1,5047,5057,530,-1,530,5057,531,-1,5098,4971,5057,-1,5057,4971,4973,-1,5057,4973,5045,-1,5045,4973,4974,-1,5045,4974,5046,-1,5046,4974,4976,-1,5046,4976,5059,-1,5059,4976,4978,-1,5059,4978,5058,-1,5058,4978,4980,-1,5058,4980,5060,-1,5060,4980,4962,-1,5060,4962,5061,-1,5061,4962,4981,-1,5061,4981,5062,-1,5062,4981,4983,-1,5062,4983,5064,-1,5064,4983,4985,-1,5064,4985,5063,-1,5063,4985,4987,-1,5063,4987,5065,-1,5065,4987,4959,-1,5065,4959,5066,-1,5066,4959,4988,-1,5066,4988,5067,-1,5067,4988,4956,-1,5067,4956,5068,-1,5068,4956,4989,-1,5068,4989,5069,-1,5069,4989,4991,-1,5069,4991,5071,-1,5071,4991,4993,-1,5071,4993,5070,-1,5070,4993,4953,-1,5070,4953,5043,-1,5043,4953,4994,-1,5043,4994,5044,-1,5044,4994,4996,-1,5044,4996,5073,-1,5073,4996,4998,-1,5073,4998,5072,-1,5072,4998,5000,-1,5072,5000,5074,-1,5074,5000,4950,-1,5074,4950,5041,-1,5041,4950,5001,-1,5041,5001,5042,-1,5042,5001,4947,-1,5042,4947,5076,-1,5076,4947,5002,-1,5076,5002,5075,-1,5075,5002,5004,-1,5075,5004,5077,-1,5077,5004,5006,-1,5077,5006,5078,-1,5078,5006,4944,-1,5078,4944,5079,-1,5079,4944,5007,-1,5079,5007,5080,-1,5080,5007,4941,-1,5080,4941,5081,-1,5081,4941,5008,-1,5081,5008,5083,-1,5083,5008,5010,-1,5083,5010,5082,-1,5082,5010,5012,-1,5082,5012,5084,-1,5084,5012,4938,-1,5084,4938,5086,-1,5086,4938,5013,-1,5086,5013,5085,-1,5085,5013,5015,-1,5085,5015,5087,-1,5087,5015,5017,-1,5087,5017,5088,-1,5088,5017,5019,-1,5088,5019,5040,-1,5040,5019,4935,-1,5040,4935,5039,-1,5039,4935,5020,-1,5039,5020,5089,-1,5089,5020,4932,-1,5089,4932,5090,-1,5090,4932,5021,-1,5090,5021,5091,-1,5091,5021,5023,-1,5091,5023,5092,-1,5092,5023,5025,-1,5092,5025,5093,-1,5093,5025,4929,-1,5093,4929,5094,-1,5094,4929,5026,-1,5094,5026,5095,-1,5095,5026,5028,-1,5095,5028,5097,-1,5097,5028,5030,-1,5097,5030,5096,-1,5096,5030,5032,-1,5096,5032,5050,-1,5050,5032,5034,-1,5050,5034,5048,-1,5048,5034,5038,-1,5048,5038,5036,-1,433,432,445,-1,5099,441,440,-1,5052,5100,5053,-1,5053,5100,5099,-1,5053,5099,5049,-1,5049,5099,440,-1,5101,304,303,-1,441,5099,443,-1,443,5099,5101,-1,443,5101,445,-1,445,5101,303,-1,445,303,433,-1,5102,5103,5104,-1,5104,5103,5105,-1,5104,5105,5106,-1,5106,5105,5107,-1,5106,5107,5108,-1,5108,5107,5109,-1,5108,5109,5110,-1,5110,5109,5111,-1,5110,5111,5112,-1,5112,5111,5113,-1,5112,5113,5114,-1,5114,5113,5115,-1,5114,5115,5116,-1,5116,5115,5117,-1,5116,5117,5118,-1,5118,5117,5119,-1,5118,5119,5120,-1,5120,5119,5121,-1,5120,5121,5122,-1,5122,5121,5123,-1,5122,5123,5124,-1,5124,5123,5125,-1,5124,5125,5126,-1,5126,5125,5127,-1,5126,5127,5128,-1,5128,5127,5129,-1,5128,5129,5130,-1,5130,5129,5131,-1,5130,5131,5132,-1,5132,5131,5133,-1,5132,5133,5134,-1,5134,5133,5135,-1,5134,5135,5136,-1,5136,5135,5137,-1,5136,5137,5138,-1,5138,5137,5139,-1,5138,5139,5140,-1,5140,5139,5141,-1,5140,5141,5142,-1,5142,5141,5143,-1,5142,5143,5144,-1,5144,5143,5145,-1,5144,5145,5146,-1,5146,5145,5147,-1,5146,5147,5148,-1,5148,5147,5149,-1,5148,5149,5150,-1,5150,5149,5151,-1,5150,5151,5152,-1,5152,5151,5153,-1,5152,5153,5154,-1,5154,5153,5155,-1,5154,5155,5156,-1,5156,5155,5157,-1,5156,5157,5158,-1,5158,5157,5159,-1,5158,5159,5160,-1,5160,5159,5161,-1,5160,5161,5162,-1,5162,5161,5163,-1,5162,5163,5164,-1,5164,5163,5165,-1,5164,5165,5166,-1,5166,5165,5167,-1,5166,5167,5168,-1,5168,5167,5169,-1,5168,5169,5170,-1,5170,5169,5171,-1,5170,5171,5172,-1,5172,5171,5173,-1,5172,5173,5174,-1,5174,5173,5175,-1,5174,5175,5176,-1,5176,5175,5177,-1,5176,5177,5178,-1,5178,5177,5179,-1,5178,5179,5180,-1,5180,5179,5181,-1,5180,5181,5102,-1,5102,5181,5103,-1,5182,5116,5118,-1,241,240,5142,-1,5142,240,238,-1,5142,238,5140,-1,5140,238,236,-1,5140,236,235,-1,302,305,5128,-1,5128,305,304,-1,5128,304,5126,-1,281,5138,282,-1,282,5138,5140,-1,282,5140,283,-1,283,5140,235,-1,5134,293,5132,-1,5132,293,292,-1,292,296,5132,-1,5132,296,295,-1,5132,295,299,-1,5118,5120,5182,-1,5182,5120,5122,-1,5182,5122,5183,-1,5183,5122,5124,-1,5183,5124,5126,-1,5100,5183,5099,-1,5099,5183,5126,-1,5099,5126,5101,-1,5101,5126,304,-1,5130,273,5128,-1,5128,273,300,-1,5128,300,302,-1,299,298,5132,-1,5132,298,297,-1,5132,297,5130,-1,5130,297,274,-1,5130,274,273,-1,286,290,5136,-1,5136,290,289,-1,5136,289,5134,-1,5134,289,288,-1,5134,288,293,-1,220,219,5148,-1,281,277,5138,-1,5138,277,276,-1,5138,276,5136,-1,5136,276,284,-1,5136,284,286,-1,233,231,5144,-1,5144,231,229,-1,5144,229,5142,-1,5142,229,227,-1,5142,227,241,-1,225,5146,215,-1,215,5146,5148,-1,215,5148,217,-1,217,5148,219,-1,5106,2,5104,-1,5104,2,94,-1,5104,94,5102,-1,5102,94,5,-1,5102,5,5180,-1,5180,5,86,-1,5180,86,5178,-1,5178,86,81,-1,5178,81,5176,-1,5176,81,76,-1,5176,76,5174,-1,5174,76,71,-1,5174,71,5172,-1,5172,71,66,-1,5172,66,5170,-1,143,136,5182,-1,5182,136,131,-1,5182,131,5116,-1,5116,131,126,-1,5116,126,5114,-1,5114,126,121,-1,5114,121,5112,-1,5112,121,117,-1,5112,117,5110,-1,5110,117,112,-1,5110,112,5108,-1,5108,112,107,-1,5108,107,5106,-1,5106,107,102,-1,5106,102,2,-1,225,224,5146,-1,5146,224,222,-1,5146,222,5144,-1,5144,222,234,-1,5144,234,233,-1,5154,10,5152,-1,5152,10,9,-1,5152,9,208,-1,5150,212,5148,-1,5148,212,210,-1,5148,210,220,-1,208,207,5152,-1,5152,207,205,-1,5152,205,5150,-1,5150,205,213,-1,5150,213,212,-1,66,58,5170,-1,5170,58,55,-1,5170,55,5168,-1,5168,55,50,-1,5168,50,5166,-1,5166,50,42,-1,5166,42,5164,-1,5164,42,37,-1,5164,37,5162,-1,5162,37,33,-1,5162,33,5160,-1,5160,33,8,-1,5160,8,5158,-1,5158,8,23,-1,5158,23,5156,-1,5156,23,20,-1,5156,20,5154,-1,5154,20,12,-1,5154,12,10,-1,5184,5129,5127,-1,5185,5186,5187,-1,5187,5186,5119,-1,5187,5119,5188,-1,5188,5119,5117,-1,5188,5117,5189,-1,5189,5117,5115,-1,5127,5125,5184,-1,5184,5125,5123,-1,5184,5123,5186,-1,5186,5123,5121,-1,5186,5121,5119,-1,5179,5190,5181,-1,5181,5190,5191,-1,5181,5191,5103,-1,5103,5191,5192,-1,5103,5192,5105,-1,5105,5192,5193,-1,5105,5193,5107,-1,5107,5193,5194,-1,5107,5194,5109,-1,5109,5194,5195,-1,5109,5195,5111,-1,5111,5195,5196,-1,5111,5196,5113,-1,5113,5196,5197,-1,5113,5197,5115,-1,5115,5197,5198,-1,5115,5198,5189,-1,5161,5199,5163,-1,5163,5199,5200,-1,5163,5200,5165,-1,5165,5200,5201,-1,5165,5201,5167,-1,5167,5201,5202,-1,5167,5202,5169,-1,5169,5202,5203,-1,5169,5203,5171,-1,5171,5203,5204,-1,5171,5204,5173,-1,5173,5204,5205,-1,5173,5205,5175,-1,5175,5205,5206,-1,5175,5206,5177,-1,5177,5206,5207,-1,5177,5207,5179,-1,5179,5207,5208,-1,5179,5208,5190,-1,5145,5209,5147,-1,5147,5209,5210,-1,5147,5210,5149,-1,5149,5210,5211,-1,5149,5211,5151,-1,5151,5211,5212,-1,5151,5212,5153,-1,5153,5212,5213,-1,5153,5213,5155,-1,5155,5213,5214,-1,5155,5214,5157,-1,5157,5214,5215,-1,5157,5215,5159,-1,5159,5215,5216,-1,5159,5216,5161,-1,5161,5216,5217,-1,5161,5217,5199,-1,5218,5219,5184,-1,5184,5219,5220,-1,5184,5220,5129,-1,5129,5220,5221,-1,5129,5221,5131,-1,5131,5221,5222,-1,5131,5222,5133,-1,5133,5222,5223,-1,5133,5223,5135,-1,5135,5223,5224,-1,5135,5224,5137,-1,5137,5224,5225,-1,5137,5225,5139,-1,5139,5225,5226,-1,5139,5226,5141,-1,5141,5226,5227,-1,5141,5227,5143,-1,5143,5227,5228,-1,5143,5228,5145,-1,5145,5228,5229,-1,5145,5229,5209,-1,5183,5184,5182,-1,5182,5184,5186,-1,5183,5100,5052,-1,5184,5183,2821,-1,5052,5051,5183,-1,5183,5051,5054,-1,5183,5054,5035,-1,2821,3179,2911,-1,2911,3179,2912,-1,4253,4611,4609,-1,5183,3895,3537,-1,3537,3895,3893,-1,2821,5183,3179,-1,3179,5183,3537,-1,3179,3537,3535,-1,4251,3895,4253,-1,4253,3895,5183,-1,4253,5183,4611,-1,4611,5183,5035,-1,4611,5035,4701,-1,4701,5035,4702,-1,3041,3038,3176,-1,3176,3038,2912,-1,3176,2912,3177,-1,3177,2912,3179,-1,2554,2553,2821,-1,2821,2553,2463,-1,2821,2463,5184,-1,1747,2105,2103,-1,4115,4112,4250,-1,4250,4112,3986,-1,4250,3986,4251,-1,4251,3986,3985,-1,4251,3985,3895,-1,1747,5184,2105,-1,2105,5184,2463,-1,2105,2463,2195,-1,2195,2463,2196,-1,577,1031,1029,-1,4831,4828,4966,-1,4966,4828,4702,-1,4966,4702,4967,-1,4967,4702,5035,-1,4473,4470,4608,-1,4608,4470,4344,-1,4608,4344,4609,-1,4609,4344,4343,-1,4609,4343,4253,-1,3757,3754,3892,-1,3892,3754,3628,-1,3892,3628,3893,-1,3893,3628,3627,-1,3893,3627,3537,-1,3399,3396,3534,-1,3534,3396,3270,-1,3534,3270,3535,-1,3535,3270,3269,-1,3535,3269,3179,-1,2683,2680,2818,-1,2818,2680,2554,-1,2818,2554,2819,-1,2819,2554,2821,-1,1480,1479,1747,-1,1747,1479,1389,-1,1747,1389,5184,-1,577,5184,1031,-1,1031,5184,1389,-1,1031,1389,1121,-1,1121,1389,1122,-1,737,5218,574,-1,574,5218,5184,-1,574,5184,575,-1,575,5184,577,-1,2325,2322,2460,-1,2460,2322,2196,-1,2460,2196,2461,-1,2461,2196,2463,-1,1967,1964,2102,-1,2102,1964,1838,-1,2102,1838,2103,-1,2103,1838,1837,-1,2103,1837,1747,-1,1609,1606,1744,-1,1744,1606,1480,-1,1744,1480,1745,-1,1745,1480,1747,-1,1251,1248,1386,-1,1386,1248,1122,-1,1386,1122,1387,-1,1387,1122,1389,-1,893,890,1028,-1,1028,890,764,-1,1028,764,1029,-1,1029,764,763,-1,1029,763,577,-1,5186,5185,645,-1,645,572,5186,-1,5186,572,571,-1,5186,571,580,-1,5182,4256,4614,-1,4614,4256,4341,-1,1392,1034,1119,-1,4964,4963,4614,-1,4614,4963,4969,-1,4614,4969,5182,-1,144,143,244,-1,244,143,5182,-1,1477,1750,1392,-1,1392,1750,5186,-1,1392,5186,1034,-1,1034,5186,580,-1,1034,580,1025,-1,1025,580,1026,-1,1482,1700,1476,-1,1476,1700,1742,-1,1476,1742,1477,-1,1477,1742,1741,-1,1477,1741,1750,-1,2466,2108,2193,-1,307,306,4969,-1,4969,306,242,-1,4969,242,5182,-1,5182,242,243,-1,5182,243,244,-1,2466,5186,2108,-1,2108,5186,1750,-1,2108,1750,2099,-1,2099,1750,2100,-1,3898,3540,3625,-1,4346,4564,4340,-1,4340,4564,4606,-1,4340,4606,4341,-1,4341,4606,4605,-1,4341,4605,4614,-1,4704,4922,4698,-1,4698,4922,4964,-1,4698,4964,4699,-1,4699,4964,4614,-1,766,984,760,-1,760,984,1026,-1,760,1026,761,-1,761,1026,580,-1,1124,1342,1118,-1,1118,1342,1384,-1,1118,1384,1119,-1,1119,1384,1383,-1,1119,1383,1392,-1,5182,2824,3182,-1,3182,2824,2909,-1,3983,4256,3898,-1,3898,4256,5182,-1,3898,5182,3540,-1,3540,5182,3182,-1,3540,3182,3267,-1,528,309,5056,-1,5056,309,307,-1,5056,307,5055,-1,5055,307,4969,-1,1840,2058,1834,-1,1834,2058,2100,-1,1834,2100,1835,-1,1835,2100,1750,-1,2198,2416,2192,-1,2192,2416,2458,-1,2192,2458,2193,-1,2193,2458,2457,-1,2193,2457,2466,-1,5182,5186,2824,-1,2824,5186,2466,-1,2824,2466,2815,-1,2815,2466,2816,-1,3630,3848,3624,-1,3624,3848,3890,-1,3624,3890,3625,-1,3625,3890,3889,-1,3625,3889,3898,-1,3988,4206,3982,-1,3982,4206,4248,-1,3982,4248,3983,-1,3983,4248,4247,-1,3983,4247,4256,-1,2556,2774,2550,-1,2550,2774,2816,-1,2550,2816,2551,-1,2551,2816,2466,-1,2914,3132,2908,-1,2908,3132,3174,-1,2908,3174,2909,-1,2909,3174,3173,-1,2909,3173,3182,-1,3272,3490,3266,-1,3266,3490,3532,-1,3266,3532,3267,-1,3267,3532,3531,-1,3267,3531,3540,-1,645,5185,646,-1,646,5185,5187,-1,5188,648,5187,-1,5187,648,647,-1,5187,647,646,-1,651,650,5188,-1,5188,650,649,-1,5188,649,648,-1,651,5188,652,-1,652,5188,5189,-1,652,5189,653,-1,653,5189,5198,-1,653,5198,654,-1,654,5198,655,-1,655,5198,5197,-1,655,5197,656,-1,5196,658,5197,-1,5197,658,657,-1,5197,657,656,-1,663,659,5194,-1,5194,659,660,-1,5194,660,5195,-1,5195,660,661,-1,5195,661,5196,-1,5196,661,662,-1,5196,662,658,-1,663,5194,666,-1,666,5194,5193,-1,666,5193,665,-1,665,5193,664,-1,664,5193,5192,-1,664,5192,667,-1,5191,669,5192,-1,5192,669,668,-1,5192,668,667,-1,5190,5208,671,-1,671,672,5190,-1,5190,672,673,-1,5190,673,5191,-1,5191,673,670,-1,5191,670,669,-1,5207,675,5208,-1,5208,675,674,-1,5208,674,671,-1,5206,677,5207,-1,5207,677,676,-1,5207,676,675,-1,5205,679,5206,-1,5206,679,678,-1,5206,678,677,-1,5204,681,5205,-1,5205,681,680,-1,5205,680,679,-1,685,686,5203,-1,5203,686,683,-1,5203,683,5204,-1,5204,683,682,-1,5204,682,681,-1,685,5203,684,-1,684,5203,5202,-1,684,5202,687,-1,5201,5200,693,-1,693,690,5201,-1,5201,690,689,-1,5201,689,5202,-1,5202,689,688,-1,5202,688,687,-1,5199,691,5200,-1,5200,691,692,-1,5200,692,693,-1,5217,697,5199,-1,5199,697,694,-1,5199,694,691,-1,5216,695,5217,-1,5217,695,696,-1,5217,696,697,-1,701,700,5215,-1,5215,700,699,-1,5215,699,5216,-1,5216,699,698,-1,5216,698,695,-1,5213,702,5214,-1,5214,702,703,-1,5214,703,5215,-1,5215,703,704,-1,5215,704,701,-1,5212,706,5213,-1,5213,706,705,-1,5213,705,702,-1,5211,708,5212,-1,5212,708,707,-1,5212,707,706,-1,5210,713,5211,-1,5211,713,709,-1,5211,709,708,-1,714,710,5209,-1,5209,710,711,-1,5209,711,5210,-1,5210,711,712,-1,5210,712,713,-1,714,5209,717,-1,717,5209,5229,-1,717,5229,716,-1,716,5229,715,-1,715,5229,5228,-1,715,5228,718,-1,5227,720,5228,-1,5228,720,719,-1,5228,719,718,-1,5226,5225,722,-1,722,723,5226,-1,5226,723,724,-1,5226,724,5227,-1,5227,724,721,-1,5227,721,720,-1,5224,726,5225,-1,5225,726,725,-1,5225,725,722,-1,5223,728,5224,-1,5224,728,727,-1,5224,727,726,-1,5222,730,5223,-1,5223,730,729,-1,5223,729,728,-1,5221,732,5222,-1,5222,732,731,-1,5222,731,730,-1,736,733,5220,-1,5220,733,734,-1,5220,734,5221,-1,5221,734,735,-1,5221,735,732,-1,736,5220,740,-1,740,5220,5219,-1,740,5219,739,-1,5218,737,5219,-1,5219,737,738,-1,5219,738,739,-1,5230,5231,5232,-1,5232,5231,5233,-1,5232,5233,5234,-1,5234,5233,5235,-1,5234,5235,5236,-1,5236,5235,5237,-1,5238,5239,5240,-1,5240,5239,5241,-1,5240,5242,5235,-1,5235,5242,5243,-1,5235,5243,5244,-1,5245,5246,5247,-1,5247,5246,5248,-1,5247,5248,5240,-1,5240,5248,5249,-1,5240,5249,5238,-1,5241,5250,5240,-1,5240,5250,5251,-1,5240,5251,5242,-1,5244,5252,5235,-1,5235,5252,5253,-1,5235,5253,5237,-1,5254,5255,5256,-1,5256,5255,5257,-1,5256,5257,5258,-1,5258,5257,5259,-1,5258,5259,5260,-1,5259,5261,5262,-1,5262,5263,5259,-1,5259,5263,5264,-1,5259,5264,5265,-1,5266,5267,5268,-1,5268,5267,5269,-1,5268,5269,5261,-1,5261,5269,5270,-1,5270,5271,5261,-1,5261,5271,5272,-1,5261,5272,5273,-1,5265,5274,5259,-1,5259,5274,5275,-1,5259,5275,5260,-1,5273,5276,5261,-1,5261,5276,5277,-1,5261,5277,5262,-1,
        ]
    }
}
Shape{
    appearance Appearance {
        material  Material 	{
            diffuseColor 0.011764705882352941 0.0 0.09019607843137255
            specularColor 0.011764705882352941 0.0 0.0784313725490196
            ambientIntensity 0.0138
            transparency 0.0
            shininess 0.5
        }
    }
    geometry IndexedFaceSet {
        ccw TRUE
        solid FALSE
        coord DEF co Coordinate {
            point [
                1.1024 -2.1063 0.1811, 1.1024 -2.5 0.1811, 0.0057 -2.5 0.1811, -0.9094 -0.8661 0.1811, -1.2205 -0.8661 0.1811, -1.2205 -0.8083 0.1811, -0.0692 -0.6895 0.1811, -0.0692 -0.8076 0.1811, -0.0922 -0.7086 0.1811, -0.9094 1.4567 0.1811, -1.2205 1.4567 0.1811, -1.2205 2.1063 0.1811, -1.2205 0.8661 0.1811, -0.2506 -0.6895 0.1811, -0.1199 -0.7961 0.1811, -0.0943 -0.7074 0.1811, -0.1055 -0.7942 0.1811, -0.0922 -0.7885 0.1811, -1.1024 2.1063 0.1811, -1.1024 2.5 0.1811, -0.0058 -0.6895 0.1811, 0.0057 2.5 0.1811, -0.1603 -0.6996 0.1811, -0.1689 -0.7087 0.1811, -0.1901 -0.6895 0.1811, -0.1096 -0.8083 0.1811, -0.1059 -0.808 0.1811, -0.0922 -0.8043 0.1811, -0.0058 -0.7024 0.1811, 0.0057 -0.8083 0.1811, -0.0087 -0.7946 0.1811, -0.0087 -0.8076 0.1811, -0.0533 -0.7428 0.1811, -0.0533 -0.7024 0.1811, -0.0115 -0.7428 0.1811, -0.0115 -0.7557 0.1811, -0.0533 -0.7557 0.1811, -0.0533 -0.7946 0.1811, -0.1738 -0.7765 0.1811, -0.1668 -0.7877 0.1811, -0.2348 -0.8076 0.1811, -0.1565 -0.7976 0.1811, -0.1454 -0.804 0.1811, -0.1315 -0.7947 0.1811, -0.1403 -0.7916 0.1811, -0.1486 -0.786 0.1811, -0.1557 -0.778 0.1811, -0.1606 -0.7689 0.1811, -0.1637 -0.7561 0.1811, -0.1642 -0.7473 0.1811, -0.163 -0.7345 0.1811, -0.1598 -0.7243 0.1811, -0.1225 -0.701 0.1811, -0.1494 -0.7103 0.1811, -0.1335 -0.7022 0.1811, -0.1422 -0.7054 0.1811, -0.1549 -0.7161 0.1811, -0.1068 -0.7027 0.1811, -0.1901 -0.7024 0.1811, -0.1752 -0.7198 0.1811, -0.2348 -0.7024 0.1811, -0.1325 -0.8079 0.1811, -0.1283 -0.8083 0.1811, -0.2506 -0.8076 0.1811, -0.0922 -0.6956 0.1811, -0.9094 0.8661 0.1811, -0.1247 -0.688 0.1811, -0.1392 -0.6895 0.1811, -0.1507 -0.6935 0.1811, -0.1789 -0.7325 0.1811, -0.1801 -0.7463 0.1811, -0.1784 -0.7631 0.1811, -0.1048 -0.6904 0.1811, -0.1215 -0.6881 0.1811, -1.1024 -2.5 0.1811, -1.1024 -2.1063 0.1811, -1.2205 -2.1063 0.1811, -1.2205 -1.4567 0.1811, -0.9094 -1.4567 0.1811, -0.12 -0.809 0.1811, 0.1383 -0.6895 0.1811, 0.121 -0.6895 0.1811, 0.9094 0.8661 0.1811, 0.1656 -0.8076 0.1811, 0.1815 -0.8076 0.1811, 0.0173 -0.6895 0.1811, 1.1024 2.5 0.1811, 1.1024 2.1063 0.1811, 0.0815 -0.8009 0.1811, 0.0932 -0.7933 0.1811, 0.0978 -0.789 0.1811, 0.1049 -0.7798 0.1811, 0.0902 -0.7021 0.1811, 0.0779 -0.6949 0.1811, 0.0173 -0.8076 0.1811, 0.0506 -0.8076 0.1811, 0.0677 -0.8058 0.1811, 1.2205 0.8661 0.1811, 0.2276 -0.6895 0.1811, 0.2103 -0.6895 0.1811, 0.1983 -0.7226 0.1811, 0.1495 -0.7226 0.1811, 1.2205 2.1063 0.1811, 1.2205 1.4567 0.1811, 0.9094 1.4567 0.1811, 0.0494 -0.6895 0.1811, 0.0644 -0.6908 0.1811, 0.1107 -0.7342 0.1811, 0.1065 -0.7219 0.1811, 0.0998 -0.7115 0.1811, 0.1098 -0.7683 0.1811, 0.1121 -0.7558 0.1811, 0.1123 -0.75 0.1811, 1.2205 -0.8083 0.1811, 1.2205 -0.8661 0.1811, 0.9094 -0.8661 0.1811, 0.9094 -1.4567 0.1811, 1.2205 -1.4567 0.1811, 1.2205 -2.1063 0.1811
            ]
        }
        coordIndex [
            0,1,2,-1,3,4,5,-1,6,7,8,-1,9,10,11,-1,5,12,13,-1,14,15,16,-1,16,15,8,-1,16,8,17,-1,17,8,7,-1,18,19,20,-1,20,19,21,-1,22,23,24,-1,25,26,7,-1,7,26,27,-1,7,27,17,-1,28,29,30,-1,30,29,31,-1,32,33,34,-1,34,33,28,-1,34,28,35,-1,35,28,30,-1,35,30,36,-1,36,30,37,-1,38,39,40,-1,40,39,41,-1,40,41,42,-1,14,43,15,-1,15,43,44,-1,15,44,45,-1,45,46,15,-1,15,46,47,-1,15,47,48,-1,48,49,15,-1,15,49,50,-1,15,50,51,-1,52,53,54,-1,54,53,55,-1,51,56,15,-1,15,56,53,-1,15,53,57,-1,57,53,52,-1,24,23,58,-1,58,23,59,-1,58,59,60,-1,42,61,40,-1,40,61,62,-1,40,62,63,-1,8,64,6,-1,6,64,65,-1,6,65,20,-1,20,65,9,-1,20,9,18,-1,18,9,11,-1,66,67,24,-1,24,67,68,-1,24,68,22,-1,59,69,60,-1,60,69,70,-1,60,70,40,-1,40,70,71,-1,40,71,38,-1,64,72,65,-1,65,72,73,-1,65,73,12,-1,12,73,66,-1,12,66,13,-1,13,66,24,-1,74,75,29,-1,76,77,75,-1,75,77,78,-1,75,78,29,-1,13,63,5,-1,5,63,62,-1,5,62,3,-1,3,62,78,-1,62,79,78,-1,78,79,25,-1,78,25,29,-1,29,25,7,-1,29,7,31,-1,80,81,82,-1,29,83,84,-1,28,20,29,-1,29,20,21,-1,29,21,85,-1,85,21,86,-1,85,86,87,-1,88,89,83,-1,83,89,90,-1,83,90,91,-1,92,93,81,-1,85,94,29,-1,29,94,95,-1,29,95,83,-1,83,95,96,-1,83,96,88,-1,97,98,99,-1,100,101,99,-1,99,101,80,-1,99,80,97,-1,97,80,82,-1,102,103,87,-1,87,103,104,-1,87,104,85,-1,85,104,82,-1,85,82,105,-1,105,82,81,-1,105,81,106,-1,106,81,93,-1,107,108,81,-1,81,108,109,-1,81,109,92,-1,91,110,83,-1,83,110,111,-1,83,111,81,-1,81,111,112,-1,81,112,107,-1,113,114,115,-1,98,97,84,-1,84,97,113,-1,84,113,29,-1,29,113,115,-1,29,115,116,-1,117,118,116,-1,116,118,0,-1,116,0,29,-1,29,0,2,-1,29,2,74,-1,
        ]
    }
}
Shape{
    appearance Appearance {
        material  Material 	{
            diffuseColor 0.8431372549019608 0.08627450980392157 0.0
            specularColor 0.7411764705882353 0.07450980392156863 0.0
            ambientIntensity 0.3027
            transparency 0.0
            shininess 0.5
        }
    }
    geometry IndexedFaceSet {
        ccw TRUE
        solid FALSE
        coord DEF co Coordinate {
            point [
                -1.2992 -2.4213 3.6024, -1.2992 -2.1063 3.6024, -1.2992 -2.4213 0.0236, -1.2992 -2.1063 0.0236, 1.2205 -2.1063 3.6811, -1.2205 -2.1063 3.6811, 1.2205 -2.4213 3.6811, -1.2205 -2.4213 3.6811, 1.2992 -2.4213 3.6024, 1.2992 -2.4213 0.0236, 1.2992 -2.1063 3.6024, 1.2992 -2.1063 0.0236, -1.2992 2.4213 3.6024, -1.2992 2.4213 0.0236, -1.2992 2.1063 3.6024, -1.2992 2.1063 0.0236, 1.1024 -2.5 0.0236, 1.2205 -2.5 0.0236, 1.1024 -2.5 0.1811, 1.2205 -2.5 3.6024, 0.0057 -2.5 0.1811, -1.2205 -2.5 3.6024, -1.1024 -2.5 0.1811, -1.2205 -2.5 0.0236, -1.1024 -2.5 0.0236, -1.1024 -2.1063 0.1811, -1.1024 -2.1063 0.0236, -1.2965 -2.4416 0.0236, -1.2409 -2.4973 0.0236, -1.2598 -2.4895 0.0236, -1.2761 -2.4769 0.0236, -1.2887 -2.4606 0.0236, 1.2992 2.1063 3.6024, 1.2992 2.1063 0.0236, 1.2992 2.4213 3.6024, 1.2992 2.4213 0.0236, -1.1024 2.5 0.0236, -1.2205 2.5 0.0236, -1.1024 2.5 0.1811, -1.2205 2.5 3.6024, 0.0057 2.5 0.1811, 1.2205 2.5 3.6024, 1.1024 2.5 0.1811, 1.2205 2.5 0.0236, 1.1024 2.5 0.0236, 1.2205 2.4213 3.6811, -1.2205 2.4213 3.6811, 1.2205 2.1063 3.6811, -1.2205 2.1063 3.6811, -1.1024 2.1063 0.1811, -1.1024 2.1063 0.0236, -1.2696 2.4828 0.0236, -1.2546 2.4922 0.0236, -1.2972 2.4388 0.0236, -1.2914 2.4554 0.0236, -1.282 2.4704 0.0236, -1.238 2.498 0.0236, 1.1024 -2.1063 0.1811, 1.1024 -2.1063 0.0236, 1.2409 -2.4973 0.0236, 1.2965 -2.4416 0.0236, 1.2887 -2.4606 0.0236, 1.2761 -2.4769 0.0236, 1.2598 -2.4895 0.0236, 1.1024 2.1063 0.1811, 1.1024 2.1063 0.0236, 1.282 2.4704 0.0236, 1.2914 2.4554 0.0236, 1.2696 2.4828 0.0236, 1.2972 2.4388 0.0236, 1.2546 2.4922 0.0236, 1.238 2.498 0.0236, 0.1983 -0.7226 0.185, 0.1983 -0.7226 0.1811, 0.2103 -0.6895 0.185, 0.2103 -0.6895 0.1811, 0.1495 -0.7226 0.185, 0.1495 -0.7226 0.1811, 0.1383 -0.6895 0.185, 0.1383 -0.6895 0.1811, 0.121 -0.6895 0.185, 0.121 -0.6895 0.1811, 0.1656 -0.8076 0.185, 0.1656 -0.8076 0.1811, 0.1815 -0.8076 0.185, 0.1815 -0.8076 0.1811, 0.2276 -0.6895 0.185, 0.2276 -0.6895 0.1811, 0.1535 -0.7356 0.185, 0.193 -0.7356 0.185, 0.1711 -0.7849 0.185, 0.1723 -0.789 0.185, 0.173 -0.7932 0.185, 0.1734 -0.7932 0.185, 0.1742 -0.789 0.185, 0.1752 -0.7849 0.185, 0.1734 -0.7932 0.1811, 0.1742 -0.789 0.1811, 0.1752 -0.7849 0.1811, 0.173 -0.7932 0.1811, 0.1711 -0.7849 0.1811, 0.1723 -0.789 0.1811, 0.1535 -0.7356 0.1811, 0.193 -0.7356 0.1811, 0.0506 -0.8076 0.185, 0.0506 -0.8076 0.1811, 0.0173 -0.8076 0.185, 0.0173 -0.8076 0.1811, 0.1123 -0.75 0.185, 0.1123 -0.75 0.1811, 0.1121 -0.7558 0.1811, 0.1121 -0.7558 0.185, 0.1098 -0.7683 0.1811, 0.1098 -0.7683 0.185, 0.1049 -0.7798 0.1811, 0.1049 -0.7798 0.185, 0.0978 -0.789 0.1811, 0.0978 -0.789 0.185, 0.0932 -0.7933 0.1811, 0.0932 -0.7933 0.185, 0.0815 -0.8009 0.1811, 0.0815 -0.8009 0.185, 0.0677 -0.8058 0.1811, 0.0677 -0.8058 0.185, 0.0494 -0.6895 0.185, 0.0494 -0.6895 0.1811, 0.0644 -0.6908 0.1811, 0.0644 -0.6908 0.185, 0.0779 -0.6949 0.1811, 0.0779 -0.6949 0.185, 0.0902 -0.7021 0.1811, 0.0902 -0.7021 0.185, 0.0998 -0.7115 0.1811, 0.0998 -0.7115 0.185, 0.1065 -0.7219 0.1811, 0.1065 -0.7219 0.185, 0.1107 -0.7342 0.1811, 0.1107 -0.7342 0.185, 0.0173 -0.6895 0.185, 0.0173 -0.6895 0.1811, 0.0965 -0.7497 0.185, 0.0955 -0.7614 0.185, 0.0927 -0.7708 0.185, 0.0887 -0.778 0.185, 0.083 -0.7841 0.185, 0.0743 -0.7897 0.185, 0.0646 -0.7931 0.185, 0.0505 -0.7946 0.185, 0.0331 -0.7946 0.185, 0.0331 -0.7024 0.185, 0.0499 -0.7024 0.185, 0.0624 -0.7036 0.185, 0.0723 -0.7067 0.185, 0.0803 -0.7114 0.185, 0.087 -0.718 0.185, 0.0919 -0.7261 0.185, 0.095 -0.7355 0.185, 0.0499 -0.7024 0.1811, 0.0331 -0.7024 0.1811, 0.0965 -0.7497 0.1811, 0.095 -0.7355 0.1811, 0.0919 -0.7261 0.1811, 0.087 -0.718 0.1811, 0.0803 -0.7114 0.1811, 0.0723 -0.7067 0.1811, 0.0624 -0.7036 0.1811, 0.0505 -0.7946 0.1811, 0.0646 -0.7931 0.1811, 0.0743 -0.7897 0.1811, 0.083 -0.7841 0.1811, 0.0887 -0.778 0.1811, 0.0927 -0.7708 0.1811, 0.0955 -0.7614 0.1811, 0.0331 -0.7946 0.1811, -0.0692 -0.8076 0.185, -0.0692 -0.8076 0.1811, -0.0692 -0.6895 0.185, -0.0692 -0.6895 0.1811, -0.0087 -0.8076 0.185, -0.0087 -0.8076 0.1811, -0.0087 -0.7946 0.185, -0.0087 -0.7946 0.1811, -0.0533 -0.7946 0.185, -0.0533 -0.7946 0.1811
            ]
        }
        coordIndex [
            0,1,2,-1,2,1,3,-1,4,5,6,-1,6,5,7,-1,8,9,10,-1,10,9,11,-1,12,13,14,-1,14,13,15,-1,16,17,18,-1,18,17,19,-1,18,19,20,-1,20,19,21,-1,20,21,22,-1,22,21,23,-1,22,23,24,-1,25,22,26,-1,26,22,24,-1,26,24,23,-1,3,26,2,-1,2,26,23,-1,2,23,27,-1,27,23,28,-1,28,29,27,-1,27,29,30,-1,27,30,31,-1,32,33,34,-1,34,33,35,-1,36,37,38,-1,38,37,39,-1,38,39,40,-1,40,39,41,-1,40,41,42,-1,42,41,43,-1,42,43,44,-1,45,46,47,-1,47,46,48,-1,38,49,36,-1,36,49,50,-1,37,36,50,-1,13,51,52,-1,13,53,51,-1,51,53,54,-1,51,54,55,-1,50,15,37,-1,37,15,13,-1,37,13,56,-1,56,13,52,-1,18,57,16,-1,16,57,58,-1,58,11,16,-1,16,11,9,-1,16,9,17,-1,17,9,59,-1,60,61,62,-1,60,62,9,-1,9,62,63,-1,9,63,59,-1,64,42,65,-1,65,42,44,-1,65,44,43,-1,66,67,68,-1,68,67,69,-1,68,69,70,-1,33,65,35,-1,35,65,43,-1,35,43,69,-1,69,43,71,-1,69,71,70,-1,72,73,74,-1,74,73,75,-1,76,77,72,-1,72,77,73,-1,78,79,76,-1,76,79,77,-1,80,81,78,-1,78,81,79,-1,82,83,80,-1,80,83,81,-1,84,85,82,-1,82,85,83,-1,86,87,84,-1,84,87,85,-1,86,74,87,-1,87,74,75,-1,88,76,89,-1,89,76,72,-1,90,82,88,-1,88,82,80,-1,88,80,76,-1,76,80,78,-1,90,91,82,-1,82,91,92,-1,82,92,84,-1,84,92,93,-1,84,93,94,-1,94,95,84,-1,84,95,89,-1,84,89,86,-1,86,89,72,-1,86,72,74,-1,93,96,97,-1,93,97,94,-1,94,97,98,-1,94,98,95,-1,92,99,93,-1,93,99,96,-1,90,100,101,-1,90,101,91,-1,91,101,99,-1,91,99,92,-1,88,102,90,-1,90,102,100,-1,89,103,88,-1,88,103,102,-1,98,103,95,-1,95,103,89,-1,104,105,106,-1,106,105,107,-1,108,109,110,-1,108,110,111,-1,111,110,112,-1,111,112,113,-1,113,112,114,-1,113,114,115,-1,115,114,116,-1,115,116,117,-1,117,116,118,-1,117,118,119,-1,119,118,120,-1,119,120,121,-1,121,120,122,-1,121,122,123,-1,123,122,105,-1,123,105,104,-1,124,125,126,-1,124,126,127,-1,127,126,128,-1,127,128,129,-1,129,128,130,-1,129,130,131,-1,131,130,132,-1,131,132,133,-1,133,132,134,-1,133,134,135,-1,135,134,136,-1,135,136,137,-1,137,136,109,-1,137,109,108,-1,138,139,124,-1,124,139,125,-1,138,106,139,-1,139,106,107,-1,137,108,140,-1,140,108,111,-1,140,111,141,-1,141,111,113,-1,141,113,142,-1,142,113,115,-1,142,115,143,-1,143,115,117,-1,143,117,144,-1,144,117,119,-1,144,119,145,-1,145,119,121,-1,145,121,146,-1,146,121,123,-1,146,123,147,-1,147,123,104,-1,147,104,148,-1,148,104,106,-1,148,106,149,-1,149,106,138,-1,149,138,150,-1,150,138,124,-1,150,124,151,-1,151,124,127,-1,151,127,152,-1,152,127,129,-1,152,129,153,-1,153,129,131,-1,153,131,154,-1,154,131,133,-1,154,133,155,-1,155,133,135,-1,155,135,156,-1,156,135,137,-1,156,137,140,-1,150,157,149,-1,149,157,158,-1,140,159,160,-1,140,160,156,-1,156,160,161,-1,156,161,155,-1,155,161,162,-1,155,162,154,-1,154,162,163,-1,154,163,153,-1,153,163,164,-1,153,164,152,-1,152,164,165,-1,152,165,151,-1,151,165,157,-1,151,157,150,-1,147,166,167,-1,147,167,146,-1,146,167,168,-1,146,168,145,-1,145,168,169,-1,145,169,144,-1,144,169,170,-1,144,170,143,-1,143,170,171,-1,143,171,142,-1,142,171,172,-1,142,172,141,-1,141,172,159,-1,141,159,140,-1,148,173,147,-1,147,173,166,-1,158,173,149,-1,149,173,148,-1,174,175,176,-1,176,175,177,-1,178,179,174,-1,174,179,175,-1,180,181,178,-1,178,181,179,-1,182,183,180,-1,180,183,181,-1,
        ]
    }
}
Shape{
    appearance Appearance {
        material  Material 	{
            diffuseColor 1.0 1.0 1.0
            specularColor 0.8784313725490196 0.8784313725490196 0.8784313725490196
            ambientIntensity 1.0
            transparency 0.0
            shininess 0.5
        }
    }
    geometry IndexedFaceSet {
        ccw TRUE
        solid FALSE
        coord DEF co Coordinate {
            point [
                -0.0533 -0.7557 0.185, -0.0533 -0.7557 0.1811, -0.0533 -0.7946 0.185, -0.0533 -0.7946 0.1811, -0.0115 -0.7557 0.185, -0.0115 -0.7557 0.1811, -0.0115 -0.7428 0.185, -0.0115 -0.7428 0.1811, -0.0533 -0.7428 0.185, -0.0533 -0.7428 0.1811, -0.0533 -0.7024 0.185, -0.0533 -0.7024 0.1811, -0.0058 -0.7024 0.185, -0.0058 -0.7024 0.1811, -0.0058 -0.6895 0.185, -0.0058 -0.6895 0.1811, -0.0692 -0.6895 0.185, -0.0692 -0.6895 0.1811, -0.0692 -0.8076 0.185, -0.0087 -0.7946 0.185, -0.0087 -0.8076 0.185, -0.1801 -0.7463 0.185, -0.1801 -0.7463 0.1811, -0.1789 -0.7325 0.1811, -0.1789 -0.7325 0.185, -0.1752 -0.7198 0.1811, -0.1752 -0.7198 0.185, -0.1689 -0.7087 0.1811, -0.1689 -0.7087 0.185, -0.1603 -0.6996 0.1811, -0.1603 -0.6996 0.185, -0.1507 -0.6935 0.1811, -0.1507 -0.6935 0.185, -0.1392 -0.6895 0.1811, -0.1392 -0.6895 0.185, -0.1247 -0.688 0.1811, -0.1247 -0.688 0.185, -0.12 -0.809 0.185, -0.12 -0.809 0.1811, -0.1325 -0.8079 0.185, -0.1283 -0.8083 0.1811, -0.1325 -0.8079 0.1811, -0.1454 -0.804 0.1811, -0.1454 -0.804 0.185, -0.1565 -0.7976 0.1811, -0.1565 -0.7976 0.185, -0.1668 -0.7877 0.1811, -0.1668 -0.7877 0.185, -0.1738 -0.7765 0.1811, -0.1738 -0.7765 0.185, -0.1784 -0.7631 0.1811, -0.1784 -0.7631 0.185, -0.1096 -0.8083 0.1811, -0.1059 -0.808 0.185, -0.1059 -0.808 0.1811, -0.0922 -0.8043 0.185, -0.0922 -0.8043 0.1811, -0.0922 -0.7885 0.185, -0.0922 -0.7885 0.1811, -0.1199 -0.7961 0.185, -0.1199 -0.7961 0.1811, -0.1055 -0.7942 0.1811, -0.1055 -0.7942 0.185, -0.1642 -0.7473 0.185, -0.1642 -0.7473 0.1811, -0.1637 -0.7561 0.1811, -0.1637 -0.7561 0.185, -0.1606 -0.7689 0.1811, -0.1606 -0.7689 0.185, -0.1557 -0.778 0.1811, -0.1557 -0.778 0.185, -0.1486 -0.786 0.1811, -0.1486 -0.786 0.185, -0.1403 -0.7916 0.1811, -0.1403 -0.7916 0.185, -0.1315 -0.7947 0.1811, -0.1315 -0.7947 0.185, -0.1225 -0.701 0.185, -0.1225 -0.701 0.1811, -0.1335 -0.7022 0.1811, -0.1335 -0.7022 0.185, -0.1422 -0.7054 0.1811, -0.1422 -0.7054 0.185, -0.1494 -0.7103 0.1811, -0.1494 -0.7103 0.185, -0.1549 -0.7161 0.1811, -0.1549 -0.7161 0.185, -0.1598 -0.7243 0.1811, -0.1598 -0.7243 0.185, -0.163 -0.7345 0.1811, -0.163 -0.7345 0.185, -0.0922 -0.7086 0.185, -0.0922 -0.7086 0.1811, -0.0943 -0.7074 0.1811, -0.0943 -0.7074 0.185, -0.1068 -0.7027 0.1811, -0.1068 -0.7027 0.185, -0.0922 -0.6956 0.185, -0.0922 -0.6956 0.1811, -0.1215 -0.6881 0.1811, -0.1215 -0.6881 0.185, -0.1048 -0.6904 0.1811, -0.1048 -0.6904 0.185, -0.2506 -0.8076 0.185, -0.2506 -0.8076 0.1811, -0.2506 -0.6895 0.185, -0.2506 -0.6895 0.1811, -0.2348 -0.8076 0.185, -0.2348 -0.8076 0.1811, -0.2348 -0.7024 0.185, -0.2348 -0.7024 0.1811, -0.1901 -0.7024 0.185, -0.1901 -0.7024 0.1811, -0.1901 -0.6895 0.185, -0.1901 -0.6895 0.1811
            ]
        }
        coordIndex [
            0,1,2,-1,2,1,3,-1,4,5,0,-1,0,5,1,-1,6,7,4,-1,4,7,5,-1,8,9,6,-1,6,9,7,-1,10,11,8,-1,8,11,9,-1,12,13,10,-1,10,13,11,-1,14,15,12,-1,12,15,13,-1,14,16,15,-1,15,16,17,-1,16,14,12,-1,12,10,16,-1,16,10,8,-1,16,8,18,-1,19,20,2,-1,2,20,18,-1,2,18,0,-1,0,18,8,-1,0,8,4,-1,4,8,6,-1,21,22,23,-1,21,23,24,-1,24,23,25,-1,24,25,26,-1,26,25,27,-1,26,27,28,-1,28,27,29,-1,28,29,30,-1,30,29,31,-1,30,31,32,-1,32,31,33,-1,32,33,34,-1,34,33,35,-1,34,35,36,-1,37,38,39,-1,39,38,40,-1,40,41,39,-1,39,41,42,-1,39,42,43,-1,43,42,44,-1,43,44,45,-1,45,44,46,-1,45,46,47,-1,47,46,48,-1,47,48,49,-1,49,48,50,-1,49,50,51,-1,51,50,22,-1,51,22,21,-1,38,37,52,-1,52,37,53,-1,52,53,54,-1,54,53,55,-1,54,55,56,-1,57,58,55,-1,55,58,56,-1,59,60,61,-1,59,61,62,-1,62,61,58,-1,62,58,57,-1,63,64,65,-1,63,65,66,-1,66,65,67,-1,66,67,68,-1,68,67,69,-1,68,69,70,-1,70,69,71,-1,70,71,72,-1,72,71,73,-1,72,73,74,-1,74,73,75,-1,74,75,76,-1,76,75,60,-1,76,60,59,-1,77,78,79,-1,77,79,80,-1,80,79,81,-1,80,81,82,-1,82,81,83,-1,82,83,84,-1,84,83,85,-1,84,85,86,-1,86,85,87,-1,86,87,88,-1,88,87,89,-1,88,89,90,-1,90,89,64,-1,90,64,63,-1,91,92,93,-1,91,93,94,-1,94,93,95,-1,94,95,96,-1,96,95,78,-1,96,78,77,-1,97,98,91,-1,91,98,92,-1,36,35,99,-1,36,99,100,-1,100,99,101,-1,100,101,102,-1,102,101,98,-1,102,98,97,-1,80,36,77,-1,77,36,100,-1,77,100,96,-1,96,100,102,-1,96,102,94,-1,94,102,97,-1,94,97,91,-1,57,55,62,-1,62,55,53,-1,62,53,59,-1,59,53,37,-1,59,37,76,-1,76,37,39,-1,76,39,74,-1,74,39,43,-1,74,43,72,-1,72,43,45,-1,72,45,70,-1,70,45,47,-1,70,47,68,-1,68,47,49,-1,68,49,66,-1,66,49,51,-1,66,51,63,-1,63,51,21,-1,63,21,90,-1,90,21,24,-1,90,24,88,-1,88,24,26,-1,88,26,86,-1,86,26,28,-1,86,28,84,-1,84,28,30,-1,84,30,82,-1,82,30,32,-1,82,32,80,-1,80,32,34,-1,80,34,36,-1,103,104,105,-1,105,104,106,-1,107,108,103,-1,103,108,104,-1,109,110,107,-1,107,110,108,-1,111,112,109,-1,109,112,110,-1,113,114,111,-1,111,114,112,-1,113,105,114,-1,114,105,106,-1,107,103,109,-1,109,103,105,-1,109,105,111,-1,111,105,113,-1,
        ]
    }
}
Shape{
    appearance Appearance {
        material  Material 	{
            diffuseColor 0.011764705882352941 0.0 0.09019607843137255
            specularColor 0.011764705882352941 0.0 0.0784313725490196
            ambientIntensity 0.0138
            transparency 0.0
            shininess 0.5
        }
    }
    geometry IndexedFaceSet {
        ccw TRUE
        solid FALSE
        coord DEF co Coordinate {
            point [
                0.1535 -0.7356 0.1811, 0.193 -0.7356 0.1811, 0.1711 -0.7849 0.1811, 0.1752 -0.7849 0.1811, 0.1723 -0.789 0.1811, 0.1742 -0.789 0.1811, 0.173 -0.7932 0.1811, 0.1734 -0.7932 0.1811, 0.0331 -0.7946 0.1811, 0.0331 -0.7024 0.1811, 0.0505 -0.7946 0.1811, 0.0499 -0.7024 0.1811, 0.095 -0.7355 0.1811, 0.0965 -0.7497 0.1811, 0.0955 -0.7614 0.1811, 0.0927 -0.7708 0.1811, 0.0646 -0.7931 0.1811, 0.0624 -0.7036 0.1811, 0.0723 -0.7067 0.1811, 0.0803 -0.7114 0.1811, 0.0887 -0.778 0.1811, 0.083 -0.7841 0.1811, 0.0743 -0.7897 0.1811, 0.087 -0.718 0.1811, 0.0919 -0.7261 0.1811
            ]
        }
        coordIndex [
            0,1,2,-1,2,1,3,-1,2,3,4,-1,4,3,5,-1,4,5,6,-1,6,5,7,-1,8,9,10,-1,10,9,11,-1,12,13,10,-1,13,14,10,-1,10,14,15,-1,10,15,16,-1,11,17,10,-1,10,17,18,-1,10,18,19,-1,20,21,15,-1,15,21,22,-1,15,22,16,-1,19,23,10,-1,10,23,24,-1,10,24,12,-1,
        ]
    }
}
Shape{
    appearance Appearance {
        material  Material 	{
            diffuseColor 0.8431372549019608 0.08627450980392157 0.0
            specularColor 0.7411764705882353 0.07450980392156863 0.0
            ambientIntensity 0.3027
            transparency 0.0
            shininess 0.5
        }
    }
    geometry IndexedFaceSet {
        ccw TRUE
        solid FALSE
        coord DEF co Coordinate {
            point [
                1.2205 1.4567 0.1811, 1.2205 2.1063 0.1811, 1.2205 1.4567 0.7559, 1.2205 2.1063 3.563, 1.2205 0.8661 0.7559, 1.2205 -2.1063 3.563, 1.2205 -2.1063 0.1811, 1.2205 -1.4567 0.7559, 1.2205 -1.4567 0.1811, 1.2205 -0.8661 0.7559, 1.2205 -0.8661 0.1811, 1.2205 -0.8083 0.1811, 1.2205 0.8661 0.1811, -1.2205 2.1063 0.1811, -1.2205 1.4567 0.1811, -1.2205 1.4567 0.7559, -1.2205 0.8661 0.7559, -1.2205 -2.1063 3.563, -1.2205 2.1063 3.563, -1.2205 -0.8083 0.1811, -1.2205 -0.8661 0.1811, -1.2205 -0.8661 0.7559, -1.2205 -1.4567 0.1811, -1.2205 -2.1063 0.1811, -1.2205 -1.4567 0.7559, -1.2205 0.8661 0.1811, -0.9094 0.8661 0.7559, -0.9094 1.4567 0.7559, -0.9094 0.8661 0.1811, -0.9094 1.4567 0.1811, -0.9094 -1.4567 0.7559, -0.9094 -1.4567 0.1811, -0.9094 -0.8661 0.7559, -0.9094 -0.8661 0.1811, 0.9094 -1.4567 0.7559, 0.9094 -1.4567 0.1811, 0.9094 -0.8661 0.1811, 0.9094 -0.8661 0.7559, 0.9094 1.4567 0.1811, 0.9094 1.4567 0.7559, 0.9094 0.8661 0.7559, 0.9094 0.8661 0.1811, -1.2205 2.1063 3.6811, -1.2205 2.4213 3.6811, -1.2409 2.4213 3.6784, -1.2409 2.1063 3.6784, -1.2598 2.4213 3.6706, -1.2598 2.1063 3.6706, -1.2761 2.4213 3.658, -1.2761 2.1063 3.658, -1.2887 2.4213 3.6417, -1.2887 2.1063 3.6417, -1.2965 2.4213 3.6227, -1.2965 2.1063 3.6227, -1.2992 2.4213 3.6024, -1.2992 2.1063 3.6024, -1.2914 2.4554 0.0236, -1.2972 2.4388 0.0236, -1.2969 2.4387 3.6024, -1.2992 2.4213 0.0236, -1.2965 2.4416 3.6024, -1.2909 2.4552 3.6024, -1.282 2.4704 0.0236, -1.2887 2.4606 3.6024, -1.2815 2.47 3.6024, -1.2696 2.4828 0.0236, -1.2761 2.4769 3.6024, -1.2692 2.4823 3.6024, -1.2598 2.4895 3.6024, -1.2546 2.4922 0.0236, -1.2544 2.4917 3.6024, -1.2409 2.4973 3.6024, -1.238 2.498 0.0236, -1.238 2.4977 3.6024, -1.2205 2.5 3.6024, -1.2205 2.5 0.0236, -1.2402 2.4947 3.6227, -1.2585 2.4871 3.6227, -1.2743 2.475 3.6227, -1.2863 2.4593 3.6227, -1.2939 2.4409 3.6227, -1.2863 2.4389 3.6417, -1.2743 2.4357 3.658, -1.2585 2.4314 3.6706, -1.2402 2.4265 3.6784, -1.2795 2.4554 3.6417, -1.2687 2.4491 3.658, -1.2546 2.4409 3.6706, -1.2381 2.4314 3.6784, -1.2687 2.4695 3.6417, -1.2598 2.4606 3.658, -1.2483 2.4491 3.6706, -1.2349 2.4357 3.6784, -1.2546 2.4803 3.6417, -1.2483 2.4695 3.658, -1.2402 2.4554 3.6706, -1.2307 2.4389 3.6784, -1.2381 2.4871 3.6417, -1.2349 2.475 3.658, -1.2307 2.4593 3.6706, -1.2257 2.4409 3.6784, -1.2205 2.4973 3.6227, -1.2205 2.4895 3.6417, -1.2205 2.4769 3.658, -1.2205 2.4606 3.6706, -1.2205 2.4416 3.6784, 1.2205 2.5 3.6024, 1.2205 2.4973 3.6227, 1.2205 2.4895 3.6417, 1.2205 2.4769 3.658, 1.2205 2.4606 3.6706, 1.2205 2.4416 3.6784, 1.2205 2.4213 3.6811, 1.2992 2.4213 0.0236, 1.2972 2.4388 0.0236, 1.2992 2.4213 3.6024, 1.2969 2.4387 3.6024, 1.2965 2.4416 3.6024, 1.2914 2.4554 0.0236, 1.2909 2.4552 3.6024, 1.2887 2.4606 3.6024, 1.282 2.4704 0.0236, 1.2815 2.47 3.6024, 1.2696 2.4828 0.0236, 1.2692 2.4823 3.6024, 1.2761 2.4769 3.6024, 1.238 2.4977 3.6024, 1.2409 2.4973 3.6024, 1.2546 2.4922 0.0236, 1.2544 2.4917 3.6024, 1.2598 2.4895 3.6024, 1.238 2.498 0.0236, 1.2205 2.5 0.0236, 1.2939 2.4409 3.6227, 1.2863 2.4593 3.6227, 1.2743 2.475 3.6227, 1.2585 2.4871 3.6227, 1.2402 2.4947 3.6227, 1.2381 2.4871 3.6417, 1.2349 2.475 3.658, 1.2307 2.4593 3.6706, 1.2257 2.4409 3.6784, 1.2546 2.4803 3.6417, 1.2483 2.4695 3.658, 1.2402 2.4554 3.6706, 1.2307 2.4389 3.6784, 1.2687 2.4695 3.6417, 1.2598 2.4606 3.658, 1.2483 2.4491 3.6706, 1.2349 2.4357 3.6784, 1.2795 2.4554 3.6417, 1.2687 2.4491 3.658, 1.2546 2.4409 3.6706, 1.2381 2.4314 3.6784, 1.2863 2.4389 3.6417, 1.2743 2.4357 3.658, 1.2585 2.4314 3.6706, 1.2402 2.4265 3.6784, 1.2965 2.4213 3.6227, 1.2887 2.4213 3.6417, 1.2761 2.4213 3.658, 1.2598 2.4213 3.6706, 1.2409 2.4213 3.6784, 1.2992 2.1063 3.6024, 1.2965 2.1063 3.6227, 1.2887 2.1063 3.6417, 1.2761 2.1063 3.658, 1.2598 2.1063 3.6706, 1.2409 2.1063 3.6784, 1.2205 2.1063 3.6811, -1.2992 -2.4213 3.6024, -1.2992 -2.4213 0.0236, -1.2965 -2.4416 0.0236, -1.2965 -2.4416 3.6024, -1.2887 -2.4606 0.0236, -1.2887 -2.4606 3.6024, -1.2761 -2.4769 0.0236, -1.2761 -2.4769 3.6024, -1.2598 -2.4895 0.0236, -1.2598 -2.4895 3.6024, -1.2409 -2.4973 0.0236, -1.2409 -2.4973 3.6024, -1.2205 -2.5 0.0236, -1.2205 -2.5 3.6024, -1.2205 -2.4213 3.6811, -1.2205 -2.1063 3.6811, -1.2409 -2.1063 3.6784, -1.2409 -2.4213 3.6784, -1.2598 -2.1063 3.6706, -1.2598 -2.4213 3.6706, -1.2761 -2.1063 3.658, -1.2761 -2.4213 3.658, -1.2887 -2.1063 3.6417, -1.2887 -2.4213 3.6417, -1.2965 -2.1063 3.6227, -1.2965 -2.4213 3.6227, -1.2992 -2.1063 3.6024, -1.2205 -2.4973 3.6227, -1.2402 -2.4947 3.6227, -1.2402 -2.4554 3.6706, -1.2307 -2.4389 3.6784, -1.2349 -2.4357 3.6784, -1.2402 -2.4265 3.6784, -1.2257 -2.4409 3.6784, -1.2307 -2.4593 3.6706, -1.2349 -2.475 3.658, -1.2205 -2.4416 3.6784, -1.2483 -2.4491 3.6706, -1.2381 -2.4314 3.6784, -1.2546 -2.4409 3.6706, -1.2585 -2.4314 3.6706, -1.2205 -2.4606 3.6706, -1.2205 -2.4769 3.658, -1.2205 -2.4895 3.6417, -1.2483 -2.4695 3.658, -1.2598 -2.4606 3.658, -1.2687 -2.4491 3.658, -1.2743 -2.4357 3.658, -1.2381 -2.4871 3.6417, -1.2546 -2.4803 3.6417, -1.2687 -2.4695 3.6417, -1.2795 -2.4554 3.6417, -1.2863 -2.4389 3.6417, -1.2585 -2.4871 3.6227, -1.2743 -2.475 3.6227, -1.2863 -2.4593 3.6227, -1.2939 -2.4409 3.6227, 1.2992 -2.4213 0.0236, 1.2992 -2.4213 3.6024, 1.2965 -2.4416 3.6024, 1.2965 -2.4416 0.0236, 1.2887 -2.4606 3.6024, 1.2887 -2.4606 0.0236, 1.2761 -2.4769 3.6024, 1.2761 -2.4769 0.0236, 1.2598 -2.4895 3.6024, 1.2598 -2.4895 0.0236, 1.2409 -2.4973 3.6024, 1.2409 -2.4973 0.0236, 1.2205 -2.5 3.6024, 1.2205 -2.5 0.0236, 1.2205 -2.4213 3.6811, 1.2205 -2.4416 3.6784, 1.2205 -2.4606 3.6706, 1.2205 -2.4769 3.658, 1.2205 -2.4895 3.6417, 1.2205 -2.4973 3.6227, 1.2965 -2.4213 3.6227, 1.2939 -2.4409 3.6227, 1.2546 -2.4409 3.6706, 1.2381 -2.4314 3.6784, 1.2349 -2.4357 3.6784, 1.2257 -2.4409 3.6784, 1.2402 -2.4265 3.6784, 1.2585 -2.4314 3.6706, 1.2743 -2.4357 3.658, 1.2409 -2.4213 3.6784, 1.2483 -2.4491 3.6706, 1.2307 -2.4389 3.6784, 1.2402 -2.4554 3.6706, 1.2307 -2.4593 3.6706, 1.2598 -2.4213 3.6706, 1.2761 -2.4213 3.658, 1.2887 -2.4213 3.6417, 1.2687 -2.4491 3.658, 1.2598 -2.4606 3.658, 1.2483 -2.4695 3.658, 1.2349 -2.475 3.658, 1.2863 -2.4389 3.6417, 1.2795 -2.4554 3.6417, 1.2687 -2.4695 3.6417, 1.2546 -2.4803 3.6417, 1.2381 -2.4871 3.6417, 1.2863 -2.4593 3.6227, 1.2743 -2.475 3.6227, 1.2585 -2.4871 3.6227, 1.2402 -2.4947 3.6227, 1.2992 -2.1063 3.6024, 1.2965 -2.1063 3.6227, 1.2887 -2.1063 3.6417, 1.2761 -2.1063 3.658, 1.2598 -2.1063 3.6706, 1.2409 -2.1063 3.6784, 1.2205 -2.1063 3.6811
            ]
        }
        coordIndex [
            0,1,2,-1,2,1,3,-1,2,3,4,-1,5,6,7,-1,7,6,8,-1,9,10,11,-1,5,7,3,-1,3,7,9,-1,3,9,4,-1,4,9,11,-1,4,11,12,-1,13,14,15,-1,16,17,15,-1,15,17,18,-1,15,18,13,-1,19,20,21,-1,22,23,24,-1,24,23,17,-1,24,17,21,-1,21,17,16,-1,21,16,19,-1,19,16,25,-1,17,5,18,-1,18,5,3,-1,26,27,28,-1,28,27,29,-1,29,27,14,-1,14,27,15,-1,26,28,16,-1,16,28,25,-1,27,26,15,-1,15,26,16,-1,30,31,24,-1,24,31,22,-1,30,32,31,-1,31,32,33,-1,33,32,20,-1,20,32,21,-1,30,24,32,-1,32,24,21,-1,34,7,35,-1,35,7,8,-1,36,10,37,-1,37,10,9,-1,34,37,7,-1,7,37,9,-1,37,34,36,-1,36,34,35,-1,38,0,39,-1,39,0,2,-1,40,4,41,-1,41,4,12,-1,40,39,4,-1,4,39,2,-1,39,40,38,-1,38,40,41,-1,42,43,44,-1,42,44,45,-1,45,44,46,-1,45,46,47,-1,47,46,48,-1,47,48,49,-1,49,48,50,-1,49,50,51,-1,51,50,52,-1,51,52,53,-1,53,52,54,-1,53,54,55,-1,56,57,58,-1,58,57,59,-1,58,59,54,-1,58,60,56,-1,56,60,61,-1,56,61,62,-1,61,63,62,-1,62,63,64,-1,62,64,65,-1,65,64,66,-1,66,67,65,-1,65,67,68,-1,65,68,69,-1,68,70,69,-1,69,70,71,-1,69,71,72,-1,71,73,72,-1,72,73,74,-1,72,74,75,-1,73,71,76,-1,70,68,77,-1,67,66,78,-1,64,63,79,-1,61,60,80,-1,58,54,52,-1,60,58,80,-1,80,58,52,-1,80,52,81,-1,81,52,50,-1,81,50,82,-1,82,50,48,-1,82,48,83,-1,83,48,46,-1,83,46,84,-1,84,46,44,-1,84,44,43,-1,63,61,79,-1,79,61,80,-1,79,80,85,-1,85,80,81,-1,85,81,86,-1,86,81,82,-1,86,82,87,-1,87,82,83,-1,87,83,88,-1,88,83,84,-1,88,84,43,-1,66,64,78,-1,78,64,79,-1,78,79,89,-1,89,79,85,-1,89,85,90,-1,90,85,86,-1,90,86,91,-1,91,86,87,-1,91,87,92,-1,92,87,88,-1,92,88,43,-1,68,67,77,-1,77,67,78,-1,77,78,93,-1,93,78,89,-1,93,89,94,-1,94,89,90,-1,94,90,95,-1,95,90,91,-1,95,91,96,-1,96,91,92,-1,96,92,43,-1,71,70,76,-1,76,70,77,-1,76,77,97,-1,97,77,93,-1,97,93,98,-1,98,93,94,-1,98,94,99,-1,99,94,95,-1,99,95,100,-1,100,95,96,-1,100,96,43,-1,74,73,101,-1,101,73,76,-1,101,76,102,-1,102,76,97,-1,102,97,103,-1,103,97,98,-1,103,98,104,-1,104,98,99,-1,104,99,105,-1,105,99,100,-1,105,100,43,-1,106,74,101,-1,106,101,107,-1,107,101,102,-1,107,102,108,-1,108,102,103,-1,108,103,109,-1,109,103,104,-1,109,104,110,-1,110,104,105,-1,110,105,111,-1,111,105,43,-1,111,43,112,-1,113,114,115,-1,115,114,116,-1,116,114,117,-1,117,114,118,-1,117,118,119,-1,119,118,120,-1,120,118,121,-1,120,121,122,-1,123,124,121,-1,121,124,125,-1,121,125,122,-1,126,127,128,-1,128,127,129,-1,128,129,123,-1,123,129,130,-1,123,130,124,-1,128,131,126,-1,126,131,132,-1,126,132,106,-1,116,117,133,-1,119,120,134,-1,122,125,135,-1,124,130,136,-1,129,127,137,-1,126,106,107,-1,127,126,137,-1,137,126,107,-1,137,107,138,-1,138,107,108,-1,138,108,139,-1,139,108,109,-1,139,109,140,-1,140,109,110,-1,140,110,141,-1,141,110,111,-1,141,111,112,-1,130,129,136,-1,136,129,137,-1,136,137,142,-1,142,137,138,-1,142,138,143,-1,143,138,139,-1,143,139,144,-1,144,139,140,-1,144,140,145,-1,145,140,141,-1,145,141,112,-1,125,124,135,-1,135,124,136,-1,135,136,146,-1,146,136,142,-1,146,142,147,-1,147,142,143,-1,147,143,148,-1,148,143,144,-1,148,144,149,-1,149,144,145,-1,149,145,112,-1,120,122,134,-1,134,122,135,-1,134,135,150,-1,150,135,146,-1,150,146,151,-1,151,146,147,-1,151,147,152,-1,152,147,148,-1,152,148,153,-1,153,148,149,-1,153,149,112,-1,117,119,133,-1,133,119,134,-1,133,134,154,-1,154,134,150,-1,154,150,155,-1,155,150,151,-1,155,151,156,-1,156,151,152,-1,156,152,157,-1,157,152,153,-1,157,153,112,-1,115,116,158,-1,158,116,133,-1,158,133,159,-1,159,133,154,-1,159,154,160,-1,160,154,155,-1,160,155,161,-1,161,155,156,-1,161,156,162,-1,162,156,157,-1,162,157,112,-1,163,115,158,-1,163,158,164,-1,164,158,159,-1,164,159,165,-1,165,159,160,-1,165,160,166,-1,166,160,161,-1,166,161,167,-1,167,161,162,-1,167,162,168,-1,168,162,112,-1,168,112,169,-1,170,171,172,-1,170,172,173,-1,173,172,174,-1,173,174,175,-1,175,174,176,-1,175,176,177,-1,177,176,178,-1,177,178,179,-1,179,178,180,-1,179,180,181,-1,181,180,182,-1,181,182,183,-1,184,185,186,-1,184,186,187,-1,187,186,188,-1,187,188,189,-1,189,188,190,-1,189,190,191,-1,191,190,192,-1,191,192,193,-1,193,192,194,-1,193,194,195,-1,195,194,196,-1,195,196,170,-1,183,197,198,-1,199,200,201,-1,184,187,202,-1,201,200,184,-1,203,184,200,-1,203,200,204,-1,204,200,199,-1,204,199,205,-1,206,184,203,-1,207,208,209,-1,209,208,202,-1,209,202,210,-1,210,202,187,-1,210,187,189,-1,206,203,211,-1,211,203,204,-1,211,204,212,-1,212,204,205,-1,212,205,213,-1,214,207,215,-1,215,207,209,-1,215,209,216,-1,216,209,210,-1,216,210,217,-1,217,210,189,-1,217,189,191,-1,218,214,219,-1,219,214,215,-1,219,215,220,-1,220,215,216,-1,220,216,221,-1,221,216,217,-1,221,217,222,-1,222,217,191,-1,222,191,193,-1,197,218,198,-1,198,218,219,-1,198,219,223,-1,223,219,220,-1,223,220,224,-1,224,220,221,-1,224,221,225,-1,225,221,222,-1,225,222,226,-1,226,222,193,-1,226,193,195,-1,183,198,181,-1,181,198,223,-1,181,223,179,-1,179,223,224,-1,179,224,177,-1,177,224,225,-1,177,225,175,-1,175,225,226,-1,175,226,173,-1,173,226,195,-1,173,195,170,-1,208,184,202,-1,197,213,218,-1,218,213,205,-1,218,205,214,-1,214,205,199,-1,214,199,207,-1,207,199,201,-1,207,201,208,-1,208,201,184,-1,227,228,229,-1,227,229,230,-1,230,229,231,-1,230,231,232,-1,232,231,233,-1,232,233,234,-1,234,233,235,-1,234,235,236,-1,236,235,237,-1,236,237,238,-1,238,237,239,-1,238,239,240,-1,241,184,206,-1,241,206,242,-1,242,206,211,-1,242,211,243,-1,243,211,212,-1,243,212,244,-1,244,212,213,-1,244,213,245,-1,245,213,197,-1,245,197,246,-1,246,197,183,-1,246,183,239,-1,228,247,248,-1,249,250,251,-1,241,242,252,-1,251,250,241,-1,253,241,250,-1,253,250,254,-1,254,250,249,-1,254,249,255,-1,256,241,253,-1,257,258,259,-1,259,258,252,-1,259,252,260,-1,260,252,242,-1,260,242,243,-1,256,253,261,-1,261,253,254,-1,261,254,262,-1,262,254,255,-1,262,255,263,-1,264,257,265,-1,265,257,259,-1,265,259,266,-1,266,259,260,-1,266,260,267,-1,267,260,243,-1,267,243,244,-1,268,264,269,-1,269,264,265,-1,269,265,270,-1,270,265,266,-1,270,266,271,-1,271,266,267,-1,271,267,272,-1,272,267,244,-1,272,244,245,-1,247,268,248,-1,248,268,269,-1,248,269,273,-1,273,269,270,-1,273,270,274,-1,274,270,271,-1,274,271,275,-1,275,271,272,-1,275,272,276,-1,276,272,245,-1,276,245,246,-1,228,248,229,-1,229,248,273,-1,229,273,231,-1,231,273,274,-1,231,274,233,-1,233,274,275,-1,233,275,235,-1,235,275,276,-1,235,276,237,-1,237,276,246,-1,237,246,239,-1,258,241,252,-1,247,263,268,-1,268,263,255,-1,268,255,264,-1,264,255,249,-1,264,249,257,-1,257,249,251,-1,257,251,258,-1,258,251,241,-1,228,277,278,-1,228,278,247,-1,247,278,279,-1,247,279,263,-1,263,279,280,-1,263,280,262,-1,262,280,281,-1,262,281,261,-1,261,281,282,-1,261,282,256,-1,256,282,283,-1,256,283,241,-1,
        ]
    }
}
Shape{
    appearance Appearance {
        material  Material 	{
            diffuseColor 0.7764705882352941 0.7568627450980392 0.7372549019607844
            specularColor 0.38823529411764707 0.3764705882352941 0.3686274509803922
            ambientIntensity 0.7605
            transparency 0.0
            shininess 0.5
        }
    }
    geometry IndexedFaceSet {
        ccw TRUE
        solid FALSE
        coord DEF co Coordinate {
            point [
                -1.2992 1.3976 0.6681, -1.2992 0.9252 0.6681, -1.2992 1.3976 0.7551, -1.2992 0.9252 0.7551, -1.2992 -0.9252 0.7551, -1.2992 -1.9685 3.563, -1.2992 1.9685 3.563, -1.2992 1.9685 0.8732, -1.2992 1.8504 0.7551, -1.2992 -0.9252 0.6681, -1.2992 -1.3976 0.6681, -1.2992 -1.3976 0.7551, -1.2992 -1.8504 0.7551, -1.2992 -1.9685 0.8732, -1.2992 -1.9645 0.8426, -1.2992 1.9527 0.8141, -1.2992 1.9339 0.7897, -1.2992 1.9094 0.7709, -1.2992 -1.9094 0.7709, -1.2992 -1.9339 0.7897, -1.2992 -1.9527 0.8141, -1.2992 1.9645 0.8426, -1.2992 1.881 0.7591, -1.2992 -1.881 0.7591, -1.2244 -1.9685 0.8732, -1.2244 -1.9685 3.563, -1.2952 -1.9685 3.5936, 1.2244 -1.9685 0.8732, 1.2992 -1.9685 0.8732, 1.2244 -1.9685 3.563, 1.2992 -1.9685 3.563, 1.2952 -1.9685 3.5936, 1.2834 -1.9685 3.622, 1.2646 -1.9685 3.6465, 1.2402 -1.9685 3.6653, -1.2117 -1.9685 3.6771, -1.2402 -1.9685 3.6653, 1.2117 -1.9685 3.6771, 1.1811 -1.9685 3.6811, -1.1811 -1.9685 3.6811, -1.2646 -1.9685 3.6465, -1.2834 -1.9685 3.622, 1.2992 -1.3976 0.7551, 1.2992 1.9685 3.563, 1.2992 -1.8504 0.7551, 1.2992 0.9252 0.7551, 1.2992 -0.9252 0.7551, 1.2992 -0.9252 0.6681, 1.2992 -1.3976 0.6681, 1.2992 1.9339 0.7897, 1.2992 1.9527 0.8141, 1.2992 1.9645 0.8426, 1.2992 -1.9645 0.8426, 1.2992 -1.881 0.7591, 1.2992 -1.9527 0.8141, 1.2992 -1.9094 0.7709, 1.2992 -1.9339 0.7897, 1.2992 0.9252 0.6681, 1.2992 1.3976 0.6681, 1.2992 1.3976 0.7551, 1.2992 1.8504 0.7551, 1.2992 1.9685 0.8732, 1.2992 1.881 0.7591, 1.2992 1.9094 0.7709, 1.2244 1.9685 0.8732, 1.2244 1.9685 3.563, 1.2952 1.9685 3.5936, -1.2244 1.9685 0.8732, -1.2244 1.9685 3.563, -1.2952 1.9685 3.5936, -1.2834 1.9685 3.622, -1.2646 1.9685 3.6465, -1.2402 1.9685 3.6653, 1.2117 1.9685 3.6771, 1.2402 1.9685 3.6653, -1.2117 1.9685 3.6771, -1.1811 1.9685 3.6811, 1.1811 1.9685 3.6811, 1.2646 1.9685 3.6465, 1.2834 1.9685 3.622, 1.2244 -0.9252 0.752, 1.2244 -1.3976 0.752, 1.2244 -0.9252 0.7551, 1.2244 -1.3976 0.7551, 1.2244 1.8504 0.7551, 1.2244 1.3976 0.7551, 1.2244 1.3976 0.752, 1.2244 0.9252 0.752, 1.2244 0.9252 0.7551, 1.2244 -1.8504 0.7551, 1.2244 -1.9645 0.8426, 1.2244 -1.9094 0.7709, 1.2244 -1.9339 0.7897, 1.2244 -1.9527 0.8141, 1.2244 -1.881 0.7591, 1.2244 1.9339 0.7897, 1.2244 1.9094 0.7709, 1.2244 1.9527 0.8141, 1.2244 1.9645 0.8426, 1.2244 1.881 0.7591, 1.2244 -0.9252 0.5591, 1.2244 -0.9252 0.5582, 1.2244 -1.3976 0.5591, 1.2244 -1.3976 0.5582, 1.2492 -1.3976 0.5716, 1.2701 -1.3976 0.5905, 1.286 -1.3976 0.6138, 0.99 -1.3976 0.752, 0.99 -1.3976 0.5591, 1.2959 -1.3976 0.6401, 1.2492 -0.9252 0.5716, 1.286 -0.9252 0.6138, 1.2701 -0.9252 0.5905, 0.99 -0.9252 0.752, 0.99 -0.9252 0.5591, 1.2959 -0.9252 0.6401, 0.99 0.9252 0.752, 0.99 0.9252 0.5591, 1.2244 0.9252 0.5591, 1.2244 0.9252 0.5582, 1.2492 0.9252 0.5716, 1.2959 0.9252 0.6401, 1.286 0.9252 0.6138, 1.2701 0.9252 0.5905, 1.286 1.3976 0.6138, 1.2701 1.3976 0.5905, 1.2244 1.3976 0.5591, 1.2492 1.3976 0.5716, 1.2244 1.3976 0.5582, 0.99 1.3976 0.752, 0.99 1.3976 0.5591, 1.2959 1.3976 0.6401, -1.2244 -1.3976 0.752, -1.2244 -0.9252 0.752, -1.2244 -1.3976 0.7551, -1.2244 -0.9252 0.7551, -1.2244 -1.8504 0.7551, -1.2244 0.9252 0.7551, -1.2244 0.9252 0.752, -1.2244 1.3976 0.752, -1.2244 1.3976 0.7551, -1.2244 1.8504 0.7551, -1.2244 1.9645 0.8426, -1.2244 -1.9339 0.7897, -1.2244 -1.9094 0.7709, -1.2244 -1.9527 0.8141, -1.2244 -1.9645 0.8426, -1.2244 -1.881 0.7591, -1.2244 1.9094 0.7709, -1.2244 1.9339 0.7897, -1.2244 1.9527 0.8141, -1.2244 1.881 0.7591, -1.2244 0.9252 0.5582, -1.2244 1.3976 0.5582, -1.2244 0.9252 0.5591, -1.2244 1.3976 0.5591, -0.99 1.3976 0.752, -0.99 1.3976 0.5591, -1.2492 1.3976 0.5716, -1.2959 1.3976 0.6401, -1.286 1.3976 0.6138, -1.2701 1.3976 0.5905, -1.286 0.9252 0.6138, -1.2701 0.9252 0.5905, -1.2492 0.9252 0.5716, -0.99 0.9252 0.752, -0.99 0.9252 0.5591, -1.2959 0.9252 0.6401, -0.99 -0.9252 0.752, -0.99 -0.9252 0.5591, -1.2244 -0.9252 0.5591, -1.2244 -0.9252 0.5582, -1.2492 -0.9252 0.5716, -1.2959 -0.9252 0.6401, -1.286 -0.9252 0.6138, -1.2701 -0.9252 0.5905, -0.99 -1.3976 0.752, -1.286 -1.3976 0.6138, -1.2701 -1.3976 0.5905, -1.2244 -1.3976 0.5591, -1.2492 -1.3976 0.5716, -1.2244 -1.3976 0.5582, -0.99 -1.3976 0.5591, -1.2959 -1.3976 0.6401
            ]
        }
        coordIndex [
            0,1,2,-1,2,1,3,-1,4,5,3,-1,3,5,6,-1,3,6,2,-1,2,6,7,-1,2,7,8,-1,9,10,4,-1,4,10,11,-1,4,11,5,-1,5,11,12,-1,5,12,13,-1,13,12,14,-1,15,16,17,-1,18,19,20,-1,7,21,8,-1,8,21,15,-1,8,15,22,-1,22,15,17,-1,14,12,20,-1,20,12,23,-1,20,23,18,-1,13,24,5,-1,5,24,25,-1,5,25,26,-1,27,28,29,-1,29,28,30,-1,29,30,31,-1,31,32,29,-1,29,32,33,-1,29,33,34,-1,35,36,25,-1,34,37,29,-1,29,37,38,-1,29,38,25,-1,25,38,39,-1,25,39,35,-1,36,40,25,-1,25,40,41,-1,25,41,26,-1,42,43,44,-1,44,43,30,-1,45,43,46,-1,46,43,42,-1,46,42,47,-1,47,42,48,-1,49,50,51,-1,30,28,44,-1,44,28,52,-1,44,52,53,-1,53,52,54,-1,53,54,55,-1,55,54,56,-1,57,58,45,-1,45,58,59,-1,45,59,43,-1,43,59,60,-1,43,60,61,-1,61,60,62,-1,61,62,51,-1,51,62,63,-1,51,63,49,-1,61,64,43,-1,43,64,65,-1,43,65,66,-1,67,7,68,-1,68,7,6,-1,68,6,69,-1,69,70,68,-1,68,70,71,-1,68,71,72,-1,73,74,65,-1,72,75,68,-1,68,75,76,-1,68,76,65,-1,65,76,77,-1,65,77,73,-1,74,78,65,-1,65,78,79,-1,65,79,66,-1,77,76,38,-1,38,76,39,-1,68,65,25,-1,25,65,29,-1,80,81,82,-1,82,81,83,-1,84,85,65,-1,86,87,85,-1,85,87,88,-1,85,88,65,-1,65,88,29,-1,88,82,29,-1,29,82,83,-1,29,83,27,-1,27,83,89,-1,27,89,90,-1,91,92,93,-1,90,89,93,-1,93,89,94,-1,93,94,91,-1,95,96,97,-1,97,96,98,-1,65,64,84,-1,84,64,98,-1,84,98,99,-1,99,98,96,-1,100,101,102,-1,102,101,103,-1,89,83,44,-1,44,83,42,-1,104,105,106,-1,107,108,102,-1,104,106,103,-1,42,83,48,-1,48,83,81,-1,48,81,109,-1,109,81,107,-1,109,107,106,-1,106,107,102,-1,106,102,103,-1,101,100,110,-1,110,100,111,-1,110,111,112,-1,82,46,80,-1,80,46,47,-1,80,47,113,-1,100,114,111,-1,111,114,113,-1,111,113,115,-1,115,113,47,-1,45,46,88,-1,88,46,82,-1,116,117,118,-1,118,119,120,-1,45,88,57,-1,57,88,87,-1,57,87,121,-1,121,87,116,-1,121,116,122,-1,122,116,118,-1,122,118,123,-1,123,118,120,-1,124,125,126,-1,126,125,127,-1,126,127,128,-1,85,59,86,-1,86,59,58,-1,86,58,129,-1,126,130,124,-1,124,130,129,-1,124,129,131,-1,131,129,58,-1,60,59,84,-1,84,59,85,-1,126,128,118,-1,118,128,119,-1,117,130,118,-1,118,130,126,-1,86,129,87,-1,87,129,116,-1,130,117,129,-1,129,117,116,-1,108,114,102,-1,102,114,100,-1,80,113,81,-1,81,113,107,-1,114,108,113,-1,113,108,107,-1,132,133,134,-1,134,133,135,-1,136,134,25,-1,25,134,135,-1,25,135,68,-1,68,135,137,-1,138,139,137,-1,137,139,140,-1,137,140,68,-1,68,140,141,-1,68,141,67,-1,67,141,142,-1,143,144,145,-1,145,144,146,-1,25,24,136,-1,136,24,146,-1,136,146,147,-1,147,146,144,-1,148,149,150,-1,142,141,150,-1,150,141,151,-1,150,151,148,-1,152,153,154,-1,154,153,155,-1,141,140,8,-1,8,140,2,-1,156,157,155,-1,155,153,158,-1,2,140,0,-1,0,140,139,-1,0,139,159,-1,159,139,156,-1,159,156,160,-1,160,156,155,-1,160,155,161,-1,161,155,158,-1,162,163,154,-1,154,163,164,-1,154,164,152,-1,137,3,138,-1,138,3,1,-1,138,1,165,-1,154,166,162,-1,162,166,165,-1,162,165,167,-1,167,165,1,-1,4,3,135,-1,135,3,137,-1,168,169,170,-1,170,171,172,-1,4,135,9,-1,9,135,133,-1,9,133,173,-1,173,133,168,-1,173,168,174,-1,174,168,170,-1,174,170,175,-1,175,170,172,-1,134,11,132,-1,132,11,10,-1,132,10,176,-1,177,178,179,-1,179,178,180,-1,179,180,181,-1,179,182,177,-1,177,182,176,-1,177,176,183,-1,183,176,10,-1,12,11,136,-1,136,11,134,-1,179,181,170,-1,170,181,171,-1,155,157,154,-1,154,157,166,-1,165,156,138,-1,138,156,139,-1,166,157,165,-1,165,157,156,-1,169,182,170,-1,170,182,179,-1,132,176,133,-1,133,176,168,-1,182,169,176,-1,176,169,168,-1,60,84,99,-1,60,99,62,-1,62,99,96,-1,62,96,63,-1,63,96,95,-1,63,95,49,-1,49,95,97,-1,49,97,50,-1,50,97,98,-1,50,98,51,-1,51,98,64,-1,51,64,61,-1,28,27,90,-1,28,90,52,-1,52,90,93,-1,52,93,54,-1,54,93,92,-1,54,92,56,-1,56,92,91,-1,56,91,55,-1,55,91,94,-1,55,94,53,-1,53,94,89,-1,53,89,44,-1,12,136,147,-1,12,147,23,-1,23,147,144,-1,23,144,18,-1,18,144,143,-1,18,143,19,-1,19,143,145,-1,19,145,20,-1,20,145,146,-1,20,146,14,-1,14,146,24,-1,14,24,13,-1,7,67,142,-1,7,142,21,-1,21,142,150,-1,21,150,15,-1,15,150,149,-1,15,149,16,-1,16,149,148,-1,16,148,17,-1,17,148,151,-1,17,151,22,-1,22,151,141,-1,22,141,8,-1,171,181,180,-1,171,180,172,-1,172,180,178,-1,172,178,175,-1,175,178,177,-1,175,177,174,-1,174,177,183,-1,174,183,173,-1,173,183,10,-1,173,10,9,-1,153,152,164,-1,153,164,158,-1,158,164,163,-1,158,163,161,-1,161,163,162,-1,161,162,160,-1,160,162,167,-1,160,167,159,-1,159,167,1,-1,159,1,0,-1,119,128,127,-1,119,127,120,-1,120,127,125,-1,120,125,123,-1,123,125,124,-1,123,124,122,-1,122,124,131,-1,122,131,121,-1,121,131,58,-1,121,58,57,-1,103,101,110,-1,103,110,104,-1,104,110,112,-1,104,112,105,-1,105,112,111,-1,105,111,106,-1,106,111,115,-1,106,115,109,-1,109,115,47,-1,109,47,48,-1,77,38,37,-1,77,37,73,-1,73,37,34,-1,73,34,74,-1,74,34,33,-1,74,33,78,-1,78,33,32,-1,78,32,79,-1,79,32,31,-1,79,31,66,-1,66,31,30,-1,66,30,43,-1,39,76,75,-1,39,75,35,-1,35,75,72,-1,35,72,36,-1,36,72,71,-1,36,71,40,-1,40,71,70,-1,40,70,41,-1,41,70,69,-1,41,69,26,-1,26,69,6,-1,26,6,5,-1,
        ]
    }
}