#VRML V2.0 utf8
# Project-derived G020: supplier family solid, 2 mm actuator, +0.5 mm seating offset.
# Neutral gray; STEP mm coordinates divided by 2.54 for KiCad WRL units.
Shape { appearance Appearance { material Material { diffuseColor 0.48 0.49 0.50 } }
geometry IndexedFaceSet { ccw TRUE solid FALSE creaseAngle 0.5
coord Coordinate { point [
-0.688976378 -0.767716535 0.196850394,
-0.688976378 -0.629921260 0.196850394,
0.688976378 -0.767716535 0.196850394,
0.688976378 -0.629921260 0.196850394,
1.240157480 -0.629921260 0.196850394,
1.240157480 -0.767716535 0.196850394,
1.732283465 -0.767716535 0.196850394,
1.732283465 0.767716535 0.196850394,
1.240157480 0.767716535 0.196850394,
1.240157480 0.629921260 0.196850394,
0.688976378 0.629921260 0.196850394,
0.688976378 0.767716535 0.196850394,
-0.688976378 0.767716535 0.196850394,
-0.688976378 0.629921260 0.196850394,
-1.240157480 0.629921260 0.196850394,
-1.240157480 0.767716535 0.196850394,
-1.732283465 0.767716535 0.196850394,
-1.732283465 -0.767716535 0.196850394,
-1.240157480 -0.767716535 0.196850394,
-1.240157480 -0.629921260 0.196850394,
-1.082677165 0.059055118 0.196850394,
-0.885826772 0.059055118 0.196850394,
-0.885826772 -0.059055118 0.196850394,
-1.082677165 -0.059055118 0.196850394,
-0.098425197 0.059055118 0.196850394,
0.098425197 0.059055118 0.196850394,
0.098425197 -0.059055118 0.196850394,
-0.098425197 -0.059055118 0.196850394,
0.885826772 0.059055118 0.196850394,
1.082677165 0.059055118 0.196850394,
1.082677165 -0.059055118 0.196850394,
0.885826772 -0.059055118 0.196850394,
-0.492007874 0.185866142 0.196850394,
-0.492007874 0.412795276 0.196850394,
-0.321811024 0.412795276 0.196850394,
-0.321811024 0.383825599 0.196850394,
-0.463641732 0.383825599 0.196850394,
-0.463641732 0.185866142 0.196850394,
-0.099609589 0.354855922 0.196850394,
-0.127975731 0.354855922 0.196850394,
-0.132703403 0.369340759 0.196850394,
-0.146886474 0.378997320 0.196850394,
-0.165797244 0.383825599 0.196850394,
-0.208346457 0.383825599 0.196850394,
-0.227257227 0.378997320 0.196850394,
-0.241440298 0.369340759 0.196850394,
-0.250895669 0.354855922 0.196850394,
-0.255623369 0.335542807 0.196850394,
-0.255623369 0.263118617 0.196850394,
-0.250895669 0.243805502 0.196850394,
-0.241440298 0.229320652 0.196850394,
-0.227257227 0.219664094 0.196850394,
-0.208346457 0.214835815 0.196850394,
-0.165797244 0.214835815 0.196850394,
-0.146886474 0.219664094 0.196850394,
-0.132703403 0.229320652 0.196850394,
-0.127975731 0.243805502 0.196850394,
-0.099609589 0.243805502 0.196850394,
-0.104337261 0.219664094 0.196850394,
-0.123248031 0.200350978 0.196850394,
-0.142158802 0.190694421 0.196850394,
-0.165797244 0.185866142 0.196850394,
-0.208346457 0.185866142 0.196850394,
-0.231984899 0.190694421 0.196850394,
-0.250895669 0.200350978 0.196850394,
-0.269806426 0.219664094 0.196850394,
-0.279261811 0.238977209 0.196850394,
-0.283989497 0.263118617 0.196850394,
-0.283989497 0.335542807 0.196850394,
-0.279261811 0.359684201 0.196850394,
-0.269806426 0.378997320 0.196850394,
-0.250895669 0.398310437 0.196850394,
-0.231984899 0.407966996 0.196850394,
-0.208346457 0.412795276 0.196850394,
-0.165797244 0.412795276 0.196850394,
-0.142158802 0.407966996 0.196850394,
-0.123248031 0.398310437 0.196850394,
-0.104337261 0.378997320 0.196850394,
0.108408775 0.383825599 0.196850394,
-0.033421934 0.383825599 0.196850394,
-0.033421934 0.306573127 0.196850394,
0.089498031 0.306573127 0.196850394,
0.089498031 0.277603454 0.196850394,
-0.033421934 0.277603454 0.196850394,
-0.033421934 0.214835815 0.196850394,
0.108408775 0.214835815 0.196850394,
0.108408775 0.185866142 0.196850394,
-0.061788049 0.185866142 0.196850394,
-0.061788049 0.412795276 0.196850394,
0.108408775 0.412795276 0.196850394,
0.259694882 0.185866142 0.196850394,
0.146230315 0.185866142 0.196850394,
0.146230315 0.412795276 0.196850394,
0.259694882 0.412795276 0.196850394,
0.283333351 0.407966996 0.196850394,
0.302244094 0.398310437 0.196850394,
0.321154838 0.378997320 0.196850394,
0.330610236 0.359684201 0.196850394,
0.335337908 0.335542807 0.196850394,
0.335337908 0.263118617 0.196850394,
0.330610236 0.238977209 0.196850394,
0.321154838 0.219664094 0.196850394,
0.302244094 0.200350978 0.196850394,
0.283333351 0.190694421 0.196850394,
0.486624016 0.185866142 0.196850394,
0.448802530 0.185866142 0.196850394,
0.373159449 0.412795276 0.196850394,
0.401525591 0.412795276 0.196850394,
0.420436388 0.354855922 0.196850394,
0.514990157 0.354855922 0.196850394,
0.533900955 0.412795276 0.196850394,
0.562267096 0.412795276 0.196850394,
-0.688976378 -0.767716535 0.196850394,
-0.688976378 -0.629921260 0.196850394,
-0.688976378 -0.629921260 0.511811024,
-0.688976378 -0.767716535 0.511811024,
-0.688976378 -0.767716535 0.196850394,
0.688976378 -0.767716535 0.196850394,
0.688976378 -0.767716535 0.511811024,
-0.688976378 -0.767716535 0.511811024,
0.688976378 -0.767716535 0.196850394,
0.688976378 -0.629921260 0.196850394,
0.688976378 -0.767716535 0.511811024,
0.688976378 -0.629921260 0.511811024,
1.240157480 -0.629921260 0.196850394,
0.688976378 -0.629921260 0.196850394,
0.688976378 -0.629921260 0.511811024,
1.240157480 -0.629921260 0.511811024,
1.240157480 -0.767716535 0.196850394,
1.240157480 -0.629921260 0.196850394,
1.240157480 -0.629921260 0.511811024,
1.240157480 -0.767716535 0.511811024,
1.240157480 -0.767716535 0.196850394,
1.732283465 -0.767716535 0.196850394,
1.732283465 -0.767716535 0.511811024,
1.240157480 -0.767716535 0.511811024,
1.732283465 0.767716535 0.196850394,
1.732283465 0.767716535 0.511811024,
1.732283465 -0.767716535 0.511811024,
1.732283465 -0.767716535 0.196850394,
1.732283465 0.767716535 0.511811024,
1.240157480 0.767716535 0.511811024,
1.732283465 0.767716535 0.196850394,
1.240157480 0.767716535 0.196850394,
1.240157480 0.767716535 0.196850394,
1.240157480 0.629921260 0.196850394,
1.240157480 0.767716535 0.511811024,
1.240157480 0.629921260 0.511811024,
0.688976378 0.629921260 0.196850394,
1.240157480 0.629921260 0.196850394,
1.240157480 0.629921260 0.511811024,
0.688976378 0.629921260 0.511811024,
0.688976378 0.767716535 0.196850394,
0.688976378 0.629921260 0.196850394,
0.688976378 0.629921260 0.511811024,
0.688976378 0.767716535 0.511811024,
0.688976378 0.767716535 0.511811024,
-0.688976378 0.767716535 0.511811024,
0.688976378 0.767716535 0.196850394,
-0.688976378 0.767716535 0.196850394,
-0.688976378 0.767716535 0.196850394,
-0.688976378 0.629921260 0.196850394,
-0.688976378 0.767716535 0.511811024,
-0.688976378 0.629921260 0.511811024,
-1.240157480 0.629921260 0.196850394,
-0.688976378 0.629921260 0.196850394,
-0.688976378 0.629921260 0.511811024,
-1.240157480 0.629921260 0.511811024,
-1.240157480 0.767716535 0.196850394,
-1.240157480 0.629921260 0.196850394,
-1.240157480 0.629921260 0.511811024,
-1.240157480 0.767716535 0.511811024,
-1.240157480 0.767716535 0.196850394,
-1.732283465 0.767716535 0.196850394,
-1.732283465 0.767716535 0.511811024,
-1.240157480 0.767716535 0.511811024,
-1.732283465 -0.767716535 0.196850394,
-1.732283465 -0.767716535 0.511811024,
-1.732283465 0.767716535 0.511811024,
-1.732283465 0.767716535 0.196850394,
-1.732283465 -0.767716535 0.511811024,
-1.240157480 -0.767716535 0.511811024,
-1.732283465 -0.767716535 0.196850394,
-1.240157480 -0.767716535 0.196850394,
-1.240157480 -0.767716535 0.196850394,
-1.240157480 -0.629921260 0.196850394,
-1.240157480 -0.767716535 0.511811024,
-1.240157480 -0.629921260 0.511811024,
-0.688976378 -0.629921260 0.196850394,
-1.240157480 -0.629921260 0.196850394,
-1.240157480 -0.629921260 0.511811024,
-0.688976378 -0.629921260 0.511811024,
-1.082677165 0.059055118 0.196850394,
-1.082677165 0.059055118 -1.594488189,
-0.885826772 0.059055118 0.196850394,
-0.885826772 0.059055118 -1.594488189,
-0.885949122 0.059055118 -1.599394280,
-0.886315869 0.059055118 -1.604288174,
-0.886926100 0.059055118 -1.609157703,
-0.887778298 0.059055118 -1.613990762,
-0.888870346 0.059055118 -1.618775334,
-0.890199527 0.059055118 -1.623499525,
-0.891762537 0.059055118 -1.628151589,
-0.893555491 0.059055118 -1.632719960,
-0.895573930 0.059055118 -1.637193281,
-0.897812837 0.059055118 -1.641560431,
-0.900266646 0.059055118 -1.645810552,
-0.902929254 0.059055118 -1.649933077,
-0.905794045 0.059055118 -1.653917757,
-0.908853893 0.059055118 -1.657754686,
-0.912101194 0.059055118 -1.661434325,
-0.915527872 0.059055118 -1.664947525,
-0.919125410 0.059055118 -1.668285551,
-0.922884862 0.059055118 -1.671440107,
-0.926796883 0.059055118 -1.674403347,
-0.930851746 0.059055118 -1.677167906,
-0.935039370 0.059055118 -1.679726910,
-0.939349345 0.059055118 -1.682073997,
-0.943770954 0.059055118 -1.684203332,
-0.948293206 0.059055118 -1.686109621,
-0.952904857 0.059055118 -1.687788125,
-0.957594442 0.059055118 -1.689234670,
-0.962350302 0.059055118 -1.690445661,
-0.967160612 0.059055118 -1.691418086,
-0.972013415 0.059055118 -1.692149528,
-0.976896644 0.059055118 -1.692638169,
-0.981798160 0.059055118 -1.692882794,
-0.986705777 0.059055118 -1.692882794,
-0.991607293 0.059055118 -1.692638169,
-0.996490522 0.059055118 -1.692149528,
-1.001343325 0.059055118 -1.691418086,
-1.006153635 0.059055118 -1.690445661,
-1.010909495 0.059055118 -1.689234670,
-1.015599080 0.059055118 -1.687788125,
-1.020210731 0.059055118 -1.686109621,
-1.024732983 0.059055118 -1.684203332,
-1.029154592 0.059055118 -1.682073997,
-1.033464567 0.059055118 -1.679726910,
-1.037652191 0.059055118 -1.677167906,
-1.041707054 0.059055118 -1.674403347,
-1.045619075 0.059055118 -1.671440107,
-1.049378527 0.059055118 -1.668285551,
-1.052976065 0.059055118 -1.664947525,
-1.056402743 0.059055118 -1.661434325,
-1.059650044 0.059055118 -1.657754686,
-1.062709892 0.059055118 -1.653917757,
-1.065574683 0.059055118 -1.649933077,
-1.068237291 0.059055118 -1.645810552,
-1.070691100 0.059055118 -1.641560431,
-1.072930007 0.059055118 -1.637193281,
-1.074948446 0.059055118 -1.632719960,
-1.076741400 0.059055118 -1.628151589,
-1.078304410 0.059055118 -1.623499525,
-1.079633591 0.059055118 -1.618775334,
-1.080725639 0.059055118 -1.613990762,
-1.081577837 0.059055118 -1.609157703,
-1.082188068 0.059055118 -1.604288174,
-1.082554815 0.059055118 -1.599394280,
-0.885826772 0.059055118 0.196850394,
-0.885826772 0.059055118 -1.594488189,
-0.885826772 -0.059055118 0.196850394,
-0.885826772 -0.059055118 -1.594488189,
-0.885826772 -0.059055118 0.196850394,
-0.885826772 -0.059055118 -1.594488189,
-1.082677165 -0.059055118 0.196850394,
-1.082677165 -0.059055118 -1.594488189,
-1.082554815 -0.059055118 -1.599394280,
-1.082188068 -0.059055118 -1.604288174,
-1.081577837 -0.059055118 -1.609157703,
-1.080725639 -0.059055118 -1.613990762,
-1.079633591 -0.059055118 -1.618775334,
-1.078304410 -0.059055118 -1.623499525,
-1.076741400 -0.059055118 -1.628151589,
-1.074948446 -0.059055118 -1.632719960,
-1.072930007 -0.059055118 -1.637193281,
-1.070691100 -0.059055118 -1.641560431,
-1.068237291 -0.059055118 -1.645810552,
-1.065574683 -0.059055118 -1.649933077,
-1.062709892 -0.059055118 -1.653917757,
-1.059650044 -0.059055118 -1.657754686,
-1.056402743 -0.059055118 -1.661434325,
-1.052976065 -0.059055118 -1.664947525,
-1.049378527 -0.059055118 -1.668285551,
-1.045619075 -0.059055118 -1.671440107,
-1.041707054 -0.059055118 -1.674403347,
-1.037652191 -0.059055118 -1.677167906,
-1.033464567 -0.059055118 -1.679726910,
-1.029154592 -0.059055118 -1.682073997,
-1.024732983 -0.059055118 -1.684203332,
-1.020210731 -0.059055118 -1.686109621,
-1.015599080 -0.059055118 -1.687788125,
-1.010909495 -0.059055118 -1.689234670,
-1.006153635 -0.059055118 -1.690445661,
-1.001343325 -0.059055118 -1.691418086,
-0.996490522 -0.059055118 -1.692149528,
-0.991607293 -0.059055118 -1.692638169,
-0.986705777 -0.059055118 -1.692882794,
-0.981798160 -0.059055118 -1.692882794,
-0.976896644 -0.059055118 -1.692638169,
-0.972013415 -0.059055118 -1.692149528,
-0.967160612 -0.059055118 -1.691418086,
-0.962350302 -0.059055118 -1.690445661,
-0.957594442 -0.059055118 -1.689234670,
-0.952904857 -0.059055118 -1.687788125,
-0.948293206 -0.059055118 -1.686109621,
-0.943770954 -0.059055118 -1.684203332,
-0.939349345 -0.059055118 -1.682073997,
-0.935039370 -0.059055118 -1.679726910,
-0.930851746 -0.059055118 -1.677167906,
-0.926796883 -0.059055118 -1.674403347,
-0.922884862 -0.059055118 -1.671440107,
-0.919125410 -0.059055118 -1.668285551,
-0.915527872 -0.059055118 -1.664947525,
-0.912101194 -0.059055118 -1.661434325,
-0.908853893 -0.059055118 -1.657754686,
-0.905794045 -0.059055118 -1.653917757,
-0.902929254 -0.059055118 -1.649933077,
-0.900266646 -0.059055118 -1.645810552,
-0.897812837 -0.059055118 -1.641560431,
-0.895573930 -0.059055118 -1.637193281,
-0.893555491 -0.059055118 -1.632719960,
-0.891762537 -0.059055118 -1.628151589,
-0.890199527 -0.059055118 -1.623499525,
-0.888870346 -0.059055118 -1.618775334,
-0.887778298 -0.059055118 -1.613990762,
-0.886926100 -0.059055118 -1.609157703,
-0.886315869 -0.059055118 -1.604288174,
-0.885949122 -0.059055118 -1.599394280,
-1.082677165 -0.059055118 0.196850394,
-1.082677165 -0.059055118 -1.594488189,
-1.082677165 0.059055118 0.196850394,
-1.082677165 0.059055118 -1.594488189,
-0.098425197 0.059055118 0.196850394,
-0.098425197 0.059055118 -1.594488189,
0.098425197 0.059055118 0.196850394,
0.098425197 0.059055118 -1.594488189,
0.098302847 0.059055118 -1.599394280,
0.097936100 0.059055118 -1.604288174,
0.097325869 0.059055118 -1.609157703,
0.096473670 0.059055118 -1.613990762,
0.095381623 0.059055118 -1.618775334,
0.094052442 0.059055118 -1.623499525,
0.092489431 0.059055118 -1.628151589,
0.090696478 0.059055118 -1.632719960,
0.088678038 0.059055118 -1.637193281,
0.086439131 0.059055118 -1.641560431,
0.083985323 0.059055118 -1.645810552,
0.081322714 0.059055118 -1.649933077,
0.078457924 0.059055118 -1.653917757,
0.075398075 0.059055118 -1.657754686,
0.072150775 0.059055118 -1.661434325,
0.068724096 0.059055118 -1.664947525,
0.065126559 0.059055118 -1.668285551,
0.061367106 0.059055118 -1.671440107,
0.057455086 0.059055118 -1.674403347,
0.053400223 0.059055118 -1.677167906,
0.049212598 0.059055118 -1.679726910,
0.044902624 0.059055118 -1.682073997,
0.040481014 0.059055118 -1.684203332,
0.035958762 0.059055118 -1.686109621,
0.031347111 0.059055118 -1.687788125,
0.026657526 0.059055118 -1.689234670,
0.021901667 0.059055118 -1.690445661,
0.017091356 0.059055118 -1.691418086,
0.012238554 0.059055118 -1.692149528,
0.007355324 0.059055118 -1.692638169,
0.002453808 0.059055118 -1.692882794,
-0.002453808 0.059055118 -1.692882794,
-0.007355324 0.059055118 -1.692638169,
-0.012238554 0.059055118 -1.692149528,
-0.017091356 0.059055118 -1.691418086,
-0.021901667 0.059055118 -1.690445661,
-0.026657526 0.059055118 -1.689234670,
-0.031347111 0.059055118 -1.687788125,
-0.035958762 0.059055118 -1.686109621,
-0.040481014 0.059055118 -1.684203332,
-0.044902624 0.059055118 -1.682073997,
-0.049212598 0.059055118 -1.679726910,
-0.053400223 0.059055118 -1.677167906,
-0.057455086 0.059055118 -1.674403347,
-0.061367106 0.059055118 -1.671440107,
-0.065126559 0.059055118 -1.668285551,
-0.068724096 0.059055118 -1.664947525,
-0.072150775 0.059055118 -1.661434325,
-0.075398075 0.059055118 -1.657754686,
-0.078457924 0.059055118 -1.653917757,
-0.081322714 0.059055118 -1.649933077,
-0.083985323 0.059055118 -1.645810552,
-0.086439131 0.059055118 -1.641560431,
-0.088678038 0.059055118 -1.637193281,
-0.090696478 0.059055118 -1.632719960,
-0.092489431 0.059055118 -1.628151589,
-0.094052442 0.059055118 -1.623499525,
-0.095381623 0.059055118 -1.618775334,
-0.096473670 0.059055118 -1.613990762,
-0.097325869 0.059055118 -1.609157703,
-0.097936100 0.059055118 -1.604288174,
-0.098302847 0.059055118 -1.599394280,
0.098425197 0.059055118 0.196850394,
0.098425197 0.059055118 -1.594488189,
0.098425197 -0.059055118 0.196850394,
0.098425197 -0.059055118 -1.594488189,
0.098425197 -0.059055118 0.196850394,
0.098425197 -0.059055118 -1.594488189,
-0.098425197 -0.059055118 0.196850394,
-0.098425197 -0.059055118 -1.594488189,
-0.098302847 -0.059055118 -1.599394280,
-0.097936100 -0.059055118 -1.604288174,
-0.097325869 -0.059055118 -1.609157703,
-0.096473670 -0.059055118 -1.613990762,
-0.095381623 -0.059055118 -1.618775334,
-0.094052442 -0.059055118 -1.623499525,
-0.092489431 -0.059055118 -1.628151589,
-0.090696478 -0.059055118 -1.632719960,
-0.088678038 -0.059055118 -1.637193281,
-0.086439131 -0.059055118 -1.641560431,
-0.083985323 -0.059055118 -1.645810552,
-0.081322714 -0.059055118 -1.649933077,
-0.078457924 -0.059055118 -1.653917757,
-0.075398075 -0.059055118 -1.657754686,
-0.072150775 -0.059055118 -1.661434325,
-0.068724096 -0.059055118 -1.664947525,
-0.065126559 -0.059055118 -1.668285551,
-0.061367106 -0.059055118 -1.671440107,
-0.057455086 -0.059055118 -1.674403347,
-0.053400223 -0.059055118 -1.677167906,
-0.049212598 -0.059055118 -1.679726910,
-0.044902624 -0.059055118 -1.682073997,
-0.040481014 -0.059055118 -1.684203332,
-0.035958762 -0.059055118 -1.686109621,
-0.031347111 -0.059055118 -1.687788125,
-0.026657526 -0.059055118 -1.689234670,
-0.021901667 -0.059055118 -1.690445661,
-0.017091356 -0.059055118 -1.691418086,
-0.012238554 -0.059055118 -1.692149528,
-0.007355324 -0.059055118 -1.692638169,
-0.002453808 -0.059055118 -1.692882794,
0.002453808 -0.059055118 -1.692882794,
0.007355324 -0.059055118 -1.692638169,
0.012238554 -0.059055118 -1.692149528,
0.017091356 -0.059055118 -1.691418086,
0.021901667 -0.059055118 -1.690445661,
0.026657526 -0.059055118 -1.689234670,
0.031347111 -0.059055118 -1.687788125,
0.035958762 -0.059055118 -1.686109621,
0.040481014 -0.059055118 -1.684203332,
0.044902624 -0.059055118 -1.682073997,
0.049212598 -0.059055118 -1.679726910,
0.053400223 -0.059055118 -1.677167906,
0.057455086 -0.059055118 -1.674403347,
0.061367106 -0.059055118 -1.671440107,
0.065126559 -0.059055118 -1.668285551,
0.068724096 -0.059055118 -1.664947525,
0.072150775 -0.059055118 -1.661434325,
0.075398075 -0.059055118 -1.657754686,
0.078457924 -0.059055118 -1.653917757,
0.081322714 -0.059055118 -1.649933077,
0.083985323 -0.059055118 -1.645810552,
0.086439131 -0.059055118 -1.641560431,
0.088678038 -0.059055118 -1.637193281,
0.090696478 -0.059055118 -1.632719960,
0.092489431 -0.059055118 -1.628151589,
0.094052442 -0.059055118 -1.623499525,
0.095381623 -0.059055118 -1.618775334,
0.096473670 -0.059055118 -1.613990762,
0.097325869 -0.059055118 -1.609157703,
0.097936100 -0.059055118 -1.604288174,
0.098302847 -0.059055118 -1.599394280,
-0.098425197 -0.059055118 0.196850394,
-0.098425197 -0.059055118 -1.594488189,
-0.098425197 0.059055118 0.196850394,
-0.098425197 0.059055118 -1.594488189,
0.885826772 0.059055118 0.196850394,
0.885826772 0.059055118 -1.594488189,
1.082677165 0.059055118 0.196850394,
1.082677165 0.059055118 -1.594488189,
1.082554815 0.059055118 -1.599394280,
1.082188068 0.059055118 -1.604288174,
1.081577837 0.059055118 -1.609157703,
1.080725639 0.059055118 -1.613990762,
1.079633591 0.059055118 -1.618775334,
1.078304410 0.059055118 -1.623499525,
1.076741400 0.059055118 -1.628151589,
1.074948446 0.059055118 -1.632719960,
1.072930007 0.059055118 -1.637193281,
1.070691100 0.059055118 -1.641560431,
1.068237291 0.059055118 -1.645810552,
1.065574683 0.059055118 -1.649933077,
1.062709892 0.059055118 -1.653917757,
1.059650044 0.059055118 -1.657754686,
1.056402743 0.059055118 -1.661434325,
1.052976065 0.059055118 -1.664947525,
1.049378527 0.059055118 -1.668285551,
1.045619075 0.059055118 -1.671440107,
1.041707054 0.059055118 -1.674403347,
1.037652191 0.059055118 -1.677167906,
1.033464567 0.059055118 -1.679726910,
1.029154592 0.059055118 -1.682073997,
1.024732983 0.059055118 -1.684203332,
1.020210731 0.059055118 -1.686109621,
1.015599080 0.059055118 -1.687788125,
1.010909495 0.059055118 -1.689234670,
1.006153635 0.059055118 -1.690445661,
1.001343325 0.059055118 -1.691418086,
0.996490522 0.059055118 -1.692149528,
0.991607293 0.059055118 -1.692638169,
0.986705777 0.059055118 -1.692882794,
0.981798160 0.059055118 -1.692882794,
0.976896644 0.059055118 -1.692638169,
0.972013415 0.059055118 -1.692149528,
0.967160612 0.059055118 -1.691418086,
0.962350302 0.059055118 -1.690445661,
0.957594442 0.059055118 -1.689234670,
0.952904857 0.059055118 -1.687788125,
0.948293206 0.059055118 -1.686109621,
0.943770954 0.059055118 -1.684203332,
0.939349345 0.059055118 -1.682073997,
0.935039370 0.059055118 -1.679726910,
0.930851746 0.059055118 -1.677167906,
0.926796883 0.059055118 -1.674403347,
0.922884862 0.059055118 -1.671440107,
0.919125410 0.059055118 -1.668285551,
0.915527872 0.059055118 -1.664947525,
0.912101194 0.059055118 -1.661434325,
0.908853893 0.059055118 -1.657754686,
0.905794045 0.059055118 -1.653917757,
0.902929254 0.059055118 -1.649933077,
0.900266646 0.059055118 -1.645810552,
0.897812837 0.059055118 -1.641560431,
0.895573930 0.059055118 -1.637193281,
0.893555491 0.059055118 -1.632719960,
0.891762537 0.059055118 -1.628151589,
0.890199527 0.059055118 -1.623499525,
0.888870346 0.059055118 -1.618775334,
0.887778298 0.059055118 -1.613990762,
0.886926100 0.059055118 -1.609157703,
0.886315869 0.059055118 -1.604288174,
0.885949122 0.059055118 -1.599394280,
1.082677165 0.059055118 0.196850394,
1.082677165 0.059055118 -1.594488189,
1.082677165 -0.059055118 0.196850394,
1.082677165 -0.059055118 -1.594488189,
1.082677165 -0.059055118 0.196850394,
1.082677165 -0.059055118 -1.594488189,
0.885826772 -0.059055118 0.196850394,
0.885826772 -0.059055118 -1.594488189,
0.885949122 -0.059055118 -1.599394280,
0.886315869 -0.059055118 -1.604288174,
0.886926100 -0.059055118 -1.609157703,
0.887778298 -0.059055118 -1.613990762,
0.888870346 -0.059055118 -1.618775334,
0.890199527 -0.059055118 -1.623499525,
0.891762537 -0.059055118 -1.628151589,
0.893555491 -0.059055118 -1.632719960,
0.895573930 -0.059055118 -1.637193281,
0.897812837 -0.059055118 -1.641560431,
0.900266646 -0.059055118 -1.645810552,
0.902929254 -0.059055118 -1.649933077,
0.905794045 -0.059055118 -1.653917757,
0.908853893 -0.059055118 -1.657754686,
0.912101194 -0.059055118 -1.661434325,
0.915527872 -0.059055118 -1.664947525,
0.919125410 -0.059055118 -1.668285551,
0.922884862 -0.059055118 -1.671440107,
0.926796883 -0.059055118 -1.674403347,
0.930851746 -0.059055118 -1.677167906,
0.935039370 -0.059055118 -1.679726910,
0.939349345 -0.059055118 -1.682073997,
0.943770954 -0.059055118 -1.684203332,
0.948293206 -0.059055118 -1.686109621,
0.952904857 -0.059055118 -1.687788125,
0.957594442 -0.059055118 -1.689234670,
0.962350302 -0.059055118 -1.690445661,
0.967160612 -0.059055118 -1.691418086,
0.972013415 -0.059055118 -1.692149528,
0.976896644 -0.059055118 -1.692638169,
0.981798160 -0.059055118 -1.692882794,
0.986705777 -0.059055118 -1.692882794,
0.991607293 -0.059055118 -1.692638169,
0.996490522 -0.059055118 -1.692149528,
1.001343325 -0.059055118 -1.691418086,
1.006153635 -0.059055118 -1.690445661,
1.010909495 -0.059055118 -1.689234670,
1.015599080 -0.059055118 -1.687788125,
1.020210731 -0.059055118 -1.686109621,
1.024732983 -0.059055118 -1.684203332,
1.029154592 -0.059055118 -1.682073997,
1.033464567 -0.059055118 -1.679726910,
1.037652191 -0.059055118 -1.677167906,
1.041707054 -0.059055118 -1.674403347,
1.045619075 -0.059055118 -1.671440107,
1.049378527 -0.059055118 -1.668285551,
1.052976065 -0.059055118 -1.664947525,
1.056402743 -0.059055118 -1.661434325,
1.059650044 -0.059055118 -1.657754686,
1.062709892 -0.059055118 -1.653917757,
1.065574683 -0.059055118 -1.649933077,
1.068237291 -0.059055118 -1.645810552,
1.070691100 -0.059055118 -1.641560431,
1.072930007 -0.059055118 -1.637193281,
1.074948446 -0.059055118 -1.632719960,
1.076741400 -0.059055118 -1.628151589,
1.078304410 -0.059055118 -1.623499525,
1.079633591 -0.059055118 -1.618775334,
1.080725639 -0.059055118 -1.613990762,
1.081577837 -0.059055118 -1.609157703,
1.082188068 -0.059055118 -1.604288174,
1.082554815 -0.059055118 -1.599394280,
0.885826772 -0.059055118 0.196850394,
0.885826772 -0.059055118 -1.594488189,
0.885826772 0.059055118 0.196850394,
0.885826772 0.059055118 -1.594488189,
-0.492007874 0.412795276 0.196850394,
-0.492007874 0.412795276 0.192913386,
-0.492007874 0.185866142 0.192913386,
-0.492007874 0.185866142 0.196850394,
-0.321811024 0.412795276 0.196850394,
-0.321811024 0.412795276 0.192913386,
-0.492007874 0.412795276 0.192913386,
-0.492007874 0.412795276 0.196850394,
-0.321811024 0.383825599 0.196850394,
-0.321811024 0.383825599 0.192913386,
-0.321811024 0.412795276 0.192913386,
-0.321811024 0.412795276 0.196850394,
-0.463641732 0.383825599 0.196850394,
-0.463641732 0.383825599 0.192913386,
-0.321811024 0.383825599 0.192913386,
-0.321811024 0.383825599 0.196850394,
-0.463641732 0.185866142 0.196850394,
-0.463641732 0.185866142 0.192913386,
-0.463641732 0.383825599 0.192913386,
-0.463641732 0.383825599 0.196850394,
-0.492007874 0.185866142 0.196850394,
-0.492007874 0.185866142 0.192913386,
-0.463641732 0.185866142 0.192913386,
-0.463641732 0.185866142 0.196850394,
-0.127975731 0.354855922 0.196850394,
-0.127975731 0.354855922 0.192913386,
-0.099609589 0.354855922 0.192913386,
-0.099609589 0.354855922 0.196850394,
-0.132703403 0.369340759 0.196850394,
-0.132703403 0.369340759 0.192913386,
-0.127975731 0.354855922 0.192913386,
-0.127975731 0.354855922 0.196850394,
-0.146886474 0.378997320 0.196850394,
-0.146886474 0.378997320 0.192913386,
-0.132703403 0.369340759 0.192913386,
-0.132703403 0.369340759 0.196850394,
-0.165797244 0.383825599 0.196850394,
-0.165797244 0.383825599 0.192913386,
-0.146886474 0.378997320 0.192913386,
-0.146886474 0.378997320 0.196850394,
-0.208346457 0.383825599 0.196850394,
-0.208346457 0.383825599 0.192913386,
-0.165797244 0.383825599 0.192913386,
-0.165797244 0.383825599 0.196850394,
-0.227257227 0.378997320 0.196850394,
-0.227257227 0.378997320 0.192913386,
-0.208346457 0.383825599 0.192913386,
-0.208346457 0.383825599 0.196850394,
-0.241440298 0.369340759 0.196850394,
-0.241440298 0.369340759 0.192913386,
-0.227257227 0.378997320 0.192913386,
-0.227257227 0.378997320 0.196850394,
-0.250895669 0.354855922 0.196850394,
-0.250895669 0.354855922 0.192913386,
-0.241440298 0.369340759 0.192913386,
-0.241440298 0.369340759 0.196850394,
-0.255623369 0.335542807 0.196850394,
-0.255623369 0.335542807 0.192913386,
-0.250895669 0.354855922 0.192913386,
-0.250895669 0.354855922 0.196850394,
-0.255623369 0.263118617 0.196850394,
-0.255623369 0.263118617 0.192913386,
-0.255623369 0.335542807 0.192913386,
-0.255623369 0.335542807 0.196850394,
-0.250895669 0.243805502 0.196850394,
-0.250895669 0.243805502 0.192913386,
-0.255623369 0.263118617 0.192913386,
-0.255623369 0.263118617 0.196850394,
-0.241440298 0.229320652 0.196850394,
-0.241440298 0.229320652 0.192913386,
-0.250895669 0.243805502 0.192913386,
-0.250895669 0.243805502 0.196850394,
-0.227257227 0.219664094 0.196850394,
-0.227257227 0.219664094 0.192913386,
-0.241440298 0.229320652 0.192913386,
-0.241440298 0.229320652 0.196850394,
-0.208346457 0.214835815 0.196850394,
-0.208346457 0.214835815 0.192913386,
-0.227257227 0.219664094 0.192913386,
-0.227257227 0.219664094 0.196850394,
-0.165797244 0.214835815 0.196850394,
-0.165797244 0.214835815 0.192913386,
-0.208346457 0.214835815 0.192913386,
-0.208346457 0.214835815 0.196850394,
-0.146886474 0.219664094 0.196850394,
-0.146886474 0.219664094 0.192913386,
-0.165797244 0.214835815 0.192913386,
-0.165797244 0.214835815 0.196850394,
-0.132703403 0.229320652 0.196850394,
-0.132703403 0.229320652 0.192913386,
-0.146886474 0.219664094 0.192913386,
-0.146886474 0.219664094 0.196850394,
-0.127975731 0.243805502 0.196850394,
-0.127975731 0.243805502 0.192913386,
-0.132703403 0.229320652 0.192913386,
-0.132703403 0.229320652 0.196850394,
-0.099609589 0.243805502 0.196850394,
-0.099609589 0.243805502 0.192913386,
-0.127975731 0.243805502 0.192913386,
-0.127975731 0.243805502 0.196850394,
-0.104337261 0.219664094 0.196850394,
-0.104337261 0.219664094 0.192913386,
-0.099609589 0.243805502 0.192913386,
-0.099609589 0.243805502 0.196850394,
-0.123248031 0.200350978 0.196850394,
-0.123248031 0.200350978 0.192913386,
-0.104337261 0.219664094 0.192913386,
-0.104337261 0.219664094 0.196850394,
-0.142158802 0.190694421 0.196850394,
-0.142158802 0.190694421 0.192913386,
-0.123248031 0.200350978 0.192913386,
-0.123248031 0.200350978 0.196850394,
-0.165797244 0.185866142 0.196850394,
-0.165797244 0.185866142 0.192913386,
-0.142158802 0.190694421 0.192913386,
-0.142158802 0.190694421 0.196850394,
-0.208346457 0.185866142 0.196850394,
-0.208346457 0.185866142 0.192913386,
-0.165797244 0.185866142 0.192913386,
-0.165797244 0.185866142 0.196850394,
-0.231984899 0.190694421 0.196850394,
-0.231984899 0.190694421 0.192913386,
-0.208346457 0.185866142 0.192913386,
-0.208346457 0.185866142 0.196850394,
-0.250895669 0.200350978 0.196850394,
-0.250895669 0.200350978 0.192913386,
-0.231984899 0.190694421 0.192913386,
-0.231984899 0.190694421 0.196850394,
-0.269806426 0.219664094 0.196850394,
-0.269806426 0.219664094 0.192913386,
-0.250895669 0.200350978 0.192913386,
-0.250895669 0.200350978 0.196850394,
-0.279261811 0.238977209 0.196850394,
-0.279261811 0.238977209 0.192913386,
-0.269806426 0.219664094 0.192913386,
-0.269806426 0.219664094 0.196850394,
-0.283989497 0.263118617 0.196850394,
-0.283989497 0.263118617 0.192913386,
-0.279261811 0.238977209 0.192913386,
-0.279261811 0.238977209 0.196850394,
-0.283989497 0.335542807 0.196850394,
-0.283989497 0.335542807 0.192913386,
-0.283989497 0.263118617 0.192913386,
-0.283989497 0.263118617 0.196850394,
-0.279261811 0.359684201 0.196850394,
-0.279261811 0.359684201 0.192913386,
-0.283989497 0.335542807 0.192913386,
-0.283989497 0.335542807 0.196850394,
-0.269806426 0.378997320 0.196850394,
-0.269806426 0.378997320 0.192913386,
-0.279261811 0.359684201 0.192913386,
-0.279261811 0.359684201 0.196850394,
-0.250895669 0.398310437 0.196850394,
-0.250895669 0.398310437 0.192913386,
-0.269806426 0.378997320 0.192913386,
-0.269806426 0.378997320 0.196850394,
-0.231984899 0.407966996 0.196850394,
-0.231984899 0.407966996 0.192913386,
-0.250895669 0.398310437 0.192913386,
-0.250895669 0.398310437 0.196850394,
-0.208346457 0.412795276 0.196850394,
-0.208346457 0.412795276 0.192913386,
-0.231984899 0.407966996 0.192913386,
-0.231984899 0.407966996 0.196850394,
-0.165797244 0.412795276 0.196850394,
-0.165797244 0.412795276 0.192913386,
-0.208346457 0.412795276 0.192913386,
-0.208346457 0.412795276 0.196850394,
-0.142158802 0.407966996 0.196850394,
-0.142158802 0.407966996 0.192913386,
-0.165797244 0.412795276 0.192913386,
-0.165797244 0.412795276 0.196850394,
-0.123248031 0.398310437 0.196850394,
-0.123248031 0.398310437 0.192913386,
-0.142158802 0.407966996 0.192913386,
-0.142158802 0.407966996 0.196850394,
-0.104337261 0.378997320 0.196850394,
-0.104337261 0.378997320 0.192913386,
-0.123248031 0.398310437 0.192913386,
-0.123248031 0.398310437 0.196850394,
-0.099609589 0.354855922 0.196850394,
-0.099609589 0.354855922 0.192913386,
-0.104337261 0.378997320 0.192913386,
-0.104337261 0.378997320 0.196850394,
-0.033421934 0.383825599 0.196850394,
-0.033421934 0.383825599 0.192913386,
0.108408775 0.383825599 0.192913386,
0.108408775 0.383825599 0.196850394,
-0.033421934 0.306573127 0.196850394,
-0.033421934 0.306573127 0.192913386,
-0.033421934 0.383825599 0.192913386,
-0.033421934 0.383825599 0.196850394,
0.089498031 0.306573127 0.196850394,
0.089498031 0.306573127 0.192913386,
-0.033421934 0.306573127 0.192913386,
-0.033421934 0.306573127 0.196850394,
0.089498031 0.277603454 0.196850394,
0.089498031 0.277603454 0.192913386,
0.089498031 0.306573127 0.192913386,
0.089498031 0.306573127 0.196850394,
-0.033421934 0.277603454 0.196850394,
-0.033421934 0.277603454 0.192913386,
0.089498031 0.277603454 0.192913386,
0.089498031 0.277603454 0.196850394,
-0.033421934 0.214835815 0.196850394,
-0.033421934 0.214835815 0.192913386,
-0.033421934 0.277603454 0.192913386,
-0.033421934 0.277603454 0.196850394,
0.108408775 0.214835815 0.196850394,
0.108408775 0.214835815 0.192913386,
-0.033421934 0.214835815 0.192913386,
-0.033421934 0.214835815 0.196850394,
0.108408775 0.185866142 0.196850394,
0.108408775 0.185866142 0.192913386,
0.108408775 0.214835815 0.192913386,
0.108408775 0.214835815 0.196850394,
-0.061788049 0.185866142 0.196850394,
-0.061788049 0.185866142 0.192913386,
0.108408775 0.185866142 0.192913386,
0.108408775 0.185866142 0.196850394,
-0.061788049 0.412795276 0.196850394,
-0.061788049 0.412795276 0.192913386,
-0.061788049 0.185866142 0.192913386,
-0.061788049 0.185866142 0.196850394,
0.108408775 0.412795276 0.196850394,
0.108408775 0.412795276 0.192913386,
-0.061788049 0.412795276 0.192913386,
-0.061788049 0.412795276 0.196850394,
0.108408775 0.383825599 0.196850394,
0.108408775 0.383825599 0.192913386,
0.108408775 0.412795276 0.192913386,
0.108408775 0.412795276 0.196850394,
0.146230315 0.185866142 0.196850394,
0.146230315 0.185866142 0.192913386,
0.259694882 0.185866142 0.192913386,
0.259694882 0.185866142 0.196850394,
0.146230315 0.412795276 0.196850394,
0.146230315 0.412795276 0.192913386,
0.146230315 0.185866142 0.192913386,
0.146230315 0.185866142 0.196850394,
0.259694882 0.412795276 0.196850394,
0.259694882 0.412795276 0.192913386,
0.146230315 0.412795276 0.192913386,
0.146230315 0.412795276 0.196850394,
0.283333351 0.407966996 0.196850394,
0.283333351 0.407966996 0.192913386,
0.259694882 0.412795276 0.192913386,
0.259694882 0.412795276 0.196850394,
0.302244094 0.398310437 0.196850394,
0.302244094 0.398310437 0.192913386,
0.283333351 0.407966996 0.192913386,
0.283333351 0.407966996 0.196850394,
0.321154838 0.378997320 0.196850394,
0.321154838 0.378997320 0.192913386,
0.302244094 0.398310437 0.192913386,
0.302244094 0.398310437 0.196850394,
0.330610236 0.359684201 0.196850394,
0.330610236 0.359684201 0.192913386,
0.321154838 0.378997320 0.192913386,
0.321154838 0.378997320 0.196850394,
0.335337908 0.335542807 0.196850394,
0.335337908 0.335542807 0.192913386,
0.330610236 0.359684201 0.192913386,
0.330610236 0.359684201 0.196850394,
0.335337908 0.263118617 0.196850394,
0.335337908 0.263118617 0.192913386,
0.335337908 0.335542807 0.192913386,
0.335337908 0.335542807 0.196850394,
0.330610236 0.238977209 0.196850394,
0.330610236 0.238977209 0.192913386,
0.335337908 0.263118617 0.192913386,
0.335337908 0.263118617 0.196850394,
0.321154838 0.219664094 0.196850394,
0.321154838 0.219664094 0.192913386,
0.330610236 0.238977209 0.192913386,
0.330610236 0.238977209 0.196850394,
0.302244094 0.200350978 0.196850394,
0.302244094 0.200350978 0.192913386,
0.321154838 0.219664094 0.192913386,
0.321154838 0.219664094 0.196850394,
0.283333351 0.190694421 0.196850394,
0.283333351 0.190694421 0.192913386,
0.302244094 0.200350978 0.192913386,
0.302244094 0.200350978 0.196850394,
0.259694882 0.185866142 0.196850394,
0.259694882 0.185866142 0.192913386,
0.283333351 0.190694421 0.192913386,
0.283333351 0.190694421 0.196850394,
0.448802530 0.185866142 0.196850394,
0.448802530 0.185866142 0.192913386,
0.486624016 0.185866142 0.192913386,
0.486624016 0.185866142 0.196850394,
0.373159449 0.412795276 0.196850394,
0.373159449 0.412795276 0.192913386,
0.448802530 0.185866142 0.192913386,
0.448802530 0.185866142 0.196850394,
0.401525591 0.412795276 0.196850394,
0.401525591 0.412795276 0.192913386,
0.373159449 0.412795276 0.192913386,
0.373159449 0.412795276 0.196850394,
0.420436388 0.354855922 0.196850394,
0.420436388 0.354855922 0.192913386,
0.401525591 0.412795276 0.192913386,
0.401525591 0.412795276 0.196850394,
0.514990157 0.354855922 0.196850394,
0.514990157 0.354855922 0.192913386,
0.420436388 0.354855922 0.192913386,
0.420436388 0.354855922 0.196850394,
0.533900955 0.412795276 0.196850394,
0.533900955 0.412795276 0.192913386,
0.514990157 0.354855922 0.192913386,
0.514990157 0.354855922 0.196850394,
0.562267096 0.412795276 0.196850394,
0.562267096 0.412795276 0.192913386,
0.533900955 0.412795276 0.192913386,
0.533900955 0.412795276 0.196850394,
0.486624016 0.185866142 0.196850394,
0.486624016 0.185866142 0.192913386,
0.562267096 0.412795276 0.192913386,
0.562267096 0.412795276 0.196850394,
-0.688976378 -0.767716535 0.511811024,
0.688976378 -0.767716535 0.511811024,
0.688976378 -0.629921260 0.511811024,
1.240157480 -0.629921260 0.511811024,
1.240157480 -0.767716535 0.511811024,
1.732283465 -0.767716535 0.511811024,
1.732283465 0.767716535 0.511811024,
1.240157480 0.767716535 0.511811024,
1.240157480 0.629921260 0.511811024,
0.688976378 0.629921260 0.511811024,
0.688976378 0.767716535 0.511811024,
-0.688976378 0.767716535 0.511811024,
-0.688976378 0.629921260 0.511811024,
-1.240157480 0.629921260 0.511811024,
-1.240157480 0.767716535 0.511811024,
-1.732283465 0.767716535 0.511811024,
-1.732283465 -0.767716535 0.511811024,
-1.240157480 -0.767716535 0.511811024,
-1.240157480 -0.629921260 0.511811024,
-0.688976378 -0.629921260 0.511811024,
1.526706629 -0.531130270 0.511811024,
1.526706629 0.531130270 0.511811024,
-1.526706629 -0.531130270 0.511811024,
-1.526706629 0.531130270 0.511811024,
-0.885826772 -0.059055118 -1.594488189,
-0.885826772 0.059055118 -1.594488189,
-1.082677165 -0.059055118 -1.594488189,
-1.082554815 -0.059055118 -1.599394280,
-1.082188068 -0.059055118 -1.604288174,
-1.081577837 -0.059055118 -1.609157703,
-1.080725639 -0.059055118 -1.613990762,
-1.079633591 -0.059055118 -1.618775334,
-1.078304410 -0.059055118 -1.623499525,
-1.076741400 -0.059055118 -1.628151589,
-1.074948446 -0.059055118 -1.632719960,
-1.072930007 -0.059055118 -1.637193281,
-1.070691100 -0.059055118 -1.641560431,
-1.068237291 -0.059055118 -1.645810552,
-1.065574683 -0.059055118 -1.649933077,
-1.062709892 -0.059055118 -1.653917757,
-1.059650044 -0.059055118 -1.657754686,
-1.056402743 -0.059055118 -1.661434325,
-1.052976065 -0.059055118 -1.664947525,
-1.049378527 -0.059055118 -1.668285551,
-1.045619075 -0.059055118 -1.671440107,
-1.041707054 -0.059055118 -1.674403347,
-1.037652191 -0.059055118 -1.677167906,
-1.033464567 -0.059055118 -1.679726910,
-1.029154592 -0.059055118 -1.682073997,
-1.024732983 -0.059055118 -1.684203332,
-1.020210731 -0.059055118 -1.686109621,
-1.015599080 -0.059055118 -1.687788125,
-1.010909495 -0.059055118 -1.689234670,
-1.006153635 -0.059055118 -1.690445661,
-1.001343325 -0.059055118 -1.691418086,
-0.996490522 -0.059055118 -1.692149528,
-0.991607293 -0.059055118 -1.692638169,
-0.986705777 -0.059055118 -1.692882794,
-0.981798160 -0.059055118 -1.692882794,
-0.976896644 -0.059055118 -1.692638169,
-0.972013415 -0.059055118 -1.692149528,
-0.967160612 -0.059055118 -1.691418086,
-0.962350302 -0.059055118 -1.690445661,
-0.957594442 -0.059055118 -1.689234670,
-0.952904857 -0.059055118 -1.687788125,
-0.948293206 -0.059055118 -1.686109621,
-0.943770954 -0.059055118 -1.684203332,
-0.939349345 -0.059055118 -1.682073997,
-0.935039370 -0.059055118 -1.679726910,
-0.930851746 -0.059055118 -1.677167906,
-0.926796883 -0.059055118 -1.674403347,
-0.922884862 -0.059055118 -1.671440107,
-0.919125410 -0.059055118 -1.668285551,
-0.915527872 -0.059055118 -1.664947525,
-0.912101194 -0.059055118 -1.661434325,
-0.908853893 -0.059055118 -1.657754686,
-0.905794045 -0.059055118 -1.653917757,
-0.902929254 -0.059055118 -1.649933077,
-0.900266646 -0.059055118 -1.645810552,
-0.897812837 -0.059055118 -1.641560431,
-0.895573930 -0.059055118 -1.637193281,
-0.893555491 -0.059055118 -1.632719960,
-0.891762537 -0.059055118 -1.628151589,
-0.890199527 -0.059055118 -1.623499525,
-0.888870346 -0.059055118 -1.618775334,
-0.887778298 -0.059055118 -1.613990762,
-0.886926100 -0.059055118 -1.609157703,
-0.886315869 -0.059055118 -1.604288174,
-0.885949122 -0.059055118 -1.599394280,
-1.082677165 0.059055118 -1.594488189,
-0.885949122 0.059055118 -1.599394280,
-0.886315869 0.059055118 -1.604288174,
-0.886926100 0.059055118 -1.609157703,
-0.887778298 0.059055118 -1.613990762,
-0.888870346 0.059055118 -1.618775334,
-0.890199527 0.059055118 -1.623499525,
-0.891762537 0.059055118 -1.628151589,
-0.893555491 0.059055118 -1.632719960,
-0.895573930 0.059055118 -1.637193281,
-0.897812837 0.059055118 -1.641560431,
-0.900266646 0.059055118 -1.645810552,
-0.902929254 0.059055118 -1.649933077,
-0.905794045 0.059055118 -1.653917757,
-0.908853893 0.059055118 -1.657754686,
-0.912101194 0.059055118 -1.661434325,
-0.915527872 0.059055118 -1.664947525,
-0.919125410 0.059055118 -1.668285551,
-0.922884862 0.059055118 -1.671440107,
-0.926796883 0.059055118 -1.674403347,
-0.930851746 0.059055118 -1.677167906,
-0.935039370 0.059055118 -1.679726910,
-0.939349345 0.059055118 -1.682073997,
-0.943770954 0.059055118 -1.684203332,
-0.948293206 0.059055118 -1.686109621,
-0.952904857 0.059055118 -1.687788125,
-0.957594442 0.059055118 -1.689234670,
-0.962350302 0.059055118 -1.690445661,
-0.967160612 0.059055118 -1.691418086,
-0.972013415 0.059055118 -1.692149528,
-0.976896644 0.059055118 -1.692638169,
-0.981798160 0.059055118 -1.692882794,
-0.986705777 0.059055118 -1.692882794,
-0.991607293 0.059055118 -1.692638169,
-0.996490522 0.059055118 -1.692149528,
-1.001343325 0.059055118 -1.691418086,
-1.006153635 0.059055118 -1.690445661,
-1.010909495 0.059055118 -1.689234670,
-1.015599080 0.059055118 -1.687788125,
-1.020210731 0.059055118 -1.686109621,
-1.024732983 0.059055118 -1.684203332,
-1.029154592 0.059055118 -1.682073997,
-1.033464567 0.059055118 -1.679726910,
-1.037652191 0.059055118 -1.677167906,
-1.041707054 0.059055118 -1.674403347,
-1.045619075 0.059055118 -1.671440107,
-1.049378527 0.059055118 -1.668285551,
-1.052976065 0.059055118 -1.664947525,
-1.056402743 0.059055118 -1.661434325,
-1.059650044 0.059055118 -1.657754686,
-1.062709892 0.059055118 -1.653917757,
-1.065574683 0.059055118 -1.649933077,
-1.068237291 0.059055118 -1.645810552,
-1.070691100 0.059055118 -1.641560431,
-1.072930007 0.059055118 -1.637193281,
-1.074948446 0.059055118 -1.632719960,
-1.076741400 0.059055118 -1.628151589,
-1.078304410 0.059055118 -1.623499525,
-1.079633591 0.059055118 -1.618775334,
-1.080725639 0.059055118 -1.613990762,
-1.081577837 0.059055118 -1.609157703,
-1.082188068 0.059055118 -1.604288174,
-1.082554815 0.059055118 -1.599394280,
0.098425197 -0.059055118 -1.594488189,
0.098425197 0.059055118 -1.594488189,
-0.098425197 -0.059055118 -1.594488189,
-0.098302847 -0.059055118 -1.599394280,
-0.097936100 -0.059055118 -1.604288174,
-0.097325869 -0.059055118 -1.609157703,
-0.096473670 -0.059055118 -1.613990762,
-0.095381623 -0.059055118 -1.618775334,
-0.094052442 -0.059055118 -1.623499525,
-0.092489431 -0.059055118 -1.628151589,
-0.090696478 -0.059055118 -1.632719960,
-0.088678038 -0.059055118 -1.637193281,
-0.086439131 -0.059055118 -1.641560431,
-0.083985323 -0.059055118 -1.645810552,
-0.081322714 -0.059055118 -1.649933077,
-0.078457924 -0.059055118 -1.653917757,
-0.075398075 -0.059055118 -1.657754686,
-0.072150775 -0.059055118 -1.661434325,
-0.068724096 -0.059055118 -1.664947525,
-0.065126559 -0.059055118 -1.668285551,
-0.061367106 -0.059055118 -1.671440107,
-0.057455086 -0.059055118 -1.674403347,
-0.053400223 -0.059055118 -1.677167906,
-0.049212598 -0.059055118 -1.679726910,
-0.044902624 -0.059055118 -1.682073997,
-0.040481014 -0.059055118 -1.684203332,
-0.035958762 -0.059055118 -1.686109621,
-0.031347111 -0.059055118 -1.687788125,
-0.026657526 -0.059055118 -1.689234670,
-0.021901667 -0.059055118 -1.690445661,
-0.017091356 -0.059055118 -1.691418086,
-0.012238554 -0.059055118 -1.692149528,
-0.007355324 -0.059055118 -1.692638169,
-0.002453808 -0.059055118 -1.692882794,
0.002453808 -0.059055118 -1.692882794,
0.007355324 -0.059055118 -1.692638169,
0.012238554 -0.059055118 -1.692149528,
0.017091356 -0.059055118 -1.691418086,
0.021901667 -0.059055118 -1.690445661,
0.026657526 -0.059055118 -1.689234670,
0.031347111 -0.059055118 -1.687788125,
0.035958762 -0.059055118 -1.686109621,
0.040481014 -0.059055118 -1.684203332,
0.044902624 -0.059055118 -1.682073997,
0.049212598 -0.059055118 -1.679726910,
0.053400223 -0.059055118 -1.677167906,
0.057455086 -0.059055118 -1.674403347,
0.061367106 -0.059055118 -1.671440107,
0.065126559 -0.059055118 -1.668285551,
0.068724096 -0.059055118 -1.664947525,
0.072150775 -0.059055118 -1.661434325,
0.075398075 -0.059055118 -1.657754686,
0.078457924 -0.059055118 -1.653917757,
0.081322714 -0.059055118 -1.649933077,
0.083985323 -0.059055118 -1.645810552,
0.086439131 -0.059055118 -1.641560431,
0.088678038 -0.059055118 -1.637193281,
0.090696478 -0.059055118 -1.632719960,
0.092489431 -0.059055118 -1.628151589,
0.094052442 -0.059055118 -1.623499525,
0.095381623 -0.059055118 -1.618775334,
0.096473670 -0.059055118 -1.613990762,
0.097325869 -0.059055118 -1.609157703,
0.097936100 -0.059055118 -1.604288174,
0.098302847 -0.059055118 -1.599394280,
-0.098425197 0.059055118 -1.594488189,
0.098302847 0.059055118 -1.599394280,
0.097936100 0.059055118 -1.604288174,
0.097325869 0.059055118 -1.609157703,
0.096473670 0.059055118 -1.613990762,
0.095381623 0.059055118 -1.618775334,
0.094052442 0.059055118 -1.623499525,
0.092489431 0.059055118 -1.628151589,
0.090696478 0.059055118 -1.632719960,
0.088678038 0.059055118 -1.637193281,
0.086439131 0.059055118 -1.641560431,
0.083985323 0.059055118 -1.645810552,
0.081322714 0.059055118 -1.649933077,
0.078457924 0.059055118 -1.653917757,
0.075398075 0.059055118 -1.657754686,
0.072150775 0.059055118 -1.661434325,
0.068724096 0.059055118 -1.664947525,
0.065126559 0.059055118 -1.668285551,
0.061367106 0.059055118 -1.671440107,
0.057455086 0.059055118 -1.674403347,
0.053400223 0.059055118 -1.677167906,
0.049212598 0.059055118 -1.679726910,
0.044902624 0.059055118 -1.682073997,
0.040481014 0.059055118 -1.684203332,
0.035958762 0.059055118 -1.686109621,
0.031347111 0.059055118 -1.687788125,
0.026657526 0.059055118 -1.689234670,
0.021901667 0.059055118 -1.690445661,
0.017091356 0.059055118 -1.691418086,
0.012238554 0.059055118 -1.692149528,
0.007355324 0.059055118 -1.692638169,
0.002453808 0.059055118 -1.692882794,
-0.002453808 0.059055118 -1.692882794,
-0.007355324 0.059055118 -1.692638169,
-0.012238554 0.059055118 -1.692149528,
-0.017091356 0.059055118 -1.691418086,
-0.021901667 0.059055118 -1.690445661,
-0.026657526 0.059055118 -1.689234670,
-0.031347111 0.059055118 -1.687788125,
-0.035958762 0.059055118 -1.686109621,
-0.040481014 0.059055118 -1.684203332,
-0.044902624 0.059055118 -1.682073997,
-0.049212598 0.059055118 -1.679726910,
-0.053400223 0.059055118 -1.677167906,
-0.057455086 0.059055118 -1.674403347,
-0.061367106 0.059055118 -1.671440107,
-0.065126559 0.059055118 -1.668285551,
-0.068724096 0.059055118 -1.664947525,
-0.072150775 0.059055118 -1.661434325,
-0.075398075 0.059055118 -1.657754686,
-0.078457924 0.059055118 -1.653917757,
-0.081322714 0.059055118 -1.649933077,
-0.083985323 0.059055118 -1.645810552,
-0.086439131 0.059055118 -1.641560431,
-0.088678038 0.059055118 -1.637193281,
-0.090696478 0.059055118 -1.632719960,
-0.092489431 0.059055118 -1.628151589,
-0.094052442 0.059055118 -1.623499525,
-0.095381623 0.059055118 -1.618775334,
-0.096473670 0.059055118 -1.613990762,
-0.097325869 0.059055118 -1.609157703,
-0.097936100 0.059055118 -1.604288174,
-0.098302847 0.059055118 -1.599394280,
1.082677165 -0.059055118 -1.594488189,
1.082677165 0.059055118 -1.594488189,
0.885826772 -0.059055118 -1.594488189,
0.885949122 -0.059055118 -1.599394280,
0.886315869 -0.059055118 -1.604288174,
0.886926100 -0.059055118 -1.609157703,
0.887778298 -0.059055118 -1.613990762,
0.888870346 -0.059055118 -1.618775334,
0.890199527 -0.059055118 -1.623499525,
0.891762537 -0.059055118 -1.628151589,
0.893555491 -0.059055118 -1.632719960,
0.895573930 -0.059055118 -1.637193281,
0.897812837 -0.059055118 -1.641560431,
0.900266646 -0.059055118 -1.645810552,
0.902929254 -0.059055118 -1.649933077,
0.905794045 -0.059055118 -1.653917757,
0.908853893 -0.059055118 -1.657754686,
0.912101194 -0.059055118 -1.661434325,
0.915527872 -0.059055118 -1.664947525,
0.919125410 -0.059055118 -1.668285551,
0.922884862 -0.059055118 -1.671440107,
0.926796883 -0.059055118 -1.674403347,
0.930851746 -0.059055118 -1.677167906,
0.935039370 -0.059055118 -1.679726910,
0.939349345 -0.059055118 -1.682073997,
0.943770954 -0.059055118 -1.684203332,
0.948293206 -0.059055118 -1.686109621,
0.952904857 -0.059055118 -1.687788125,
0.957594442 -0.059055118 -1.689234670,
0.962350302 -0.059055118 -1.690445661,
0.967160612 -0.059055118 -1.691418086,
0.972013415 -0.059055118 -1.692149528,
0.976896644 -0.059055118 -1.692638169,
0.981798160 -0.059055118 -1.692882794,
0.986705777 -0.059055118 -1.692882794,
0.991607293 -0.059055118 -1.692638169,
0.996490522 -0.059055118 -1.692149528,
1.001343325 -0.059055118 -1.691418086,
1.006153635 -0.059055118 -1.690445661,
1.010909495 -0.059055118 -1.689234670,
1.015599080 -0.059055118 -1.687788125,
1.020210731 -0.059055118 -1.686109621,
1.024732983 -0.059055118 -1.684203332,
1.029154592 -0.059055118 -1.682073997,
1.033464567 -0.059055118 -1.679726910,
1.037652191 -0.059055118 -1.677167906,
1.041707054 -0.059055118 -1.674403347,
1.045619075 -0.059055118 -1.671440107,
1.049378527 -0.059055118 -1.668285551,
1.052976065 -0.059055118 -1.664947525,
1.056402743 -0.059055118 -1.661434325,
1.059650044 -0.059055118 -1.657754686,
1.062709892 -0.059055118 -1.653917757,
1.065574683 -0.059055118 -1.649933077,
1.068237291 -0.059055118 -1.645810552,
1.070691100 -0.059055118 -1.641560431,
1.072930007 -0.059055118 -1.637193281,
1.074948446 -0.059055118 -1.632719960,
1.076741400 -0.059055118 -1.628151589,
1.078304410 -0.059055118 -1.623499525,
1.079633591 -0.059055118 -1.618775334,
1.080725639 -0.059055118 -1.613990762,
1.081577837 -0.059055118 -1.609157703,
1.082188068 -0.059055118 -1.604288174,
1.082554815 -0.059055118 -1.599394280,
0.885826772 0.059055118 -1.594488189,
1.082554815 0.059055118 -1.599394280,
1.082188068 0.059055118 -1.604288174,
1.081577837 0.059055118 -1.609157703,
1.080725639 0.059055118 -1.613990762,
1.079633591 0.059055118 -1.618775334,
1.078304410 0.059055118 -1.623499525,
1.076741400 0.059055118 -1.628151589,
1.074948446 0.059055118 -1.632719960,
1.072930007 0.059055118 -1.637193281,
1.070691100 0.059055118 -1.641560431,
1.068237291 0.059055118 -1.645810552,
1.065574683 0.059055118 -1.649933077,
1.062709892 0.059055118 -1.653917757,
1.059650044 0.059055118 -1.657754686,
1.056402743 0.059055118 -1.661434325,
1.052976065 0.059055118 -1.664947525,
1.049378527 0.059055118 -1.668285551,
1.045619075 0.059055118 -1.671440107,
1.041707054 0.059055118 -1.674403347,
1.037652191 0.059055118 -1.677167906,
1.033464567 0.059055118 -1.679726910,
1.029154592 0.059055118 -1.682073997,
1.024732983 0.059055118 -1.684203332,
1.020210731 0.059055118 -1.686109621,
1.015599080 0.059055118 -1.687788125,
1.010909495 0.059055118 -1.689234670,
1.006153635 0.059055118 -1.690445661,
1.001343325 0.059055118 -1.691418086,
0.996490522 0.059055118 -1.692149528,
0.991607293 0.059055118 -1.692638169,
0.986705777 0.059055118 -1.692882794,
0.981798160 0.059055118 -1.692882794,
0.976896644 0.059055118 -1.692638169,
0.972013415 0.059055118 -1.692149528,
0.967160612 0.059055118 -1.691418086,
0.962350302 0.059055118 -1.690445661,
0.957594442 0.059055118 -1.689234670,
0.952904857 0.059055118 -1.687788125,
0.948293206 0.059055118 -1.686109621,
0.943770954 0.059055118 -1.684203332,
0.939349345 0.059055118 -1.682073997,
0.935039370 0.059055118 -1.679726910,
0.930851746 0.059055118 -1.677167906,
0.926796883 0.059055118 -1.674403347,
0.922884862 0.059055118 -1.671440107,
0.919125410 0.059055118 -1.668285551,
0.915527872 0.059055118 -1.664947525,
0.912101194 0.059055118 -1.661434325,
0.908853893 0.059055118 -1.657754686,
0.905794045 0.059055118 -1.653917757,
0.902929254 0.059055118 -1.649933077,
0.900266646 0.059055118 -1.645810552,
0.897812837 0.059055118 -1.641560431,
0.895573930 0.059055118 -1.637193281,
0.893555491 0.059055118 -1.632719960,
0.891762537 0.059055118 -1.628151589,
0.890199527 0.059055118 -1.623499525,
0.888870346 0.059055118 -1.618775334,
0.887778298 0.059055118 -1.613990762,
0.886926100 0.059055118 -1.609157703,
0.886315869 0.059055118 -1.604288174,
0.885949122 0.059055118 -1.599394280,
-0.492007874 0.412795276 0.192913386,
-0.321811024 0.412795276 0.192913386,
-0.321811024 0.383825599 0.192913386,
-0.463641732 0.383825599 0.192913386,
-0.463641732 0.185866142 0.192913386,
-0.492007874 0.185866142 0.192913386,
-0.127975731 0.354855922 0.192913386,
-0.132703403 0.369340759 0.192913386,
-0.146886474 0.378997320 0.192913386,
-0.165797244 0.383825599 0.192913386,
-0.208346457 0.383825599 0.192913386,
-0.227257227 0.378997320 0.192913386,
-0.241440298 0.369340759 0.192913386,
-0.250895669 0.354855922 0.192913386,
-0.255623369 0.335542807 0.192913386,
-0.255623369 0.263118617 0.192913386,
-0.250895669 0.243805502 0.192913386,
-0.241440298 0.229320652 0.192913386,
-0.227257227 0.219664094 0.192913386,
-0.208346457 0.214835815 0.192913386,
-0.165797244 0.214835815 0.192913386,
-0.146886474 0.219664094 0.192913386,
-0.132703403 0.229320652 0.192913386,
-0.127975731 0.243805502 0.192913386,
-0.099609589 0.243805502 0.192913386,
-0.104337261 0.219664094 0.192913386,
-0.123248031 0.200350978 0.192913386,
-0.142158802 0.190694421 0.192913386,
-0.165797244 0.185866142 0.192913386,
-0.208346457 0.185866142 0.192913386,
-0.231984899 0.190694421 0.192913386,
-0.250895669 0.200350978 0.192913386,
-0.269806426 0.219664094 0.192913386,
-0.279261811 0.238977209 0.192913386,
-0.283989497 0.263118617 0.192913386,
-0.283989497 0.335542807 0.192913386,
-0.279261811 0.359684201 0.192913386,
-0.269806426 0.378997320 0.192913386,
-0.250895669 0.398310437 0.192913386,
-0.231984899 0.407966996 0.192913386,
-0.208346457 0.412795276 0.192913386,
-0.165797244 0.412795276 0.192913386,
-0.142158802 0.407966996 0.192913386,
-0.123248031 0.398310437 0.192913386,
-0.104337261 0.378997320 0.192913386,
-0.099609589 0.354855922 0.192913386,
-0.033421934 0.383825599 0.192913386,
-0.033421934 0.306573127 0.192913386,
0.089498031 0.306573127 0.192913386,
0.089498031 0.277603454 0.192913386,
-0.033421934 0.277603454 0.192913386,
-0.033421934 0.214835815 0.192913386,
0.108408775 0.214835815 0.192913386,
0.108408775 0.185866142 0.192913386,
-0.061788049 0.185866142 0.192913386,
-0.061788049 0.412795276 0.192913386,
0.108408775 0.412795276 0.192913386,
0.108408775 0.383825599 0.192913386,
0.146230315 0.185866142 0.192913386,
0.146230315 0.412795276 0.192913386,
0.259694882 0.412795276 0.192913386,
0.283333351 0.407966996 0.192913386,
0.302244094 0.398310437 0.192913386,
0.321154838 0.378997320 0.192913386,
0.330610236 0.359684201 0.192913386,
0.335337908 0.335542807 0.192913386,
0.335337908 0.263118617 0.192913386,
0.330610236 0.238977209 0.192913386,
0.321154838 0.219664094 0.192913386,
0.302244094 0.200350978 0.192913386,
0.283333351 0.190694421 0.192913386,
0.259694882 0.185866142 0.192913386,
0.259694882 0.214835815 0.192913386,
0.278605625 0.219664094 0.192913386,
0.292788696 0.229320652 0.192913386,
0.302244094 0.243805502 0.192913386,
0.306971767 0.263118617 0.192913386,
0.306971767 0.335542807 0.192913386,
0.302244094 0.354855922 0.192913386,
0.292788696 0.369340759 0.192913386,
0.278605625 0.378997320 0.192913386,
0.259694882 0.383825599 0.192913386,
0.174596457 0.383825599 0.192913386,
0.174596457 0.214835815 0.192913386,
0.448802530 0.185866142 0.192913386,
0.373159449 0.412795276 0.192913386,
0.401525591 0.412795276 0.192913386,
0.420436388 0.354855922 0.192913386,
0.514990157 0.354855922 0.192913386,
0.533900955 0.412795276 0.192913386,
0.562267096 0.412795276 0.192913386,
0.486624016 0.185866142 0.192913386,
0.510262431 0.335542807 0.192913386,
0.425164006 0.335542807 0.192913386,
0.467713219 0.205179257 0.192913386,
-1.526706629 0.531130270 0.511811024,
-1.526706629 0.531130270 1.417322835,
1.526706629 0.531130270 1.417322835,
1.526706629 0.531130270 0.511811024,
-1.526706629 -0.531130270 0.511811024,
-1.526706629 -0.531130270 1.417322835,
-1.526706629 0.531130270 1.417322835,
-1.526706629 0.531130270 0.511811024,
1.526706629 -0.531130270 0.511811024,
1.526706629 -0.531130270 1.417322835,
-1.526706629 -0.531130270 1.417322835,
-1.526706629 -0.531130270 0.511811024,
1.526706629 0.531130270 0.511811024,
1.526706629 0.531130270 1.417322835,
1.526706629 -0.531130270 1.417322835,
1.526706629 -0.531130270 0.511811024,
0.259694882 0.214835815 0.196850394,
0.259694882 0.214835815 0.192913386,
0.174596457 0.214835815 0.192913386,
0.174596457 0.214835815 0.196850394,
0.174596457 0.214835815 0.196850394,
0.174596457 0.214835815 0.192913386,
0.174596457 0.383825599 0.192913386,
0.174596457 0.383825599 0.196850394,
0.174596457 0.383825599 0.196850394,
0.174596457 0.383825599 0.192913386,
0.259694882 0.383825599 0.192913386,
0.259694882 0.383825599 0.196850394,
0.259694882 0.383825599 0.196850394,
0.259694882 0.383825599 0.192913386,
0.278605625 0.378997320 0.192913386,
0.278605625 0.378997320 0.196850394,
0.278605625 0.378997320 0.196850394,
0.278605625 0.378997320 0.192913386,
0.292788696 0.369340759 0.192913386,
0.292788696 0.369340759 0.196850394,
0.292788696 0.369340759 0.196850394,
0.292788696 0.369340759 0.192913386,
0.302244094 0.354855922 0.192913386,
0.302244094 0.354855922 0.196850394,
0.302244094 0.354855922 0.196850394,
0.302244094 0.354855922 0.192913386,
0.306971767 0.335542807 0.192913386,
0.306971767 0.335542807 0.196850394,
0.306971767 0.335542807 0.196850394,
0.306971767 0.335542807 0.192913386,
0.306971767 0.263118617 0.192913386,
0.306971767 0.263118617 0.196850394,
0.306971767 0.263118617 0.196850394,
0.306971767 0.263118617 0.192913386,
0.302244094 0.243805502 0.192913386,
0.302244094 0.243805502 0.196850394,
0.302244094 0.243805502 0.196850394,
0.302244094 0.243805502 0.192913386,
0.292788696 0.229320652 0.192913386,
0.292788696 0.229320652 0.196850394,
0.292788696 0.229320652 0.196850394,
0.292788696 0.229320652 0.192913386,
0.278605625 0.219664094 0.192913386,
0.278605625 0.219664094 0.196850394,
0.278605625 0.219664094 0.196850394,
0.278605625 0.219664094 0.192913386,
0.259694882 0.214835815 0.192913386,
0.259694882 0.214835815 0.196850394,
0.510262431 0.335542807 0.196850394,
0.510262431 0.335542807 0.192913386,
0.467713219 0.205179257 0.192913386,
0.467713219 0.205179257 0.196850394,
0.467713219 0.205179257 0.196850394,
0.467713219 0.205179257 0.192913386,
0.425164006 0.335542807 0.192913386,
0.425164006 0.335542807 0.196850394,
0.425164006 0.335542807 0.196850394,
0.425164006 0.335542807 0.192913386,
0.510262431 0.335542807 0.192913386,
0.510262431 0.335542807 0.196850394,
-1.526706629 0.531130270 1.417322835,
-1.526706629 -0.531130270 1.417322835,
1.526706629 -0.531130270 1.417322835,
1.526706629 0.531130270 1.417322835,
-0.098425197 -0.295275591 1.417322835,
-0.098425197 0.295275591 1.417322835,
-0.688976378 -0.295275591 1.417322835,
-0.688976378 0.295275591 1.417322835,
0.174596457 0.214835815 0.196850394,
0.259694882 0.214835815 0.196850394,
0.278605625 0.219664094 0.196850394,
0.292788696 0.229320652 0.196850394,
0.302244094 0.243805502 0.196850394,
0.306971767 0.263118617 0.196850394,
0.306971767 0.335542807 0.196850394,
0.302244094 0.354855922 0.196850394,
0.292788696 0.369340759 0.196850394,
0.278605625 0.378997320 0.196850394,
0.259694882 0.383825599 0.196850394,
0.174596457 0.383825599 0.196850394,
0.467713219 0.205179257 0.196850394,
0.510262431 0.335542807 0.196850394,
0.425164006 0.335542807 0.196850394,
-0.688976378 0.295275591 2.362204724,
-0.098425197 0.295275591 2.362204724,
-0.098425197 0.295275591 1.417322835,
-0.688976378 0.295275591 1.417322835,
-0.688976378 0.295275591 1.456692913,
-0.688976378 0.295275591 1.574803150,
-0.688976378 0.295275591 1.417322835,
-0.688976378 0.295275591 1.456692913,
-0.688976378 -0.295275591 1.417322835,
-0.688976378 -0.295275591 1.456692913,
-0.098425197 -0.295275591 2.362204724,
-0.688976378 -0.295275591 2.362204724,
-0.688976378 -0.295275591 1.574803150,
-0.688976378 -0.295275591 1.456692913,
-0.688976378 -0.295275591 1.417322835,
-0.098425197 -0.295275591 1.417322835,
-0.098425197 0.295275591 2.362204724,
-0.098425197 -0.295275591 2.362204724,
-0.098425197 -0.295275591 1.417322835,
-0.098425197 0.295275591 1.417322835,
-0.688976378 0.295275591 2.362204724,
-0.098425197 0.295275591 2.362204724,
-0.688976378 -0.295275591 2.362204724,
-0.098425197 -0.295275591 2.362204724,
-0.688976378 -0.295275591 2.362204724,
-0.688976378 0.295275591 2.362204724,
-0.688976378 0.295275591 1.574803150,
-0.688976378 -0.295275591 1.574803150,
-0.688976378 0.295275591 1.456692913,
-0.688976378 0.295275591 1.574803150,
-0.688976378 0.314960630 1.574803150,
-0.688976378 0.314960630 1.456692913,
-1.528422095 -0.629921260 1.456692913,
1.528422095 -0.629921260 1.456692913,
-1.598425197 -0.561248716 1.456692913,
-1.589357043 -0.567419171 1.456692913,
-1.580572881 -0.573987614 1.456692913,
-1.572090166 -0.580940993 1.456692913,
-1.563925752 -0.588265492 1.456692913,
-1.556095863 -0.595946558 1.456692913,
-1.548616056 -0.603968928 1.456692913,
-1.541501193 -0.612316661 1.456692913,
-1.534765411 -0.620973172 1.456692913,
-1.598425197 0.561248716 1.456692913,
-1.589357043 0.567419171 1.456692913,
-1.580572881 0.573987614 1.456692913,
-1.572090166 0.580940993 1.456692913,
-1.563925752 0.588265492 1.456692913,
-1.556095863 0.595946558 1.456692913,
-1.548616056 0.603968928 1.456692913,
-1.541501193 0.612316661 1.456692913,
-1.534765411 0.620973172 1.456692913,
-1.528422095 0.629921260 1.456692913,
1.528422095 0.629921260 1.456692913,
1.598425197 0.561248716 1.456692913,
1.589357043 0.567419171 1.456692913,
1.580572881 0.573987614 1.456692913,
1.572090166 0.580940993 1.456692913,
1.563925752 0.588265492 1.456692913,
1.556095863 0.595946558 1.456692913,
1.548616056 0.603968928 1.456692913,
1.541501193 0.612316661 1.456692913,
1.534765411 0.620973172 1.456692913,
1.598425197 -0.561248716 1.456692913,
1.589357043 -0.567419171 1.456692913,
1.580572881 -0.573987614 1.456692913,
1.572090166 -0.580940993 1.456692913,
1.563925752 -0.588265492 1.456692913,
1.556095863 -0.595946558 1.456692913,
1.548616056 -0.603968928 1.456692913,
1.541501193 -0.612316661 1.456692913,
1.534765411 -0.620973172 1.456692913,
-0.688976378 0.295275591 1.456692913,
-0.688976378 -0.295275591 1.456692913,
-0.688976378 -0.314960630 1.456692913,
0.688976378 -0.314960630 1.456692913,
0.688976378 0.314960630 1.456692913,
-0.688976378 0.314960630 1.456692913,
-0.688976378 -0.295275591 1.456692913,
-0.688976378 -0.295275591 1.574803150,
-0.688976378 -0.314960630 1.456692913,
-0.688976378 -0.314960630 1.574803150,
1.598425197 0.561248716 1.574803150,
1.598425197 -0.561248716 1.574803150,
1.589357043 0.567419171 1.574803150,
1.580572881 0.573987614 1.574803150,
1.572090166 0.580940993 1.574803150,
1.563925752 0.588265492 1.574803150,
1.556095863 0.595946558 1.574803150,
1.548616056 0.603968928 1.574803150,
1.541501193 0.612316661 1.574803150,
1.534765411 0.620973172 1.574803150,
1.528422095 0.629921260 1.574803150,
-1.528422095 0.629921260 1.574803150,
-1.598425197 0.561248716 1.574803150,
-1.589357043 0.567419171 1.574803150,
-1.580572881 0.573987614 1.574803150,
-1.572090166 0.580940993 1.574803150,
-1.563925752 0.588265492 1.574803150,
-1.556095863 0.595946558 1.574803150,
-1.548616056 0.603968928 1.574803150,
-1.541501193 0.612316661 1.574803150,
-1.534765411 0.620973172 1.574803150,
-1.598425197 -0.561248716 1.574803150,
-1.589357043 -0.567419171 1.574803150,
-1.580572881 -0.573987614 1.574803150,
-1.572090166 -0.580940993 1.574803150,
-1.563925752 -0.588265492 1.574803150,
-1.556095863 -0.595946558 1.574803150,
-1.548616056 -0.603968928 1.574803150,
-1.541501193 -0.612316661 1.574803150,
-1.534765411 -0.620973172 1.574803150,
-1.528422095 -0.629921260 1.574803150,
1.528422095 -0.629921260 1.574803150,
1.589357043 -0.567419171 1.574803150,
1.580572881 -0.573987614 1.574803150,
1.572090166 -0.580940993 1.574803150,
1.563925752 -0.588265492 1.574803150,
1.556095863 -0.595946558 1.574803150,
1.548616056 -0.603968928 1.574803150,
1.541501193 -0.612316661 1.574803150,
1.534765411 -0.620973172 1.574803150,
-0.688976378 0.295275591 1.574803150,
-0.688976378 -0.295275591 1.574803150,
-0.688976378 0.314960630 1.574803150,
0.688976378 0.314960630 1.574803150,
0.688976378 -0.314960630 1.574803150,
-0.688976378 -0.314960630 1.574803150,
0.688976378 0.314960630 1.456692913,
-0.688976378 0.314960630 1.456692913,
-0.688976378 0.314960630 1.574803150,
0.688976378 0.314960630 1.574803150,
1.614173228 -0.551853212 1.493267183,
1.622309335 -0.547596784 1.493735373,
1.630627681 -0.543633780 1.494131615,
1.639116934 -0.539973316 1.494464029,
1.647760616 -0.536625899 1.494740059,
1.656542602 -0.533600501 1.494966703,
1.665447484 -0.530904513 1.495150540,
1.674459768 -0.528544179 1.495297476,
1.683564034 -0.526524894 1.495412879,
1.692745153 -0.524850913 1.495501343,
1.701987919 -0.523525687 1.495566751,
1.711277127 -0.522551838 1.495612206,
1.720599165 -0.521931104 1.495640015,
1.614173228 -0.551853226 1.440944882,
1.614160371 -0.551860242 1.441577463,
1.614121820 -0.551881307 1.442210854,
1.614057603 -0.551916449 1.442843889,
1.613967752 -0.551965694 1.443475403,
1.613852295 -0.552029070 1.444104231,
1.613711263 -0.552106605 1.444729207,
1.613544685 -0.552198325 1.445349167,
1.613352591 -0.552304261 1.445962964,
1.613135030 -0.552424486 1.446569667,
1.612892060 -0.552559098 1.447168472,
1.612623737 -0.552708198 1.447758579,
1.612330119 -0.552871882 1.448339188,
1.612011265 -0.553050251 1.448909499,
1.611667231 -0.553243402 1.449468711,
1.611298079 -0.553451435 1.450016020,
1.610904030 -0.553674386 1.450550436,
1.610485529 -0.553912211 1.451070702,
1.610043042 -0.554164857 1.451575543,
1.609577031 -0.554432273 1.452063684,
1.609087960 -0.554714407 1.452533849,
1.608576293 -0.555011206 1.452984763,
1.608042493 -0.555322619 1.453415151,
1.607487176 -0.555648503 1.453823776,
1.606911476 -0.555988400 1.454209535,
1.606316638 -0.556341785 1.454571354,
1.605703906 -0.556708134 1.454908156,
1.605074525 -0.557086924 1.455218869,
1.604429740 -0.557477628 1.455502417,
1.603770796 -0.557879723 1.455757726,
1.603098917 -0.558292691 1.455983750,
1.602415145 -0.558716060 1.456179724,
1.601720422 -0.559149386 1.456345028,
1.601015689 -0.559592226 1.456479045,
1.600301888 -0.560044135 1.456581158,
1.599579960 -0.560504670 1.456650748,
1.599004588 -0.560874250 1.456682321,
1.598425197 -0.561248716 1.456692913,
1.589357043 -0.567419171 1.456692913,
1.580572881 -0.573987614 1.456692913,
1.572090166 -0.580940993 1.456692913,
1.563925752 -0.588265492 1.456692913,
1.556095863 -0.595946558 1.456692913,
1.548616056 -0.603968928 1.456692913,
1.541501193 -0.612316661 1.456692913,
1.534765411 -0.620973172 1.456692913,
1.528422095 -0.629921260 1.456692913,
1.527637230 -0.631089615 1.456658539,
1.526938073 -0.632142664 1.456567914,
1.526315447 -0.633090421 1.456436953,
1.525699766 -0.634037111 1.456258269,
1.525091699 -0.634981660 1.456030984,
1.524492541 -0.635921818 1.455754803,
1.523904386 -0.636853830 1.455430171,
1.523329382 -0.637773846 1.455057581,
1.522769674 -0.638678015 1.454637526,
1.522227385 -0.639562514 1.454170507,
1.521704019 -0.640424309 1.453657275,
1.521200411 -0.641261213 1.453098847,
1.520717358 -0.642071085 1.452496254,
1.520300848 -0.642775087 1.451917011,
1.519941261 -0.643387195 1.451366441,
1.519596533 -0.643977831 1.450788637,
1.519266959 -0.644546055 1.450183907,
1.518952825 -0.645090934 1.449552546,
1.518654418 -0.645611540 1.448894846,
1.518372024 -0.646106941 1.448211102,
1.518105929 -0.646576207 1.447501606,
1.517856521 -0.647018232 1.446766477,
1.517624410 -0.647431526 1.446005443,
1.517410238 -0.647814546 1.445218180,
1.517233350 -0.648132103 1.444486951,
1.517087405 -0.648394940 1.443810260,
1.516954368 -0.648635170 1.443115785,
1.516834591 -0.648851959 1.442403391,
1.516728594 -0.649044203 1.441673652,
1.516637055 -0.649210552 1.440927794,
1.516560657 -0.649349647 1.440167064,
1.516500085 -0.649460128 1.439392711,
1.516456022 -0.649540637 1.438605981,
1.516429234 -0.649589660 1.437811825,
1.516420156 -0.649606299 1.437007874,
1.516420140 -0.649606299 1.493267176,
1.486569153 -0.754621616 1.495636871,
1.487232684 -0.745420595 1.495606997,
1.488240289 -0.736253546 1.495559665,
1.489590217 -0.727133573 1.495492537,
1.491279845 -0.718075357 1.495402541,
1.493305763 -0.709093549 1.495285856,
1.495663803 -0.700202702 1.495137993,
1.498348658 -0.691417765 1.494953735,
1.501354219 -0.682753725 1.494727357,
1.504673345 -0.674225307 1.494452500,
1.508297316 -0.665848067 1.494122405,
1.512215859 -0.657638093 1.493729897,
1.486742720 -0.751700567 1.501481093,
1.486969631 -0.748543333 1.507116003,
1.487256017 -0.745174632 1.512527560,
1.487608020 -0.741619123 1.517701782,
1.488033113 -0.737891567 1.522634565,
1.488541587 -0.733985820 1.527342665,
1.489144089 -0.729893079 1.531845491,
1.489851249 -0.725604868 1.536161972,
1.490673051 -0.721122810 1.540296053,
1.491618727 -0.716460376 1.544234115,
1.492697466 -0.711631711 1.547961538,
1.493918270 -0.706651156 1.551464102,
1.495287887 -0.701535431 1.554732368,
1.496811584 -0.696302820 1.557760050,
1.498494601 -0.690971634 1.560540917,
1.500341351 -0.685560849 1.563069307,
1.502351467 -0.680093272 1.565342846,
1.504522872 -0.674593088 1.567360339,
1.506853482 -0.669084480 1.569120594,
1.509338991 -0.663591752 1.570624686,
1.511968443 -0.658139556 1.571880474,
1.514729646 -0.652752611 1.572897078,
1.517610454 -0.647455498 1.573683645,
1.520602032 -0.642263477 1.574251131,
1.523700895 -0.637176729 1.574613414,
1.526034174 -0.633521376 1.574756639,
1.528422095 -0.629921260 1.574803150,
1.598425197 -0.561248716 1.574803150,
1.589357043 -0.567419171 1.574803150,
1.580572881 -0.573987614 1.574803150,
1.572090166 -0.580940993 1.574803150,
1.563925752 -0.588265492 1.574803150,
1.556095863 -0.595946558 1.574803150,
1.548616056 -0.603968928 1.574803150,
1.541501193 -0.612316661 1.574803150,
1.534765411 -0.620973172 1.574803150,
1.604426838 -0.557478167 1.574670552,
1.609978624 -0.554199731 1.574306979,
1.615103164 -0.551345850 1.573761724,
1.620353107 -0.548587119 1.572992405,
1.625711107 -0.545934405 1.571987335,
1.631141884 -0.543404829 1.570739180,
1.636609603 -0.541015708 1.569240741,
1.642079636 -0.538782913 1.567485553,
1.647526633 -0.536711208 1.565472806,
1.652929549 -0.534800213 1.563204308,
1.657737108 -0.533217383 1.560945500,
1.662006260 -0.531903298 1.558738239,
1.666209889 -0.530691607 1.556369642,
1.670337699 -0.529579480 1.553844307,
1.674379393 -0.528564091 1.551166828,
1.678324685 -0.527642607 1.548341804,
1.682164998 -0.526811464 1.545373984,
1.685895336 -0.526065570 1.542268445,
1.689511153 -0.525399640 1.539030299,
1.693007905 -0.524808388 1.535664662,
1.696381227 -0.524286536 1.532176283,
1.699629992 -0.523828942 1.528563366,
1.702755861 -0.523430578 1.524818482,
1.705760585 -0.523086420 1.520934016,
1.708645917 -0.522791447 1.516902353,
1.711412006 -0.522540816 1.512717612,
1.714050124 -0.522330708 1.508383529,
1.716548477 -0.522157648 1.503907158,
1.718637523 -0.522032384 1.499824298,
1.614173228 -0.551853226 1.440944882,
1.614160371 -0.551860242 1.441577463,
1.614121820 -0.551881307 1.442210854,
1.614057603 -0.551916449 1.442843889,
1.613967752 -0.551965694 1.443475403,
1.613852295 -0.552029070 1.444104231,
1.613711263 -0.552106605 1.444729207,
1.613544685 -0.552198325 1.445349167,
1.613352591 -0.552304261 1.445962964,
1.613135030 -0.552424486 1.446569667,
1.612892060 -0.552559098 1.447168472,
1.612623737 -0.552708198 1.447758579,
1.612330119 -0.552871882 1.448339188,
1.612011265 -0.553050251 1.448909499,
1.611667231 -0.553243402 1.449468711,
1.611298079 -0.553451435 1.450016020,
1.610904030 -0.553674386 1.450550436,
1.610485529 -0.553912211 1.451070702,
1.610043042 -0.554164857 1.451575543,
1.609577031 -0.554432273 1.452063684,
1.609087960 -0.554714407 1.452533849,
1.608576293 -0.555011206 1.452984763,
1.608042493 -0.555322619 1.453415151,
1.607487176 -0.555648503 1.453823776,
1.606911476 -0.555988400 1.454209535,
1.606316638 -0.556341785 1.454571354,
1.605703906 -0.556708134 1.454908156,
1.605074525 -0.557086924 1.455218869,
1.604429740 -0.557477628 1.455502417,
1.603770796 -0.557879723 1.455757726,
1.603098917 -0.558292691 1.455983750,
1.602415145 -0.558716060 1.456179724,
1.601720422 -0.559149386 1.456345028,
1.601015689 -0.559592226 1.456479045,
1.600301888 -0.560044135 1.456581158,
1.599579960 -0.560504670 1.456650748,
1.599004588 -0.560874250 1.456682321,
1.598425197 -0.561248716 1.456692913,
1.614173228 0.551853226 1.440944882,
1.598425197 0.561248716 1.456692913,
1.599330996 0.560664335 1.456667094,
1.600225605 0.560092714 1.456590451,
1.601107247 0.559534652 1.456464210,
1.601974143 0.558990948 1.456289596,
1.602824517 0.558462401 1.456067833,
1.603656592 0.557949808 1.455800145,
1.604388344 0.557502776 1.455520973,
1.605031945 0.557112530 1.455239505,
1.605660337 0.556734158 1.454930329,
1.606272476 0.556368049 1.454594667,
1.606867315 0.556014593 1.454233763,
1.607443805 0.555674179 1.453848862,
1.608000899 0.555347196 1.453441209,
1.608537549 0.555034032 1.453012048,
1.609052707 0.554735078 1.452562624,
1.609545326 0.554450722 1.452094183,
1.610014359 0.554181352 1.451607969,
1.610459038 0.553927209 1.451105143,
1.610879165 0.553688233 1.450586702,
1.611274613 0.553464325 1.450053619,
1.611645254 0.553255387 1.449506869,
1.611990962 0.553061319 1.448947425,
1.612311608 0.552882025 1.448376262,
1.612607066 0.552717406 1.447794354,
1.612877209 0.552567362 1.447202675,
1.613121909 0.552431796 1.446602199,
1.613341064 0.552310620 1.445993935,
1.613534652 0.552203780 1.445379002,
1.613702663 0.552111227 1.444758538,
1.613845090 0.552032913 1.444133682,
1.613961924 0.551968791 1.443505574,
1.614053159 0.551918812 1.442875352,
1.614118785 0.551882928 1.442244156,
1.614158795 0.551861091 1.441613125,
1.614169620 0.551855191 1.441278735,
1.720599165 0.521931104 1.495640015,
1.711276980 0.522551851 1.495612206,
1.701987647 0.523525720 1.495566749,
1.692744774 0.524850974 1.495501339,
1.683563530 0.526524995 1.495412873,
1.674459103 0.528544339 1.495297466,
1.665446626 0.530904757 1.495150523,
1.656541612 0.533600820 1.494966679,
1.647759611 0.536626264 1.494740031,
1.639115918 0.539973734 1.494463997,
1.630626702 0.543634225 1.494131578,
1.622308689 0.547597104 1.493735335,
1.614173228 0.551853211 1.493267178,
1.717817121 0.522079461 1.501469129,
1.714793124 0.522276619 1.507093433,
1.711549994 0.522529140 1.512499677,
1.708110501 0.522843588 1.517674670,
1.704489635 0.523227386 1.522613641,
1.700686339 0.523689728 1.527329183,
1.696697581 0.524240029 1.531836031,
1.692520508 0.524887708 1.536148542,
1.688157435 0.525642421 1.540270283,
1.683616467 0.526514086 1.544192744,
1.678906013 0.527512635 1.547906775,
1.674035057 0.528647756 1.551403261,
1.669018845 0.529926488 1.554673495,
1.663876465 0.531354240 1.557709017,
1.659156273 0.532771082 1.560233318,
1.654845597 0.534156219 1.562331953,
1.650486986 0.535646672 1.564264255,
1.646091650 0.537242668 1.566029215,
1.641670806 0.538944433 1.567625836,
1.637235667 0.540752187 1.569053117,
1.632799265 0.542663986 1.570311167,
1.628379815 0.544671683 1.571403252,
1.623996455 0.546766032 1.572333201,
1.619668322 0.548937788 1.573104841,
1.615414204 0.551177827 1.573722086,
1.611242974 0.553480485 1.574191254,
1.607152408 0.555843975 1.574521353,
1.603139695 0.558266714 1.574721536,
1.600769253 0.559747515 1.574783075,
1.598425197 0.561248716 1.574803150,
1.589357043 0.567419171 1.574803150,
1.580572881 0.573987614 1.574803150,
1.572090166 0.580940993 1.574803150,
1.563925752 0.588265492 1.574803150,
1.556095863 0.595946558 1.574803150,
1.548616056 0.603968928 1.574803150,
1.541501193 0.612316661 1.574803150,
1.534765411 0.620973172 1.574803150,
1.528422095 0.629921260 1.574803150,
1.524499077 0.635910151 1.574674140,
1.520725333 0.642055516 1.574269803,
1.517461099 0.647722596 1.573649036,
1.514634347 0.652933465 1.572866382,
1.511922102 0.658233108 1.571860674,
1.509336523 0.663597255 1.570623166,
1.506889799 0.669001557 1.569145129,
1.504592901 0.674421819 1.567419011,
1.502450114 0.679834676 1.565443744,
1.500463424 0.685217045 1.563220480,
1.498634821 0.690545849 1.560750375,
1.496964945 0.695799084 1.558035526,
1.495449806 0.700958455 1.555081260,
1.494084422 0.706006459 1.551893600,
1.492863806 0.710925601 1.548478580,
1.491781875 0.715699643 1.544844381,
1.490830154 0.720315089 1.541003878,
1.489999850 0.724758805 1.536970567,
1.489282163 0.729017828 1.532757688,
1.488667791 0.733087422 1.528366145,
1.488146716 0.736974591 1.523779241,
1.487708868 0.740687240 1.518978926,
1.487344273 0.744232538 1.513947893,
1.487045019 0.747602249 1.508684246,
1.486805140 0.750773574 1.503200674,
1.486676313 0.752749410 1.499462000,
1.486569153 0.754621616 1.495636871,
1.516420141 0.649606299 1.493267183,
1.512215526 0.657638764 1.493729937,
1.508296864 0.665849055 1.494122442,
1.504672941 0.674226283 1.494452531,
1.501353882 0.682754652 1.494727384,
1.498348365 0.691418664 1.494953757,
1.495663581 0.700203473 1.495138009,
1.493305619 0.709094138 1.495285866,
1.491279754 0.718075798 1.495402546,
1.489590162 0.727133906 1.495492541,
1.488240258 0.736253789 1.495559666,
1.487232672 0.745420729 1.495606997,
1.516420156 0.649606299 1.437007874,
1.516427433 0.649592961 1.437727306,
1.516448933 0.649553604 1.438438846,
1.516484158 0.649489216 1.439141606,
1.516532609 0.649400784 1.439834696,
1.516593788 0.649289297 1.440517226,
1.516667197 0.649155742 1.441188308,
1.516752337 0.649001107 1.441847052,
1.516848711 0.648826379 1.442492569,
1.516955826 0.648632535 1.443123996,
1.517073323 0.648420340 1.443741001,
1.517200969 0.648190358 1.444343745,
1.517338532 0.647943147 1.444932409,
1.517485784 0.647679266 1.445507174,
1.517642492 0.647399271 1.446068221,
1.517808429 0.647103720 1.446615730,
1.517983363 0.646793171 1.447149881,
1.518167064 0.646468182 1.447670856,
1.518359330 0.646129263 1.448178777,
1.518560056 0.645776761 1.448673568,
1.518769155 0.645410989 1.449155114,
1.518986542 0.645032259 1.449623298,
1.519212131 0.644640886 1.450078002,
1.519445836 0.644237182 1.450519109,
1.519687572 0.643821460 1.450946504,
1.519937252 0.643394033 1.451360069,
1.520194788 0.642955220 1.451759684,
1.520460032 0.642505430 1.452145159,
1.520732793 0.642045144 1.452516254,
1.521012876 0.641574846 1.452872723,
1.521300089 0.641095021 1.453214324,
1.521594237 0.640606152 1.453540813,
1.521895127 0.640108723 1.453851945,
1.522202565 0.639603218 1.454147476,
1.522516357 0.639090121 1.454427164,
1.522836260 0.638569973 1.454690803,
1.523271633 0.637866705 1.455017205,
1.523772379 0.637064229 1.455349904,
1.524283384 0.636252189 1.455645844,
1.524803261 0.635433075 1.455904788,
1.525330619 0.634609378 1.456126499,
1.525864219 0.633783313 1.456310870,
1.526403440 0.632955912 1.456458343,
1.526947830 0.632127898 1.456569508,
1.527496934 0.631299994 1.456644952,
1.527958164 0.630610128 1.456680980,
1.528422095 0.629921260 1.456692913,
1.598425197 0.561248716 1.456692913,
1.589357043 0.567419171 1.456692913,
1.580572881 0.573987614 1.456692913,
1.572090166 0.580940993 1.456692913,
1.563925752 0.588265492 1.456692913,
1.556095863 0.595946558 1.456692913,
1.548616056 0.603968928 1.456692913,
1.541501193 0.612316661 1.456692913,
1.534765411 0.620973172 1.456692913,
1.599330996 0.560664335 1.456667094,
1.600225605 0.560092714 1.456590451,
1.601107247 0.559534652 1.456464210,
1.601974143 0.558990948 1.456289596,
1.602824517 0.558462401 1.456067833,
1.603656592 0.557949808 1.455800145,
1.604388344 0.557502776 1.455520973,
1.605031945 0.557112530 1.455239505,
1.605660337 0.556734158 1.454930329,
1.606272476 0.556368049 1.454594667,
1.606867315 0.556014593 1.454233763,
1.607443805 0.555674179 1.453848862,
1.608000899 0.555347196 1.453441209,
1.608537549 0.555034032 1.453012048,
1.609052707 0.554735078 1.452562624,
1.609545326 0.554450722 1.452094183,
1.610014359 0.554181352 1.451607969,
1.610459038 0.553927209 1.451105143,
1.610879165 0.553688233 1.450586702,
1.611274613 0.553464325 1.450053619,
1.611645254 0.553255387 1.449506869,
1.611990962 0.553061319 1.448947425,
1.612311608 0.552882025 1.448376262,
1.612607066 0.552717406 1.447794354,
1.612877209 0.552567362 1.447202675,
1.613121909 0.552431796 1.446602199,
1.613341064 0.552310620 1.445993935,
1.613534652 0.552203780 1.445379002,
1.613702663 0.552111227 1.444758538,
1.613845090 0.552032913 1.444133682,
1.613961924 0.551968791 1.443505574,
1.614053159 0.551918812 1.442875352,
1.614118785 0.551882928 1.442244156,
1.614158795 0.551861091 1.441613125,
1.614169620 0.551855191 1.441278735,
1.614173228 0.551853226 1.440944882,
1.516420156 0.649606299 1.437007874,
1.516427433 0.649592961 1.437727306,
1.516448933 0.649553604 1.438438846,
1.516484158 0.649489216 1.439141606,
1.516532609 0.649400784 1.439834696,
1.516593788 0.649289297 1.440517226,
1.516667197 0.649155742 1.441188308,
1.516752337 0.649001107 1.441847052,
1.516848711 0.648826379 1.442492569,
1.516955826 0.648632535 1.443123996,
1.517073323 0.648420340 1.443741001,
1.517200969 0.648190358 1.444343745,
1.517338532 0.647943147 1.444932409,
1.517485784 0.647679266 1.445507174,
1.517642492 0.647399271 1.446068221,
1.517808429 0.647103720 1.446615730,
1.517983363 0.646793171 1.447149881,
1.518167064 0.646468182 1.447670856,
1.518359330 0.646129263 1.448178777,
1.518560056 0.645776761 1.448673568,
1.518769155 0.645410989 1.449155114,
1.518986542 0.645032259 1.449623298,
1.519212131 0.644640886 1.450078002,
1.519445836 0.644237182 1.450519109,
1.519687572 0.643821460 1.450946504,
1.519937252 0.643394033 1.451360069,
1.520194788 0.642955220 1.451759684,
1.520460032 0.642505430 1.452145159,
1.520732793 0.642045144 1.452516254,
1.521012876 0.641574846 1.452872723,
1.521300089 0.641095021 1.453214324,
1.521594237 0.640606152 1.453540813,
1.521895127 0.640108723 1.453851945,
1.522202565 0.639603218 1.454147476,
1.522516357 0.639090121 1.454427164,
1.522836260 0.638569973 1.454690803,
1.523271633 0.637866705 1.455017205,
1.523772379 0.637064229 1.455349904,
1.524283384 0.636252189 1.455645844,
1.524803261 0.635433075 1.455904788,
1.525330619 0.634609378 1.456126499,
1.525864219 0.633783313 1.456310870,
1.526403440 0.632955912 1.456458343,
1.526947830 0.632127898 1.456569508,
1.527496934 0.631299994 1.456644952,
1.527958164 0.630610128 1.456680980,
1.528422095 0.629921260 1.456692913,
-1.516420156 0.649606299 1.437007874,
-1.528422095 0.629921260 1.456692913,
-1.527635653 0.631091979 1.456658389,
-1.526934957 0.632147387 1.456567352,
-1.526310865 0.633097435 1.456435776,
-1.525693654 0.634046560 1.456256226,
-1.525084004 0.634993671 1.456027806,
-1.524483224 0.635936502 1.455750183,
-1.523893421 0.636871281 1.455423734,
-1.523316755 0.637794140 1.455048885,
-1.522755383 0.638701212 1.454626062,
-1.522211446 0.639588653 1.454155705,
-1.521686528 0.640453282 1.453638674,
-1.521181618 0.641292632 1.453076279,
-1.520697673 0.642104276 1.452469856,
-1.520280840 0.642809059 1.451887532,
-1.519921448 0.643421031 1.451334676,
-1.519577406 0.644010683 1.450755172,
-1.519248931 0.644577196 1.450149381,
-1.518936224 0.645119779 1.449517641,
-1.518639485 0.645637641 1.448860289,
-1.518358915 0.646129991 1.448177663,
-1.518094714 0.646596039 1.447470100,
-1.517847195 0.647034808 1.446737687,
-1.517616913 0.647444912 1.445979949,
-1.517404457 0.647824907 1.445196338,
-1.517228976 0.648139969 1.444468515,
-1.517084151 0.648400806 1.443794845,
-1.516952070 0.648639325 1.443103225,
-1.516833056 0.648854743 1.442393404,
-1.516727631 0.649045956 1.441665911,
-1.516636501 0.649211567 1.440921991,
-1.516560377 0.649350166 1.440162913,
-1.516499969 0.649460347 1.439389944,
-1.516455988 0.649540701 1.438604355,
-1.516429231 0.649589668 1.437811112,
-1.614173228 0.551853212 1.493267185,
-1.622309341 0.547596781 1.493735375,
-1.630627689 0.543633776 1.494131615,
-1.639116943 0.539973312 1.494464029,
-1.647760624 0.536625896 1.494740059,
-1.656542609 0.533600499 1.494966703,
-1.665447489 0.530904511 1.495150540,
-1.674459772 0.528544178 1.495297477,
-1.683564036 0.526524894 1.495412879,
-1.692745155 0.524850912 1.495501343,
-1.701987920 0.523525687 1.495566751,
-1.711277128 0.522551838 1.495612206,
-1.720599165 0.521931104 1.495640015,
-1.614173228 0.551853226 1.440944882,
-1.614160371 0.551860242 1.441577463,
-1.614121820 0.551881307 1.442210854,
-1.614057603 0.551916449 1.442843889,
-1.613967752 0.551965694 1.443475403,
-1.613852295 0.552029070 1.444104231,
-1.613711263 0.552106605 1.444729207,
-1.613544685 0.552198325 1.445349167,
-1.613352591 0.552304261 1.445962964,
-1.613135030 0.552424486 1.446569667,
-1.612892060 0.552559098 1.447168472,
-1.612623737 0.552708198 1.447758579,
-1.612330119 0.552871882 1.448339188,
-1.612011265 0.553050251 1.448909499,
-1.611667231 0.553243402 1.449468711,
-1.611298079 0.553451435 1.450016020,
-1.610904030 0.553674386 1.450550436,
-1.610485529 0.553912211 1.451070702,
-1.610043042 0.554164857 1.451575543,
-1.609577031 0.554432273 1.452063684,
-1.609087960 0.554714407 1.452533849,
-1.608576293 0.555011206 1.452984763,
-1.608042493 0.555322619 1.453415151,
-1.607487176 0.555648503 1.453823776,
-1.606911476 0.555988400 1.454209535,
-1.606316638 0.556341785 1.454571354,
-1.605703906 0.556708134 1.454908156,
-1.605074525 0.557086924 1.455218869,
-1.604429740 0.557477628 1.455502417,
-1.603770796 0.557879723 1.455757726,
-1.603098917 0.558292691 1.455983750,
-1.602415145 0.558716060 1.456179724,
-1.601720422 0.559149386 1.456345028,
-1.601015689 0.559592226 1.456479045,
-1.600301888 0.560044135 1.456581158,
-1.599579960 0.560504670 1.456650748,
-1.599004588 0.560874250 1.456682321,
-1.598425197 0.561248716 1.456692913,
-1.589357043 0.567419171 1.456692913,
-1.580572881 0.573987614 1.456692913,
-1.572090166 0.580940993 1.456692913,
-1.563925752 0.588265492 1.456692913,
-1.556095863 0.595946558 1.456692913,
-1.548616056 0.603968928 1.456692913,
-1.541501193 0.612316661 1.456692913,
-1.534765411 0.620973172 1.456692913,
-1.528422095 0.629921260 1.456692913,
-1.527635653 0.631091979 1.456658389,
-1.526934957 0.632147387 1.456567352,
-1.526310865 0.633097435 1.456435776,
-1.525693654 0.634046560 1.456256226,
-1.525084004 0.634993671 1.456027806,
-1.524483224 0.635936502 1.455750183,
-1.523893421 0.636871281 1.455423734,
-1.523316755 0.637794140 1.455048885,
-1.522755383 0.638701212 1.454626062,
-1.522211446 0.639588653 1.454155705,
-1.521686528 0.640453282 1.453638674,
-1.521181618 0.641292632 1.453076279,
-1.520697673 0.642104276 1.452469856,
-1.520280840 0.642809059 1.451887532,
-1.519921448 0.643421031 1.451334676,
-1.519577406 0.644010683 1.450755172,
-1.519248931 0.644577196 1.450149381,
-1.518936224 0.645119779 1.449517641,
-1.518639485 0.645637641 1.448860289,
-1.518358915 0.646129991 1.448177663,
-1.518094714 0.646596039 1.447470100,
-1.517847195 0.647034808 1.446737687,
-1.517616913 0.647444912 1.445979949,
-1.517404457 0.647824907 1.445196338,
-1.517228976 0.648139969 1.444468515,
-1.517084151 0.648400806 1.443794845,
-1.516952070 0.648639325 1.443103225,
-1.516833056 0.648854743 1.442393404,
-1.516727631 0.649045956 1.441665911,
-1.516636501 0.649211567 1.440921991,
-1.516560377 0.649350166 1.440162913,
-1.516499969 0.649460347 1.439389944,
-1.516455988 0.649540701 1.438604355,
-1.516429231 0.649589668 1.437811112,
-1.516420156 0.649606299 1.437007874,
-1.516420140 0.649606299 1.493267176,
-1.486569153 0.754621616 1.495636871,
-1.487232684 0.745420599 1.495606997,
-1.488240289 0.736253552 1.495559665,
-1.489590216 0.727133580 1.495492538,
-1.491279843 0.718075366 1.495402541,
-1.493305761 0.709093558 1.495285856,
-1.495663801 0.700202710 1.495137993,
-1.498348656 0.691417770 1.494953735,
-1.501354218 0.682753729 1.494727358,
-1.504673345 0.674225309 1.494452500,
-1.508297315 0.665848068 1.494122405,
-1.512215859 0.657638093 1.493729897,
-1.486742770 0.751699526 1.501483136,
-1.486969862 0.748539872 1.507122045,
-1.487256690 0.745166955 1.512539472,
-1.487609520 0.741605015 1.517721359,
-1.488035973 0.737868384 1.522663565,
-1.488546453 0.733951035 1.527382339,
-1.489151706 0.729844438 1.531896436,
-1.489862453 0.725540424 1.536224074,
-1.490688781 0.721041105 1.540368296,
-1.491640067 0.716360032 1.544315254,
-1.492725649 0.711511358 1.548050209,
-1.493954646 0.706509485 1.551558873,
-1.495333780 0.701371502 1.554831776,
-1.496868314 0.696116133 1.557862383,
-1.498563493 0.690762125 1.560644201,
-1.500423613 0.685328956 1.563171422,
-1.502448126 0.679839856 1.565441748,
-1.504634934 0.674319251 1.567454004,
-1.506981932 0.668791571 1.569207020,
-1.509484331 0.663281572 1.570702229,
-1.512130374 0.657814858 1.571947811,
-1.514907191 0.652417171 1.572953026,
-1.517801998 0.647114011 1.573727183,
-1.520805919 0.641919951 1.574281724,
-1.523915482 0.636834461 1.574631045,
-1.526144381 0.633352149 1.574760949,
-1.528422095 0.629921260 1.574803150,
-1.598425197 0.561248716 1.574803150,
-1.589357043 0.567419171 1.574803150,
-1.580572881 0.573987614 1.574803150,
-1.572090166 0.580940993 1.574803150,
-1.563925752 0.588265492 1.574803150,
-1.556095863 0.595946558 1.574803150,
-1.548616056 0.603968928 1.574803150,
-1.541501193 0.612316661 1.574803150,
-1.534765411 0.620973172 1.574803150,
-1.604426838 0.557478167 1.574670552,
-1.609978624 0.554199731 1.574306979,
-1.615103164 0.551345850 1.573761724,
-1.620353107 0.548587119 1.572992405,
-1.625711107 0.545934405 1.571987335,
-1.631141884 0.543404829 1.570739180,
-1.636609603 0.541015708 1.569240741,
-1.642079636 0.538782913 1.567485553,
-1.647526633 0.536711208 1.565472806,
-1.652929549 0.534800213 1.563204308,
-1.657737108 0.533217383 1.560945500,
-1.662006260 0.531903298 1.558738239,
-1.666209889 0.530691607 1.556369642,
-1.670337699 0.529579480 1.553844307,
-1.674379393 0.528564091 1.551166828,
-1.678324685 0.527642607 1.548341804,
-1.682164998 0.526811464 1.545373984,
-1.685895336 0.526065570 1.542268445,
-1.689511153 0.525399640 1.539030299,
-1.693007905 0.524808388 1.535664662,
-1.696381227 0.524286536 1.532176283,
-1.699629992 0.523828942 1.528563366,
-1.702755861 0.523430578 1.524818482,
-1.705760585 0.523086420 1.520934016,
-1.708645917 0.522791447 1.516902353,
-1.711412006 0.522540816 1.512717612,
-1.714050124 0.522330708 1.508383529,
-1.716548477 0.522157648 1.503907158,
-1.718637523 0.522032384 1.499824298,
-1.598425197 -0.561248716 1.456692913,
-1.599330996 -0.560664335 1.456667094,
-1.600225605 -0.560092714 1.456590451,
-1.601107247 -0.559534652 1.456464210,
-1.601974143 -0.558990948 1.456289596,
-1.602824517 -0.558462401 1.456067833,
-1.603656592 -0.557949808 1.455800145,
-1.604388344 -0.557502776 1.455520973,
-1.605031945 -0.557112530 1.455239505,
-1.605660337 -0.556734158 1.454930329,
-1.606272476 -0.556368049 1.454594667,
-1.606867315 -0.556014593 1.454233763,
-1.607443805 -0.555674179 1.453848862,
-1.608000899 -0.555347196 1.453441209,
-1.608537549 -0.555034032 1.453012048,
-1.609052707 -0.554735078 1.452562624,
-1.609545326 -0.554450722 1.452094183,
-1.610014359 -0.554181352 1.451607969,
-1.610459038 -0.553927209 1.451105143,
-1.610879165 -0.553688233 1.450586702,
-1.611274613 -0.553464325 1.450053619,
-1.611645254 -0.553255387 1.449506869,
-1.611990962 -0.553061319 1.448947425,
-1.612311608 -0.552882025 1.448376262,
-1.612607066 -0.552717406 1.447794354,
-1.612877209 -0.552567362 1.447202675,
-1.613121909 -0.552431796 1.446602199,
-1.613341064 -0.552310620 1.445993935,
-1.613534652 -0.552203780 1.445379002,
-1.613702663 -0.552111227 1.444758538,
-1.613845090 -0.552032913 1.444133682,
-1.613961924 -0.551968791 1.443505574,
-1.614053159 -0.551918812 1.442875352,
-1.614118785 -0.551882928 1.442244156,
-1.614158795 -0.551861091 1.441613125,
-1.614169620 -0.551855191 1.441278735,
-1.614173228 -0.551853226 1.440944882,
-1.598425197 0.561248716 1.456692913,
-1.614173228 0.551853226 1.440944882,
-1.614160371 0.551860242 1.441577463,
-1.614121820 0.551881307 1.442210854,
-1.614057603 0.551916449 1.442843889,
-1.613967752 0.551965694 1.443475403,
-1.613852295 0.552029070 1.444104231,
-1.613711263 0.552106605 1.444729207,
-1.613544685 0.552198325 1.445349167,
-1.613352591 0.552304261 1.445962964,
-1.613135030 0.552424486 1.446569667,
-1.612892060 0.552559098 1.447168472,
-1.612623737 0.552708198 1.447758579,
-1.612330119 0.552871882 1.448339188,
-1.612011265 0.553050251 1.448909499,
-1.611667231 0.553243402 1.449468711,
-1.611298079 0.553451435 1.450016020,
-1.610904030 0.553674386 1.450550436,
-1.610485529 0.553912211 1.451070702,
-1.610043042 0.554164857 1.451575543,
-1.609577031 0.554432273 1.452063684,
-1.609087960 0.554714407 1.452533849,
-1.608576293 0.555011206 1.452984763,
-1.608042493 0.555322619 1.453415151,
-1.607487176 0.555648503 1.453823776,
-1.606911476 0.555988400 1.454209535,
-1.606316638 0.556341785 1.454571354,
-1.605703906 0.556708134 1.454908156,
-1.605074525 0.557086924 1.455218869,
-1.604429740 0.557477628 1.455502417,
-1.603770796 0.557879723 1.455757726,
-1.603098917 0.558292691 1.455983750,
-1.602415145 0.558716060 1.456179724,
-1.601720422 0.559149386 1.456345028,
-1.601015689 0.559592226 1.456479045,
-1.600301888 0.560044135 1.456581158,
-1.599579960 0.560504670 1.456650748,
-1.599004588 0.560874250 1.456682321,
-1.720599165 -0.521931104 1.495640015,
-1.711276982 -0.522551850 1.495612206,
-1.701987651 -0.523525720 1.495566749,
-1.692744780 -0.524850973 1.495501339,
-1.683563539 -0.526524994 1.495412873,
-1.674459113 -0.528544337 1.495297466,
-1.665446635 -0.530904754 1.495150523,
-1.656541619 -0.533600818 1.494966679,
-1.647759614 -0.536626263 1.494740031,
-1.639115917 -0.539973735 1.494463997,
-1.630626699 -0.543634227 1.494131577,
-1.622308686 -0.547597106 1.493735334,
-1.614173228 -0.551853211 1.493267176,
-1.717817121 -0.522079461 1.501469129,
-1.714793124 -0.522276619 1.507093433,
-1.711549994 -0.522529140 1.512499677,
-1.708110501 -0.522843588 1.517674670,
-1.704489635 -0.523227386 1.522613641,
-1.700686339 -0.523689728 1.527329183,
-1.696697581 -0.524240029 1.531836031,
-1.692520508 -0.524887708 1.536148541,
-1.688157436 -0.525642421 1.540270283,
-1.683616468 -0.526514086 1.544192744,
-1.678906013 -0.527512635 1.547906774,
-1.674035058 -0.528647756 1.551403261,
-1.669018845 -0.529926488 1.554673495,
-1.663876465 -0.531354240 1.557709016,
-1.659156274 -0.532771081 1.560233318,
-1.654845598 -0.534156219 1.562331953,
-1.650486986 -0.535646671 1.564264254,
-1.646091651 -0.537242668 1.566029215,
-1.641670807 -0.538944432 1.567625835,
-1.637235668 -0.540752187 1.569053117,
-1.632799266 -0.542663985 1.570311167,
-1.628379816 -0.544671682 1.571403252,
-1.623996456 -0.546766032 1.572333201,
-1.619668323 -0.548937788 1.573104841,
-1.615414205 -0.551177826 1.573722086,
-1.611242975 -0.553480484 1.574191254,
-1.607152409 -0.555843975 1.574521353,
-1.603139697 -0.558266713 1.574721536,
-1.600769253 -0.559747515 1.574783075,
-1.598425197 -0.561248716 1.574803150,
-1.589357043 -0.567419171 1.574803150,
-1.580572881 -0.573987614 1.574803150,
-1.572090166 -0.580940993 1.574803150,
-1.563925752 -0.588265492 1.574803150,
-1.556095863 -0.595946558 1.574803150,
-1.548616056 -0.603968928 1.574803150,
-1.541501193 -0.612316661 1.574803150,
-1.534765411 -0.620973172 1.574803150,
-1.528422095 -0.629921260 1.574803150,
-1.524501999 -0.635905622 1.574674265,
-1.520733338 -0.642042177 1.574270870,
-1.517475406 -0.647697005 1.573652353,
-1.514655571 -0.652893016 1.572873357,
-1.511950883 -0.658174884 1.571873072,
-1.509372847 -0.663519334 1.570642895,
-1.506932997 -0.668903011 1.569174236,
-1.504641813 -0.674302616 1.567459581,
-1.502503546 -0.679695200 1.565497768,
-1.500520165 -0.685057943 1.563289958,
-1.498693638 -0.690368025 1.560837314,
-1.497024718 -0.695603627 1.558141811,
-1.495509532 -0.700746748 1.555208497,
-1.494143112 -0.705780292 1.552043154,
-1.492920486 -0.710687165 1.548651566,
-1.491835732 -0.715451306 1.545041492,
-1.490880565 -0.720059202 1.541225580,
-1.490046341 -0.724497732 1.537217225,
-1.489324410 -0.728753878 1.533029665,
-1.488705652 -0.732822146 1.528664819,
-1.488180165 -0.736709518 1.524105833,
-1.487737977 -0.740424153 1.519334083,
-1.487369177 -0.743973714 1.514331440,
-1.487065750 -0.747351532 1.509094073,
-1.486821817 -0.750534756 1.503634289,
-1.486683296 -0.752635814 1.499684646,
-1.486569153 -0.754621616 1.495636871,
-1.516420141 -0.649606299 1.493267183,
-1.512215524 -0.657638767 1.493729937,
-1.508296862 -0.665849060 1.494122443,
-1.504672939 -0.674226289 1.494452531,
-1.501353880 -0.682754657 1.494727384,
-1.498348363 -0.691418669 1.494953757,
-1.495663580 -0.700203477 1.495138009,
-1.493305618 -0.709094141 1.495285866,
-1.491279754 -0.718075800 1.495402547,
-1.489590162 -0.727133907 1.495492541,
-1.488240258 -0.736253791 1.495559666,
-1.487232672 -0.745420730 1.495606997,
-1.516420156 -0.649606299 1.437007874,
-1.516427436 -0.649592955 1.437727898,
-1.516448957 -0.649553558 1.438440193,
-1.516484239 -0.649489063 1.439143884,
-1.516532803 -0.649400424 1.439838093,
-1.516594170 -0.649288595 1.440521946,
-1.516667860 -0.649154531 1.441194566,
-1.516753394 -0.648999185 1.441855077,
-1.516850293 -0.648823512 1.442502603,
-1.516958081 -0.648628457 1.443136293,
-1.517076403 -0.648414785 1.443755781,
-1.517205006 -0.648183093 1.444361152,
-1.517343643 -0.647933975 1.444952508,
-1.517492066 -0.647668020 1.445529949,
-1.517650027 -0.647385823 1.446093577,
-1.517817281 -0.647087973 1.446643493,
-1.517993578 -0.646775064 1.447179799,
-1.518178671 -0.646447687 1.447702595,
-1.518372340 -0.646106388 1.448211942,
-1.518574448 -0.645751564 1.448707764,
-1.518784879 -0.645383579 1.449189956,
-1.519003515 -0.645002798 1.449658414,
-1.519230240 -0.644609585 1.450113035,
-1.519464935 -0.644204306 1.450553713,
-1.519707483 -0.643787325 1.450980345,
-1.519957768 -0.643359006 1.451392827,
-1.520215670 -0.642919717 1.451791050,
-1.520481046 -0.642469859 1.452174864,
-1.520753734 -0.642009861 1.452544084,
-1.521033570 -0.641540150 1.452898523,
-1.521320391 -0.641061156 1.453237995,
-1.521614034 -0.640573308 1.453562313,
-1.521914335 -0.640077034 1.453871292,
-1.522221133 -0.639572765 1.454164743,
-1.522534262 -0.639060928 1.454442482,
-1.522961210 -0.638367607 1.454788088,
-1.523453358 -0.637574712 1.455142888,
-1.523956699 -0.636770546 1.455461407,
-1.524469846 -0.635957600 1.455743362,
-1.524991413 -0.635138366 1.455988468,
-1.525520020 -0.634315323 1.456196447,
-1.526054627 -0.633490304 1.456367336,
-1.526594742 -0.632664108 1.456501672,
-1.527139920 -0.631837449 1.456600034,
-1.527689715 -0.631011037 1.456663003,
-1.528055060 -0.630465837 1.456685464,
-1.528422095 -0.629921260 1.456692913,
-1.598425197 -0.561248716 1.456692913,
-1.589357043 -0.567419171 1.456692913,
-1.580572881 -0.573987614 1.456692913,
-1.572090166 -0.580940993 1.456692913,
-1.563925752 -0.588265492 1.456692913,
-1.556095863 -0.595946558 1.456692913,
-1.548616056 -0.603968928 1.456692913,
-1.541501193 -0.612316661 1.456692913,
-1.534765411 -0.620973172 1.456692913,
-1.599330996 -0.560664335 1.456667094,
-1.600225605 -0.560092714 1.456590451,
-1.601107247 -0.559534652 1.456464210,
-1.601974143 -0.558990948 1.456289596,
-1.602824517 -0.558462401 1.456067833,
-1.603656592 -0.557949808 1.455800145,
-1.604388344 -0.557502776 1.455520973,
-1.605031945 -0.557112530 1.455239505,
-1.605660337 -0.556734158 1.454930329,
-1.606272476 -0.556368049 1.454594667,
-1.606867315 -0.556014593 1.454233763,
-1.607443805 -0.555674179 1.453848862,
-1.608000899 -0.555347196 1.453441209,
-1.608537549 -0.555034032 1.453012048,
-1.609052707 -0.554735078 1.452562624,
-1.609545326 -0.554450722 1.452094183,
-1.610014359 -0.554181352 1.451607969,
-1.610459038 -0.553927209 1.451105143,
-1.610879165 -0.553688233 1.450586702,
-1.611274613 -0.553464325 1.450053619,
-1.611645254 -0.553255387 1.449506869,
-1.611990962 -0.553061319 1.448947425,
-1.612311608 -0.552882025 1.448376262,
-1.612607066 -0.552717406 1.447794354,
-1.612877209 -0.552567362 1.447202675,
-1.613121909 -0.552431796 1.446602199,
-1.613341064 -0.552310620 1.445993935,
-1.613534652 -0.552203780 1.445379002,
-1.613702663 -0.552111227 1.444758538,
-1.613845090 -0.552032913 1.444133682,
-1.613961924 -0.551968791 1.443505574,
-1.614053159 -0.551918812 1.442875352,
-1.614118785 -0.551882928 1.442244156,
-1.614158795 -0.551861091 1.441613125,
-1.614169620 -0.551855191 1.441278735,
-1.614173228 -0.551853226 1.440944882,
1.528422095 -0.629921260 1.456692913,
1.527637230 -0.631089615 1.456658539,
1.526938073 -0.632142664 1.456567914,
1.526315447 -0.633090421 1.456436953,
1.525699766 -0.634037111 1.456258269,
1.525091699 -0.634981660 1.456030984,
1.524492541 -0.635921818 1.455754803,
1.523904386 -0.636853830 1.455430171,
1.523329382 -0.637773846 1.455057581,
1.522769674 -0.638678015 1.454637526,
1.522227385 -0.639562514 1.454170507,
1.521704019 -0.640424309 1.453657275,
1.521200411 -0.641261213 1.453098847,
1.520717358 -0.642071085 1.452496254,
1.520300848 -0.642775087 1.451917011,
1.519941261 -0.643387195 1.451366441,
1.519596533 -0.643977831 1.450788637,
1.519266959 -0.644546055 1.450183907,
1.518952825 -0.645090934 1.449552546,
1.518654418 -0.645611540 1.448894846,
1.518372024 -0.646106941 1.448211102,
1.518105929 -0.646576207 1.447501606,
1.517856521 -0.647018232 1.446766477,
1.517624410 -0.647431526 1.446005443,
1.517410238 -0.647814546 1.445218180,
1.517233350 -0.648132103 1.444486951,
1.517087405 -0.648394940 1.443810260,
1.516954368 -0.648635170 1.443115785,
1.516834591 -0.648851959 1.442403391,
1.516728594 -0.649044203 1.441673652,
1.516637055 -0.649210552 1.440927794,
1.516560657 -0.649349647 1.440167064,
1.516500085 -0.649460128 1.439392711,
1.516456022 -0.649540637 1.438605981,
1.516429234 -0.649589660 1.437811825,
1.516420156 -0.649606299 1.437007874,
-1.528422095 -0.629921260 1.456692913,
-1.516420156 -0.649606299 1.437007874,
-1.516427436 -0.649592955 1.437727898,
-1.516448957 -0.649553558 1.438440193,
-1.516484239 -0.649489063 1.439143884,
-1.516532803 -0.649400424 1.439838093,
-1.516594170 -0.649288595 1.440521946,
-1.516667860 -0.649154531 1.441194566,
-1.516753394 -0.648999185 1.441855077,
-1.516850293 -0.648823512 1.442502603,
-1.516958081 -0.648628457 1.443136293,
-1.517076403 -0.648414785 1.443755781,
-1.517205006 -0.648183093 1.444361152,
-1.517343643 -0.647933975 1.444952508,
-1.517492066 -0.647668020 1.445529949,
-1.517650027 -0.647385823 1.446093577,
-1.517817281 -0.647087973 1.446643493,
-1.517993578 -0.646775064 1.447179799,
-1.518178671 -0.646447687 1.447702595,
-1.518372340 -0.646106388 1.448211942,
-1.518574448 -0.645751564 1.448707764,
-1.518784879 -0.645383579 1.449189956,
-1.519003515 -0.645002798 1.449658414,
-1.519230240 -0.644609585 1.450113035,
-1.519464935 -0.644204306 1.450553713,
-1.519707483 -0.643787325 1.450980345,
-1.519957768 -0.643359006 1.451392827,
-1.520215670 -0.642919717 1.451791050,
-1.520481046 -0.642469859 1.452174864,
-1.520753734 -0.642009861 1.452544084,
-1.521033570 -0.641540150 1.452898523,
-1.521320391 -0.641061156 1.453237995,
-1.521614034 -0.640573308 1.453562313,
-1.521914335 -0.640077034 1.453871292,
-1.522221133 -0.639572765 1.454164743,
-1.522534262 -0.639060928 1.454442482,
-1.522961210 -0.638367607 1.454788088,
-1.523453358 -0.637574712 1.455142888,
-1.523956699 -0.636770546 1.455461407,
-1.524469846 -0.635957600 1.455743362,
-1.524991413 -0.635138366 1.455988468,
-1.525520020 -0.634315323 1.456196447,
-1.526054627 -0.633490304 1.456367336,
-1.526594742 -0.632664108 1.456501672,
-1.527139920 -0.631837449 1.456600034,
-1.527689715 -0.631011037 1.456663003,
-1.528055060 -0.630465837 1.456685464,
0.688976378 -0.314960630 1.456692913,
0.688976378 0.314960630 1.456692913,
0.688976378 0.314960630 1.574803150,
0.688976378 -0.314960630 1.574803150,
-0.688976378 -0.314960630 1.456692913,
0.688976378 -0.314960630 1.456692913,
0.688976378 -0.314960630 1.574803150,
-0.688976378 -0.314960630 1.574803150,
-1.528422095 -0.629921260 1.574803150,
1.528422095 -0.629921260 1.574803150,
-1.524501999 -0.635905622 1.574674265,
-1.520733338 -0.642042177 1.574270870,
-1.517475406 -0.647697005 1.573652353,
-1.514655571 -0.652893016 1.572873357,
-1.511950883 -0.658174884 1.571873072,
-1.509372847 -0.663519334 1.570642895,
-1.506932997 -0.668903011 1.569174236,
-1.504641813 -0.674302616 1.567459581,
-1.502503546 -0.679695200 1.565497768,
-1.500520165 -0.685057943 1.563289958,
-1.498693638 -0.690368025 1.560837314,
-1.497024718 -0.695603627 1.558141811,
-1.495509532 -0.700746748 1.555208497,
-1.494143112 -0.705780292 1.552043154,
-1.492920486 -0.710687165 1.548651566,
-1.491835732 -0.715451306 1.545041492,
-1.490880565 -0.720059202 1.541225580,
-1.490046341 -0.724497732 1.537217225,
-1.489324410 -0.728753878 1.533029665,
-1.488705652 -0.732822146 1.528664819,
-1.488180165 -0.736709518 1.524105833,
-1.487737977 -0.740424153 1.519334083,
-1.487369177 -0.743973714 1.514331440,
-1.487065750 -0.747351532 1.509094073,
-1.486821817 -0.750534756 1.503634289,
-1.486683296 -0.752635814 1.499684646,
-1.486569153 -0.754621616 1.495636871,
-1.486548520 -0.756511747 1.491439320,
-1.486677676 -0.758092773 1.487609925,
-1.486918633 -0.759417543 1.484119218,
-1.487282198 -0.760648553 1.480584423,
-1.487772669 -0.761785054 1.477003454,
-1.488393718 -0.762826159 1.473376146,
-1.489145181 -0.763770117 1.469714136,
-1.490025434 -0.764614847 1.466033539,
-1.491032853 -0.765358270 1.462350478,
-1.492165814 -0.765998304 1.458681076,
-1.493422715 -0.766532925 1.455041308,
-1.494803085 -0.766962637 1.451440245,
-1.496308028 -0.767291488 1.447877295,
-1.497938770 -0.767523788 1.444351148,
-1.499696533 -0.767663849 1.440860491,
-1.500732300 -0.767703489 1.438928983,
-1.501808154 -0.767716535 1.437007874,
1.501808154 -0.767716535 1.437007874,
1.499478905 -0.767651751 1.441277484,
1.497549929 -0.767478312 1.445164503,
1.495947931 -0.767223929 1.448700226,
1.494471661 -0.766872000 1.452272678,
1.493119870 -0.766418253 1.455883105,
1.491891605 -0.765859086 1.459530935,
1.490787748 -0.765195002 1.463204418,
1.489809872 -0.764428068 1.466887571,
1.488959553 -0.763560349 1.470564399,
1.488238367 -0.762593913 1.474218908,
1.487647839 -0.761530816 1.477835258,
1.487187179 -0.760372592 1.481404752,
1.486852352 -0.759120042 1.484928689,
1.486639084 -0.757773915 1.488409113,
1.486543100 -0.756334956 1.491848067,
1.486538928 -0.755492537 1.493748421,
1.486569153 -0.754621616 1.495636871,
1.486742720 -0.751700567 1.501481093,
1.486969631 -0.748543333 1.507116003,
1.487256017 -0.745174632 1.512527560,
1.487608020 -0.741619123 1.517701782,
1.488033113 -0.737891567 1.522634565,
1.488541587 -0.733985820 1.527342665,
1.489144089 -0.729893079 1.531845491,
1.489851249 -0.725604868 1.536161972,
1.490673051 -0.721122810 1.540296053,
1.491618727 -0.716460376 1.544234115,
1.492697466 -0.711631711 1.547961538,
1.493918270 -0.706651156 1.551464102,
1.495287887 -0.701535431 1.554732368,
1.496811584 -0.696302820 1.557760050,
1.498494601 -0.690971634 1.560540917,
1.500341351 -0.685560849 1.563069307,
1.502351467 -0.680093272 1.565342846,
1.504522872 -0.674593088 1.567360339,
1.506853482 -0.669084480 1.569120594,
1.509338991 -0.663591752 1.570624686,
1.511968443 -0.658139556 1.571880474,
1.514729646 -0.652752611 1.572897078,
1.517610454 -0.647455498 1.573683645,
1.520602032 -0.642263477 1.574251131,
1.523700895 -0.637176729 1.574613414,
1.526034174 -0.633521376 1.574756639,
-1.598425197 0.561248716 1.574803150,
-1.598425197 -0.561248716 1.574803150,
-1.604426838 0.557478167 1.574670552,
-1.609978624 0.554199731 1.574306979,
-1.615103164 0.551345850 1.573761724,
-1.620353107 0.548587119 1.572992405,
-1.625711107 0.545934405 1.571987335,
-1.631141884 0.543404829 1.570739180,
-1.636609603 0.541015708 1.569240741,
-1.642079636 0.538782913 1.567485553,
-1.647526633 0.536711208 1.565472806,
-1.652929549 0.534800213 1.563204308,
-1.657737108 0.533217383 1.560945500,
-1.662006260 0.531903298 1.558738239,
-1.666209889 0.530691607 1.556369642,
-1.670337699 0.529579480 1.553844307,
-1.674379393 0.528564091 1.551166828,
-1.678324685 0.527642607 1.548341804,
-1.682164998 0.526811464 1.545373984,
-1.685895336 0.526065570 1.542268445,
-1.689511153 0.525399640 1.539030299,
-1.693007905 0.524808388 1.535664662,
-1.696381227 0.524286536 1.532176283,
-1.699629992 0.523828942 1.528563366,
-1.702755861 0.523430578 1.524818482,
-1.705760585 0.523086420 1.520934016,
-1.708645917 0.522791447 1.516902353,
-1.711412006 0.522540816 1.512717612,
-1.714050124 0.522330708 1.508383529,
-1.716548477 0.522157648 1.503907158,
-1.718637523 0.522032384 1.499824298,
-1.720599165 0.521931104 1.495640015,
-1.722281436 0.521920715 1.491718460,
-1.723838858 0.522059559 1.487744372,
-1.725270158 0.522353872 1.483714930,
-1.726574068 0.522809893 1.479627313,
-1.727749262 0.523433620 1.475479472,
-1.728793451 0.524226811 1.471283240,
-1.729703509 0.525187550 1.467062451,
-1.730476284 0.526313804 1.462841337,
-1.731108624 0.527603535 1.458644123,
-1.731599470 0.529055577 1.454489142,
-1.731953785 0.530671250 1.450377771,
-1.732177602 0.532452321 1.446308357,
-1.732257297 0.533732461 1.443617908,
-1.732283465 0.535087420 1.440944882,
-1.732283465 -0.535087420 1.440944882,
-1.732224190 -0.533082276 1.444962622,
-1.732042374 -0.531245167 1.449019837,
-1.731732032 -0.529574291 1.453118098,
-1.731287178 -0.528067849 1.457258978,
-1.730702086 -0.526724146 1.461443315,
-1.729975713 -0.525543427 1.465658794,
-1.729111065 -0.524527612 1.469881722,
-1.728111283 -0.523678675 1.474088030,
-1.726979505 -0.522998590 1.478253655,
-1.725718448 -0.522487463 1.482360646,
-1.724329602 -0.522140040 1.486408631,
-1.722814242 -0.521950106 1.490400379,
-1.721734346 -0.521907909 1.493031669,
-1.720599165 -0.521931104 1.495640015,
-1.717817121 -0.522079461 1.501469129,
-1.714793124 -0.522276619 1.507093433,
-1.711549994 -0.522529140 1.512499677,
-1.708110501 -0.522843588 1.517674670,
-1.704489635 -0.523227386 1.522613641,
-1.700686339 -0.523689728 1.527329183,
-1.696697581 -0.524240029 1.531836031,
-1.692520508 -0.524887708 1.536148541,
-1.688157436 -0.525642421 1.540270283,
-1.683616468 -0.526514086 1.544192744,
-1.678906013 -0.527512635 1.547906774,
-1.674035058 -0.528647756 1.551403261,
-1.669018845 -0.529926488 1.554673495,
-1.663876465 -0.531354240 1.557709016,
-1.659156274 -0.532771081 1.560233318,
-1.654845598 -0.534156219 1.562331953,
-1.650486986 -0.535646671 1.564264254,
-1.646091651 -0.537242668 1.566029215,
-1.641670807 -0.538944432 1.567625835,
-1.637235668 -0.540752187 1.569053117,
-1.632799266 -0.542663985 1.570311167,
-1.628379816 -0.544671682 1.571403252,
-1.623996456 -0.546766032 1.572333201,
-1.619668323 -0.548937788 1.573104841,
-1.615414205 -0.551177826 1.573722086,
-1.611242975 -0.553480484 1.574191254,
-1.607152409 -0.555843975 1.574521353,
-1.603139697 -0.558266713 1.574721536,
-1.600769253 -0.559747515 1.574783075,
-1.501808154 0.767716535 1.437007874,
-1.499479268 0.767651779 1.441276772,
-1.497550507 0.767478401 1.445163247,
-1.495948623 0.767224086 1.448698584,
-1.494472398 0.766872226 1.452270769,
-1.493120593 0.766418537 1.455881070,
-1.491892265 0.765859404 1.459528927,
-1.490788308 0.765195334 1.463202567,
-1.489810310 0.764428393 1.466885964,
-1.488959864 0.763560655 1.470563083,
-1.488238562 0.762594189 1.474217888,
-1.487647943 0.761531057 1.477834499,
-1.487187224 0.760372793 1.481404201,
-1.486852364 0.759120201 1.484928302,
-1.486639082 0.757774027 1.488408861,
-1.486543096 0.756335018 1.491847935,
-1.486538926 0.755492569 1.493748354,
-1.486569153 0.754621616 1.495636871,
-1.486742770 0.751699526 1.501483136,
-1.486969862 0.748539872 1.507122045,
-1.487256690 0.745166955 1.512539472,
-1.487609520 0.741605015 1.517721359,
-1.488035973 0.737868384 1.522663565,
-1.488546453 0.733951035 1.527382339,
-1.489151706 0.729844438 1.531896436,
-1.489862453 0.725540424 1.536224074,
-1.490688781 0.721041105 1.540368296,
-1.491640067 0.716360032 1.544315254,
-1.492725649 0.711511358 1.548050209,
-1.493954646 0.706509485 1.551558873,
-1.495333780 0.701371502 1.554831776,
-1.496868314 0.696116133 1.557862383,
-1.498563493 0.690762125 1.560644201,
-1.500423613 0.685328956 1.563171422,
-1.502448126 0.679839856 1.565441748,
-1.504634934 0.674319251 1.567454004,
-1.506981932 0.668791571 1.569207020,
-1.509484331 0.663281572 1.570702229,
-1.512130374 0.657814858 1.571947811,
-1.514907191 0.652417171 1.572953026,
-1.517801998 0.647114011 1.573727183,
-1.520805919 0.641919951 1.574281724,
-1.523915482 0.636834461 1.574631045,
-1.526144381 0.633352149 1.574760949,
-1.528422095 0.629921260 1.574803150,
1.528422095 0.629921260 1.574803150,
1.524499077 0.635910151 1.574674140,
1.520725333 0.642055516 1.574269803,
1.517461099 0.647722596 1.573649036,
1.514634347 0.652933465 1.572866382,
1.511922102 0.658233108 1.571860674,
1.509336523 0.663597255 1.570623166,
1.506889799 0.669001557 1.569145129,
1.504592901 0.674421819 1.567419011,
1.502450114 0.679834676 1.565443744,
1.500463424 0.685217045 1.563220480,
1.498634821 0.690545849 1.560750375,
1.496964945 0.695799084 1.558035526,
1.495449806 0.700958455 1.555081260,
1.494084422 0.706006459 1.551893600,
1.492863806 0.710925601 1.548478580,
1.491781875 0.715699643 1.544844381,
1.490830154 0.720315089 1.541003878,
1.489999850 0.724758805 1.536970567,
1.489282163 0.729017828 1.532757688,
1.488667791 0.733087422 1.528366145,
1.488146716 0.736974591 1.523779241,
1.487708868 0.740687240 1.518978926,
1.487344273 0.744232538 1.513947893,
1.487045019 0.747602249 1.508684246,
1.486805140 0.750773574 1.503200674,
1.486676313 0.752749410 1.499462000,
1.486569153 0.754621616 1.495636871,
1.486548522 0.756511729 1.491439358,
1.486677677 0.758092740 1.487609998,
1.486918628 0.759417499 1.484119329,
1.487282183 0.760648496 1.480584581,
1.487772636 0.761784987 1.477003673,
1.488393659 0.762826082 1.473376440,
1.489145088 0.763770032 1.469714514,
1.490025306 0.764614757 1.466033996,
1.491032692 0.765358179 1.462350999,
1.492165627 0.765998218 1.458681635,
1.493422513 0.766532850 1.455041866,
1.494802882 0.766962579 1.451440759,
1.496307843 0.767291449 1.447877727,
1.497938620 0.767523768 1.444351466,
1.499696441 0.767663843 1.440860670,
1.500732250 0.767703487 1.438929075,
1.501808154 0.767716535 1.437007874,
1.732283465 0.535087420 1.440944882,
1.732224304 0.533083721 1.444959535,
1.732042770 0.531247546 1.449014169,
1.731732786 0.529577156 1.453110503,
1.731288276 0.528070812 1.457250254,
1.730703428 0.526726885 1.461434394,
1.729977167 0.525545708 1.465650516,
1.729112523 0.524529308 1.469874638,
1.728112659 0.523679772 1.474082397,
1.726980736 0.522999183 1.478249438,
1.725719486 0.522487724 1.482357604,
1.724330399 0.522140117 1.486406569,
1.722814740 0.521950108 1.490399197,
1.721734610 0.521907901 1.493031065,
1.720599165 0.521931104 1.495640015,
1.717817121 0.522079461 1.501469129,
1.714793124 0.522276619 1.507093433,
1.711549994 0.522529140 1.512499677,
1.708110501 0.522843588 1.517674670,
1.704489635 0.523227386 1.522613641,
1.700686339 0.523689728 1.527329183,
1.696697581 0.524240029 1.531836031,
1.692520508 0.524887708 1.536148542,
1.688157435 0.525642421 1.540270283,
1.683616467 0.526514086 1.544192744,
1.678906013 0.527512635 1.547906775,
1.674035057 0.528647756 1.551403261,
1.669018845 0.529926488 1.554673495,
1.663876465 0.531354240 1.557709017,
1.659156273 0.532771082 1.560233318,
1.654845597 0.534156219 1.562331953,
1.650486986 0.535646672 1.564264255,
1.646091650 0.537242668 1.566029215,
1.641670806 0.538944433 1.567625836,
1.637235667 0.540752187 1.569053117,
1.632799265 0.542663986 1.570311167,
1.628379815 0.544671683 1.571403252,
1.623996455 0.546766032 1.572333201,
1.619668322 0.548937788 1.573104841,
1.615414204 0.551177827 1.573722086,
1.611242974 0.553480485 1.574191254,
1.607152408 0.555843975 1.574521353,
1.603139695 0.558266714 1.574721536,
1.600769253 0.559747515 1.574783075,
1.598425197 0.561248716 1.574803150,
1.598425197 -0.561248716 1.574803150,
1.604426838 -0.557478167 1.574670552,
1.609978624 -0.554199731 1.574306979,
1.615103164 -0.551345850 1.573761724,
1.620353107 -0.548587119 1.572992405,
1.625711107 -0.545934405 1.571987335,
1.631141884 -0.543404829 1.570739180,
1.636609603 -0.541015708 1.569240741,
1.642079636 -0.538782913 1.567485553,
1.647526633 -0.536711208 1.565472806,
1.652929549 -0.534800213 1.563204308,
1.657737108 -0.533217383 1.560945500,
1.662006260 -0.531903298 1.558738239,
1.666209889 -0.530691607 1.556369642,
1.670337699 -0.529579480 1.553844307,
1.674379393 -0.528564091 1.551166828,
1.678324685 -0.527642607 1.548341804,
1.682164998 -0.526811464 1.545373984,
1.685895336 -0.526065570 1.542268445,
1.689511153 -0.525399640 1.539030299,
1.693007905 -0.524808388 1.535664662,
1.696381227 -0.524286536 1.532176283,
1.699629992 -0.523828942 1.528563366,
1.702755861 -0.523430578 1.524818482,
1.705760585 -0.523086420 1.520934016,
1.708645917 -0.522791447 1.516902353,
1.711412006 -0.522540816 1.512717612,
1.714050124 -0.522330708 1.508383529,
1.716548477 -0.522157648 1.503907158,
1.718637523 -0.522032384 1.499824298,
1.720599165 -0.521931104 1.495640015,
1.722281406 -0.521920715 1.491718530,
1.723838802 -0.522059555 1.487744511,
1.725270082 -0.522353858 1.483715143,
1.726573976 -0.522809856 1.479627612,
1.727749157 -0.523433548 1.475479878,
1.728793338 -0.524226693 1.471283761,
1.729703394 -0.525187385 1.467063075,
1.730476174 -0.526313598 1.462842029,
1.731108529 -0.527603305 1.458644824,
1.731599401 -0.529055346 1.454489778,
1.731953744 -0.530671046 1.450378274,
1.732177587 -0.532452178 1.446308673,
1.732257293 -0.533732380 1.443618074,
1.732283465 -0.535087420 1.440944882,
1.614173228 -0.629921260 1.377952756,
1.732283465 -0.629921260 1.377952756,
1.614173228 -0.629485729 1.378420275,
1.614173228 -0.628975267 1.378923796,
1.614173228 -0.628399360 1.379456678,
1.614173228 -0.627521963 1.380221856,
1.614173228 -0.625893913 1.381549026,
1.614173228 -0.623376576 1.383468720,
1.614173228 -0.617031792 1.388035342,
1.614173228 -0.607013409 1.395290833,
1.614173228 -0.598939172 1.401636438,
1.614173228 -0.592669188 1.407073492,
1.614173228 -0.587565427 1.411938171,
1.614173228 -0.582997833 1.416711759,
1.614173228 -0.578968519 1.421328066,
1.614173228 -0.575818564 1.425259090,
1.614173228 -0.572399148 1.429915842,
1.614173228 -0.569325386 1.434529477,
1.614173228 -0.566638228 1.438980360,
1.614173228 -0.564025071 1.443787287,
1.614173228 -0.561750404 1.448475085,
1.614173228 -0.559786797 1.453031326,
1.614173228 -0.557929896 1.457945436,
1.614173228 -0.556931268 1.460926316,
1.614173228 -0.555705183 1.465045025,
1.614173228 -0.554597603 1.469406911,
1.614173228 -0.553848877 1.472898741,
1.614173228 -0.553205880 1.476483770,
1.614173228 -0.552670359 1.480215268,
1.614173228 -0.552256373 1.484094375,
1.614173228 -0.551979897 1.488121194,
1.614173228 -0.551885532 1.490666454,
1.614173228 -0.551853212 1.493267183,
1.622309335 -0.547596784 1.493735373,
1.630627681 -0.543633780 1.494131615,
1.639116934 -0.539973316 1.494464029,
1.647760616 -0.536625899 1.494740059,
1.656542602 -0.533600501 1.494966703,
1.665447484 -0.530904513 1.495150540,
1.674459768 -0.528544179 1.495297476,
1.683564034 -0.526524894 1.495412879,
1.692745153 -0.524850913 1.495501343,
1.701987919 -0.523525687 1.495566751,
1.711277127 -0.522551838 1.495612206,
1.720599165 -0.521931104 1.495640015,
1.722281406 -0.521920715 1.491718530,
1.723838802 -0.522059555 1.487744511,
1.725270082 -0.522353858 1.483715143,
1.726573976 -0.522809856 1.479627612,
1.727749157 -0.523433548 1.475479878,
1.728793338 -0.524226693 1.471283761,
1.729703394 -0.525187385 1.467063075,
1.730476174 -0.526313598 1.462842029,
1.731108529 -0.527603305 1.458644824,
1.731599401 -0.529055346 1.454489778,
1.731953744 -0.530671046 1.450378274,
1.732177587 -0.532452178 1.446308673,
1.732257293 -0.533732380 1.443618074,
1.732283465 -0.535087420 1.440944882,
1.732283465 -0.537826610 1.435996148,
1.732283465 -0.540799583 1.431184229,
1.732283465 -0.543999522 1.426520162,
1.732283465 -0.547419087 1.422014643,
1.732283465 -0.551050437 1.417678006,
1.732283465 -0.554885243 1.413520194,
1.732283465 -0.558914710 1.409550745,
1.732283465 -0.563129597 1.405778762,
1.732283465 -0.567520237 1.402212896,
1.732283465 -0.572076562 1.398861324,
1.732283465 -0.576788121 1.395731733,
1.732283465 -0.581644109 1.392831300,
1.732283465 -0.586633389 1.390166678,
1.732283465 -0.591744519 1.387743978,
1.732283465 -0.596965777 1.385568755,
1.732283465 -0.602285189 1.383645998,
1.732283465 -0.607690554 1.381980118,
1.732283465 -0.613169476 1.380574934,
1.732283465 -0.618709389 1.379433669,
1.732283465 -0.624297589 1.378558941,
1.619362670 -0.593502252 1.404110238,
1.630221081 -0.589812381 1.403062808,
1.622872640 -0.581624856 1.413523684,
1.635184437 -0.577415808 1.412093466,
1.641682601 -0.586560886 1.401865735,
1.616108204 -0.574699319 1.425382540,
1.648046891 -0.573788193 1.410585121,
1.653666877 -0.583762614 1.400615580,
1.629202704 -0.569514522 1.423761441,
1.661377292 -0.570744983 1.409110588,
1.666096135 -0.581418428 1.399401048,
1.642873544 -0.565039745 1.422033014,
1.623894643 -0.563071804 1.436593782,
1.675095387 -0.568279022 1.407767834,
1.678894100 -0.579521301 1.398299676,
1.657033471 -0.561280837 1.420331741,
1.638282829 -0.557753171 1.434689407,
1.619383969 -0.558229837 1.450256662,
1.689122434 -0.566378641 1.406638379,
1.691985575 -0.578060849 1.397375901,
1.671598570 -0.558231269 1.418775469,
1.653178859 -0.553279716 1.432800788,
1.634381738 -0.552091613 1.448224300,
1.718754039 -0.576409588 1.396248221,
1.703381364 -0.565031567 1.405785994,
1.705296966 -0.577026472 1.396680072,
1.686486836 -0.555878753 1.417462384,
1.668495571 -0.549646287 1.431064594,
1.649903293 -0.546922530 1.446191903,
1.717794161 -0.564227746 1.405256353,
1.701618002 -0.554209882 1.416469381,
1.684148063 -0.546840670 1.429594833,
1.665858709 -0.542719518 1.444313441,
1.716910567 -0.553213510 1.415851587,
1.700053233 -0.544848895 1.428480898,
1.682160625 -0.539471123 1.442717521,
1.716126486 -0.543659144 1.427786930,
1.698723525 -0.537163387 1.441505104,
1.715460190 -0.535784247 1.440748687,
1.624232105 -0.603162200 1.395041705,
1.629213804 -0.601694560 1.394670936,
1.688339625 -0.595467063 1.388124022,
1.673882462 -0.618356480 1.380813142,
1.667246990 -0.606318978 1.385556204,
1.698310307 -0.603628797 1.384109181,
1.696126016 -0.594899072 1.387728377,
1.703835523 -0.603379156 1.383921425,
1.717752068 -0.610115991 1.381449288,
1.709003740 -0.600348550 1.384780320,
1.709437676 -0.603173992 1.383763320,
1.717370330 -0.606338140 1.382525775,
1.708577493 -0.597580684 1.385858008,
1.703371116 -0.590789750 1.389112212,
1.714452600 -0.597382238 1.385706057,
1.714137696 -0.594650824 1.386829812,
1.713828210 -0.591973338 1.388010983,
1.719955496 -0.591803673 1.387882312,
1.719752312 -0.589164538 1.389110617,
1.719552521 -0.586576022 1.390393956,
1.624195711 -0.552544288 1.458746912,
1.624137911 -0.551994138 1.460482168,
1.631974215 -0.548723954 1.459410591,
1.631930679 -0.548162966 1.461194054,
1.633685697 -0.544484451 1.472413013,
1.653727520 -0.539548747 1.461679167,
1.643612913 -0.540870210 1.470379244,
1.647771001 -0.539279711 1.470552294,
1.644721514 -0.538928072 1.478607262,
1.656140030 -0.536640033 1.469519642,
1.670486117 -0.534889616 1.460629817,
1.660395987 -0.535265846 1.469684431,
1.664699299 -0.533970067 1.469810967,
1.656049712 -0.535027571 1.478114063,
1.661835385 -0.533204098 1.478290276,
1.673269662 -0.531901608 1.468917283,
1.687637554 -0.531352026 1.459759214,
1.677651975 -0.530832691 1.469047085,
1.682070900 -0.529850079 1.469133166,
1.673477384 -0.530117649 1.477832951,
1.714524368 -0.531588437 1.449758138,
1.690794581 -0.528358510 1.468442159,
1.679419806 -0.528718693 1.477959194,
1.714140825 -0.530761815 1.451837125,
1.713692502 -0.529979493 1.453934509,
1.713181075 -0.529244960 1.456041612,
1.703361587 -0.526381457 1.469115946,
1.706243601 -0.523708870 1.483028237,
1.710839892 -0.523242295 1.483234672,
1.710289906 -0.523089150 1.485319822,
1.628803123 -0.626043370 1.380258643,
1.628260418 -0.626600143 1.379965611,
1.634136249 -0.628848201 1.378521352,
1.629412176 -0.625296568 1.380645722,
1.635180763 -0.628221029 1.378825867,
1.635980379 -0.627629124 1.379102855,
1.630189726 -0.624086609 1.381263660,
1.630959999 -0.622444689 1.382094163,
1.631951159 -0.618824107 1.383937668,
1.632397254 -0.613642152 1.386704431,
1.649306755 -0.623095015 1.380505160,
1.637060179 -0.612481450 1.386593061,
1.651787622 -0.619022604 1.381931735,
1.638449994 -0.610240613 1.387562568,
1.640782327 -0.609795698 1.387418431,
1.654881229 -0.595616466 1.392636340,
1.648498588 -0.602973810 1.389720869,
1.660457152 -0.594674314 1.392160032,
1.703936662 -0.623631340 1.378813657,
1.666168194 -0.593808601 1.391690520,
1.677576308 -0.587980739 1.393218950,
1.622837757 -0.629167067 1.378512626,
1.622330793 -0.629574603 1.378218045,
1.623199506 -0.628768074 1.378789632,
1.623476681 -0.628368493 1.379059269,
1.623763580 -0.627817692 1.379421912,
1.649120341 -0.627809515 1.378729539,
1.649875865 -0.627409966 1.378862196,
1.650452272 -0.627047507 1.378981682,
1.679272972 -0.629035859 1.378118159,
1.666646429 -0.626594082 1.378796215,
1.668478819 -0.625020187 1.379173048,
1.670510855 -0.622915126 1.379676995,
1.659926930 -0.612499194 1.383793548,
1.639494871 -0.595918027 1.395830037,
1.617780849 -0.629793710 1.378070974,
1.646985574 -0.629248477 1.378211903,
1.655089246 -0.628802814 1.378310313,
1.624616712 -0.629827258 1.378019731,
1.627349314 -0.629709368 1.378090516,
1.630300119 -0.629567690 1.378162638,
1.658090245 -0.629347600 1.378123423,
1.682414349 -0.629697145 1.377991366,
1.618798308 -0.629887638 1.377982732,
1.649872813 -0.629747433 1.378015205,
1.659593811 -0.629630970 1.378036023,
1.628564851 -0.629866462 1.377987174,
1.632202441 -0.629828847 1.378004878,
1.636095031 -0.629784785 1.378021892,
1.688818496 -0.629806354 1.377969972,
1.620407790 -0.629902601 1.377968321,
1.638469586 -0.629813458 1.378004068,
1.639543331 -0.629626129 1.378089295,
1.643423684 -0.629881858 1.377969302,
1.655385294 -0.629828582 1.377982004,
1.626159724 -0.629908793 1.377961212,
1.630663411 -0.629891925 1.377970066,
1.664742152 -0.629845573 1.377972027,
1.684790467 -0.629892978 1.377957364,
1.619451110 -0.629916888 1.377956553,
1.641879884 -0.629911678 1.377956938,
1.651959421 -0.629898992 1.377960367,
1.662910491 -0.629883975 1.377962649,
1.625580982 -0.629918220 1.377954858,
1.629389443 -0.629914232 1.377957064,
1.662002194 -0.629902761 1.377957766,
1.683791599 -0.629914219 1.377953928,
1.614173228 0.551853226 1.440944882,
1.614173228 -0.551853226 1.440944882,
1.614173228 -0.551853212 1.493267183,
1.614173228 -0.629921260 1.377952756,
1.614173228 -0.629485729 1.378420275,
1.614173228 -0.628975267 1.378923796,
1.614173228 -0.628399360 1.379456678,
1.614173228 -0.627521963 1.380221856,
1.614173228 -0.625893913 1.381549026,
1.614173228 -0.623376576 1.383468720,
1.614173228 -0.617031792 1.388035342,
1.614173228 -0.607013409 1.395290833,
1.614173228 -0.598939172 1.401636438,
1.614173228 -0.592669188 1.407073492,
1.614173228 -0.587565427 1.411938171,
1.614173228 -0.582997833 1.416711759,
1.614173228 -0.578968519 1.421328066,
1.614173228 -0.575818564 1.425259090,
1.614173228 -0.572399148 1.429915842,
1.614173228 -0.569325386 1.434529477,
1.614173228 -0.566638228 1.438980360,
1.614173228 -0.564025071 1.443787287,
1.614173228 -0.561750404 1.448475085,
1.614173228 -0.559786797 1.453031326,
1.614173228 -0.557929896 1.457945436,
1.614173228 -0.556931268 1.460926316,
1.614173228 -0.555705183 1.465045025,
1.614173228 -0.554597603 1.469406911,
1.614173228 -0.553848877 1.472898741,
1.614173228 -0.553205880 1.476483770,
1.614173228 -0.552670359 1.480215268,
1.614173228 -0.552256373 1.484094375,
1.614173228 -0.551979897 1.488121194,
1.614173228 -0.551885532 1.490666454,
1.614173228 -0.629921260 0.537557936,
1.614173228 0.629921260 0.537557936,
1.614173228 0.629921260 1.377952756,
1.614173228 0.551853211 1.493267178,
1.614173228 0.551978861 1.488142201,
1.614173228 0.552335316 1.483237846,
1.614173228 0.552779957 1.479368942,
1.614173228 0.553289965 1.475971868,
1.614173228 0.553888629 1.472698130,
1.614173228 0.554565228 1.469546948,
1.614173228 0.555309772 1.466516770,
1.614173228 0.556113989 1.463604240,
1.614173228 0.557265232 1.459897627,
1.614173228 0.558648661 1.455958461,
1.614173228 0.560107268 1.452248822,
1.614173228 0.561623886 1.448752809,
1.614173228 0.563186347 1.445453523,
1.614173228 0.564784401 1.442333760,
1.614173228 0.566411914 1.439376095,
1.614173228 0.568621077 1.435654750,
1.614173228 0.571154624 1.431729642,
1.614173228 0.573743789 1.428030049,
1.614173228 0.576406321 1.424502321,
1.614173228 0.579080541 1.421193402,
1.614173228 0.581684282 1.418170662,
1.614173228 0.585022823 1.414540874,
1.614173228 0.588589562 1.410925566,
1.614173228 0.591958699 1.407724744,
1.614173228 0.596171258 1.403972096,
1.614173228 0.600588394 1.400287856,
1.614173228 0.605924973 1.396112189,
1.614173228 0.618372079 1.387083258,
1.614173228 0.625238888 1.382060384,
1.614173228 0.627610541 1.380146596,
1.614173228 0.628549507 1.379320572,
1.614173228 0.629160195 1.378745503,
1.614173228 0.629564508 1.378338932,
1.216444463 -0.649606299 0.531496063,
1.594488189 -0.649606299 0.531496063,
1.216444463 -0.649606299 0.157480315,
0.722847712 -0.649606299 0.157480315,
0.722847712 -0.649606299 0.531496063,
-0.722847712 -0.649606299 0.531496063,
-0.722847712 -0.649606299 0.157480315,
-1.216444463 -0.649606299 0.157480315,
-1.216444463 -0.649606299 0.531496063,
-1.594488189 -0.649606299 0.531496063,
-1.594488189 -0.649606299 1.377952756,
-1.594052662 -0.649606299 1.378420271,
-1.593542202 -0.649606299 1.378923790,
-1.592966294 -0.649606299 1.379456674,
-1.592088881 -0.649606299 1.380221867,
-1.590460752 -0.649606299 1.381549097,
-1.587943260 -0.649606299 1.383468901,
-1.581598081 -0.649606299 1.388035797,
-1.571579359 -0.649606299 1.395291568,
-1.563505070 -0.649606299 1.401637290,
-1.557235264 -0.649606299 1.407074270,
-1.552131542 -0.649606299 1.411938984,
-1.547563871 -0.649606299 1.416712734,
-1.543534437 -0.649606299 1.421329279,
-1.540384456 -0.649606299 1.425260439,
-1.536965268 -0.649606299 1.429916997,
-1.533891798 -0.649606299 1.434530294,
-1.531204839 -0.649606299 1.438980915,
-1.528591816 -0.649606299 1.443787647,
-1.526317232 -0.649606299 1.448475307,
-1.524353674 -0.649606299 1.453031453,
-1.522496804 -0.649606299 1.457945495,
-1.521498188 -0.649606299 1.460926346,
-1.520272111 -0.649606299 1.465045027,
-1.519164535 -0.649606299 1.469406901,
-1.518415809 -0.649606299 1.472898733,
-1.517772810 -0.649606299 1.476483769,
-1.517237287 -0.649606299 1.480215275,
-1.516823301 -0.649606299 1.484094385,
-1.516546826 -0.649606299 1.488121201,
-1.516452461 -0.649606299 1.490666458,
-1.516420141 -0.649606299 1.493267183,
-1.516420156 -0.649606299 1.437007874,
1.516420156 -0.649606299 1.437007874,
1.516420140 -0.649606299 1.493267176,
1.516545768 -0.649606299 1.488143201,
1.516902063 -0.649606299 1.483240052,
1.517338538 -0.649606299 1.479431411,
1.517846590 -0.649606299 1.476033602,
1.518443481 -0.649606299 1.472758869,
1.519118547 -0.649606299 1.469606026,
1.519862028 -0.649606299 1.466573013,
1.520665846 -0.649606299 1.463656153,
1.521817834 -0.649606299 1.459941020,
1.523204728 -0.649606299 1.455987700,
1.524670275 -0.649606299 1.452258288,
1.526198380 -0.649606299 1.448736016,
1.527778257 -0.649606299 1.445402925,
1.529400821 -0.649606299 1.442241031,
1.531060354 -0.649606299 1.439233390,
1.532752895 -0.649606299 1.436363090,
1.535064700 -0.649606299 1.432715923,
1.537740793 -0.649606299 1.428821599,
1.540443444 -0.649606299 1.425182656,
1.543151490 -0.649606299 1.421790889,
1.545877826 -0.649606299 1.418593617,
1.548597173 -0.649606299 1.415593342,
1.552165228 -0.649606299 1.411905522,
1.556023871 -0.649606299 1.408189479,
1.559610918 -0.649606299 1.404951446,
1.563899474 -0.649606299 1.401311979,
1.569475215 -0.649606299 1.396887857,
1.576311039 -0.649606299 1.391812043,
1.584137271 -0.649606299 1.386229535,
1.588995385 -0.649606299 1.382680372,
1.591922189 -0.649606299 1.380362469,
1.592942683 -0.649606299 1.379477917,
1.593616297 -0.649606299 1.378852838,
1.594083602 -0.649606299 1.378388466,
1.594488189 -0.649606299 1.377952756,
1.594488189 -0.767716535 1.377952756,
1.594488189 -0.649606299 1.377952756,
1.588806580 -0.767716535 1.378566609,
1.583161313 -0.767716535 1.379454563,
1.577565605 -0.767716535 1.380614539,
1.572032555 -0.767716535 1.382043823,
1.566575115 -0.767716535 1.383739068,
1.561206063 -0.767716535 1.385696305,
1.555937968 -0.767716535 1.387910953,
1.550783161 -0.767716535 1.390377826,
1.545753711 -0.767716535 1.393091151,
1.540861392 -0.767716535 1.396044574,
1.536117656 -0.767716535 1.399231182,
1.531533610 -0.767716535 1.402643515,
1.527119984 -0.767716535 1.406273585,
1.522887111 -0.767716535 1.410112893,
1.518844901 -0.767716535 1.414152451,
1.515002816 -0.767716535 1.418382803,
1.511369850 -0.767716535 1.422794046,
1.507954509 -0.767716535 1.427375851,
1.504764788 -0.767716535 1.432117494,
1.501808154 -0.767716535 1.437007874,
1.499478905 -0.767651751 1.441277484,
1.497549929 -0.767478312 1.445164503,
1.495947931 -0.767223929 1.448700226,
1.494471661 -0.766872000 1.452272678,
1.493119870 -0.766418253 1.455883105,
1.491891605 -0.765859086 1.459530935,
1.490787748 -0.765195002 1.463204418,
1.489809872 -0.764428068 1.466887571,
1.488959553 -0.763560349 1.470564399,
1.488238367 -0.762593913 1.474218908,
1.487647839 -0.761530816 1.477835258,
1.487187179 -0.760372592 1.481404752,
1.486852352 -0.759120042 1.484928689,
1.486639084 -0.757773915 1.488409113,
1.486543100 -0.756334956 1.491848067,
1.486538928 -0.755492537 1.493748421,
1.486569153 -0.754621616 1.495636871,
1.487232684 -0.745420595 1.495606997,
1.488240289 -0.736253546 1.495559665,
1.489590217 -0.727133573 1.495492537,
1.491279845 -0.718075357 1.495402541,
1.493305763 -0.709093549 1.495285856,
1.495663803 -0.700202702 1.495137993,
1.498348658 -0.691417765 1.494953735,
1.501354219 -0.682753725 1.494727357,
1.504673345 -0.674225307 1.494452500,
1.508297316 -0.665848067 1.494122405,
1.512215859 -0.657638093 1.493729897,
1.516420140 -0.649606299 1.493267176,
1.516545768 -0.649606299 1.488143201,
1.516902063 -0.649606299 1.483240052,
1.517338538 -0.649606299 1.479431411,
1.517846590 -0.649606299 1.476033602,
1.518443481 -0.649606299 1.472758869,
1.519118547 -0.649606299 1.469606026,
1.519862028 -0.649606299 1.466573013,
1.520665846 -0.649606299 1.463656153,
1.521817834 -0.649606299 1.459941020,
1.523204728 -0.649606299 1.455987700,
1.524670275 -0.649606299 1.452258288,
1.526198380 -0.649606299 1.448736016,
1.527778257 -0.649606299 1.445402925,
1.529400821 -0.649606299 1.442241031,
1.531060354 -0.649606299 1.439233390,
1.532752895 -0.649606299 1.436363090,
1.535064700 -0.649606299 1.432715923,
1.537740793 -0.649606299 1.428821599,
1.540443444 -0.649606299 1.425182656,
1.543151490 -0.649606299 1.421790889,
1.545877826 -0.649606299 1.418593617,
1.548597173 -0.649606299 1.415593342,
1.552165228 -0.649606299 1.411905522,
1.556023871 -0.649606299 1.408189479,
1.559610918 -0.649606299 1.404951446,
1.563899474 -0.649606299 1.401311979,
1.569475215 -0.649606299 1.396887857,
1.576311039 -0.649606299 1.391812043,
1.584137271 -0.649606299 1.386229535,
1.588995385 -0.649606299 1.382680372,
1.591922189 -0.649606299 1.380362469,
1.592942683 -0.649606299 1.379477917,
1.593616297 -0.649606299 1.378852838,
1.594083602 -0.649606299 1.378388466,
1.540780504 -0.767611845 1.396096178,
1.540988744 -0.754079175 1.396244833,
1.528809526 -0.753111728 1.405250350,
1.529617792 -0.738696975 1.405782817,
1.541609045 -0.740620203 1.396678988,
1.517797287 -0.752221132 1.415842368,
1.530969547 -0.724436808 1.406637841,
1.542647029 -0.727307598 1.397376975,
1.518799162 -0.736926525 1.416463461,
1.508244108 -0.751430790 1.427774071,
1.532874877 -0.710409299 1.407769565,
1.544111304 -0.714215646 1.398302618,
1.520473820 -0.721794069 1.417459534,
1.509440430 -0.735355371 1.428471750,
1.500369479 -0.750759113 1.440731992,
1.535346072 -0.696691574 1.409114026,
1.546012488 -0.701418001 1.399405415,
1.522832440 -0.706905320 1.418775245,
1.511439103 -0.719448818 1.429589130,
1.501756237 -0.734020117 1.441492462,
1.538394788 -0.683362454 1.410589499,
1.548360957 -0.688989933 1.400620767,
1.525888445 -0.692340604 1.420333462,
1.514251983 -0.703795778 1.431061819,
1.504071966 -0.717455693 1.442708635,
1.542028119 -0.670502272 1.412097818,
1.551163690 -0.677007789 1.401870978,
1.529654103 -0.678182010 1.422035757,
1.517893054 -0.688479415 1.432800151,
1.507328763 -0.701153117 1.444307726,
1.558114063 -0.654695152 1.404112765,
1.554419727 -0.665549395 1.403067200,
1.546242969 -0.658193806 1.413526865,
1.534135865 -0.664513541 1.423764043,
1.522374500 -0.673584720 1.434689835,
1.511540599 -0.685197964 1.446188469,
1.539327733 -0.651422531 1.425383624,
1.527701380 -0.659198950 1.436593927,
1.516718888 -0.669677688 1.448221939,
1.522866592 -0.654682316 1.450253851,
1.574666906 -0.753151754 1.381454116,
1.570850843 -0.752765290 1.382542914,
1.556266272 -0.755329403 1.387930744,
1.561898212 -0.749829100 1.385727996,
1.567747017 -0.744821732 1.383763029,
1.553602372 -0.755123433 1.389174269,
1.559140166 -0.749510187 1.386864829,
1.564892920 -0.744382405 1.384790843,
1.550990050 -0.754920935 1.390473918,
1.556437104 -0.749196814 1.388060225,
1.562097566 -0.743950940 1.385880583,
1.567952597 -0.739218907 1.383921426,
1.555329617 -0.738727695 1.389130199,
1.559476468 -0.731490195 1.387728907,
1.568202661 -0.733693220 1.384109459,
1.560045526 -0.723703353 1.388125147,
1.579475787 -0.711267299 1.381742552,
1.568494062 -0.704130917 1.386412911,
1.584667108 -0.708154794 1.380368254,
1.579654598 -0.689182582 1.383339343,
1.592988977 -0.699428250 1.378346849,
1.592116321 -0.700781904 1.378563974,
1.590987564 -0.702298238 1.378837986,
1.588327966 -0.705174586 1.379473784,
1.585184608 -0.686338868 1.381370504,
1.593707958 -0.698150790 1.378162210,
1.496002859 -0.749536484 1.450195810,
1.495289204 -0.749147617 1.452017264,
1.494611024 -0.748711632 1.453848820,
1.493970507 -0.748229551 1.455684571,
1.491073816 -0.738231585 1.468866381,
1.495996072 -0.722680593 1.459745426,
1.493019589 -0.725705678 1.468424356,
1.487787397 -0.744911045 1.484687097,
1.488400978 -0.740884791 1.482663493,
1.487685543 -0.744358480 1.486486126,
1.488270356 -0.740370314 1.484486689,
1.499541426 -0.705607265 1.460618450,
1.494528564 -0.716983275 1.469122326,
1.495508213 -0.712623518 1.469033494,
1.496571752 -0.708299825 1.468902377,
1.493422855 -0.714239111 1.477947015,
1.504197579 -0.688924896 1.461670723,
1.498654000 -0.699731079 1.469800360,
1.494818317 -0.708376449 1.477818706,
1.499940201 -0.695485465 1.469672928,
1.501302586 -0.691286338 1.469508493,
1.497908177 -0.696814732 1.478278327,
1.503952475 -0.682918788 1.470543172,
1.513344766 -0.667338957 1.459339970,
1.499718526 -0.691106672 1.478101859,
1.512829548 -0.667300242 1.460968492,
1.505527278 -0.678816024 1.470370930,
1.517112779 -0.659556414 1.458844568,
1.516616503 -0.659503716 1.460411425,
1.503609663 -0.679855745 1.478597235,
1.509150481 -0.668963291 1.472258200,
1.586415031 -0.740722158 1.379098105,
1.552565745 -0.712919613 1.393221459,
1.557150512 -0.702435360 1.392232709,
1.558025916 -0.696664783 1.392711785,
1.558979955 -0.691028914 1.393199376,
1.565238267 -0.682587555 1.391231264,
1.566282402 -0.677462188 1.391649590,
1.567388549 -0.672513821 1.392044664,
1.572928286 -0.669988096 1.389302914,
1.569973554 -0.670142980 1.391004126,
1.575784356 -0.668665317 1.387921075,
1.589027880 -0.683576870 1.380031310,
1.577951197 -0.667183054 1.386955920,
1.581361034 -0.667170404 1.385066860,
1.585450951 -0.666648707 1.382912362,
1.588271818 -0.665769190 1.381461894,
1.590267231 -0.664681551 1.380427836,
1.593707743 -0.669592954 1.378367009,
1.593203144 -0.670279094 1.378620114,
1.592574988 -0.670982742 1.378924926,
1.591094635 -0.664037300 1.379989779,
1.594238456 -0.668696726 1.378089244,
1.594273328 -0.713586190 1.377993375,
1.593347521 -0.683518795 1.378381262,
1.592974829 -0.684025411 1.378515159,
1.593656945 -0.683023338 1.378268468,
1.593996175 -0.682373904 1.378142426,
1.592664723 -0.658950806 1.379242960,
1.593265809 -0.658676738 1.378837066,
1.593707938 -0.658385604 1.378529317,
1.594054031 -0.658075725 1.378280413,
1.594406513 -0.657640173 1.378016152,
1.594220281 -0.689304305 1.378040416,
1.594326455 -0.681740764 1.378016038,
1.594416779 -0.674708714 1.377986051,
1.594433483 -0.717559629 1.377962206,
1.594349245 -0.692883808 1.377994571,
1.594403539 -0.665482584 1.378003577,
1.594465400 -0.660005317 1.377969051,
1.594417530 -0.694699695 1.377973140,
1.594445851 -0.685125364 1.377968026,
1.594469800 -0.676276624 1.377960995,
1.594480012 -0.654232114 1.377960058,
1.594474454 -0.718558885 1.377955075,
1.594452571 -0.695613876 1.377962815,
1.594474840 -0.663962576 1.377961156,
1.594482343 -0.660617346 1.377956852,
1.594470308 -0.696072488 1.377957752,
1.594477490 -0.685984467 1.377956537,
1.594483559 -0.676672449 1.377954810,
1.594486110 -0.654488081 1.377954593,
1.594484752 -0.718809048 1.377953333,
1.594479231 -0.696302170 1.377955246,
1.594484815 -0.664294505 1.377954858,
1.594486718 -0.660771630 1.377953781,
1.594483706 -0.696417104 1.377953999,
1.594485507 -0.686200028 1.377953699,
1.594487029 -0.676771643 1.377953269,
1.594487667 -0.654552418 1.377953216,
1.594487329 -0.718871610 1.377952900,
1.594485946 -0.696474595 1.377953377,
1.594487343 -0.664377787 1.377953282,
1.594487821 -0.660810281 1.377953012,
1.732283465 0.629921260 1.377952756,
1.614173228 0.629921260 1.377952756,
1.732283464 0.624297589 1.378558941,
1.732283464 0.618709389 1.379433669,
1.732283464 0.613169476 1.380574934,
1.732283464 0.607690554 1.381980118,
1.732283464 0.602285189 1.383645998,
1.732283464 0.596965777 1.385568755,
1.732283464 0.591744519 1.387743978,
1.732283464 0.586633389 1.390166678,
1.732283464 0.581644109 1.392831300,
1.732283465 0.576788121 1.395731733,
1.732283465 0.572076562 1.398861324,
1.732283465 0.567520237 1.402212896,
1.732283465 0.563129597 1.405778762,
1.732283465 0.558914710 1.409550745,
1.732283465 0.554885243 1.413520194,
1.732283465 0.551050437 1.417678006,
1.732283465 0.547419087 1.422014643,
1.732283465 0.543999522 1.426520162,
1.732283465 0.540799583 1.431184229,
1.732283465 0.537826610 1.435996148,
1.732283465 0.535087420 1.440944882,
1.732224304 0.533083721 1.444959535,
1.732042770 0.531247546 1.449014169,
1.731732786 0.529577156 1.453110503,
1.731288276 0.528070812 1.457250254,
1.730703428 0.526726885 1.461434394,
1.729977167 0.525545708 1.465650516,
1.729112523 0.524529308 1.469874638,
1.728112659 0.523679772 1.474082397,
1.726980736 0.522999183 1.478249438,
1.725719486 0.522487724 1.482357604,
1.724330399 0.522140117 1.486406569,
1.722814740 0.521950108 1.490399197,
1.721734610 0.521907901 1.493031065,
1.720599165 0.521931104 1.495640015,
1.711276980 0.522551851 1.495612206,
1.701987647 0.523525720 1.495566749,
1.692744774 0.524850974 1.495501339,
1.683563530 0.526524995 1.495412873,
1.674459103 0.528544339 1.495297466,
1.665446626 0.530904757 1.495150523,
1.656541612 0.533600820 1.494966679,
1.647759611 0.536626264 1.494740031,
1.639115918 0.539973734 1.494463997,
1.630626702 0.543634225 1.494131578,
1.622308689 0.547597104 1.493735335,
1.614173228 0.551853211 1.493267178,
1.614173228 0.551978861 1.488142201,
1.614173228 0.552335316 1.483237846,
1.614173228 0.552779957 1.479368942,
1.614173228 0.553289965 1.475971868,
1.614173228 0.553888629 1.472698130,
1.614173228 0.554565228 1.469546948,
1.614173228 0.555309772 1.466516770,
1.614173228 0.556113989 1.463604240,
1.614173228 0.557265232 1.459897627,
1.614173228 0.558648661 1.455958461,
1.614173228 0.560107268 1.452248822,
1.614173228 0.561623886 1.448752809,
1.614173228 0.563186347 1.445453523,
1.614173228 0.564784401 1.442333760,
1.614173228 0.566411914 1.439376095,
1.614173228 0.568621077 1.435654750,
1.614173228 0.571154624 1.431729642,
1.614173228 0.573743789 1.428030049,
1.614173228 0.576406321 1.424502321,
1.614173228 0.579080541 1.421193402,
1.614173228 0.581684282 1.418170662,
1.614173228 0.585022823 1.414540874,
1.614173228 0.588589562 1.410925566,
1.614173228 0.591958699 1.407724744,
1.614173228 0.596171258 1.403972096,
1.614173228 0.600588394 1.400287856,
1.614173228 0.605924973 1.396112189,
1.614173228 0.618372079 1.387083258,
1.614173228 0.625238888 1.382060384,
1.614173228 0.627610541 1.380146596,
1.614173228 0.628549507 1.379320572,
1.614173228 0.629160195 1.378745503,
1.614173228 0.629564508 1.378338932,
1.718643564 0.576412958 1.396250615,
1.717675845 0.564232138 1.405259290,
1.703260271 0.565040652 1.405791888,
1.705183910 0.577033446 1.396684881,
1.716785034 0.553218957 1.415855014,
1.688999299 0.566392771 1.406647089,
1.691870636 0.578071703 1.397383017,
1.701489511 0.554221140 1.416476253,
1.715994547 0.543665648 1.427790781,
1.674971007 0.568298585 1.407779025,
1.678778037 0.579536342 1.398308840,
1.686356157 0.555896252 1.417472521,
1.699918177 0.544862336 1.428488613,
1.715322809 0.535791788 1.440752887,
1.661252529 0.570770382 1.409123715,
1.665979770 0.581437979 1.399411835,
1.671466535 0.558255474 1.418788462,
1.684010690 0.546861549 1.429606195,
1.698582891 0.537178964 1.441513509,
1.647922679 0.573819821 1.410599422,
1.653551102 0.583786994 1.400627391,
1.656900977 0.561312230 1.420346926,
1.668356742 0.549675141 1.431079116,
1.682017563 0.539495306 1.442729876,
1.635061787 0.577453999 1.412107957,
1.641568372 0.586590367 1.401877796,
1.642741567 0.565078787 1.422049465,
1.653039504 0.553317100 1.432817693,
1.665714108 0.542752913 1.444329185,
1.619254689 0.593542275 1.404119862,
1.630109428 0.589847133 1.403074182,
1.622752649 0.581669812 1.413537178,
1.629072301 0.569561599 1.423777969,
1.638143960 0.557799606 1.434707610,
1.649758108 0.546965751 1.446210150,
1.615980539 0.574754659 1.425397713,
1.623757362 0.563127722 1.436611899,
1.634237013 0.552145237 1.448243820,
1.619240842 0.558294333 1.450275883,
1.717719861 0.610116507 1.381449712,
1.717337276 0.606338765 1.382526279,
1.719903638 0.591804822 1.387883188,
1.714401275 0.597383722 1.385707203,
1.709387200 0.603175631 1.383764596,
1.719699599 0.589165781 1.389111554,
1.714085464 0.594652452 1.386831053,
1.708952304 0.600350385 1.384781730,
1.719498968 0.586577359 1.390394952,
1.713775086 0.591975111 1.388012319,
1.708525113 0.597582716 1.385859551,
1.703784217 0.603381256 1.383923024,
1.698258373 0.603631373 1.384111092,
1.703299166 0.590793689 1.389115067,
1.696054656 0.594903722 1.387731687,
1.692827271 0.603924981 1.384325590,
1.688267531 0.595472907 1.388128002,
1.680634408 0.596155411 1.388580252,
1.673293068 0.619267369 1.380578872,
1.663369190 0.607343448 1.385546766,
1.669076214 0.624443602 1.379310622,
1.650775408 0.620558883 1.381402147,
1.666526348 0.626687723 1.378773623,
1.665036320 0.627761612 1.378511712,
1.663726348 0.628581427 1.378306454,
1.662560217 0.629223141 1.378140680,
1.714203902 0.531037997 1.451141694,
1.713776686 0.530240552 1.453234100,
1.713285819 0.529489754 1.455339344,
1.703433618 0.526483447 1.468642870,
1.623780971 0.604085211 1.394529347,
1.687539105 0.531367847 1.459766850,
1.690720418 0.528369939 1.468447503,
1.710480217 0.523135225 1.484625346,
1.706415987 0.523768300 1.482325945,
1.709889718 0.523012589 1.486696649,
1.705879018 0.523606265 1.484422871,
1.670386326 0.534912341 1.460640040,
1.681995108 0.529864365 1.469139656,
1.677576373 0.530848267 1.469054039,
1.673194258 0.531918474 1.468924665,
1.679368590 0.528729235 1.477963732,
1.653627129 0.539578722 1.461691391,
1.664622594 0.533990007 1.469819329,
1.673426293 0.530129423 1.477837884,
1.660319576 0.535287105 1.469693134,
1.656063992 0.536662585 1.469528643,
1.661783478 0.533218675 1.478296031,
1.647694021 0.539305529 1.470561999,
1.631903111 0.548785444 1.459320959,
1.655998076 0.535043394 1.478120096,
1.631864772 0.548269932 1.460948864,
1.643536374 0.540897352 1.470389128,
1.624120613 0.552553372 1.458826397,
1.624068288 0.552056908 1.460392355,
1.644669448 0.538946799 1.478613853,
1.633630364 0.544541932 1.472249484,
1.667505978 0.589330659 1.394017579,
1.658262130 0.595324860 1.392181065,
1.652728964 0.596294649 1.392656616,
1.647350815 0.597337676 1.393126910,
1.643764622 0.604564326 1.389702921,
1.637699515 0.611510556 1.387007443,
1.632298144 0.618350707 1.384148872,
1.630703025 0.622590487 1.382038783,
1.637273745 0.625712661 1.379987638,
1.636087886 0.627407946 1.379209271,
1.678107249 0.629728729 1.377989175,
1.648380353 0.628553581 1.378463318,
1.647888054 0.628903077 1.378336916,
1.647435145 0.629178623 1.378235805,
1.646850057 0.629481136 1.378122780,
1.636912898 0.596905746 1.395837618,
1.631757126 0.598278598 1.396294759,
1.623287563 0.611801849 1.389534823,
1.624610524 0.623187272 1.382292038,
1.635341366 0.628193846 1.378836067,
1.634658071 0.628778970 1.378549482,
1.624257120 0.623490274 1.382142838,
1.623790732 0.623835265 1.381976271,
1.634031213 0.629225790 1.378323441,
1.633224006 0.629697870 1.378075014,
1.623447273 0.628255141 1.379138151,
1.623167418 0.628819678 1.378754060,
1.622878769 0.629229590 1.378466442,
1.622592303 0.629534936 1.378245287,
1.622198633 0.629848161 1.378009531,
1.653819854 0.629681324 1.378031346,
1.646278202 0.629776391 1.378009479,
1.639263443 0.629857280 1.377982597,
1.682114725 0.629872228 1.377961227,
1.657423628 0.629796766 1.377990242,
1.630037032 0.629845449 1.377998293,
1.624569508 0.629900841 1.377967359,
1.659252725 0.629857937 1.377971029,
1.649684409 0.629883316 1.377966443,
1.640840365 0.629904779 1.377960140,
1.618798550 0.629913932 1.377959300,
1.683122833 0.629908949 1.377954835,
1.660173770 0.629889336 1.377961773,
1.625183552 0.629916020 1.377956427,
1.660635879 0.629905233 1.377957234,
1.650549394 0.629911670 1.377956145,
1.641238573 0.629917110 1.377954597,
1.619054877 0.629919396 1.377954402,
1.683375231 0.629918179 1.377953273,
1.660867325 0.629913231 1.377954988,
1.628860955 0.629918235 1.377954640,
1.625338376 0.629919941 1.377953675,
1.660983145 0.629917241 1.377953870,
1.650766455 0.629918856 1.377953601,
1.641338370 0.629920220 1.377953216,
1.619119313 0.629920792 1.377953168,
1.683438353 0.629920489 1.377952885,
1.661041079 0.629919250 1.377953312,
1.625377164 0.629920930 1.377952986,
1.594488189 0.649606299 1.377952756,
1.594488189 0.767716535 1.377952756,
1.594052884 0.649606299 1.378420044,
1.593542666 0.649606299 1.378923348,
1.592966990 0.649606299 1.379456047,
1.592089977 0.649606299 1.380220937,
1.590462787 0.649606299 1.381547492,
1.587947186 0.649606299 1.383465988,
1.581607352 0.649606299 1.388029215,
1.571597615 0.649606299 1.395277868,
1.563530342 0.649606299 1.401616393,
1.557266233 0.649606299 1.407046059,
1.552168360 0.649606299 1.411902240,
1.547605439 0.649606299 1.416667231,
1.543579028 0.649606299 1.421275799,
1.540429571 0.649606299 1.425201811,
1.537002366 0.649606299 1.429864078,
1.533919696 0.649606299 1.434486226,
1.531226438 0.649606299 1.438943344,
1.528607880 0.649606299 1.443756381,
1.526329131 0.649606299 1.448449282,
1.524362459 0.649606299 1.453009776,
1.522502992 0.649606299 1.457927875,
1.521503115 0.649606299 1.460910913,
1.520275620 0.649606299 1.465032325,
1.519166882 0.649606299 1.469396781,
1.518417434 0.649606299 1.472890487,
1.517773859 0.649606299 1.476477288,
1.517237890 0.649606299 1.480210472,
1.516823584 0.649606299 1.484091170,
1.516546910 0.649606299 1.488119484,
1.516452482 0.649606299 1.490665616,
1.516420141 0.649606299 1.493267183,
1.512215526 0.657638764 1.493729937,
1.508296864 0.665849055 1.494122442,
1.504672941 0.674226283 1.494452531,
1.501353882 0.682754652 1.494727384,
1.498348365 0.691418664 1.494953757,
1.495663581 0.700203473 1.495138009,
1.493305619 0.709094138 1.495285866,
1.491279754 0.718075798 1.495402546,
1.489590162 0.727133906 1.495492541,
1.488240258 0.736253789 1.495559666,
1.487232672 0.745420729 1.495606997,
1.486569153 0.754621616 1.495636871,
1.486548522 0.756511729 1.491439358,
1.486677677 0.758092740 1.487609998,
1.486918628 0.759417499 1.484119329,
1.487282183 0.760648496 1.480584581,
1.487772636 0.761784987 1.477003673,
1.488393659 0.762826082 1.473376440,
1.489145088 0.763770032 1.469714514,
1.490025306 0.764614757 1.466033996,
1.491032692 0.765358179 1.462350999,
1.492165627 0.765998218 1.458681635,
1.493422513 0.766532850 1.455041866,
1.494802882 0.766962579 1.451440759,
1.496307843 0.767291449 1.447877727,
1.497938620 0.767523768 1.444351466,
1.499696441 0.767663843 1.440860670,
1.500732250 0.767703487 1.438929075,
1.501808154 0.767716535 1.437007874,
1.504764788 0.767716535 1.432117494,
1.507954509 0.767716535 1.427375851,
1.511369850 0.767716535 1.422794046,
1.515002816 0.767716535 1.418382803,
1.518844901 0.767716535 1.414152451,
1.522887111 0.767716535 1.410112893,
1.527119984 0.767716535 1.406273585,
1.531533610 0.767716535 1.402643515,
1.536117656 0.767716535 1.399231182,
1.540861392 0.767716535 1.396044574,
1.545753711 0.767716535 1.393091151,
1.550783161 0.767716535 1.390377826,
1.555937968 0.767716535 1.387910953,
1.561206063 0.767716535 1.385696305,
1.566575115 0.767716535 1.383739068,
1.572032555 0.767716535 1.382043823,
1.577565605 0.767716535 1.380614539,
1.583161313 0.767716535 1.379454563,
1.588806580 0.767716535 1.378566609,
1.558074591 0.654801662 1.404103273,
1.554385465 0.665659488 1.403055986,
1.546198649 0.658312120 1.413513560,
1.541990478 0.670623175 1.412083535,
1.551134634 0.677120391 1.401859090,
1.539273176 0.651548411 1.425368664,
1.538363625 0.683484857 1.410575408,
1.548336936 0.689104024 1.400609129,
1.534089466 0.664642084 1.423747752,
1.535321057 0.696814471 1.409101096,
1.545993232 0.701532626 1.399394791,
1.529615636 0.678312066 1.422019547,
1.527646267 0.659334274 1.436576070,
1.532855619 0.710531764 1.407758549,
1.544096497 0.714329923 1.398293597,
1.525857527 0.692471117 1.420318506,
1.522328748 0.673721567 1.434671898,
1.522803026 0.654823403 1.450234904,
1.530955643 0.724557996 1.406629271,
1.542636348 0.727420720 1.397369973,
1.522808611 0.707035323 1.418762454,
1.517856236 0.688616686 1.432783501,
1.516666053 0.669820306 1.448202705,
1.540985430 0.754187801 1.396242480,
1.529608857 0.738816100 1.405777019,
1.541602186 0.740731422 1.396674259,
1.520456600 0.721922681 1.417449558,
1.514223577 0.703932470 1.431047522,
1.511498031 0.685340977 1.446170496,
1.528805207 0.753228063 1.405247463,
1.518788089 0.737052927 1.416456702,
1.511418558 0.719584018 1.429577949,
1.507295888 0.701295493 1.444292225,
1.517791933 0.752344564 1.415838999,
1.509427210 0.735488231 1.428464161,
1.504048169 0.717596493 1.442696477,
1.508237714 0.751560519 1.427770285,
1.501740916 0.734158466 1.441484195,
1.500362065 0.750894194 1.440727864,
1.567737725 0.659665858 1.395035535,
1.566270412 0.664647032 1.394664912,
1.560039769 0.723774385 1.388121227,
1.568200123 0.733744399 1.384107576,
1.582929161 0.709311862 1.380811652,
1.570892625 0.702678570 1.385553565,
1.559471889 0.731560474 1.387725648,
1.567950529 0.739269448 1.383919851,
1.574666397 0.753183471 1.381453700,
1.564891111 0.744433061 1.384789453,
1.567745403 0.744871432 1.383761773,
1.570850227 0.752797849 1.382542417,
1.562095562 0.744002534 1.385879062,
1.555325736 0.738798541 1.389127386,
1.561896749 0.749879633 1.385726867,
1.559138559 0.749561622 1.386863604,
1.556435353 0.749249135 1.388058907,
1.556265138 0.755380455 1.387929880,
1.553601144 0.755175334 1.389173345,
1.550988728 0.754973670 1.390472935,
1.517115419 0.659631449 1.458730881,
1.516564718 0.659573569 1.460467047,
1.513294902 0.667409614 1.459395509,
1.512733393 0.667366007 1.461179833,
1.509098240 0.669017143 1.472399142,
1.504168014 0.689023728 1.461658674,
1.505500499 0.678891393 1.470361188,
1.503926988 0.682994567 1.470533601,
1.503591172 0.679906990 1.478590736,
1.501280328 0.691361159 1.469499615,
1.499518984 0.705705457 1.460608360,
1.499919200 0.695560644 1.469664338,
1.498634280 0.699806546 1.469792099,
1.499702892 0.691157452 1.478095903,
1.497893755 0.696865774 1.478272640,
1.496555069 0.708373981 1.468895080,
1.495980406 0.722777429 1.459737870,
1.495492781 0.712697871 1.469026611,
1.494514383 0.717057819 1.469115890,
1.494806644 0.708426669 1.477813819,
1.493008229 0.725778591 1.468419048,
1.493412376 0.714289459 1.477942510,
1.495447158 0.749313379 1.451591327,
1.494760272 0.748888399 1.453421315,
1.494110533 0.748417064 1.455256978,
1.493499965 0.747900310 1.457092069,
1.490883529 0.738006328 1.469814949,
1.488297319 0.740493428 1.484066404,
1.487815947 0.745032718 1.484268098,
1.487705955 0.744490250 1.486072307,
1.590611964 0.664235306 1.380257738,
1.591168541 0.663692717 1.379964791,
1.593415499 0.669569040 1.378521162,
1.589865446 0.664844218 1.380644691,
1.592788639 0.670613094 1.378825538,
1.592196970 0.671412484 1.379102427,
1.588656045 0.665621556 1.381262374,
1.587015127 0.666391571 1.382092402,
1.578219304 0.667829105 1.386698939,
1.587664740 0.684737751 1.380504186,
1.583397067 0.667382561 1.383934628,
1.577054208 0.672492547 1.386590084,
1.583594882 0.687217851 1.381929846,
1.574814748 0.673881871 1.387558910,
1.574369945 0.676213983 1.387414831,
1.560190530 0.690315732 1.392631957,
1.567548756 0.683930769 1.389716737,
1.559248561 0.695891331 1.392155738,
1.588201245 0.739367212 1.378813202,
1.558383014 0.701602047 1.391686310,
1.552554637 0.713011878 1.393214602,
1.594141650 0.657763851 1.378217956,
1.593734316 0.658270598 1.378512398,
1.593335488 0.658632261 1.378789299,
1.592936035 0.658909409 1.379058859,
1.592385432 0.659196287 1.379421384,
1.592377170 0.684552636 1.378729284,
1.591977814 0.685307828 1.378861882,
1.591615492 0.685884073 1.378981328,
1.577176297 0.658555149 1.389054772,
1.593603079 0.714705637 1.378118105,
1.587484928 0.705941379 1.379676303,
1.591162147 0.702078043 1.378795942,
1.589588857 0.703910017 1.379172633,
1.577071636 0.695358202 1.383791538,
1.560492328 0.674930023 1.395824646,
1.594360682 0.653213945 1.378070935,
1.594193155 0.674976316 1.378089250,
1.593815630 0.682418416 1.378211818,
1.593370116 0.690521890 1.378310197,
1.594394218 0.660049775 1.378019709,
1.594276367 0.662782354 1.378090471,
1.594134737 0.665733119 1.378162569,
1.593914718 0.693523093 1.378123367,
1.594264147 0.717847316 1.377991353,
1.594454578 0.654231384 1.377982722,
1.594412820 0.676346517 1.377986457,
1.594314419 0.685305823 1.378015185,
1.594197994 0.695026768 1.378035996,
1.594464238 0.660629300 1.377969523,
1.594433409 0.663997913 1.377987163,
1.594342245 0.695779244 1.377993856,
1.594432015 0.718631283 1.377962236,
1.594479677 0.654488109 1.377960272,
1.594469247 0.676690107 1.377961154,
1.594444405 0.686030258 1.377968212,
1.594415008 0.696155627 1.377973175,
1.594482173 0.660774670 1.377956949,
1.594474381 0.664303544 1.377961355,
1.594451546 0.696343852 1.377962933,
1.594474135 0.718827176 1.377955115,
1.594486054 0.654552437 1.377954637,
1.594483447 0.676776068 1.377954854,
1.594477222 0.686211516 1.377956610,
1.594469855 0.696437973 1.377957836,
1.594486683 0.660811043 1.377953804,
1.594484730 0.664380059 1.377954905,
1.594479019 0.696485035 1.377955294,
1.594484675 0.718876143 1.377953345,
-1.516420140 0.649606299 1.493267176,
-1.516420156 0.649606299 1.437007874,
-1.516545760 0.649606299 1.488143331,
-1.516901998 0.649606299 1.483240705,
-1.517338337 0.649606299 1.479432935,
-1.517846196 0.649606299 1.476035985,
-1.518442789 0.649606299 1.472762362,
-1.519117422 0.649606299 1.469610917,
-1.519860307 0.649606299 1.466579623,
-1.520663326 0.649606299 1.463664832,
-1.521813865 0.649606299 1.459953059,
-1.523198509 0.649606299 1.456004402,
-1.524661025 0.649606299 1.452280651,
-1.526185182 0.649606299 1.448765106,
-1.527760002 0.649606299 1.445439911,
-1.529376236 0.649606299 1.442287150,
-1.531028175 0.649606299 1.439289749,
-1.532711871 0.649606299 1.436430648,
-1.535009096 0.649606299 1.432800395,
-1.537666784 0.649606299 1.428924803,
-1.540365937 0.649606299 1.425283654,
-1.543082993 0.649606299 1.421873854,
-1.545812551 0.649606299 1.418667715,
-1.548533398 0.649606299 1.415661805,
-1.552103942 0.649606299 1.411966676,
-1.555964992 0.649606299 1.408244283,
-1.559557092 0.649606299 1.404998647,
-1.563854968 0.649606299 1.401348598,
-1.569443475 0.649606299 1.396912210,
-1.576293597 0.649606299 1.391824645,
-1.584132658 0.649606299 1.386232830,
-1.588995786 0.649606299 1.382680068,
-1.591921976 0.649606299 1.380362648,
-1.592942401 0.649606299 1.379478170,
-1.593615906 0.649606299 1.378853215,
-1.594083371 0.649606299 1.378388702,
-1.594488189 0.649606299 1.377952756,
-1.594488189 0.649606299 0.531496063,
-1.216444463 0.649606299 0.531496063,
-1.216444463 0.649606299 0.157480315,
-0.722847712 0.649606299 0.157480315,
-0.722847712 0.649606299 0.531496063,
0.722847712 0.649606299 0.531496063,
0.722847712 0.649606299 0.157480315,
1.216444463 0.649606299 0.157480315,
1.216444463 0.649606299 0.531496063,
1.594488189 0.649606299 0.531496063,
1.594488189 0.649606299 1.377952756,
1.594052884 0.649606299 1.378420044,
1.593542666 0.649606299 1.378923348,
1.592966990 0.649606299 1.379456047,
1.592089977 0.649606299 1.380220937,
1.590462787 0.649606299 1.381547492,
1.587947186 0.649606299 1.383465988,
1.581607352 0.649606299 1.388029215,
1.571597615 0.649606299 1.395277868,
1.563530342 0.649606299 1.401616393,
1.557266233 0.649606299 1.407046059,
1.552168360 0.649606299 1.411902240,
1.547605439 0.649606299 1.416667231,
1.543579028 0.649606299 1.421275799,
1.540429571 0.649606299 1.425201811,
1.537002366 0.649606299 1.429864078,
1.533919696 0.649606299 1.434486226,
1.531226438 0.649606299 1.438943344,
1.528607880 0.649606299 1.443756381,
1.526329131 0.649606299 1.448449282,
1.524362459 0.649606299 1.453009776,
1.522502992 0.649606299 1.457927875,
1.521503115 0.649606299 1.460910913,
1.520275620 0.649606299 1.465032325,
1.519166882 0.649606299 1.469396781,
1.518417434 0.649606299 1.472890487,
1.517773859 0.649606299 1.476477288,
1.517237890 0.649606299 1.480210472,
1.516823584 0.649606299 1.484091170,
1.516546910 0.649606299 1.488119484,
1.516452482 0.649606299 1.490665616,
1.516420141 0.649606299 1.493267183,
1.516420156 0.649606299 1.437007874,
-1.614173228 0.629921260 1.377952756,
-1.732283465 0.629921260 1.377952756,
-1.614173228 0.629490538 1.378415341,
-1.614173228 0.628986768 1.378912825,
-1.614173228 0.628419520 1.379438506,
-1.614173228 0.627556880 1.380192236,
-1.614173228 0.625962564 1.381494810,
-1.614173228 0.623506410 1.383372255,
-1.614173228 0.617338773 1.387817388,
-1.614173228 0.607614700 1.394840853,
-1.614173228 0.599783860 1.400941930,
-1.614173228 0.593661166 1.406177113,
-1.614173228 0.588073455 1.411433492,
-1.614173228 0.583578466 1.416079796,
-1.614173228 0.579645835 1.420521827,
-1.614173228 0.576602864 1.424250389,
-1.614173228 0.572825319 1.429310374,
-1.614173228 0.569639601 1.434036564,
-1.614173228 0.566781435 1.438731826,
-1.614173228 0.564253790 1.443344067,
-1.614173228 0.562046150 1.447833444,
-1.614173228 0.559930700 1.452678183,
-1.614173228 0.558136727 1.457361975,
-1.614173228 0.557069019 1.460497438,
-1.614173228 0.556006414 1.463975747,
-1.614173228 0.555030793 1.467608897,
-1.614173228 0.554203705 1.471172513,
-1.614173228 0.553517083 1.474658766,
-1.614173228 0.552930903 1.478281017,
-1.614173228 0.552457233 1.482043612,
-1.614173228 0.552109801 1.485948474,
-1.614173228 0.551919254 1.489552146,
-1.614173228 0.551853212 1.493267185,
-1.622309341 0.547596781 1.493735375,
-1.630627689 0.543633776 1.494131615,
-1.639116943 0.539973312 1.494464029,
-1.647760624 0.536625896 1.494740059,
-1.656542609 0.533600499 1.494966703,
-1.665447489 0.530904511 1.495150540,
-1.674459772 0.528544178 1.495297477,
-1.683564036 0.526524894 1.495412879,
-1.692745155 0.524850912 1.495501343,
-1.701987920 0.523525687 1.495566751,
-1.711277128 0.522551838 1.495612206,
-1.720599165 0.521931104 1.495640015,
-1.722281436 0.521920715 1.491718460,
-1.723838858 0.522059559 1.487744372,
-1.725270158 0.522353872 1.483714930,
-1.726574068 0.522809893 1.479627313,
-1.727749262 0.523433620 1.475479472,
-1.728793451 0.524226811 1.471283240,
-1.729703509 0.525187550 1.467062451,
-1.730476284 0.526313804 1.462841337,
-1.731108624 0.527603535 1.458644123,
-1.731599470 0.529055577 1.454489142,
-1.731953785 0.530671250 1.450377771,
-1.732177602 0.532452321 1.446308357,
-1.732257297 0.533732461 1.443617908,
-1.732283465 0.535087420 1.440944882,
-1.732283465 0.537826610 1.435996148,
-1.732283465 0.540799583 1.431184229,
-1.732283465 0.543999522 1.426520162,
-1.732283465 0.547419087 1.422014643,
-1.732283465 0.551050437 1.417678006,
-1.732283465 0.554885243 1.413520194,
-1.732283465 0.558914710 1.409550745,
-1.732283465 0.563129597 1.405778762,
-1.732283465 0.567520237 1.402212896,
-1.732283465 0.572076562 1.398861324,
-1.732283465 0.576788121 1.395731733,
-1.732283465 0.581644109 1.392831300,
-1.732283465 0.586633389 1.390166678,
-1.732283465 0.591744519 1.387743978,
-1.732283465 0.596965777 1.385568755,
-1.732283465 0.602285189 1.383645998,
-1.732283465 0.607690554 1.381980118,
-1.732283465 0.613169476 1.380574934,
-1.732283465 0.618709389 1.379433669,
-1.732283465 0.624297589 1.378558941,
-1.619362585 0.593502284 1.404110246,
-1.630220991 0.589812409 1.403062817,
-1.622872543 0.581624892 1.413523695,
-1.635184351 0.577415835 1.412093476,
-1.641682521 0.586560907 1.401865743,
-1.616108102 0.574699364 1.425382552,
-1.648046830 0.573788208 1.410585128,
-1.653666820 0.583762626 1.400615586,
-1.629202612 0.569514555 1.423761452,
-1.661377253 0.570744990 1.409110592,
-1.666096099 0.581418434 1.399401052,
-1.642873480 0.565039764 1.422033022,
-1.623894547 0.563071843 1.436593795,
-1.675095368 0.568279025 1.407767836,
-1.678894083 0.579521303 1.398299678,
-1.657033430 0.561280847 1.420331746,
-1.638282761 0.557753194 1.434689415,
-1.619383868 0.558229883 1.450256675,
-1.689122437 0.566378641 1.406638379,
-1.691985579 0.578060849 1.397375901,
-1.671598551 0.558231272 1.418775471,
-1.653178816 0.553279728 1.432800794,
-1.634381667 0.552091639 1.448224310,
-1.718754087 0.576409586 1.396248220,
-1.703381391 0.565031565 1.405785992,
-1.705296991 0.577026471 1.396680071,
-1.686486839 0.555878752 1.417462384,
-1.668495551 0.549646291 1.431064596,
-1.649903248 0.546922543 1.446191908,
-1.717794212 0.564227744 1.405256352,
-1.701618031 0.554209879 1.416469380,
-1.684148067 0.546840669 1.429594832,
-1.665858688 0.542719523 1.444313443,
-1.716910621 0.553213508 1.415851586,
-1.700053263 0.544848892 1.428480896,
-1.682160629 0.539471122 1.442717521,
-1.716126542 0.543659141 1.427786928,
-1.698723557 0.537163384 1.441505102,
-1.715460249 0.535784244 1.440748685,
-1.654778124 0.612478434 1.384317876,
-1.670420782 0.623017449 1.379652336,
-1.668412533 0.625082135 1.379158269,
-1.666599426 0.626630867 1.378787344,
-1.651686936 0.619213798 1.381864144,
-1.673751634 0.618563403 1.380759548,
-1.669643027 0.602147254 1.387086837,
-1.677069185 0.612314051 1.382493202,
-1.688339597 0.595467065 1.388124024,
-1.698310281 0.603628799 1.384109182,
-1.696126000 0.594899074 1.387728378,
-1.703835507 0.603379157 1.383921425,
-1.717752064 0.610115991 1.381449289,
-1.709003733 0.600348550 1.384780320,
-1.709437669 0.603173993 1.383763320,
-1.717370325 0.606338140 1.382525775,
-1.708577485 0.597580685 1.385858008,
-1.703371112 0.590789750 1.389112212,
-1.714452602 0.597382238 1.385706057,
-1.714137697 0.594650824 1.386829811,
-1.713828211 0.591973338 1.388010983,
-1.719955508 0.591803673 1.387882312,
-1.719752324 0.589164538 1.389110617,
-1.719552533 0.586576021 1.390393956,
-1.624168601 0.552261340 1.459623645,
-1.631988425 0.549008011 1.458554523,
-1.631955215 0.548443675 1.460285169,
-1.631901910 0.547896207 1.462091437,
-1.633700181 0.544357712 1.473011516,
-1.653727500 0.539548753 1.461679170,
-1.643612894 0.540870217 1.470379247,
-1.647770981 0.539279717 1.470552297,
-1.644721504 0.538928076 1.478607264,
-1.656140023 0.536640035 1.469519644,
-1.670486113 0.534889617 1.460629818,
-1.660395980 0.535265848 1.469684433,
-1.664699291 0.533970069 1.469810968,
-1.656049710 0.535027571 1.478114064,
-1.661835382 0.533204099 1.478290277,
-1.673269666 0.531901607 1.468917283,
-1.687637568 0.531352024 1.459759213,
-1.677651979 0.530832690 1.469047085,
-1.682070903 0.529850078 1.469133166,
-1.673477389 0.530117648 1.477832951,
-1.714524443 0.531588579 1.449757790,
-1.690794599 0.528358507 1.468442158,
-1.679419810 0.528718692 1.477959194,
-1.714140907 0.530761947 1.451836781,
-1.713692585 0.529979605 1.453934196,
-1.713181155 0.529245048 1.456041350,
-1.703361643 0.526381491 1.469115769,
-1.706243664 0.523708891 1.483027977,
-1.710839954 0.523242318 1.483234412,
-1.710289962 0.523089163 1.485319621,
-1.628775598 0.626098182 1.380228706,
-1.628238901 0.626646963 1.379939278,
-1.634127293 0.628860169 1.378515196,
-1.629377913 0.625362886 1.380610571,
-1.635161543 0.628239901 1.378816696,
-1.635954048 0.627654832 1.379090832,
-1.630145898 0.624175399 1.381218097,
-1.630907101 0.622568904 1.382031749,
-1.632355460 0.614000799 1.386511835,
-1.649233425 0.623194301 1.380470558,
-1.631892311 0.619039157 1.383829146,
-1.633541058 0.611881758 1.387493879,
-1.633642285 0.607823799 1.389794857,
-1.635178501 0.604327748 1.391551331,
-1.637695346 0.601449798 1.392743298,
-1.642720112 0.600318263 1.392327880,
-1.647921146 0.599251495 1.391890500,
-1.656129245 0.593507366 1.393630367,
-1.703846567 0.623738986 1.378797201,
-1.661808364 0.592544931 1.393134716,
-1.667621584 0.591662780 1.392648901,
-1.677576276 0.587980743 1.393218953,
-1.622330422 0.629578422 1.378215161,
-1.622832562 0.629175348 1.378506708,
-1.623191447 0.628781057 1.378780696,
-1.623466667 0.628386712 1.379047071,
-1.623751948 0.627843890 1.379404852,
-1.649095352 0.627833028 1.378721266,
-1.649843476 0.627437771 1.378852683,
-1.650414789 0.627079320 1.378970999,
-1.623103341 0.613004969 1.388806901,
-1.643578363 0.611494409 1.386136062,
-1.679259884 0.629045311 1.378116410,
-1.646978196 0.629255733 1.378209150,
-1.655075482 0.628814921 1.378306527,
-1.687236129 0.629468756 1.378023438,
-1.642725238 0.629766856 1.378018717,
-1.666150926 0.629314083 1.378103422,
-1.625865227 0.629872377 1.377986203,
-1.631706605 0.629618080 1.378125733,
-1.663596856 0.629624030 1.378030607,
-1.684396491 0.629809485 1.377971159,
-1.651594000 0.629833460 1.377983032,
-1.662340797 0.629774296 1.377992303,
-1.637607565 0.629851525 1.377986711,
-1.689821705 0.629864222 1.377961111,
-1.623933738 0.629898884 1.377969113,
-1.643829153 0.629901640 1.377960912,
-1.618535285 0.629913146 1.377960087,
-1.626318551 0.629915055 1.377956943,
-1.633057483 0.629897912 1.377965621,
-1.665440768 0.629883624 1.377962184,
-1.685038770 0.629907255 1.377955025,
-1.614173228 0.629921260 0.537557936,
-1.614173228 -0.629921260 0.537557936,
-1.614173228 0.629921260 1.377952756,
-1.614173228 0.629490538 1.378415341,
-1.614173228 0.628986768 1.378912825,
-1.614173228 0.628419520 1.379438506,
-1.614173228 0.627556880 1.380192236,
-1.614173228 0.625962564 1.381494810,
-1.614173228 0.623506410 1.383372255,
-1.614173228 0.617338773 1.387817388,
-1.614173228 0.607614700 1.394840853,
-1.614173228 0.599783860 1.400941930,
-1.614173228 0.593661166 1.406177113,
-1.614173228 0.588073455 1.411433492,
-1.614173228 0.583578466 1.416079796,
-1.614173228 0.579645835 1.420521827,
-1.614173228 0.576602864 1.424250389,
-1.614173228 0.572825319 1.429310374,
-1.614173228 0.569639601 1.434036564,
-1.614173228 0.566781435 1.438731826,
-1.614173228 0.564253790 1.443344067,
-1.614173228 0.562046150 1.447833444,
-1.614173228 0.559930700 1.452678183,
-1.614173228 0.558136727 1.457361975,
-1.614173228 0.557069019 1.460497438,
-1.614173228 0.556006414 1.463975747,
-1.614173228 0.555030793 1.467608897,
-1.614173228 0.554203705 1.471172513,
-1.614173228 0.553517083 1.474658766,
-1.614173228 0.552930903 1.478281017,
-1.614173228 0.552457233 1.482043612,
-1.614173228 0.552109801 1.485948474,
-1.614173228 0.551919254 1.489552146,
-1.614173228 0.551853212 1.493267185,
-1.614173228 0.551853226 1.440944882,
-1.614173228 -0.551853226 1.440944882,
-1.614173228 -0.551853211 1.493267176,
-1.614173228 -0.551978839 1.488143193,
-1.614173228 -0.552335140 1.483239989,
-1.614173228 -0.552771629 1.479431254,
-1.614173228 -0.553279701 1.476033351,
-1.614173228 -0.553876627 1.472758490,
-1.614173228 -0.554551744 1.469605475,
-1.614173228 -0.555295301 1.466572240,
-1.614173228 -0.556099222 1.463655106,
-1.614173228 -0.557251398 1.459939524,
-1.614173228 -0.558638589 1.455985578,
-1.614173228 -0.560104540 1.452255403,
-1.614173228 -0.561633175 1.448732222,
-1.614173228 -0.563213724 1.445398072,
-1.614173228 -0.564837123 1.442234967,
-1.614173228 -0.566497677 1.439225944,
-1.614173228 -0.568191447 1.436354082,
-1.614173228 -0.570505144 1.432704735,
-1.614173228 -0.573183269 1.428808486,
-1.614173228 -0.575886313 1.425169914,
-1.614173228 -0.578593564 1.421779993,
-1.614173228 -0.581319809 1.418583504,
-1.614173228 -0.584039241 1.415583694,
-1.614173228 -0.587607259 1.411896587,
-1.614173228 -0.591465681 1.408181350,
-1.614173228 -0.595051953 1.404944466,
-1.614173228 -0.599339129 1.401306564,
-1.614173228 -0.604913239 1.396884058,
-1.614173228 -0.611747233 1.391809787,
-1.614173228 -0.619571422 1.386228764,
-1.614173228 -0.624428546 1.382680304,
-1.614173228 -0.627355299 1.380362437,
-1.614173228 -0.628375787 1.379477887,
-1.614173228 -0.629049415 1.378852792,
-1.614173228 -0.629516700 1.378388438,
-1.614173228 -0.629921260 1.377952756,
-1.594488189 0.767716535 1.377952756,
-1.594488189 0.649606299 1.377952756,
-1.588806580 0.767716535 1.378566609,
-1.583161313 0.767716535 1.379454563,
-1.577565605 0.767716535 1.380614539,
-1.572032555 0.767716535 1.382043823,
-1.566575115 0.767716535 1.383739068,
-1.561206063 0.767716535 1.385696305,
-1.555937968 0.767716535 1.387910953,
-1.550783161 0.767716535 1.390377826,
-1.545753711 0.767716535 1.393091151,
-1.540861392 0.767716535 1.396044574,
-1.536117656 0.767716535 1.399231182,
-1.531533610 0.767716535 1.402643515,
-1.527119984 0.767716535 1.406273585,
-1.522887111 0.767716535 1.410112893,
-1.518844901 0.767716535 1.414152451,
-1.515002816 0.767716535 1.418382803,
-1.511369850 0.767716535 1.422794046,
-1.507954509 0.767716535 1.427375851,
-1.504764788 0.767716535 1.432117494,
-1.501808154 0.767716535 1.437007874,
-1.499479268 0.767651779 1.441276772,
-1.497550507 0.767478401 1.445163247,
-1.495948623 0.767224086 1.448698584,
-1.494472398 0.766872226 1.452270769,
-1.493120593 0.766418537 1.455881070,
-1.491892265 0.765859404 1.459528927,
-1.490788308 0.765195334 1.463202567,
-1.489810310 0.764428393 1.466885964,
-1.488959864 0.763560655 1.470563083,
-1.488238562 0.762594189 1.474217888,
-1.487647943 0.761531057 1.477834499,
-1.487187224 0.760372793 1.481404201,
-1.486852364 0.759120201 1.484928302,
-1.486639082 0.757774027 1.488408861,
-1.486543096 0.756335018 1.491847935,
-1.486538926 0.755492569 1.493748354,
-1.486569153 0.754621616 1.495636871,
-1.487232684 0.745420599 1.495606997,
-1.488240289 0.736253552 1.495559665,
-1.489590216 0.727133580 1.495492538,
-1.491279843 0.718075366 1.495402541,
-1.493305761 0.709093558 1.495285856,
-1.495663801 0.700202710 1.495137993,
-1.498348656 0.691417770 1.494953735,
-1.501354218 0.682753729 1.494727358,
-1.504673345 0.674225309 1.494452500,
-1.508297315 0.665848068 1.494122405,
-1.512215859 0.657638093 1.493729897,
-1.516420140 0.649606299 1.493267176,
-1.516545760 0.649606299 1.488143331,
-1.516901998 0.649606299 1.483240705,
-1.517338337 0.649606299 1.479432935,
-1.517846196 0.649606299 1.476035985,
-1.518442789 0.649606299 1.472762362,
-1.519117422 0.649606299 1.469610917,
-1.519860307 0.649606299 1.466579623,
-1.520663326 0.649606299 1.463664832,
-1.521813865 0.649606299 1.459953059,
-1.523198509 0.649606299 1.456004402,
-1.524661025 0.649606299 1.452280651,
-1.526185182 0.649606299 1.448765106,
-1.527760002 0.649606299 1.445439911,
-1.529376236 0.649606299 1.442287150,
-1.531028175 0.649606299 1.439289749,
-1.532711871 0.649606299 1.436430648,
-1.535009096 0.649606299 1.432800395,
-1.537666784 0.649606299 1.428924803,
-1.540365937 0.649606299 1.425283654,
-1.543082993 0.649606299 1.421873854,
-1.545812551 0.649606299 1.418667715,
-1.548533398 0.649606299 1.415661805,
-1.552103942 0.649606299 1.411966676,
-1.555964992 0.649606299 1.408244283,
-1.559557092 0.649606299 1.404998647,
-1.563854968 0.649606299 1.401348598,
-1.569443475 0.649606299 1.396912210,
-1.576293597 0.649606299 1.391824645,
-1.584132658 0.649606299 1.386232830,
-1.588995786 0.649606299 1.382680068,
-1.591921976 0.649606299 1.380362648,
-1.592942401 0.649606299 1.379478170,
-1.593615906 0.649606299 1.378853215,
-1.594083371 0.649606299 1.378388702,
-1.540780504 0.767611196 1.396096178,
-1.540988763 0.754078540 1.396244847,
-1.528809551 0.753111048 1.405250367,
-1.529617842 0.738696313 1.405782849,
-1.541609083 0.740619585 1.396679015,
-1.517797319 0.752220411 1.415842388,
-1.530969621 0.724436164 1.406637887,
-1.542647086 0.727306996 1.397377013,
-1.518799224 0.736925822 1.416463498,
-1.508244146 0.751430032 1.427774093,
-1.532874976 0.710408673 1.407769622,
-1.544111380 0.714215062 1.398302665,
-1.520473912 0.721793385 1.417459587,
-1.509440503 0.735354632 1.428471792,
-1.500369522 0.750758323 1.440732017,
-1.535346196 0.696690969 1.409114089,
-1.546012583 0.701417437 1.399405468,
-1.522832562 0.706904656 1.418775310,
-1.511439213 0.719448099 1.429589189,
-1.501756322 0.734019348 1.441492508,
-1.538394936 0.683361873 1.410589566,
-1.548361071 0.688989392 1.400620823,
-1.525888598 0.692339962 1.420333535,
-1.514252128 0.703795080 1.431061892,
-1.504072092 0.717454945 1.442708700,
-1.542028291 0.670501721 1.412097883,
-1.551163822 0.677007276 1.401871032,
-1.529654286 0.678181393 1.422035834,
-1.517893236 0.688478740 1.432800233,
-1.507328931 0.701152390 1.444307805,
-1.558114238 0.654694680 1.404112807,
-1.554419880 0.665548906 1.403067250,
-1.546243166 0.658193280 1.413526924,
-1.534136077 0.664512955 1.423764117,
-1.522374717 0.673584070 1.434689920,
-1.511540809 0.685197260 1.446188558,
-1.539327976 0.651421971 1.425383690,
-1.527701631 0.659198333 1.436594009,
-1.516719139 0.669677011 1.448222030,
-1.522866883 0.654681673 1.450253938,
-1.574666908 0.753151592 1.381454119,
-1.570850846 0.752765123 1.382542917,
-1.556266279 0.755329119 1.387930749,
-1.561898220 0.749828831 1.385728002,
-1.567747025 0.744821478 1.383763035,
-1.553602379 0.755123145 1.389174275,
-1.559140174 0.749509914 1.386864836,
-1.564892929 0.744382147 1.384790850,
-1.550990057 0.754920641 1.390473924,
-1.556437113 0.749196536 1.388060232,
-1.562097576 0.743950677 1.385880591,
-1.567952607 0.739218659 1.383921434,
-1.555329638 0.738727326 1.389130213,
-1.559476491 0.731489842 1.387728924,
-1.568202673 0.733692977 1.384109468,
-1.560045554 0.723703009 1.388125166,
-1.579464693 0.711272963 1.381745662,
-1.568486447 0.704134996 1.386415749,
-1.584663863 0.708157084 1.380369068,
-1.579645650 0.689186009 1.383342670,
-1.592988423 0.699429171 1.378346989,
-1.592115983 0.700782395 1.378564058,
-1.590987344 0.702298513 1.378838039,
-1.588328296 0.705174275 1.379473705,
-1.585182869 0.686339650 1.381371129,
-1.593707569 0.698151530 1.378162312,
-1.496003285 0.749536280 1.450194826,
-1.495289582 0.749147414 1.452016354,
-1.494611340 0.748711418 1.453848029,
-1.493970758 0.748229320 1.455683924,
-1.491073935 0.738231432 1.468865949,
-1.495996157 0.722680070 1.459745468,
-1.493019652 0.725705278 1.468424385,
-1.487787431 0.744911193 1.484686589,
-1.488401033 0.740884960 1.482662834,
-1.487685560 0.744358608 1.486485749,
-1.488270387 0.740370464 1.484486180,
-1.499541542 0.705606757 1.460618502,
-1.494528638 0.716982884 1.469122360,
-1.495508294 0.712623128 1.469033531,
-1.496571839 0.708299436 1.468902416,
-1.493422909 0.714238850 1.477947039,
-1.504197727 0.688924403 1.461670784,
-1.498654099 0.699730699 1.469800402,
-1.494818377 0.708376190 1.477818732,
-1.499940306 0.695485086 1.469672972,
-1.501302698 0.691285960 1.469508538,
-1.497908248 0.696814479 1.478278357,
-1.503952599 0.682918419 1.470543219,
-1.513344340 0.667338570 1.459341752,
-1.499718604 0.691106419 1.478101890,
-1.512829327 0.667299852 1.460969728,
-1.505527409 0.678815656 1.470370978,
-1.517112134 0.659556002 1.458847042,
-1.516616122 0.659503306 1.460413211,
-1.503609752 0.679855498 1.478597268,
-1.509150407 0.668963071 1.472259025,
-1.586409319 0.740726109 1.379099053,
-1.552565800 0.712919163 1.393221493,
-1.557146645 0.702437578 1.392234505,
-1.558022085 0.696666824 1.392713611,
-1.558976167 0.691030778 1.393201238,
-1.565233439 0.682589810 1.391233556,
-1.566277660 0.677464187 1.391651948,
-1.567383903 0.672515559 1.392047092,
-1.572906947 0.669990900 1.389314652,
-1.569945462 0.670145161 1.391020459,
-1.575767151 0.668666028 1.387930668,
-1.589027936 0.683576878 1.380031287,
-1.577935525 0.667182433 1.386964849,
-1.581352245 0.667170864 1.385071602,
-1.585448447 0.666649269 1.382913654,
-1.588272092 0.665769094 1.381461751,
-1.590267090 0.664681677 1.380427908,
-1.593707338 0.669593559 1.378367215,
-1.593202608 0.670279796 1.378620378,
-1.592574589 0.670983221 1.378925115,
-1.591094409 0.664037529 1.379989898,
-1.594238331 0.668696912 1.378089311,
-1.594273222 0.713586405 1.377993395,
-1.593347027 0.683519593 1.378381440,
-1.592974421 0.684026047 1.378515303,
-1.593656524 0.683024067 1.378268623,
-1.593995929 0.682374330 1.378142519,
-1.592664543 0.658950919 1.379243078,
-1.593265579 0.658676896 1.378837223,
-1.593707615 0.658385870 1.378529546,
-1.594053804 0.658075961 1.378280580,
-1.594406472 0.657640212 1.378016183,
-1.594220148 0.689304546 1.378040459,
-1.594326375 0.681740902 1.378016069,
-1.594416744 0.674708771 1.377986067,
-1.594433457 0.717559685 1.377962211,
-1.594349176 0.692883935 1.377994592,
-1.594403497 0.665482642 1.378003602,
-1.594465389 0.660005329 1.377969059,
-1.594417495 0.694699760 1.377973150,
-1.594445830 0.685125401 1.377968034,
-1.594469791 0.676276639 1.377960999,
-1.594480008 0.654232117 1.377960062,
-1.594474448 0.718558899 1.377955077,
-1.594452553 0.695613909 1.377962820,
-1.594474833 0.663962585 1.377961160,
-1.594482340 0.660617349 1.377956854,
-1.594470300 0.696072504 1.377957755,
-1.594477484 0.685984477 1.377956538,
-1.594483556 0.676672453 1.377954811,
-1.594486109 0.654488082 1.377954594,
-1.594484750 0.718809052 1.377953333,
-1.594479227 0.696302178 1.377955247,
-1.594484813 0.664294507 1.377954859,
-1.594486717 0.660771631 1.377953782,
-1.594483703 0.696417109 1.377953999,
-1.594485506 0.686200030 1.377953699,
-1.594487029 0.676771644 1.377953269,
-1.594487667 0.654552418 1.377953216,
-1.594487329 0.718871611 1.377952900,
-1.594485945 0.696474597 1.377953377,
-1.594487820 0.660810281 1.377953012,
-1.732283465 -0.629921260 1.377952756,
-1.614173228 -0.629921260 1.377952756,
-1.732283464 -0.624297589 1.378558941,
-1.732283464 -0.618709389 1.379433669,
-1.732283464 -0.613169476 1.380574934,
-1.732283464 -0.607690554 1.381980118,
-1.732283464 -0.602285189 1.383645998,
-1.732283464 -0.596965777 1.385568755,
-1.732283464 -0.591744519 1.387743978,
-1.732283464 -0.586633389 1.390166678,
-1.732283464 -0.581644109 1.392831300,
-1.732283465 -0.576788121 1.395731733,
-1.732283465 -0.572076562 1.398861324,
-1.732283465 -0.567520237 1.402212896,
-1.732283465 -0.563129597 1.405778762,
-1.732283465 -0.558914710 1.409550745,
-1.732283465 -0.554885243 1.413520194,
-1.732283465 -0.551050437 1.417678006,
-1.732283465 -0.547419087 1.422014643,
-1.732283465 -0.543999522 1.426520162,
-1.732283465 -0.540799583 1.431184229,
-1.732283465 -0.537826610 1.435996148,
-1.732283465 -0.535087420 1.440944882,
-1.732224190 -0.533082276 1.444962622,
-1.732042374 -0.531245167 1.449019837,
-1.731732032 -0.529574291 1.453118098,
-1.731287178 -0.528067849 1.457258978,
-1.730702086 -0.526724146 1.461443315,
-1.729975713 -0.525543427 1.465658794,
-1.729111065 -0.524527612 1.469881722,
-1.728111283 -0.523678675 1.474088030,
-1.726979505 -0.522998590 1.478253655,
-1.725718448 -0.522487463 1.482360646,
-1.724329602 -0.522140040 1.486408631,
-1.722814242 -0.521950106 1.490400379,
-1.721734346 -0.521907909 1.493031669,
-1.720599165 -0.521931104 1.495640015,
-1.711276982 -0.522551850 1.495612206,
-1.701987651 -0.523525720 1.495566749,
-1.692744780 -0.524850973 1.495501339,
-1.683563539 -0.526524994 1.495412873,
-1.674459113 -0.528544337 1.495297466,
-1.665446635 -0.530904754 1.495150523,
-1.656541619 -0.533600818 1.494966679,
-1.647759614 -0.536626263 1.494740031,
-1.639115917 -0.539973735 1.494463997,
-1.630626699 -0.543634227 1.494131577,
-1.622308686 -0.547597106 1.493735334,
-1.614173228 -0.551853211 1.493267176,
-1.614173228 -0.551978839 1.488143193,
-1.614173228 -0.552335140 1.483239989,
-1.614173228 -0.552771629 1.479431254,
-1.614173228 -0.553279701 1.476033351,
-1.614173228 -0.553876627 1.472758490,
-1.614173228 -0.554551744 1.469605475,
-1.614173228 -0.555295301 1.466572240,
-1.614173228 -0.556099222 1.463655106,
-1.614173228 -0.557251398 1.459939524,
-1.614173228 -0.558638589 1.455985578,
-1.614173228 -0.560104540 1.452255403,
-1.614173228 -0.561633175 1.448732222,
-1.614173228 -0.563213724 1.445398072,
-1.614173228 -0.564837123 1.442234967,
-1.614173228 -0.566497677 1.439225944,
-1.614173228 -0.568191447 1.436354082,
-1.614173228 -0.570505144 1.432704735,
-1.614173228 -0.573183269 1.428808486,
-1.614173228 -0.575886313 1.425169914,
-1.614173228 -0.578593564 1.421779993,
-1.614173228 -0.581319809 1.418583504,
-1.614173228 -0.584039241 1.415583694,
-1.614173228 -0.587607259 1.411896587,
-1.614173228 -0.591465681 1.408181350,
-1.614173228 -0.595051953 1.404944466,
-1.614173228 -0.599339129 1.401306564,
-1.614173228 -0.604913239 1.396884058,
-1.614173228 -0.611747233 1.391809787,
-1.614173228 -0.619571422 1.386228764,
-1.614173228 -0.624428546 1.382680304,
-1.614173228 -0.627355299 1.380362437,
-1.614173228 -0.628375787 1.379477887,
-1.614173228 -0.629049415 1.378852792,
-1.614173228 -0.629516700 1.378388438,
-1.718644203 -0.576412939 1.396250601,
-1.717676529 -0.564232113 1.405259273,
-1.703260971 -0.565040599 1.405791854,
-1.705184563 -0.577033405 1.396684853,
-1.716785760 -0.553218925 1.415854994,
-1.689000010 -0.566392689 1.406647039,
-1.691871300 -0.578071640 1.397382976,
-1.701490254 -0.554221075 1.416476213,
-1.715995310 -0.543665610 1.427790759,
-1.674971722 -0.568298472 1.407778960,
-1.678778704 -0.579536255 1.398308787,
-1.686356912 -0.555896151 1.417472463,
-1.699918958 -0.544862258 1.428488569,
-1.715323604 -0.535791744 1.440752862,
-1.661253237 -0.570770238 1.409123641,
-1.665980431 -0.581437868 1.399411774,
-1.671467293 -0.558255335 1.418788387,
-1.684011483 -0.546861428 1.429606129,
-1.698583704 -0.537178874 1.441513460,
-1.647923377 -0.573819643 1.410599341,
-1.653551752 -0.583786857 1.400627325,
-1.656901729 -0.561312051 1.420346840,
-1.668357540 -0.549674975 1.431079033,
-1.682018389 -0.539495166 1.442729804,
-1.635062478 -0.577453784 1.412107875,
-1.641569016 -0.586590201 1.401877728,
-1.642742308 -0.565078567 1.422049372,
-1.653040295 -0.553316887 1.432817597,
-1.665714938 -0.542752721 1.444329094,
-1.619255301 -0.593542047 1.404119808,
-1.630110062 -0.589846936 1.403074118,
-1.622753330 -0.581669556 1.413537102,
-1.629073036 -0.569561333 1.423777876,
-1.638144740 -0.557799345 1.434707508,
-1.649758932 -0.546965506 1.446210046,
-1.615981264 -0.574754344 1.425397626,
-1.623758136 -0.563127407 1.436611797,
-1.634237826 -0.552144936 1.448243710,
-1.619241648 -0.558293969 1.450275775,
-1.717720046 -0.610116504 1.381449709,
-1.717337466 -0.606338761 1.382526276,
-1.719903938 -0.591804815 1.387883183,
-1.714401571 -0.597383713 1.385707196,
-1.709387490 -0.603175622 1.383764589,
-1.719699904 -0.589165774 1.389111548,
-1.714085765 -0.594652443 1.386831046,
-1.708952599 -0.600350374 1.384781722,
-1.719499277 -0.586577351 1.390394946,
-1.713775393 -0.591975101 1.388012311,
-1.708525414 -0.597582704 1.385859542,
-1.703784508 -0.603381244 1.383923015,
-1.703299580 -0.590793666 1.389115050,
-1.696055063 -0.594903696 1.387731668,
-1.698258665 -0.603631359 1.384111082,
-1.688267938 -0.595472874 1.388127979,
-1.675833252 -0.614910931 1.381741965,
-1.668695526 -0.603925883 1.386413711,
-1.672721206 -0.620100977 1.380368051,
-1.653748866 -0.615089440 1.383338682,
-1.669741454 -0.623761127 1.379473762,
-1.666865121 -0.626420680 1.378837975,
-1.665348777 -0.627549435 1.378563964,
-1.663995069 -0.628422115 1.378346832,
-1.650905557 -0.620618206 1.381370315,
-1.662717632 -0.629141075 1.378162198,
-1.714203508 -0.531036227 1.451146108,
-1.713776259 -0.530238998 1.453238216,
-1.713285418 -0.529488498 1.455342882,
-1.703433343 -0.526482918 1.468645253,
-1.687539675 -0.531367756 1.459766806,
-1.690720849 -0.528369872 1.468447472,
-1.710479497 -0.523135026 1.484628150,
-1.706415196 -0.523767981 1.482329487,
-1.709889084 -0.523012488 1.486698746,
-1.705878289 -0.523606075 1.484425683,
-1.670386902 -0.534912210 1.460639981,
-1.681995549 -0.529864282 1.469139619,
-1.677576813 -0.530848177 1.469053999,
-1.673194695 -0.531918376 1.468924622,
-1.679368890 -0.528729173 1.477963705,
-1.653627701 -0.539578551 1.461691321,
-1.664623037 -0.533989892 1.469819281,
-1.673426591 -0.530129354 1.477837856,
-1.660320015 -0.535286983 1.469693084,
-1.656064427 -0.536662456 1.469528591,
-1.661783778 -0.533218591 1.478295998,
-1.647694457 -0.539305383 1.470561944,
-1.631902961 -0.548775480 1.459350858,
-1.655998372 -0.535043303 1.478120062,
-1.631864325 -0.548260390 1.460979448,
-1.643536805 -0.540897199 1.470389072,
-1.624120182 -0.552543685 1.458855389,
-1.624067565 -0.552047519 1.460422339,
-1.644669740 -0.538946694 1.478613815,
-1.633631255 -0.544537348 1.472269897,
-1.705288394 -0.621849195 1.379097922,
-1.677483183 -0.587991953 1.393225872,
-1.666998724 -0.592579012 1.392235826,
-1.661227976 -0.593454569 1.392714966,
-1.655591941 -0.594408774 1.393202620,
-1.647151066 -0.600668798 1.391233352,
-1.642025612 -0.601713073 1.391651713,
-1.637077170 -0.602819363 1.392046816,
-1.634554578 -0.608364903 1.389300960,
-1.634709573 -0.605411062 1.391001544,
-1.633232128 -0.611220298 1.387919474,
-1.648143751 -0.624461028 1.380031282,
-1.631750125 -0.613386828 1.386954454,
-1.631737271 -0.616795760 1.385065963,
-1.631215503 -0.620884661 1.382912030,
-1.630336086 -0.623704980 1.381461846,
-1.629248452 -0.625700361 1.380427804,
-1.635549616 -0.628008107 1.378924903,
-1.634845940 -0.628636280 1.378620082,
-1.634159812 -0.629140861 1.378366985,
-1.628604198 -0.626527763 1.379989747,
-1.633263634 -0.629671542 1.378089236,
-1.678153094 -0.629706411 1.377993372,
-1.648085630 -0.628780652 1.378381240,
-1.648592266 -0.628407949 1.378515142,
-1.647590181 -0.629090066 1.378268450,
-1.646940783 -0.629429275 1.378142415,
-1.623517724 -0.628097825 1.379242939,
-1.623243650 -0.628698908 1.378837047,
-1.622952503 -0.629141048 1.378529289,
-1.622642627 -0.629487129 1.378280393,
-1.622207097 -0.629839588 1.378016148,
-1.653871205 -0.629653367 1.378040411,
-1.646307677 -0.629759536 1.378016034,
-1.639275637 -0.629849854 1.377986049,
-1.682126552 -0.629866558 1.377962206,
-1.657450722 -0.629782324 1.377994569,
-1.630049506 -0.629836615 1.378003574,
-1.624572244 -0.629898472 1.377969050,
-1.659266617 -0.629850605 1.377973139,
-1.649692289 -0.629878924 1.377968025,
-1.640843551 -0.629902872 1.377960994,
-1.618799043 -0.629913083 1.377960058,
-1.683125812 -0.629907526 1.377955075,
-1.660180801 -0.629885643 1.377962815,
-1.628529504 -0.629907911 1.377961155,
-1.625184274 -0.629915414 1.377956852,
-1.650551395 -0.629910561 1.377956536,
-1.641239378 -0.629916630 1.377954810,
-1.619055010 -0.629919181 1.377954593,
-1.683375977 -0.629917823 1.377953333,
-1.660869098 -0.629912302 1.377955246,
-1.628861434 -0.629917886 1.377954858,
-1.625338559 -0.629919789 1.377953781,
-1.660984033 -0.629916777 1.377953999,
-1.650766957 -0.629918578 1.377953699,
-1.641338572 -0.629920100 1.377953269,
-1.619119347 -0.629920738 1.377953216,
-1.683438539 -0.629920400 1.377952900,
-1.661041524 -0.629919017 1.377953377,
-1.628944716 -0.629920414 1.377953282,
-1.625377210 -0.629920892 1.377953012,
-1.594488189 -0.649606299 1.377952756,
-1.594488189 -0.767716535 1.377952756,
-1.594052662 -0.649606299 1.378420271,
-1.593542202 -0.649606299 1.378923790,
-1.592966294 -0.649606299 1.379456674,
-1.592088881 -0.649606299 1.380221867,
-1.590460752 -0.649606299 1.381549097,
-1.587943260 -0.649606299 1.383468901,
-1.581598081 -0.649606299 1.388035797,
-1.571579359 -0.649606299 1.395291568,
-1.563505070 -0.649606299 1.401637290,
-1.557235264 -0.649606299 1.407074270,
-1.552131542 -0.649606299 1.411938984,
-1.547563871 -0.649606299 1.416712734,
-1.543534437 -0.649606299 1.421329279,
-1.540384456 -0.649606299 1.425260439,
-1.536965268 -0.649606299 1.429916997,
-1.533891798 -0.649606299 1.434530294,
-1.531204839 -0.649606299 1.438980915,
-1.528591816 -0.649606299 1.443787647,
-1.526317232 -0.649606299 1.448475307,
-1.524353674 -0.649606299 1.453031453,
-1.522496804 -0.649606299 1.457945495,
-1.521498188 -0.649606299 1.460926346,
-1.520272111 -0.649606299 1.465045027,
-1.519164535 -0.649606299 1.469406901,
-1.518415809 -0.649606299 1.472898733,
-1.517772810 -0.649606299 1.476483769,
-1.517237287 -0.649606299 1.480215275,
-1.516823301 -0.649606299 1.484094385,
-1.516546826 -0.649606299 1.488121201,
-1.516452461 -0.649606299 1.490666458,
-1.516420141 -0.649606299 1.493267183,
-1.512215524 -0.657638767 1.493729937,
-1.508296862 -0.665849060 1.494122443,
-1.504672939 -0.674226289 1.494452531,
-1.501353880 -0.682754657 1.494727384,
-1.498348363 -0.691418669 1.494953757,
-1.495663580 -0.700203477 1.495138009,
-1.493305618 -0.709094141 1.495285866,
-1.491279754 -0.718075800 1.495402547,
-1.489590162 -0.727133907 1.495492541,
-1.488240258 -0.736253791 1.495559666,
-1.487232672 -0.745420730 1.495606997,
-1.486569153 -0.754621616 1.495636871,
-1.486548520 -0.756511747 1.491439320,
-1.486677676 -0.758092773 1.487609925,
-1.486918633 -0.759417543 1.484119218,
-1.487282198 -0.760648553 1.480584423,
-1.487772669 -0.761785054 1.477003454,
-1.488393718 -0.762826159 1.473376146,
-1.489145181 -0.763770117 1.469714136,
-1.490025434 -0.764614847 1.466033539,
-1.491032853 -0.765358270 1.462350478,
-1.492165814 -0.765998304 1.458681076,
-1.493422715 -0.766532925 1.455041308,
-1.494803085 -0.766962637 1.451440245,
-1.496308028 -0.767291488 1.447877295,
-1.497938770 -0.767523788 1.444351148,
-1.499696533 -0.767663849 1.440860491,
-1.500732300 -0.767703489 1.438928983,
-1.501808154 -0.767716535 1.437007874,
-1.504764788 -0.767716535 1.432117494,
-1.507954509 -0.767716535 1.427375851,
-1.511369850 -0.767716535 1.422794046,
-1.515002816 -0.767716535 1.418382803,
-1.518844901 -0.767716535 1.414152451,
-1.522887111 -0.767716535 1.410112893,
-1.527119984 -0.767716535 1.406273585,
-1.531533610 -0.767716535 1.402643515,
-1.536117656 -0.767716535 1.399231182,
-1.540861392 -0.767716535 1.396044574,
-1.545753711 -0.767716535 1.393091151,
-1.550783161 -0.767716535 1.390377826,
-1.555937968 -0.767716535 1.387910953,
-1.561206063 -0.767716535 1.385696305,
-1.566575115 -0.767716535 1.383739068,
-1.572032555 -0.767716535 1.382043823,
-1.577565605 -0.767716535 1.380614539,
-1.583161313 -0.767716535 1.379454563,
-1.588806580 -0.767716535 1.378566609,
-1.558074489 -0.654801938 1.404103248,
-1.554385379 -0.665659765 1.403055957,
-1.546198538 -0.658312417 1.413513527,
-1.541990385 -0.670623476 1.412083499,
-1.551134561 -0.677120672 1.401859061,
-1.539273039 -0.651548727 1.425368626,
-1.538363547 -0.683485165 1.410575372,
-1.548336875 -0.689104310 1.400609100,
-1.534089350 -0.664642405 1.423747711,
-1.535320995 -0.696814778 1.409101064,
-1.545993184 -0.701532912 1.399394764,
-1.529615539 -0.678312393 1.422019506,
-1.527646130 -0.659334612 1.436576026,
-1.532855572 -0.710532066 1.407758522,
-1.544096461 -0.714330205 1.398293575,
-1.525857450 -0.692471442 1.420318468,
-1.522328633 -0.673721910 1.434671853,
-1.522802868 -0.654823756 1.450234857,
-1.530955609 -0.724558290 1.406629250,
-1.542636322 -0.727420995 1.397369956,
-1.522808552 -0.707035643 1.418762422,
-1.517856144 -0.688617028 1.432783459,
-1.516665920 -0.669820665 1.448202656,
-1.540985422 -0.754188059 1.396242474,
-1.529608835 -0.738816386 1.405777006,
-1.541602170 -0.740731689 1.396674248,
-1.520456558 -0.721922993 1.417449534,
-1.514223507 -0.703932806 1.431047487,
-1.511497925 -0.685341334 1.446170451,
-1.528805197 -0.753228338 1.405247456,
-1.518788063 -0.737053230 1.416456686,
-1.511418509 -0.719584347 1.429577922,
-1.507295807 -0.701295844 1.444292187,
-1.517791921 -0.752344856 1.415838991,
-1.509427179 -0.735488550 1.428464143,
-1.504048111 -0.717596836 1.442696448,
-1.508237699 -0.751560826 1.427770276,
-1.501740879 -0.734158798 1.441484175,
-1.500362048 -0.750894514 1.440727854,
-1.567731507 -0.659668632 1.395039069,
-1.566264056 -0.664650205 1.394668326,
-1.560039754 -0.723774563 1.388121217,
-1.582922926 -0.709315778 1.380813271,
-1.570888227 -0.702681666 1.385555067,
-1.568200117 -0.733744527 1.384107571,
-1.559471878 -0.731560648 1.387725640,
-1.567950524 -0.739269574 1.383919847,
-1.574666396 -0.753183549 1.381453699,
-1.564891107 -0.744433186 1.384789449,
-1.567745399 -0.744871554 1.383761770,
-1.570850225 -0.752797929 1.382542416,
-1.562095557 -0.744002661 1.385879059,
-1.555325727 -0.738798714 1.389127379,
-1.561896745 -0.749879756 1.385726864,
-1.559138555 -0.749561747 1.386863601,
-1.556435349 -0.749249262 1.388058904,
-1.556265136 -0.755380577 1.387929878,
-1.553601141 -0.755175458 1.389173343,
-1.550988725 -0.754973797 1.390472932,
-1.517113689 -0.659631487 1.458735878,
-1.516563383 -0.659573594 1.460471126,
-1.513293495 -0.667409715 1.459399578,
-1.512732341 -0.667366091 1.461183041,
-1.509097723 -0.669017327 1.472401282,
-1.504167940 -0.689023974 1.461658644,
-1.505500431 -0.678891582 1.470361163,
-1.503926924 -0.682994758 1.470533577,
-1.503591125 -0.679907120 1.478590720,
-1.501280272 -0.691361344 1.469499594,
-1.499518929 -0.705705698 1.460608336,
-1.499919148 -0.695560830 1.469664317,
-1.498634232 -0.699806733 1.469792078,
-1.499702853 -0.691157579 1.478095888,
-1.497893719 -0.696865901 1.478272626,
-1.496555028 -0.708374162 1.468895062,
-1.495980368 -0.722777663 1.459737851,
-1.495492743 -0.712698053 1.469026594,
-1.494514348 -0.717058001 1.469115874,
-1.494806615 -0.708426792 1.477813807,
-1.493008202 -0.725778766 1.468419035,
-1.493412350 -0.714289582 1.477942499,
-1.495447248 -0.749313603 1.451591062,
-1.494760345 -0.748888622 1.453421080,
-1.494110587 -0.748417284 1.455256782,
-1.493500001 -0.747900525 1.457091914,
-1.490883535 -0.738006474 1.469814843,
-1.488297329 -0.740493470 1.484066257,
-1.487815957 -0.745032759 1.484267951,
-1.487705960 -0.744490285 1.486072198,
-1.590610238 -0.664236200 1.380258678,
-1.591167016 -0.663693487 1.379965644,
-1.593415124 -0.669569320 1.378521355,
-1.589863419 -0.664845268 1.380645764,
-1.592787957 -0.670613828 1.378825868,
-1.592196054 -0.671413443 1.379102854,
-1.588653402 -0.665622852 1.381263730,
-1.587011387 -0.666393153 1.382094280,
-1.578208439 -0.667830330 1.386704787,
-1.587661768 -0.684739934 1.380505222,
-1.583390589 -0.667384314 1.383937898,
-1.577049617 -0.672494935 1.386592144,
-1.583589117 -0.687220868 1.381931885,
-1.574808711 -0.673884760 1.387561662,
-1.574363834 -0.676217068 1.387417532,
-1.560188239 -0.690317527 1.392632938,
-1.567543334 -0.683934060 1.389719064,
-1.559246255 -0.695893240 1.392156699,
-1.588198002 -0.739369910 1.378813698,
-1.558380697 -0.701604067 1.391687255,
-1.552554609 -0.713012108 1.393214585,
-1.594141530 -0.657763862 1.378218047,
-1.593733997 -0.658270823 1.378512625,
-1.593335006 -0.658632571 1.378789631,
-1.592935421 -0.658909748 1.379059269,
-1.592384610 -0.659196651 1.379421919,
-1.592376432 -0.684553417 1.378729543,
-1.591976887 -0.685308937 1.378862199,
-1.591614428 -0.685885343 1.378981684,
-1.577163960 -0.658555706 1.389062518,
-1.593602783 -0.714706046 1.378118160,
-1.589587025 -0.703911971 1.379173070,
-1.587481843 -0.705944084 1.379677047,
-1.591160994 -0.702079513 1.378796220,
-1.577067378 -0.695361180 1.383792940,
-1.560489503 -0.674931942 1.395826024,
-1.594360639 -0.653213919 1.378070975,
-1.594193056 -0.674976402 1.378089296,
-1.593815402 -0.682418646 1.378211904,
-1.593369736 -0.690522320 1.378310315,
-1.594394187 -0.660049782 1.378019732,
-1.594276296 -0.662782385 1.378090517,
-1.594134617 -0.665733189 1.378162639,
-1.593914526 -0.693523317 1.378123424,
-1.594264073 -0.717847421 1.377991366,
-1.594454567 -0.654231378 1.377982732,
-1.594412795 -0.676346539 1.377986468,
-1.594314361 -0.685305884 1.378015205,
-1.594197898 -0.695026882 1.378036024,
-1.594464230 -0.660629302 1.377969529,
-1.594433391 -0.663997921 1.377987174,
-1.594342197 -0.695779302 1.377993870,
-1.594431996 -0.718631309 1.377962239,
-1.594479674 -0.654488108 1.377960275,
-1.594469241 -0.676690112 1.377961157,
-1.594444390 -0.686030273 1.377968217,
-1.594414984 -0.696155656 1.377973182,
-1.594482171 -0.660774671 1.377956951,
-1.594474376 -0.664303547 1.377961358,
-1.594451534 -0.696343866 1.377962936,
-1.594474131 -0.718827183 1.377955116,
-1.594486053 -0.654552437 1.377954637,
-1.594483446 -0.676776069 1.377954854,
-1.594477218 -0.686211520 1.377956612,
-1.594469849 -0.696437980 1.377957838,
-1.594486683 -0.660811044 1.377953805,
-1.594484729 -0.664380060 1.377954906,
-1.594479016 -0.696485039 1.377955295,
-1.594484674 -0.718876145 1.377953345,
0.318394478 -0.767716535 0.531496063,
0.722847712 -0.767716535 0.531496063,
0.722847712 -0.767716535 0.157480315,
1.216444463 -0.767716535 0.157480315,
1.216444463 -0.767716535 0.531496063,
1.594488189 -0.767716535 0.531496063,
1.594488189 -0.767716535 1.377952756,
1.588806580 -0.767716535 1.378566609,
1.583161313 -0.767716535 1.379454563,
1.577565605 -0.767716535 1.380614539,
1.572032555 -0.767716535 1.382043823,
1.566575115 -0.767716535 1.383739068,
1.561206063 -0.767716535 1.385696305,
1.555937968 -0.767716535 1.387910953,
1.550783161 -0.767716535 1.390377826,
1.545753711 -0.767716535 1.393091151,
1.540861392 -0.767716535 1.396044574,
1.536117656 -0.767716535 1.399231182,
1.531533610 -0.767716535 1.402643515,
1.527119984 -0.767716535 1.406273585,
1.522887111 -0.767716535 1.410112893,
1.518844901 -0.767716535 1.414152451,
1.515002816 -0.767716535 1.418382803,
1.511369850 -0.767716535 1.422794046,
1.507954509 -0.767716535 1.427375851,
1.504764788 -0.767716535 1.432117494,
1.501808154 -0.767716535 1.437007874,
-1.501808154 -0.767716535 1.437007874,
-1.504764788 -0.767716535 1.432117494,
-1.507954509 -0.767716535 1.427375851,
-1.511369850 -0.767716535 1.422794046,
-1.515002816 -0.767716535 1.418382803,
-1.518844901 -0.767716535 1.414152451,
-1.522887111 -0.767716535 1.410112893,
-1.527119984 -0.767716535 1.406273585,
-1.531533610 -0.767716535 1.402643515,
-1.536117656 -0.767716535 1.399231182,
-1.540861392 -0.767716535 1.396044574,
-1.545753711 -0.767716535 1.393091151,
-1.550783161 -0.767716535 1.390377826,
-1.555937968 -0.767716535 1.387910953,
-1.561206063 -0.767716535 1.385696305,
-1.566575115 -0.767716535 1.383739068,
-1.572032555 -0.767716535 1.382043823,
-1.577565605 -0.767716535 1.380614539,
-1.583161313 -0.767716535 1.379454563,
-1.588806580 -0.767716535 1.378566609,
-1.594488189 -0.767716535 1.377952756,
-1.594488189 -0.767716535 0.531496063,
-1.216444463 -0.767716535 0.531496063,
-1.216444463 -0.767716535 0.157480315,
-0.722847712 -0.767716535 0.157480315,
-0.722847712 -0.767716535 0.531496063,
-0.318394478 -0.767716535 0.531496063,
-0.318394478 -0.767716535 1.012434295,
-0.318200966 -0.767716535 1.020317107,
-0.317620895 -0.767716535 1.028180929,
-0.316655664 -0.767716535 1.036006816,
-0.315307598 -0.767716535 1.043775915,
-0.313579943 -0.767716535 1.051469509,
-0.311476863 -0.767716535 1.059069063,
-0.309003424 -0.767716535 1.066556271,
-0.306165584 -0.767716535 1.073913094,
-0.302970181 -0.767716535 1.081121809,
-0.299424911 -0.767716535 1.088165049,
-0.295538317 -0.767716535 1.095025848,
-0.291319760 -0.767716535 1.101687677,
-0.286779405 -0.767716535 1.108134486,
-0.281928189 -0.767716535 1.114350745,
-0.276777799 -0.767716535 1.120321479,
-0.271340642 -0.767716535 1.126032302,
-0.265629819 -0.767716535 1.131469459,
-0.259659085 -0.767716535 1.136619849,
-0.253442826 -0.767716535 1.141471065,
-0.246996017 -0.767716535 1.146011420,
-0.240334188 -0.767716535 1.150229977,
-0.233473389 -0.767716535 1.154116571,
-0.226430149 -0.767716535 1.157661841,
-0.219221434 -0.767716535 1.160857244,
-0.211864611 -0.767716535 1.163695084,
-0.204377403 -0.767716535 1.166168523,
-0.196777849 -0.767716535 1.168271603,
-0.189084255 -0.767716535 1.169999258,
-0.181315156 -0.767716535 1.171347324,
-0.173489269 -0.767716535 1.172312555,
-0.165625447 -0.767716535 1.172892626,
-0.157742635 -0.767716535 1.173086138,
0.157742635 -0.767716535 1.173086138,
0.165625447 -0.767716535 1.172892626,
0.173489269 -0.767716535 1.172312555,
0.181315156 -0.767716535 1.171347324,
0.189084255 -0.767716535 1.169999258,
0.196777849 -0.767716535 1.168271603,
0.204377403 -0.767716535 1.166168523,
0.211864611 -0.767716535 1.163695084,
0.219221434 -0.767716535 1.160857244,
0.226430149 -0.767716535 1.157661841,
0.233473389 -0.767716535 1.154116571,
0.240334188 -0.767716535 1.150229977,
0.246996017 -0.767716535 1.146011420,
0.253442826 -0.767716535 1.141471065,
0.259659085 -0.767716535 1.136619849,
0.265629819 -0.767716535 1.131469459,
0.271340642 -0.767716535 1.126032302,
0.276777799 -0.767716535 1.120321479,
0.281928189 -0.767716535 1.114350745,
0.286779405 -0.767716535 1.108134486,
0.291319760 -0.767716535 1.101687677,
0.295538317 -0.767716535 1.095025848,
0.299424911 -0.767716535 1.088165049,
0.302970181 -0.767716535 1.081121809,
0.306165584 -0.767716535 1.073913094,
0.309003424 -0.767716535 1.066556271,
0.311476863 -0.767716535 1.059069063,
0.313579943 -0.767716535 1.051469509,
0.315307598 -0.767716535 1.043775915,
0.316655664 -0.767716535 1.036006816,
0.317620895 -0.767716535 1.028180929,
0.318200966 -0.767716535 1.020317107,
0.318394478 -0.767716535 1.012434295,
-1.732283465 0.535087420 1.440944882,
-1.732283465 0.537826610 1.435996148,
-1.732283465 0.540799583 1.431184229,
-1.732283465 0.543999522 1.426520162,
-1.732283465 0.547419087 1.422014643,
-1.732283465 0.551050437 1.417678006,
-1.732283465 0.554885243 1.413520194,
-1.732283465 0.558914710 1.409550745,
-1.732283465 0.563129597 1.405778762,
-1.732283465 0.567520237 1.402212896,
-1.732283465 0.572076562 1.398861324,
-1.732283465 0.576788121 1.395731733,
-1.732283465 0.581644109 1.392831300,
-1.732283465 0.586633389 1.390166678,
-1.732283465 0.591744519 1.387743978,
-1.732283465 0.596965777 1.385568755,
-1.732283465 0.602285189 1.383645998,
-1.732283465 0.607690554 1.381980118,
-1.732283465 0.613169476 1.380574934,
-1.732283465 0.618709389 1.379433669,
-1.732283465 0.624297589 1.378558941,
-1.732283465 0.629921260 1.377952756,
-1.732283465 0.629921260 0.537557936,
-1.732283465 -0.629921260 0.537557936,
-1.732283465 -0.629921260 1.377952756,
-1.732283464 -0.624297589 1.378558941,
-1.732283464 -0.618709389 1.379433669,
-1.732283464 -0.613169476 1.380574934,
-1.732283464 -0.607690554 1.381980118,
-1.732283464 -0.602285189 1.383645998,
-1.732283464 -0.596965777 1.385568755,
-1.732283464 -0.591744519 1.387743978,
-1.732283464 -0.586633389 1.390166678,
-1.732283464 -0.581644109 1.392831300,
-1.732283465 -0.576788121 1.395731733,
-1.732283465 -0.572076562 1.398861324,
-1.732283465 -0.567520237 1.402212896,
-1.732283465 -0.563129597 1.405778762,
-1.732283465 -0.558914710 1.409550745,
-1.732283465 -0.554885243 1.413520194,
-1.732283465 -0.551050437 1.417678006,
-1.732283465 -0.547419087 1.422014643,
-1.732283465 -0.543999522 1.426520162,
-1.732283465 -0.540799583 1.431184229,
-1.732283465 -0.537826610 1.435996148,
-1.732283465 -0.535087420 1.440944882,
-0.722847712 0.767716535 0.531496063,
-0.318394478 0.767716535 0.531496063,
-0.722847712 0.767716535 0.157480315,
-1.216444463 0.767716535 0.157480315,
-1.216444463 0.767716535 0.531496063,
-1.594488189 0.767716535 0.531496063,
-1.594488189 0.767716535 1.377952756,
-1.588806580 0.767716535 1.378566609,
-1.583161313 0.767716535 1.379454563,
-1.577565605 0.767716535 1.380614539,
-1.572032555 0.767716535 1.382043823,
-1.566575115 0.767716535 1.383739068,
-1.561206063 0.767716535 1.385696305,
-1.555937968 0.767716535 1.387910953,
-1.550783161 0.767716535 1.390377826,
-1.545753711 0.767716535 1.393091151,
-1.540861392 0.767716535 1.396044574,
-1.536117656 0.767716535 1.399231182,
-1.531533610 0.767716535 1.402643515,
-1.527119984 0.767716535 1.406273585,
-1.522887111 0.767716535 1.410112893,
-1.518844901 0.767716535 1.414152451,
-1.515002816 0.767716535 1.418382803,
-1.511369850 0.767716535 1.422794046,
-1.507954509 0.767716535 1.427375851,
-1.504764788 0.767716535 1.432117494,
-1.501808154 0.767716535 1.437007874,
1.501808154 0.767716535 1.437007874,
1.504764788 0.767716535 1.432117494,
1.507954509 0.767716535 1.427375851,
1.511369850 0.767716535 1.422794046,
1.515002816 0.767716535 1.418382803,
1.518844901 0.767716535 1.414152451,
1.522887111 0.767716535 1.410112893,
1.527119984 0.767716535 1.406273585,
1.531533610 0.767716535 1.402643515,
1.536117656 0.767716535 1.399231182,
1.540861392 0.767716535 1.396044574,
1.545753711 0.767716535 1.393091151,
1.550783161 0.767716535 1.390377826,
1.555937968 0.767716535 1.387910953,
1.561206063 0.767716535 1.385696305,
1.566575115 0.767716535 1.383739068,
1.572032555 0.767716535 1.382043823,
1.577565605 0.767716535 1.380614539,
1.583161313 0.767716535 1.379454563,
1.588806580 0.767716535 1.378566609,
1.594488189 0.767716535 1.377952756,
1.594488189 0.767716535 0.531496063,
1.216444463 0.767716535 0.531496063,
1.216444463 0.767716535 0.157480315,
0.722847712 0.767716535 0.157480315,
0.722847712 0.767716535 0.531496063,
0.318394478 0.767716535 0.531496063,
0.318394478 0.767716535 1.012434295,
0.318200966 0.767716535 1.020317107,
0.317620895 0.767716535 1.028180929,
0.316655664 0.767716535 1.036006816,
0.315307598 0.767716535 1.043775915,
0.313579943 0.767716535 1.051469509,
0.311476863 0.767716535 1.059069063,
0.309003424 0.767716535 1.066556271,
0.306165584 0.767716535 1.073913094,
0.302970181 0.767716535 1.081121809,
0.299424911 0.767716535 1.088165049,
0.295538317 0.767716535 1.095025848,
0.291319760 0.767716535 1.101687677,
0.286779405 0.767716535 1.108134486,
0.281928189 0.767716535 1.114350745,
0.276777799 0.767716535 1.120321479,
0.271340642 0.767716535 1.126032302,
0.265629819 0.767716535 1.131469459,
0.259659085 0.767716535 1.136619849,
0.253442826 0.767716535 1.141471065,
0.246996017 0.767716535 1.146011420,
0.240334188 0.767716535 1.150229977,
0.233473389 0.767716535 1.154116571,
0.226430149 0.767716535 1.157661841,
0.219221433 0.767716535 1.160857244,
0.211864611 0.767716535 1.163695084,
0.204377403 0.767716535 1.166168523,
0.196777849 0.767716535 1.168271603,
0.189084255 0.767716535 1.169999258,
0.181315156 0.767716535 1.171347324,
0.173489269 0.767716535 1.172312555,
0.165625447 0.767716535 1.172892626,
0.157742635 0.767716535 1.173086138,
-0.157742635 0.767716535 1.173086138,
-0.165625447 0.767716535 1.172892626,
-0.173489269 0.767716535 1.172312555,
-0.181315156 0.767716535 1.171347324,
-0.189084255 0.767716535 1.169999258,
-0.196777849 0.767716535 1.168271603,
-0.204377403 0.767716535 1.166168523,
-0.211864611 0.767716535 1.163695084,
-0.219221434 0.767716535 1.160857244,
-0.226430149 0.767716535 1.157661841,
-0.233473389 0.767716535 1.154116571,
-0.240334188 0.767716535 1.150229977,
-0.246996017 0.767716535 1.146011420,
-0.253442826 0.767716535 1.141471065,
-0.259659085 0.767716535 1.136619849,
-0.265629819 0.767716535 1.131469459,
-0.271340642 0.767716535 1.126032302,
-0.276777799 0.767716535 1.120321479,
-0.281928189 0.767716535 1.114350745,
-0.286779405 0.767716535 1.108134486,
-0.291319760 0.767716535 1.101687677,
-0.295538317 0.767716535 1.095025848,
-0.299424911 0.767716535 1.088165049,
-0.302970181 0.767716535 1.081121809,
-0.306165584 0.767716535 1.073913094,
-0.309003424 0.767716535 1.066556271,
-0.311476863 0.767716535 1.059069063,
-0.313579943 0.767716535 1.051469509,
-0.315307598 0.767716535 1.043775915,
-0.316655664 0.767716535 1.036006816,
-0.317620895 0.767716535 1.028180929,
-0.318200966 0.767716535 1.020317107,
-0.318394478 0.767716535 1.012434295,
1.732283465 -0.629921260 1.377952756,
1.732283465 -0.629921260 0.537557936,
1.732283465 -0.535087420 1.440944882,
1.732283465 -0.537826610 1.435996148,
1.732283465 -0.540799583 1.431184229,
1.732283465 -0.543999522 1.426520162,
1.732283465 -0.547419087 1.422014643,
1.732283465 -0.551050437 1.417678006,
1.732283465 -0.554885243 1.413520194,
1.732283465 -0.558914710 1.409550745,
1.732283465 -0.563129597 1.405778762,
1.732283465 -0.567520237 1.402212896,
1.732283465 -0.572076562 1.398861324,
1.732283465 -0.576788121 1.395731733,
1.732283465 -0.581644109 1.392831300,
1.732283465 -0.586633389 1.390166678,
1.732283465 -0.591744519 1.387743978,
1.732283465 -0.596965777 1.385568755,
1.732283465 -0.602285189 1.383645998,
1.732283465 -0.607690554 1.381980118,
1.732283465 -0.613169476 1.380574934,
1.732283465 -0.618709389 1.379433669,
1.732283465 -0.624297589 1.378558941,
1.732283465 0.535087420 1.440944882,
1.732283465 0.629921260 1.377952756,
1.732283464 0.624297589 1.378558941,
1.732283464 0.618709389 1.379433669,
1.732283464 0.613169476 1.380574934,
1.732283464 0.607690554 1.381980118,
1.732283464 0.602285189 1.383645998,
1.732283464 0.596965777 1.385568755,
1.732283464 0.591744519 1.387743978,
1.732283464 0.586633389 1.390166678,
1.732283464 0.581644109 1.392831300,
1.732283465 0.576788121 1.395731733,
1.732283465 0.572076562 1.398861324,
1.732283465 0.567520237 1.402212896,
1.732283465 0.563129597 1.405778762,
1.732283465 0.558914710 1.409550745,
1.732283465 0.554885243 1.413520194,
1.732283465 0.551050437 1.417678006,
1.732283465 0.547419087 1.422014643,
1.732283465 0.543999522 1.426520162,
1.732283465 0.540799583 1.431184229,
1.732283465 0.537826610 1.435996148,
1.732283465 0.629921260 0.537557936,
1.614173228 -0.629921260 1.377952756,
1.732283465 -0.629921260 1.377952756,
1.732283465 -0.629921260 0.537557936,
1.614173228 -0.629921260 0.537557936,
1.732283465 0.629921260 0.537557936,
1.614173228 0.629921260 0.537557936,
1.614173228 -0.629921260 0.537557936,
1.732283465 -0.629921260 0.537557936,
1.732283465 0.629921260 1.377952756,
1.732283465 0.629921260 0.537557936,
1.614173228 0.629921260 0.537557936,
1.614173228 0.629921260 1.377952756,
1.594488189 -0.767716535 1.377952756,
1.594488189 -0.767716535 0.531496063,
1.594488189 -0.649606299 0.531496063,
1.594488189 -0.649606299 1.377952756,
-1.594488189 -0.649606299 1.377952756,
-1.594488189 -0.767716535 1.377952756,
-1.594488189 -0.767716535 0.531496063,
-1.594488189 -0.649606299 0.531496063,
-1.594488189 -0.767716535 0.531496063,
-1.216444463 -0.767716535 0.531496063,
-1.594488189 -0.649606299 0.531496063,
-1.216444463 -0.649606299 0.531496063,
-1.216444463 -0.649606299 0.039370079,
-1.216444463 -0.482592581 0.039370079,
-1.216444463 -0.655401694 0.039512348,
-1.216444463 -0.661183127 0.039938812,
-1.216444463 -0.666936670 0.040648444,
-1.216444463 -0.672648463 0.041639534,
-1.216444463 -0.678304746 0.042909695,
-1.216444463 -0.683891891 0.044455866,
-1.216444463 -0.689396439 0.046274323,
-1.216444463 -0.694805130 0.048360685,
-1.216444463 -0.700104932 0.050709926,
-1.216444463 -0.705283079 0.053316386,
-1.216444463 -0.710327096 0.056173786,
-1.216444463 -0.715224831 0.059275243,
-1.216444463 -0.719964485 0.062613284,
-1.216444463 -0.724534640 0.066179868,
-1.216444463 -0.728924286 0.069966403,
-1.216444463 -0.733122848 0.073963766,
-1.216444463 -0.737120212 0.078162328,
-1.216444463 -0.740906746 0.082551974,
-1.216444463 -0.744473330 0.087122129,
-1.216444463 -0.747811372 0.091861784,
-1.216444463 -0.750912828 0.096759518,
-1.216444463 -0.753770228 0.101803535,
-1.216444463 -0.756376688 0.106981682,
-1.216444463 -0.758725929 0.112281484,
-1.216444463 -0.760812291 0.117690175,
-1.216444463 -0.762630748 0.123194723,
-1.216444463 -0.764176920 0.128781869,
-1.216444463 -0.765447080 0.134438151,
-1.216444463 -0.766438170 0.140149944,
-1.216444463 -0.767147802 0.145903487,
-1.216444463 -0.767574266 0.151684920,
-1.216444463 -0.767716535 0.157480315,
-1.216444463 -0.767716535 0.531496063,
-1.216444463 -0.649606299 0.531496063,
-1.216444463 -0.649606299 0.157480315,
-1.216444463 -0.482592581 0.157480315,
-1.137704306 -0.403852424 0.157480315,
-1.141567902 -0.403947270 0.157480315,
-1.145422191 -0.404231579 0.157480315,
-1.149257886 -0.404704667 0.157480315,
-1.153065748 -0.405365394 0.157480315,
-1.156836603 -0.406212168 0.157480315,
-1.160561367 -0.407242949 0.157480315,
-1.164231066 -0.408455253 0.157480315,
-1.167836859 -0.409846161 0.157480315,
-1.171370061 -0.411412322 0.157480315,
-1.174822159 -0.413149962 0.157480315,
-1.178184837 -0.415054895 0.157480315,
-1.181449993 -0.417122533 0.157480315,
-1.184609763 -0.419347894 0.157480315,
-1.187656533 -0.421725616 0.157480315,
-1.190582964 -0.424249973 0.157480315,
-1.193382005 -0.426914882 0.157480315,
-1.196046914 -0.429713923 0.157480315,
-1.198571271 -0.432640354 0.157480315,
-1.200948993 -0.435687124 0.157480315,
-1.203174354 -0.438846894 0.157480315,
-1.205241992 -0.442112050 0.157480315,
-1.207146925 -0.445474728 0.157480315,
-1.208884565 -0.448926826 0.157480315,
-1.210450726 -0.452460028 0.157480315,
-1.211841634 -0.456065821 0.157480315,
-1.213053938 -0.459735520 0.157480315,
-1.214084719 -0.463460284 0.157480315,
-1.214931493 -0.467231139 0.157480315,
-1.215592220 -0.471039001 0.157480315,
-1.216065308 -0.474874696 0.157480315,
-1.216349617 -0.478728985 0.157480315,
-1.216444463 -0.482592581 0.157480315,
-0.801587869 -0.403852424 0.157480315,
-0.722847712 -0.482592581 0.157480315,
-0.722942558 -0.478728985 0.157480315,
-0.723226867 -0.474874696 0.157480315,
-0.723699955 -0.471039001 0.157480315,
-0.724360682 -0.467231139 0.157480315,
-0.725207456 -0.463460284 0.157480315,
-0.726238236 -0.459735520 0.157480315,
-0.727450541 -0.456065821 0.157480315,
-0.728841449 -0.452460028 0.157480315,
-0.730407610 -0.448926826 0.157480315,
-0.732145250 -0.445474728 0.157480315,
-0.734050183 -0.442112050 0.157480315,
-0.736117821 -0.438846894 0.157480315,
-0.738343182 -0.435687124 0.157480315,
-0.740720904 -0.432640354 0.157480315,
-0.743245261 -0.429713923 0.157480315,
-0.745910170 -0.426914882 0.157480315,
-0.748709211 -0.424249973 0.157480315,
-0.751635642 -0.421725616 0.157480315,
-0.754682412 -0.419347894 0.157480315,
-0.757842182 -0.417122533 0.157480315,
-0.761107338 -0.415054895 0.157480315,
-0.764470016 -0.413149962 0.157480315,
-0.767922114 -0.411412322 0.157480315,
-0.771455315 -0.409846161 0.157480315,
-0.775061109 -0.408455253 0.157480315,
-0.778730808 -0.407242949 0.157480315,
-0.782455572 -0.406212168 0.157480315,
-0.786226426 -0.405365394 0.157480315,
-0.790034289 -0.404704667 0.157480315,
-0.793869984 -0.404231579 0.157480315,
-0.797724273 -0.403947270 0.157480315,
-0.722847712 -0.649606299 0.157480315,
-1.216444463 -0.649606299 0.157480315,
-0.722847712 -0.482592581 0.157480315,
-0.722847712 -0.649606299 0.157480315,
-0.722847712 -0.649606299 0.531496063,
-0.722847712 -0.767716535 0.531496063,
-0.722847712 -0.767716535 0.157480315,
-0.722847712 -0.767574266 0.151684920,
-0.722847712 -0.767147802 0.145903487,
-0.722847712 -0.766438170 0.140149944,
-0.722847712 -0.765447080 0.134438151,
-0.722847712 -0.764176920 0.128781869,
-0.722847712 -0.762630748 0.123194723,
-0.722847712 -0.760812291 0.117690175,
-0.722847712 -0.758725929 0.112281484,
-0.722847712 -0.756376688 0.106981682,
-0.722847712 -0.753770228 0.101803535,
-0.722847712 -0.750912828 0.096759518,
-0.722847712 -0.747811372 0.091861784,
-0.722847712 -0.744473330 0.087122129,
-0.722847712 -0.740906746 0.082551974,
-0.722847712 -0.737120212 0.078162328,
-0.722847712 -0.733122848 0.073963766,
-0.722847712 -0.728924286 0.069966403,
-0.722847712 -0.724534640 0.066179868,
-0.722847712 -0.719964485 0.062613284,
-0.722847712 -0.715224831 0.059275243,
-0.722847712 -0.710327096 0.056173786,
-0.722847712 -0.705283079 0.053316386,
-0.722847712 -0.700104932 0.050709926,
-0.722847712 -0.694805130 0.048360685,
-0.722847712 -0.689396439 0.046274323,
-0.722847712 -0.683891891 0.044455866,
-0.722847712 -0.678304746 0.042909695,
-0.722847712 -0.672648463 0.041639534,
-0.722847712 -0.666936670 0.040648444,
-0.722847712 -0.661183127 0.039938812,
-0.722847712 -0.655401694 0.039512348,
-0.722847712 -0.649606299 0.039370079,
-0.722847712 -0.482592581 0.039370079,
0.253106588 -0.748031496 0.531496063,
0.248226897 -0.744963454 0.531496063,
0.243203334 -0.742137135 0.531496063,
0.238047863 -0.739559271 0.531496063,
0.232772764 -0.737235999 0.531496063,
0.227390599 -0.735172855 0.531496063,
0.221914187 -0.733374751 0.531496063,
0.216356571 -0.731845970 0.531496063,
0.210730988 -0.730590154 0.531496063,
0.205050835 -0.729610292 0.531496063,
0.199329641 -0.728908719 0.531496063,
0.193581032 -0.728487106 0.531496063,
0.187818699 -0.728346457 0.531496063,
-0.187818699 -0.728346457 0.531496063,
-0.193581032 -0.728487106 0.531496063,
-0.199329641 -0.728908719 0.531496063,
-0.205050835 -0.729610292 0.531496063,
-0.210730988 -0.730590154 0.531496063,
-0.216356571 -0.731845970 0.531496063,
-0.221914187 -0.733374751 0.531496063,
-0.227390599 -0.735172855 0.531496063,
-0.232772764 -0.737235999 0.531496063,
-0.238047863 -0.739559271 0.531496063,
-0.243203334 -0.742137135 0.531496063,
-0.248226897 -0.744963454 0.531496063,
-0.253106588 -0.748031496 0.531496063,
-0.257986279 -0.751099538 0.531496063,
-0.263009842 -0.753925857 0.531496063,
-0.268165313 -0.756503722 0.531496063,
-0.273440413 -0.758826993 0.531496063,
-0.278822578 -0.760890137 0.531496063,
-0.284298989 -0.762688241 0.531496063,
-0.289856605 -0.764217022 0.531496063,
-0.295482189 -0.765472838 0.531496063,
-0.301162342 -0.766452700 0.531496063,
-0.306883536 -0.767154273 0.531496063,
-0.312632145 -0.767575886 0.531496063,
-0.318394478 -0.767716535 0.531496063,
-0.722847712 -0.767716535 0.531496063,
-0.722847712 -0.649606299 0.531496063,
0.722847712 -0.649606299 0.531496063,
0.722847712 -0.767716535 0.531496063,
0.318394478 -0.767716535 0.531496063,
0.312632145 -0.767575886 0.531496063,
0.306883536 -0.767154273 0.531496063,
0.301162342 -0.766452700 0.531496063,
0.295482189 -0.765472838 0.531496063,
0.289856605 -0.764217022 0.531496063,
0.284298989 -0.762688241 0.531496063,
0.278822578 -0.760890137 0.531496063,
0.273440413 -0.758826993 0.531496063,
0.268165313 -0.756503722 0.531496063,
0.263009842 -0.753925857 0.531496063,
0.257986279 -0.751099538 0.531496063,
0.722847712 -0.482592581 0.157480315,
0.722847712 -0.482592581 0.039370079,
0.722847712 -0.649606299 0.157480315,
0.722847712 -0.649606299 0.531496063,
0.722847712 -0.767716535 0.531496063,
0.722847712 -0.767716535 0.157480315,
0.722847712 -0.649606299 0.039370079,
0.722847712 -0.655401694 0.039512348,
0.722847712 -0.661183127 0.039938812,
0.722847712 -0.666936670 0.040648444,
0.722847712 -0.672648463 0.041639534,
0.722847712 -0.678304746 0.042909695,
0.722847712 -0.683891891 0.044455866,
0.722847712 -0.689396439 0.046274323,
0.722847712 -0.694805130 0.048360685,
0.722847712 -0.700104932 0.050709926,
0.722847712 -0.705283079 0.053316386,
0.722847712 -0.710327096 0.056173786,
0.722847712 -0.715224831 0.059275243,
0.722847712 -0.719964485 0.062613284,
0.722847712 -0.724534640 0.066179868,
0.722847712 -0.728924286 0.069966403,
0.722847712 -0.733122848 0.073963766,
0.722847712 -0.737120212 0.078162328,
0.722847712 -0.740906746 0.082551974,
0.722847712 -0.744473330 0.087122129,
0.722847712 -0.747811372 0.091861784,
0.722847712 -0.750912828 0.096759518,
0.722847712 -0.753770228 0.101803535,
0.722847712 -0.756376688 0.106981682,
0.722847712 -0.758725929 0.112281484,
0.722847712 -0.760812291 0.117690175,
0.722847712 -0.762630748 0.123194723,
0.722847712 -0.764176920 0.128781869,
0.722847712 -0.765447080 0.134438151,
0.722847712 -0.766438170 0.140149944,
0.722847712 -0.767147802 0.145903487,
0.722847712 -0.767574266 0.151684920,
1.137704306 -0.403852424 0.157480315,
0.801587869 -0.403852424 0.157480315,
0.797724273 -0.403947270 0.157480315,
0.793869984 -0.404231579 0.157480315,
0.790034289 -0.404704667 0.157480315,
0.786226426 -0.405365394 0.157480315,
0.782455572 -0.406212168 0.157480315,
0.778730808 -0.407242949 0.157480315,
0.775061109 -0.408455253 0.157480315,
0.771455315 -0.409846161 0.157480315,
0.767922114 -0.411412322 0.157480315,
0.764470016 -0.413149962 0.157480315,
0.761107338 -0.415054895 0.157480315,
0.757842182 -0.417122533 0.157480315,
0.754682412 -0.419347894 0.157480315,
0.751635642 -0.421725616 0.157480315,
0.748709211 -0.424249973 0.157480315,
0.745910170 -0.426914882 0.157480315,
0.743245261 -0.429713923 0.157480315,
0.740720904 -0.432640354 0.157480315,
0.738343182 -0.435687124 0.157480315,
0.736117821 -0.438846894 0.157480315,
0.734050183 -0.442112050 0.157480315,
0.732145250 -0.445474728 0.157480315,
0.730407610 -0.448926826 0.157480315,
0.728841449 -0.452460028 0.157480315,
0.727450541 -0.456065821 0.157480315,
0.726238236 -0.459735520 0.157480315,
0.725207456 -0.463460284 0.157480315,
0.724360682 -0.467231139 0.157480315,
0.723699955 -0.471039001 0.157480315,
0.723226867 -0.474874696 0.157480315,
0.722942558 -0.478728985 0.157480315,
0.722847712 -0.482592581 0.157480315,
0.722847712 -0.649606299 0.157480315,
1.216444463 -0.649606299 0.157480315,
1.216444463 -0.482592581 0.157480315,
1.216349617 -0.478728985 0.157480315,
1.216065308 -0.474874696 0.157480315,
1.215592220 -0.471039001 0.157480315,
1.214931493 -0.467231139 0.157480315,
1.214084719 -0.463460284 0.157480315,
1.213053938 -0.459735520 0.157480315,
1.211841634 -0.456065821 0.157480315,
1.210450726 -0.452460028 0.157480315,
1.208884565 -0.448926826 0.157480315,
1.207146925 -0.445474728 0.157480315,
1.205241992 -0.442112050 0.157480315,
1.203174354 -0.438846894 0.157480315,
1.200948993 -0.435687124 0.157480315,
1.198571271 -0.432640354 0.157480315,
1.196046914 -0.429713923 0.157480315,
1.193382005 -0.426914882 0.157480315,
1.190582964 -0.424249973 0.157480315,
1.187656533 -0.421725616 0.157480315,
1.184609763 -0.419347894 0.157480315,
1.181449993 -0.417122533 0.157480315,
1.178184837 -0.415054895 0.157480315,
1.174822159 -0.413149962 0.157480315,
1.171370061 -0.411412322 0.157480315,
1.167836859 -0.409846161 0.157480315,
1.164231066 -0.408455253 0.157480315,
1.160561367 -0.407242949 0.157480315,
1.156836603 -0.406212168 0.157480315,
1.153065748 -0.405365394 0.157480315,
1.149257886 -0.404704667 0.157480315,
1.145422191 -0.404231579 0.157480315,
1.141567902 -0.403947270 0.157480315,
1.216444463 -0.482592581 0.157480315,
1.216444463 -0.482592581 0.039370079,
1.216444463 -0.649606299 0.039370079,
1.216444463 -0.767716535 0.157480315,
1.216444463 -0.767574266 0.151684920,
1.216444463 -0.767147802 0.145903487,
1.216444463 -0.766438170 0.140149944,
1.216444463 -0.765447080 0.134438151,
1.216444463 -0.764176920 0.128781869,
1.216444463 -0.762630748 0.123194723,
1.216444463 -0.760812291 0.117690175,
1.216444463 -0.758725929 0.112281484,
1.216444463 -0.756376688 0.106981682,
1.216444463 -0.753770228 0.101803535,
1.216444463 -0.750912828 0.096759518,
1.216444463 -0.747811372 0.091861784,
1.216444463 -0.744473330 0.087122129,
1.216444463 -0.740906746 0.082551974,
1.216444463 -0.737120212 0.078162328,
1.216444463 -0.733122848 0.073963766,
1.216444463 -0.728924286 0.069966403,
1.216444463 -0.724534640 0.066179868,
1.216444463 -0.719964485 0.062613284,
1.216444463 -0.715224831 0.059275243,
1.216444463 -0.710327096 0.056173786,
1.216444463 -0.705283079 0.053316386,
1.216444463 -0.700104932 0.050709926,
1.216444463 -0.694805130 0.048360685,
1.216444463 -0.689396439 0.046274323,
1.216444463 -0.683891891 0.044455866,
1.216444463 -0.678304746 0.042909695,
1.216444463 -0.672648463 0.041639534,
1.216444463 -0.666936670 0.040648444,
1.216444463 -0.661183127 0.039938812,
1.216444463 -0.655401694 0.039512348,
1.216444463 -0.767716535 0.531496063,
1.216444463 -0.649606299 0.531496063,
1.216444463 -0.649606299 0.157480315,
1.216444463 -0.649606299 0.531496063,
1.594488189 -0.649606299 0.531496063,
1.594488189 -0.767716535 0.531496063,
1.216444463 -0.767716535 0.531496063,
1.594488189 0.649606299 1.377952756,
1.594488189 0.649606299 0.531496063,
1.594488189 0.767716535 0.531496063,
1.594488189 0.767716535 1.377952756,
1.216444463 0.767716535 0.531496063,
1.594488189 0.767716535 0.531496063,
1.594488189 0.649606299 0.531496063,
1.216444463 0.649606299 0.531496063,
1.216444463 0.649606299 0.039370079,
1.216444463 0.482592581 0.039370079,
1.216444463 0.655401694 0.039512348,
1.216444463 0.661183127 0.039938812,
1.216444463 0.666936670 0.040648444,
1.216444463 0.672648463 0.041639534,
1.216444463 0.678304746 0.042909695,
1.216444463 0.683891891 0.044455866,
1.216444463 0.689396439 0.046274323,
1.216444463 0.694805130 0.048360685,
1.216444463 0.700104932 0.050709926,
1.216444463 0.705283079 0.053316386,
1.216444463 0.710327096 0.056173786,
1.216444463 0.715224831 0.059275243,
1.216444463 0.719964485 0.062613284,
1.216444463 0.724534640 0.066179868,
1.216444463 0.728924286 0.069966403,
1.216444463 0.733122848 0.073963766,
1.216444463 0.737120212 0.078162328,
1.216444463 0.740906746 0.082551974,
1.216444463 0.744473330 0.087122129,
1.216444463 0.747811372 0.091861784,
1.216444463 0.750912828 0.096759518,
1.216444463 0.753770228 0.101803535,
1.216444463 0.756376688 0.106981682,
1.216444463 0.758725929 0.112281484,
1.216444463 0.760812291 0.117690175,
1.216444463 0.762630748 0.123194723,
1.216444463 0.764176920 0.128781869,
1.216444463 0.765447080 0.134438151,
1.216444463 0.766438170 0.140149944,
1.216444463 0.767147802 0.145903487,
1.216444463 0.767574266 0.151684920,
1.216444463 0.767716535 0.157480315,
1.216444463 0.767716535 0.531496063,
1.216444463 0.649606299 0.531496063,
1.216444463 0.649606299 0.157480315,
1.216444463 0.482592581 0.157480315,
1.137704306 0.403852424 0.157480315,
1.141567902 0.403947270 0.157480315,
1.145422191 0.404231579 0.157480315,
1.149257886 0.404704667 0.157480315,
1.153065748 0.405365394 0.157480315,
1.156836603 0.406212168 0.157480315,
1.160561367 0.407242949 0.157480315,
1.164231066 0.408455253 0.157480315,
1.167836859 0.409846161 0.157480315,
1.171370061 0.411412322 0.157480315,
1.174822159 0.413149962 0.157480315,
1.178184837 0.415054895 0.157480315,
1.181449993 0.417122533 0.157480315,
1.184609763 0.419347894 0.157480315,
1.187656533 0.421725616 0.157480315,
1.190582964 0.424249973 0.157480315,
1.193382005 0.426914882 0.157480315,
1.196046914 0.429713923 0.157480315,
1.198571271 0.432640354 0.157480315,
1.200948993 0.435687124 0.157480315,
1.203174354 0.438846894 0.157480315,
1.205241992 0.442112050 0.157480315,
1.207146925 0.445474728 0.157480315,
1.208884565 0.448926826 0.157480315,
1.210450726 0.452460028 0.157480315,
1.211841634 0.456065821 0.157480315,
1.213053938 0.459735520 0.157480315,
1.214084719 0.463460284 0.157480315,
1.214931493 0.467231139 0.157480315,
1.215592220 0.471039001 0.157480315,
1.216065308 0.474874696 0.157480315,
1.216349617 0.478728985 0.157480315,
1.216444463 0.482592581 0.157480315,
0.801587869 0.403852424 0.157480315,
0.722847712 0.482592581 0.157480315,
0.722942558 0.478728985 0.157480315,
0.723226867 0.474874696 0.157480315,
0.723699955 0.471039001 0.157480315,
0.724360682 0.467231139 0.157480315,
0.725207456 0.463460284 0.157480315,
0.726238236 0.459735520 0.157480315,
0.727450541 0.456065821 0.157480315,
0.728841449 0.452460028 0.157480315,
0.730407610 0.448926826 0.157480315,
0.732145250 0.445474728 0.157480315,
0.734050183 0.442112050 0.157480315,
0.736117821 0.438846894 0.157480315,
0.738343182 0.435687124 0.157480315,
0.740720904 0.432640354 0.157480315,
0.743245261 0.429713923 0.157480315,
0.745910170 0.426914882 0.157480315,
0.748709211 0.424249973 0.157480315,
0.751635642 0.421725616 0.157480315,
0.754682412 0.419347894 0.157480315,
0.757842182 0.417122533 0.157480315,
0.761107338 0.415054895 0.157480315,
0.764470016 0.413149962 0.157480315,
0.767922114 0.411412322 0.157480315,
0.771455315 0.409846161 0.157480315,
0.775061109 0.408455253 0.157480315,
0.778730808 0.407242949 0.157480315,
0.782455572 0.406212168 0.157480315,
0.786226426 0.405365394 0.157480315,
0.790034289 0.404704667 0.157480315,
0.793869984 0.404231579 0.157480315,
0.797724273 0.403947270 0.157480315,
0.722847712 0.649606299 0.157480315,
1.216444463 0.649606299 0.157480315,
0.722847712 0.482592581 0.157480315,
0.722847712 0.649606299 0.157480315,
0.722847712 0.649606299 0.531496063,
0.722847712 0.767716535 0.531496063,
0.722847712 0.767716535 0.157480315,
0.722847712 0.767574266 0.151684920,
0.722847712 0.767147802 0.145903487,
0.722847712 0.766438170 0.140149944,
0.722847712 0.765447080 0.134438151,
0.722847712 0.764176920 0.128781869,
0.722847712 0.762630748 0.123194723,
0.722847712 0.760812291 0.117690175,
0.722847712 0.758725929 0.112281484,
0.722847712 0.756376688 0.106981682,
0.722847712 0.753770228 0.101803535,
0.722847712 0.750912828 0.096759518,
0.722847712 0.747811372 0.091861784,
0.722847712 0.744473330 0.087122129,
0.722847712 0.740906746 0.082551974,
0.722847712 0.737120212 0.078162328,
0.722847712 0.733122848 0.073963766,
0.722847712 0.728924286 0.069966403,
0.722847712 0.724534640 0.066179868,
0.722847712 0.719964485 0.062613284,
0.722847712 0.715224831 0.059275243,
0.722847712 0.710327096 0.056173786,
0.722847712 0.705283079 0.053316386,
0.722847712 0.700104932 0.050709926,
0.722847712 0.694805130 0.048360685,
0.722847712 0.689396439 0.046274323,
0.722847712 0.683891891 0.044455866,
0.722847712 0.678304746 0.042909695,
0.722847712 0.672648463 0.041639534,
0.722847712 0.666936670 0.040648444,
0.722847712 0.661183127 0.039938812,
0.722847712 0.655401694 0.039512348,
0.722847712 0.649606299 0.039370079,
0.722847712 0.482592581 0.039370079,
-0.253106588 0.748031496 0.531496063,
-0.248226897 0.744963454 0.531496063,
-0.243203334 0.742137135 0.531496063,
-0.238047863 0.739559271 0.531496063,
-0.232772764 0.737235999 0.531496063,
-0.227390599 0.735172855 0.531496063,
-0.221914187 0.733374751 0.531496063,
-0.216356571 0.731845970 0.531496063,
-0.210730988 0.730590154 0.531496063,
-0.205050835 0.729610292 0.531496063,
-0.199329641 0.728908719 0.531496063,
-0.193581032 0.728487106 0.531496063,
-0.187818699 0.728346457 0.531496063,
0.187818699 0.728346457 0.531496063,
0.193581032 0.728487106 0.531496063,
0.199329641 0.728908719 0.531496063,
0.205050835 0.729610292 0.531496063,
0.210730988 0.730590154 0.531496063,
0.216356571 0.731845970 0.531496063,
0.221914187 0.733374751 0.531496063,
0.227390599 0.735172855 0.531496063,
0.232772764 0.737235999 0.531496063,
0.238047863 0.739559271 0.531496063,
0.243203334 0.742137135 0.531496063,
0.248226897 0.744963454 0.531496063,
0.253106588 0.748031496 0.531496063,
0.257986279 0.751099538 0.531496063,
0.263009842 0.753925857 0.531496063,
0.268165313 0.756503722 0.531496063,
0.273440413 0.758826993 0.531496063,
0.278822578 0.760890137 0.531496063,
0.284298989 0.762688241 0.531496063,
0.289856605 0.764217022 0.531496063,
0.295482189 0.765472838 0.531496063,
0.301162342 0.766452700 0.531496063,
0.306883536 0.767154273 0.531496063,
0.312632145 0.767575886 0.531496063,
0.318394478 0.767716535 0.531496063,
0.722847712 0.767716535 0.531496063,
0.722847712 0.649606299 0.531496063,
-0.722847712 0.649606299 0.531496063,
-0.722847712 0.767716535 0.531496063,
-0.318394478 0.767716535 0.531496063,
-0.312632145 0.767575886 0.531496063,
-0.306883536 0.767154273 0.531496063,
-0.301162342 0.766452700 0.531496063,
-0.295482189 0.765472838 0.531496063,
-0.289856605 0.764217022 0.531496063,
-0.284298989 0.762688241 0.531496063,
-0.278822578 0.760890137 0.531496063,
-0.273440413 0.758826993 0.531496063,
-0.268165313 0.756503722 0.531496063,
-0.263009842 0.753925857 0.531496063,
-0.257986279 0.751099538 0.531496063,
-0.722847712 0.482592581 0.157480315,
-0.722847712 0.482592581 0.039370079,
-0.722847712 0.649606299 0.157480315,
-0.722847712 0.649606299 0.531496063,
-0.722847712 0.767716535 0.531496063,
-0.722847712 0.767716535 0.157480315,
-0.722847712 0.649606299 0.039370079,
-0.722847712 0.655401694 0.039512348,
-0.722847712 0.661183127 0.039938812,
-0.722847712 0.666936670 0.040648444,
-0.722847712 0.672648463 0.041639534,
-0.722847712 0.678304746 0.042909695,
-0.722847712 0.683891891 0.044455866,
-0.722847712 0.689396439 0.046274323,
-0.722847712 0.694805130 0.048360685,
-0.722847712 0.700104932 0.050709926,
-0.722847712 0.705283079 0.053316386,
-0.722847712 0.710327096 0.056173786,
-0.722847712 0.715224831 0.059275243,
-0.722847712 0.719964485 0.062613284,
-0.722847712 0.724534640 0.066179868,
-0.722847712 0.728924286 0.069966403,
-0.722847712 0.733122848 0.073963766,
-0.722847712 0.737120212 0.078162328,
-0.722847712 0.740906746 0.082551974,
-0.722847712 0.744473330 0.087122129,
-0.722847712 0.747811372 0.091861784,
-0.722847712 0.750912828 0.096759518,
-0.722847712 0.753770228 0.101803535,
-0.722847712 0.756376688 0.106981682,
-0.722847712 0.758725929 0.112281484,
-0.722847712 0.760812291 0.117690175,
-0.722847712 0.762630748 0.123194723,
-0.722847712 0.764176920 0.128781869,
-0.722847712 0.765447080 0.134438151,
-0.722847712 0.766438170 0.140149944,
-0.722847712 0.767147802 0.145903487,
-0.722847712 0.767574266 0.151684920,
-1.137704306 0.403852424 0.157480315,
-0.801587869 0.403852424 0.157480315,
-0.797724273 0.403947270 0.157480315,
-0.793869984 0.404231579 0.157480315,
-0.790034289 0.404704667 0.157480315,
-0.786226426 0.405365394 0.157480315,
-0.782455572 0.406212168 0.157480315,
-0.778730808 0.407242949 0.157480315,
-0.775061109 0.408455253 0.157480315,
-0.771455315 0.409846161 0.157480315,
-0.767922114 0.411412322 0.157480315,
-0.764470016 0.413149962 0.157480315,
-0.761107338 0.415054895 0.157480315,
-0.757842182 0.417122533 0.157480315,
-0.754682412 0.419347894 0.157480315,
-0.751635642 0.421725616 0.157480315,
-0.748709211 0.424249973 0.157480315,
-0.745910170 0.426914882 0.157480315,
-0.743245261 0.429713923 0.157480315,
-0.740720904 0.432640354 0.157480315,
-0.738343182 0.435687124 0.157480315,
-0.736117821 0.438846894 0.157480315,
-0.734050183 0.442112050 0.157480315,
-0.732145250 0.445474728 0.157480315,
-0.730407610 0.448926826 0.157480315,
-0.728841449 0.452460028 0.157480315,
-0.727450541 0.456065821 0.157480315,
-0.726238236 0.459735520 0.157480315,
-0.725207456 0.463460284 0.157480315,
-0.724360682 0.467231139 0.157480315,
-0.723699955 0.471039001 0.157480315,
-0.723226867 0.474874696 0.157480315,
-0.722942558 0.478728985 0.157480315,
-0.722847712 0.482592581 0.157480315,
-0.722847712 0.649606299 0.157480315,
-1.216444463 0.649606299 0.157480315,
-1.216444463 0.482592581 0.157480315,
-1.216349617 0.478728985 0.157480315,
-1.216065308 0.474874696 0.157480315,
-1.215592220 0.471039001 0.157480315,
-1.214931493 0.467231139 0.157480315,
-1.214084719 0.463460284 0.157480315,
-1.213053938 0.459735520 0.157480315,
-1.211841634 0.456065821 0.157480315,
-1.210450726 0.452460028 0.157480315,
-1.208884565 0.448926826 0.157480315,
-1.207146925 0.445474728 0.157480315,
-1.205241992 0.442112050 0.157480315,
-1.203174354 0.438846894 0.157480315,
-1.200948993 0.435687124 0.157480315,
-1.198571271 0.432640354 0.157480315,
-1.196046914 0.429713923 0.157480315,
-1.193382005 0.426914882 0.157480315,
-1.190582964 0.424249973 0.157480315,
-1.187656533 0.421725616 0.157480315,
-1.184609763 0.419347894 0.157480315,
-1.181449993 0.417122533 0.157480315,
-1.178184837 0.415054895 0.157480315,
-1.174822159 0.413149962 0.157480315,
-1.171370061 0.411412322 0.157480315,
-1.167836859 0.409846161 0.157480315,
-1.164231066 0.408455253 0.157480315,
-1.160561367 0.407242949 0.157480315,
-1.156836603 0.406212168 0.157480315,
-1.153065748 0.405365394 0.157480315,
-1.149257886 0.404704667 0.157480315,
-1.145422191 0.404231579 0.157480315,
-1.141567902 0.403947270 0.157480315,
-1.216444463 0.482592581 0.157480315,
-1.216444463 0.482592581 0.039370079,
-1.216444463 0.649606299 0.039370079,
-1.216444463 0.767716535 0.157480315,
-1.216444463 0.767574266 0.151684920,
-1.216444463 0.767147802 0.145903487,
-1.216444463 0.766438170 0.140149944,
-1.216444463 0.765447080 0.134438151,
-1.216444463 0.764176920 0.128781869,
-1.216444463 0.762630748 0.123194723,
-1.216444463 0.760812291 0.117690175,
-1.216444463 0.758725929 0.112281484,
-1.216444463 0.756376688 0.106981682,
-1.216444463 0.753770228 0.101803535,
-1.216444463 0.750912828 0.096759518,
-1.216444463 0.747811372 0.091861784,
-1.216444463 0.744473330 0.087122129,
-1.216444463 0.740906746 0.082551974,
-1.216444463 0.737120212 0.078162328,
-1.216444463 0.733122848 0.073963766,
-1.216444463 0.728924286 0.069966403,
-1.216444463 0.724534640 0.066179868,
-1.216444463 0.719964485 0.062613284,
-1.216444463 0.715224831 0.059275243,
-1.216444463 0.710327096 0.056173786,
-1.216444463 0.705283079 0.053316386,
-1.216444463 0.700104932 0.050709926,
-1.216444463 0.694805130 0.048360685,
-1.216444463 0.689396439 0.046274323,
-1.216444463 0.683891891 0.044455866,
-1.216444463 0.678304746 0.042909695,
-1.216444463 0.672648463 0.041639534,
-1.216444463 0.666936670 0.040648444,
-1.216444463 0.661183127 0.039938812,
-1.216444463 0.655401694 0.039512348,
-1.216444463 0.767716535 0.531496063,
-1.216444463 0.649606299 0.531496063,
-1.216444463 0.649606299 0.157480315,
-1.594488189 0.649606299 0.531496063,
-1.216444463 0.649606299 0.531496063,
-1.594488189 0.767716535 0.531496063,
-1.216444463 0.767716535 0.531496063,
-1.594488189 0.767716535 1.377952756,
-1.594488189 0.649606299 1.377952756,
-1.594488189 0.649606299 0.531496063,
-1.594488189 0.767716535 0.531496063,
-1.614173228 0.629921260 1.377952756,
-1.732283465 0.629921260 1.377952756,
-1.732283465 0.629921260 0.537557936,
-1.614173228 0.629921260 0.537557936,
-1.732283465 -0.629921260 1.377952756,
-1.732283465 -0.629921260 0.537557936,
-1.614173228 -0.629921260 0.537557936,
-1.614173228 -0.629921260 1.377952756,
-1.614173228 0.629921260 0.537557936,
-1.614173228 -0.629921260 0.537557936,
-1.732283465 -0.629921260 0.537557936,
-1.732283465 0.629921260 0.537557936,
0.318394478 -0.767716535 1.012434295,
0.318394478 -0.767716535 0.531496063,
0.312632145 -0.767575886 1.012434295,
0.306883536 -0.767154273 1.012434295,
0.301162342 -0.766452700 1.012434295,
0.295482189 -0.765472838 1.012434295,
0.289856605 -0.764217022 1.012434295,
0.284298989 -0.762688241 1.012434295,
0.278822578 -0.760890137 1.012434295,
0.273440413 -0.758826993 1.012434295,
0.268165313 -0.756503722 1.012434295,
0.263009842 -0.753925857 1.012434295,
0.257986279 -0.751099538 1.012434295,
0.253106588 -0.748031496 1.012434295,
0.253106588 -0.748031496 0.531496063,
0.312632145 -0.767575886 0.531496063,
0.306883536 -0.767154273 0.531496063,
0.301162342 -0.766452700 0.531496063,
0.295482189 -0.765472838 0.531496063,
0.289856605 -0.764217022 0.531496063,
0.284298989 -0.762688241 0.531496063,
0.278822578 -0.760890137 0.531496063,
0.273440413 -0.758826993 0.531496063,
0.268165313 -0.756503722 0.531496063,
0.263009842 -0.753925857 0.531496063,
0.257986279 -0.751099538 0.531496063,
0.157742635 -0.767716535 1.173086138,
0.157742635 -0.767575886 1.167323805,
0.157742635 -0.767154273 1.161575196,
0.157742635 -0.766452700 1.155854002,
0.157742635 -0.765472838 1.150173849,
0.157742635 -0.764217022 1.144548265,
0.157742635 -0.762688241 1.138990650,
0.157742635 -0.760890137 1.133514238,
0.157742635 -0.758826993 1.128132073,
0.157742635 -0.756503722 1.122856973,
0.157742635 -0.753925857 1.117701502,
0.157742635 -0.751099538 1.112677939,
0.157742635 -0.748031496 1.107798248,
0.162421922 -0.748031496 1.107683378,
0.167089937 -0.748031496 1.107339045,
0.171735433 -0.748031496 1.106766077,
0.176347219 -0.748031496 1.105965857,
0.180914185 -0.748031496 1.104940310,
0.185425329 -0.748031496 1.103691908,
0.189869783 -0.748031496 1.102223659,
0.194236840 -0.748031496 1.100539100,
0.198515979 -0.748031496 1.098642288,
0.202696891 -0.748031496 1.096537793,
0.206769505 -0.748031496 1.094230686,
0.210724009 -0.748031496 1.091726524,
0.214550876 -0.748031496 1.089031340,
0.218240886 -0.748031496 1.086151628,
0.221785152 -0.748031496 1.083094323,
0.225175133 -0.748031496 1.079866793,
0.228402663 -0.748031496 1.076476812,
0.231459968 -0.748031496 1.072932546,
0.234339680 -0.748031496 1.069242536,
0.237034864 -0.748031496 1.065415669,
0.239539026 -0.748031496 1.061461165,
0.241846133 -0.748031496 1.057388551,
0.243950628 -0.748031496 1.053207639,
0.245847440 -0.748031496 1.048928500,
0.247531999 -0.748031496 1.044561443,
0.249000248 -0.748031496 1.040116989,
0.250248650 -0.748031496 1.035605845,
0.251274197 -0.748031496 1.031038879,
0.252074417 -0.748031496 1.026427093,
0.252647385 -0.748031496 1.021781597,
0.252991718 -0.748031496 1.017113582,
0.253106588 -0.748031496 1.012434295,
0.318394478 -0.767716535 1.012434295,
0.312632145 -0.767575886 1.012434295,
0.306883536 -0.767154273 1.012434295,
0.301162342 -0.766452700 1.012434295,
0.295482189 -0.765472838 1.012434295,
0.289856605 -0.764217022 1.012434295,
0.284298989 -0.762688241 1.012434295,
0.278822578 -0.760890137 1.012434295,
0.273440413 -0.758826993 1.012434295,
0.268165313 -0.756503722 1.012434295,
0.263009842 -0.753925857 1.012434295,
0.257986279 -0.751099538 1.012434295,
0.165625447 -0.767716535 1.172892626,
0.173489269 -0.767716535 1.172312555,
0.181315156 -0.767716535 1.171347324,
0.189084255 -0.767716535 1.169999258,
0.196777849 -0.767716535 1.168271603,
0.204377403 -0.767716535 1.166168523,
0.211864611 -0.767716535 1.163695084,
0.219221434 -0.767716535 1.160857244,
0.226430149 -0.767716535 1.157661841,
0.233473389 -0.767716535 1.154116571,
0.240334188 -0.767716535 1.150229977,
0.246996017 -0.767716535 1.146011420,
0.253442826 -0.767716535 1.141471065,
0.259659085 -0.767716535 1.136619849,
0.265629819 -0.767716535 1.131469459,
0.271340642 -0.767716535 1.126032302,
0.276777799 -0.767716535 1.120321479,
0.281928189 -0.767716535 1.114350745,
0.286779405 -0.767716535 1.108134486,
0.291319760 -0.767716535 1.101687677,
0.295538317 -0.767716535 1.095025848,
0.299424911 -0.767716535 1.088165049,
0.302970181 -0.767716535 1.081121809,
0.306165584 -0.767716535 1.073913094,
0.309003424 -0.767716535 1.066556271,
0.311476863 -0.767716535 1.059069063,
0.313579943 -0.767716535 1.051469509,
0.315307598 -0.767716535 1.043775915,
0.316655664 -0.767716535 1.036006816,
0.317620895 -0.767716535 1.028180929,
0.318200966 -0.767716535 1.020317107,
0.297761093 -0.767575886 1.078658094,
0.294342987 -0.767575886 1.085448704,
0.289273167 -0.767154273 1.082738829,
0.292564412 -0.767154273 1.076200247,
0.295530861 -0.767154273 1.069508047,
0.287392514 -0.766452700 1.073754121,
0.290245167 -0.766452700 1.067318641,
0.292778609 -0.766452700 1.060750939,
0.284997390 -0.765472838 1.065144940,
0.287430494 -0.765472838 1.058837353,
0.289551170 -0.765472838 1.052417977,
0.282133760 -0.764217022 1.056942151,
0.284167822 -0.764217022 1.050784956,
0.285897315 -0.764217022 1.044535371,
0.278849515 -0.762688241 1.049171665,
0.280506254 -0.762688241 1.043184981,
0.281867245 -0.762688241 1.037124215,
0.275193963 -0.760890137 1.041854321,
0.276496060 -0.760890137 1.036055820,
0.277512070 -0.760890137 1.030200412,
0.271217312 -0.758826993 1.035005812,
0.272188159 -0.758826993 1.029410685,
0.272883296 -0.758826993 1.023774660,
0.266970154 -0.756503722 1.028636667,
0.267633598 -0.756503722 1.023257610,
0.268032304 -0.756503722 1.017852479,
0.262883043 -0.753925857 1.017599512,
0.262502952 -0.753925857 1.022752285,
0.300841883 -0.767575886 1.071707944,
0.298165365 -0.767154273 1.062678351,
0.294986737 -0.766452700 1.054066838,
0.291354307 -0.765472838 1.045902276,
0.287318072 -0.764217022 1.038208452,
0.282929208 -0.762688241 1.031003969,
0.278239545 -0.760890137 1.024302205,
0.273301050 -0.758826993 1.018111316,
0.303577934 -0.767575886 1.064614999,
0.300461578 -0.767154273 1.055727613,
0.296864233 -0.766452700 1.047282441,
0.292835562 -0.765472838 1.039305949,
0.288426671 -0.764217022 1.031819440,
0.283689586 -0.762688241 1.024838987,
0.278676731 -0.760890137 1.018375406,
0.305962654 -0.767575886 1.057396346,
0.302413970 -0.767154273 1.048672578,
0.298406572 -0.766452700 1.040414092,
0.293991366 -0.765472838 1.032644885,
0.289220440 -0.764217022 1.025383728,
0.284146547 -0.762688241 1.018644121,
0.307990300 -0.767575886 1.050069376,
0.304017835 -0.767154273 1.041530241,
0.299610040 -0.766452700 1.033478336,
0.294818935 -0.765472838 1.025935132,
0.289697468 -0.764217022 1.018916820,
0.309655986 -0.767575886 1.042651739,
0.305269311 -0.767154273 1.034317810,
0.300471737 -0.766452700 1.026491884,
0.295316276 -0.765472838 1.019192854,
0.310955700 -0.767575886 1.035161306,
0.306165381 -0.767154273 1.027052659,
0.300989586 -0.766452700 1.019471566,
0.311886309 -0.767575886 1.027616122,
0.306703889 -0.767154273 1.019752292,
0.312445574 -0.767575886 1.020034363,
0.162661357 -0.751099538 1.112557192,
0.162907852 -0.753925857 1.117574703,
0.167568230 -0.751099538 1.112195239,
0.163160819 -0.756503722 1.122723964,
0.168060625 -0.753925857 1.117194612,
0.172451432 -0.751099538 1.111592953,
0.163419656 -0.758826993 1.127992710,
0.168565950 -0.756503722 1.122325258,
0.173188542 -0.753925857 1.116562144,
0.177299200 -0.751099538 1.110751786,
0.163683746 -0.760890137 1.133368392,
0.169083000 -0.758826993 1.127574956,
0.173945007 -0.756503722 1.121661814,
0.178279248 -0.753925857 1.115678823,
0.182099854 -0.751099538 1.109673763,
0.163952461 -0.762688241 1.138838207,
0.169610545 -0.760890137 1.132931205,
0.174719025 -0.758826993 1.126879819,
0.179285031 -0.756503722 1.120735232,
0.183320480 -0.753925857 1.114546776,
0.186841829 -0.751099538 1.108361482,
0.164225160 -0.764217022 1.144389128,
0.170147327 -0.762688241 1.138381246,
0.175508752 -0.760890137 1.132203730,
0.180314152 -0.758826993 1.125908972,
0.184573157 -0.756503722 1.119547744,
0.188300092 -0.753925857 1.113168732,
0.191513702 -0.751099538 1.106818103,
0.164501194 -0.765472838 1.150007936,
0.170692068 -0.764217022 1.143912101,
0.176312309 -0.762688241 1.137620868,
0.181364160 -0.760890137 1.131187720,
0.185854902 -0.758826993 1.124664755,
0.189796646 -0.756503722 1.118102210,
0.193206089 -0.753925857 1.111548009,
0.196104217 -0.751099538 1.105047346,
0.164779906 -0.766452700 1.155681246,
0.171243472 -0.765472838 1.149510595,
0.177127780 -0.764217022 1.143118331,
0.182432555 -0.762688241 1.136558905,
0.187162661 -0.760890137 1.129885623,
0.191327927 -0.758826993 1.123150165,
0.194942915 -0.756503722 1.116402112,
0.198026651 -0.753925857 1.109688513,
0.200602316 -0.751099538 1.103053476,
0.165060632 -0.767154273 1.161395549,
0.171800224 -0.766452700 1.155163397,
0.177953225 -0.765472838 1.148683026,
0.183516792 -0.764217022 1.142009732,
0.188493321 -0.762688241 1.135197914,
0.192890287 -0.760890137 1.128300576,
0.196720042 -0.758826993 1.121368851,
0.199999564 -0.756503722 1.114451547,
0.202750166 -0.753925857 1.107594723,
0.204997162 -0.751099538 1.100841297,
0.165342703 -0.767575886 1.167137234,
0.172360999 -0.767154273 1.160857041,
0.178786676 -0.766452700 1.154301700,
0.184614289 -0.765472838 1.147527222,
0.189843711 -0.764217022 1.140588975,
0.194480005 -0.762688241 1.133541175,
0.198533239 -0.760890137 1.126436396,
0.202018258 -0.758826993 1.119325104,
0.204954413 -0.756503722 1.112255214,
0.207365253 -0.753925857 1.105271684,
0.209278168 -0.751099538 1.098416137,
0.172924462 -0.767575886 1.166577969,
0.179626150 -0.767154273 1.159960971,
0.185722432 -0.766452700 1.153098232,
0.191210616 -0.765472838 1.146045967,
0.196093296 -0.764217022 1.138859482,
0.200378187 -0.762688241 1.131592679,
0.204077923 -0.760890137 1.124297576,
0.207209809 -0.758826993 1.117023847,
0.209795525 -0.756503722 1.109818403,
0.211860795 -0.753925857 1.102724991,
0.213435020 -0.751099538 1.095783839,
0.180469646 -0.767575886 1.165647360,
0.186838581 -0.767154273 1.158709495,
0.192590781 -0.766452700 1.151555893,
0.197726317 -0.765472838 1.144242830,
0.202250491 -0.764217022 1.136825420,
0.206173655 -0.762688241 1.129357121,
0.209510981 -0.760890137 1.121889267,
0.212282190 -0.758826993 1.114470625,
0.214511237 -0.756503722 1.107146985,
0.216225962 -0.753925857 1.099960779,
0.217457704 -0.751099538 1.092950745,
0.187960079 -0.767575886 1.164347646,
0.193980918 -0.767154273 1.157105630,
0.199375178 -0.766452700 1.149678397,
0.204145693 -0.765472838 1.142122154,
0.208300463 -0.764217022 1.134491688,
0.211852449 -0.762688241 1.126839884,
0.214819325 -0.760890137 1.119217271,
0.217223180 -0.758826993 1.111671589,
0.219090188 -0.756503722 1.104247396,
0.220450237 -0.753925857 1.096985709,
0.221336530 -0.751099538 1.089923680,
0.195377716 -0.767575886 1.162681960,
0.201035953 -0.767154273 1.155153239,
0.206059279 -0.766452700 1.147470269,
0.210453280 -0.765472838 1.139689050,
0.214228636 -0.764217022 1.131863910,
0.217400887 -0.762688241 1.124047035,
0.219990166 -0.760890137 1.116288026,
0.222020876 -0.758826993 1.108633481,
0.223521347 -0.756503722 1.101126622,
0.224523444 -0.753925857 1.093806947,
0.225062152 -0.751099538 1.086709936,
0.202704686 -0.767575886 1.160654314,
0.207986691 -0.767154273 1.152857025,
0.212626980 -0.766452700 1.144936827,
0.216633883 -0.765472838 1.136949377,
0.220020729 -0.764217022 1.128948415,
0.222805604 -0.762688241 1.120985301,
0.225011047 -0.760890137 1.113108588,
0.226663721 -0.758826993 1.105363621,
0.227794040 -0.756503722 1.097792179,
0.228435771 -0.753925857 1.090432151,
0.228625596 -0.751099538 1.083317256,
0.209923339 -0.767575886 1.158269594,
0.214816387 -0.767154273 1.150222521,
0.219062461 -0.766452700 1.142084174,
0.222672611 -0.765472838 1.133909736,
0.225662790 -0.764217022 1.125752227,
0.228053578 -0.762688241 1.117662058,
0.229869872 -0.760890137 1.109686617,
0.231140528 -0.758826993 1.101869886,
0.231897973 -0.756503722 1.094252103,
0.232177791 -0.753925857 1.086869451,
0.232018276 -0.751099538 1.079753812,
0.217016284 -0.767575886 1.155533543,
0.221508587 -0.767154273 1.147256072,
0.225350217 -0.766452700 1.138919184,
0.228554918 -0.765472838 1.130577451,
0.231141224 -0.764217022 1.122283047,
0.233132167 -0.762688241 1.114085312,
0.234554937 -0.760890137 1.106030356,
0.235440514 -0.758826993 1.098160693,
0.235823259 -0.756503722 1.090514919,
0.235740491 -0.753925857 1.083127431,
0.235232020 -0.751099538 1.076028190,
0.223966434 -0.767575886 1.152452753,
0.228047169 -0.767154273 1.143964827,
0.231475100 -0.766452700 1.135449481,
0.234266631 -0.765472838 1.126960548,
0.236442835 -0.764217022 1.118549231,
0.238029136 -0.762688241 1.110263680,
0.239054955 -0.760890137 1.102148615,
0.239553318 -0.758826993 1.094244978,
0.239560443 -0.756503722 1.086589633,
0.239115287 -0.753925857 1.079215104,
0.238259085 -0.751099538 1.072149364,
0.230757044 -0.767575886 1.149034647,
0.234416381 -0.767154273 1.140356712,
0.237422355 -0.766452700 1.131683423,
0.239793991 -0.765472838 1.123067742,
0.241554850 -0.764217022 1.114559775,
0.242732688 -0.762688241 1.106206368,
0.243359083 -0.760890137 1.098050743,
0.243469033 -0.758826993 1.090132174,
0.243100519 -0.756503722 1.082485700,
0.242294049 -0.753925857 1.075141897,
0.241092179 -0.751099538 1.068126680,
0.237371757 -0.767575886 1.145287459,
0.240600880 -0.767154273 1.136440422,
0.243177654 -0.766452700 1.127630084,
0.245123683 -0.765472838 1.118908410,
0.246464955 -0.764217022 1.110324290,
0.247231491 -0.762688241 1.101923151,
0.247456955 -0.760890137 1.093746615,
0.247178226 -0.758826993 1.085832188,
0.246434962 -0.756503722 1.078213007,
0.245269119 -0.753925857 1.070917622,
0.243724477 -0.751099538 1.063969828,
0.243794636 -0.767575886 1.141220216,
0.246585766 -0.767154273 1.132225390,
0.248727134 -0.766452700 1.123299227,
0.250242866 -0.765472838 1.114492572,
0.251161319 -0.764217022 1.105852979,
0.251514708 -0.762688241 1.097424348,
0.251338696 -0.760890137 1.089246597,
0.250671961 -0.758826993 1.081355381,
0.249555736 -0.756503722 1.073781848,
0.248033330 -0.753925857 1.066552455,
0.246149637 -0.751099538 1.059688822,
0.250010208 -0.767575886 1.136842716,
0.252356621 -0.767154273 1.127721770,
0.254057423 -0.766452700 1.118701288,
0.255139207 -0.765472838 1.109830868,
0.255632630 -0.764217022 1.101156615,
0.255572020 -0.762688241 1.092720796,
0.254994957 -0.760890137 1.084561533,
0.253941821 -0.758826993 1.076712536,
0.252455325 -0.756503722 1.069202897,
0.250580024 -0.753925857 1.062056913,
0.248361816 -0.751099538 1.055293976,
0.256003500 -0.767575886 1.132165505,
0.257899542 -0.767154273 1.122940413,
0.259155682 -0.766452700 1.113847342,
0.259800912 -0.765472838 1.104934526,
0.259868115 -0.764217022 1.096246510,
0.259393652 -0.762688241 1.087823827,
0.258416928 -0.760890137 1.079702707,
0.256979929 -0.758826993 1.071914840,
0.255126743 -0.756503722 1.064487185,
0.252903063 -0.753925857 1.057441826,
0.250355686 -0.751099538 1.050795877,
0.261760072 -0.767575886 1.127199852,
0.263201177 -0.767154273 1.117892837,
0.264009628 -0.766452700 1.108749083,
0.264216750 -0.765472838 1.099815343,
0.263857571 -0.764217022 1.091134495,
0.262970398 -0.762688241 1.082745238,
0.261596366 -0.760890137 1.074681826,
0.259778965 -0.758826993 1.066973850,
0.257563554 -0.756503722 1.059646073,
0.254996853 -0.753925857 1.052718311,
0.252126443 -0.751099538 1.046205362,
0.267266058 -0.767575886 1.121957718,
0.268248753 -0.767154273 1.112591202,
0.268607567 -0.766452700 1.103418794,
0.268376082 -0.765472838 1.094485651,
0.267591387 -0.764217022 1.085832884,
0.266293641 -0.762688241 1.077497264,
0.264525611 -0.760890137 1.069510985,
0.262332187 -0.758826993 1.061901469,
0.259759887 -0.756503722 1.054691224,
0.256856349 -0.753925857 1.047897749,
0.253669822 -0.751099538 1.041533489,
0.272508191 -0.767575886 1.116451732,
0.273030110 -0.767154273 1.107048281,
0.272938423 -0.766452700 1.097869314,
0.272268888 -0.765472838 1.088958291,
0.271060567 -0.764217022 1.080354450,
0.269355375 -0.762688241 1.072092547,
0.267197607 -0.760890137 1.064202641,
0.264633444 -0.758826993 1.056709918,
0.261710452 -0.756503722 1.049634575,
0.258477072 -0.753925857 1.042991752,
0.254982103 -0.751099538 1.036791514,
0.277473845 -0.767575886 1.110695160,
0.277533730 -0.767154273 1.101277426,
0.276991763 -0.766452700 1.092114015,
0.275885791 -0.765472838 1.083246578,
0.274256755 -0.764217022 1.074712389,
0.272148224 -0.762688241 1.066544109,
0.269605916 -0.760890137 1.058769583,
0.266677191 -0.758826993 1.051411702,
0.263410550 -0.756503722 1.044488306,
0.259855116 -0.753925857 1.038012140,
0.256060126 -0.751099538 1.031990860,
0.282151056 -0.767575886 1.104701868,
0.281748762 -0.767154273 1.095292540,
0.280757821 -0.766452700 1.086166760,
0.279218076 -0.765472838 1.077364271,
0.277172250 -0.764217022 1.068920296,
0.274665461 -0.762688241 1.060865315,
0.271744736 -0.760890137 1.053224899,
0.268458505 -0.758826993 1.046019587,
0.264856084 -0.756503722 1.039264817,
0.260987163 -0.753925857 1.032970908,
0.256901293 -0.751099538 1.027143092,
0.286528556 -0.767575886 1.098486296,
0.285665052 -0.767154273 1.089108041,
0.284227524 -0.766452700 1.080041877,
0.282257717 -0.765472838 1.071325543,
0.279800028 -0.764217022 1.062992123,
0.276901019 -0.762688241 1.055069847,
0.273608916 -0.760890137 1.047581947,
0.269973095 -0.758826993 1.040546562,
0.266043572 -0.756503722 1.033976691,
0.261870484 -0.753925857 1.027880202,
0.257503579 -0.751099538 1.022259890,
0.290595799 -0.767575886 1.092063417,
0.257865531 -0.751099538 1.017353017,
-0.157742635 -0.767716535 1.173086138,
-0.157742635 -0.767575886 1.167323805,
-0.157742635 -0.767154273 1.161575196,
-0.157742635 -0.766452700 1.155854002,
-0.157742635 -0.765472838 1.150173849,
-0.157742635 -0.764217022 1.144548265,
-0.157742635 -0.762688241 1.138990650,
-0.157742635 -0.760890137 1.133514238,
-0.157742635 -0.758826993 1.128132073,
-0.157742635 -0.756503722 1.122856973,
-0.157742635 -0.753925857 1.117701502,
-0.157742635 -0.751099538 1.112677939,
-0.157742635 -0.748031496 1.107798248,
0.157742635 -0.748031496 1.107798248,
0.157742635 -0.767716535 1.173086138,
0.157742635 -0.767575886 1.167323805,
0.157742635 -0.767154273 1.161575196,
0.157742635 -0.766452700 1.155854002,
0.157742635 -0.765472838 1.150173849,
0.157742635 -0.764217022 1.144548265,
0.157742635 -0.762688241 1.138990650,
0.157742635 -0.760890137 1.133514238,
0.157742635 -0.758826993 1.128132073,
0.157742635 -0.756503722 1.122856973,
0.157742635 -0.753925857 1.117701502,
0.157742635 -0.751099538 1.112677939,
-0.318394478 -0.767716535 1.012434295,
-0.312632145 -0.767575886 1.012434295,
-0.306883536 -0.767154273 1.012434295,
-0.301162342 -0.766452700 1.012434295,
-0.295482189 -0.765472838 1.012434295,
-0.289856605 -0.764217022 1.012434295,
-0.284298989 -0.762688241 1.012434295,
-0.278822578 -0.760890137 1.012434295,
-0.273440413 -0.758826993 1.012434295,
-0.268165313 -0.756503722 1.012434295,
-0.263009842 -0.753925857 1.012434295,
-0.257986279 -0.751099538 1.012434295,
-0.253106588 -0.748031496 1.012434295,
-0.252991718 -0.748031496 1.017113582,
-0.252647385 -0.748031496 1.021781597,
-0.252074417 -0.748031496 1.026427093,
-0.251274197 -0.748031496 1.031038879,
-0.250248650 -0.748031496 1.035605845,
-0.249000248 -0.748031496 1.040116989,
-0.247531999 -0.748031496 1.044561443,
-0.245847440 -0.748031496 1.048928500,
-0.243950628 -0.748031496 1.053207639,
-0.241846133 -0.748031496 1.057388551,
-0.239539026 -0.748031496 1.061461165,
-0.237034864 -0.748031496 1.065415669,
-0.234339680 -0.748031496 1.069242536,
-0.231459968 -0.748031496 1.072932546,
-0.228402663 -0.748031496 1.076476812,
-0.225175133 -0.748031496 1.079866793,
-0.221785152 -0.748031496 1.083094323,
-0.218240886 -0.748031496 1.086151628,
-0.214550876 -0.748031496 1.089031340,
-0.210724009 -0.748031496 1.091726524,
-0.206769505 -0.748031496 1.094230686,
-0.202696891 -0.748031496 1.096537793,
-0.198515979 -0.748031496 1.098642288,
-0.194236840 -0.748031496 1.100539100,
-0.189869783 -0.748031496 1.102223659,
-0.185425329 -0.748031496 1.103691908,
-0.180914185 -0.748031496 1.104940310,
-0.176347219 -0.748031496 1.105965857,
-0.171735433 -0.748031496 1.106766077,
-0.167089937 -0.748031496 1.107339045,
-0.162421922 -0.748031496 1.107683378,
-0.157742635 -0.748031496 1.107798248,
-0.157742635 -0.767716535 1.173086138,
-0.157742635 -0.767575886 1.167323805,
-0.157742635 -0.767154273 1.161575196,
-0.157742635 -0.766452700 1.155854002,
-0.157742635 -0.765472838 1.150173849,
-0.157742635 -0.764217022 1.144548265,
-0.157742635 -0.762688241 1.138990650,
-0.157742635 -0.760890137 1.133514238,
-0.157742635 -0.758826993 1.128132073,
-0.157742635 -0.756503722 1.122856973,
-0.157742635 -0.753925857 1.117701502,
-0.157742635 -0.751099538 1.112677939,
-0.318200966 -0.767716535 1.020317107,
-0.317620895 -0.767716535 1.028180929,
-0.316655664 -0.767716535 1.036006816,
-0.315307598 -0.767716535 1.043775915,
-0.313579943 -0.767716535 1.051469509,
-0.311476863 -0.767716535 1.059069063,
-0.309003424 -0.767716535 1.066556271,
-0.306165584 -0.767716535 1.073913094,
-0.302970181 -0.767716535 1.081121809,
-0.299424911 -0.767716535 1.088165049,
-0.295538317 -0.767716535 1.095025848,
-0.291319760 -0.767716535 1.101687677,
-0.286779405 -0.767716535 1.108134486,
-0.281928189 -0.767716535 1.114350745,
-0.276777799 -0.767716535 1.120321479,
-0.271340642 -0.767716535 1.126032302,
-0.265629819 -0.767716535 1.131469459,
-0.259659085 -0.767716535 1.136619849,
-0.253442826 -0.767716535 1.141471065,
-0.246996017 -0.767716535 1.146011420,
-0.240334188 -0.767716535 1.150229977,
-0.233473389 -0.767716535 1.154116571,
-0.226430149 -0.767716535 1.157661841,
-0.219221434 -0.767716535 1.160857244,
-0.211864611 -0.767716535 1.163695084,
-0.204377403 -0.767716535 1.166168523,
-0.196777849 -0.767716535 1.168271603,
-0.189084255 -0.767716535 1.169999258,
-0.181315156 -0.767716535 1.171347324,
-0.173489269 -0.767716535 1.172312555,
-0.165625447 -0.767716535 1.172892626,
-0.223966434 -0.767575886 1.152452753,
-0.230757044 -0.767575886 1.149034647,
-0.228047169 -0.767154273 1.143964827,
-0.214816387 -0.767154273 1.150222521,
-0.219062461 -0.766452700 1.142084174,
-0.212626980 -0.766452700 1.144936827,
-0.221508587 -0.767154273 1.147256072,
-0.206059279 -0.766452700 1.147470269,
-0.210453280 -0.765472838 1.139689050,
-0.204145693 -0.765472838 1.142122154,
-0.197726317 -0.765472838 1.144242830,
-0.202250491 -0.764217022 1.136825420,
-0.196093296 -0.764217022 1.138859482,
-0.189843711 -0.764217022 1.140588975,
-0.194480005 -0.762688241 1.133541175,
-0.188493321 -0.762688241 1.135197914,
-0.182432555 -0.762688241 1.136558905,
-0.187162661 -0.760890137 1.129885623,
-0.181364160 -0.760890137 1.131187720,
-0.175508752 -0.760890137 1.132203730,
-0.180314152 -0.758826993 1.125908972,
-0.174719025 -0.758826993 1.126879819,
-0.169083000 -0.758826993 1.127574956,
-0.173945007 -0.756503722 1.121661814,
-0.168565950 -0.756503722 1.122325258,
-0.163160819 -0.756503722 1.122723964,
-0.162907852 -0.753925857 1.117574703,
-0.217016284 -0.767575886 1.155533543,
-0.207986691 -0.767154273 1.152857025,
-0.199375178 -0.766452700 1.149678397,
-0.191210616 -0.765472838 1.146045967,
-0.183516792 -0.764217022 1.142009732,
-0.176312309 -0.762688241 1.137620868,
-0.169610545 -0.760890137 1.132931205,
-0.163419656 -0.758826993 1.127992710,
-0.209923339 -0.767575886 1.158269594,
-0.201035953 -0.767154273 1.155153239,
-0.192590781 -0.766452700 1.151555893,
-0.184614289 -0.765472838 1.147527222,
-0.177127780 -0.764217022 1.143118331,
-0.170147327 -0.762688241 1.138381246,
-0.163683746 -0.760890137 1.133368392,
-0.202704686 -0.767575886 1.160654314,
-0.193980918 -0.767154273 1.157105630,
-0.185722432 -0.766452700 1.153098232,
-0.177953225 -0.765472838 1.148683026,
-0.170692068 -0.764217022 1.143912101,
-0.163952461 -0.762688241 1.138838207,
-0.195377716 -0.767575886 1.162681960,
-0.186838581 -0.767154273 1.158709495,
-0.178786676 -0.766452700 1.154301700,
-0.171243472 -0.765472838 1.149510595,
-0.164225160 -0.764217022 1.144389128,
-0.187960079 -0.767575886 1.164347646,
-0.179626150 -0.767154273 1.159960971,
-0.171800224 -0.766452700 1.155163397,
-0.164501194 -0.765472838 1.150007936,
-0.180469646 -0.767575886 1.165647360,
-0.172360999 -0.767154273 1.160857041,
-0.164779906 -0.766452700 1.155681246,
-0.172924462 -0.767575886 1.166577969,
-0.165060632 -0.767154273 1.161395549,
-0.165342703 -0.767575886 1.167137234,
-0.257865531 -0.751099538 1.017353017,
-0.262883043 -0.753925857 1.017599512,
-0.257503579 -0.751099538 1.022259890,
-0.268032304 -0.756503722 1.017852479,
-0.262502952 -0.753925857 1.022752285,
-0.256901293 -0.751099538 1.027143092,
-0.273301050 -0.758826993 1.018111316,
-0.267633598 -0.756503722 1.023257610,
-0.261870484 -0.753925857 1.027880202,
-0.256060126 -0.751099538 1.031990860,
-0.278676731 -0.760890137 1.018375406,
-0.272883296 -0.758826993 1.023774660,
-0.266970154 -0.756503722 1.028636667,
-0.260987163 -0.753925857 1.032970908,
-0.254982103 -0.751099538 1.036791514,
-0.284146547 -0.762688241 1.018644121,
-0.278239545 -0.760890137 1.024302205,
-0.272188159 -0.758826993 1.029410685,
-0.266043572 -0.756503722 1.033976691,
-0.259855116 -0.753925857 1.038012140,
-0.253669822 -0.751099538 1.041533489,
-0.289697468 -0.764217022 1.018916820,
-0.283689586 -0.762688241 1.024838987,
-0.277512070 -0.760890137 1.030200412,
-0.271217312 -0.758826993 1.035005812,
-0.264856084 -0.756503722 1.039264817,
-0.258477072 -0.753925857 1.042991752,
-0.252126443 -0.751099538 1.046205362,
-0.295316276 -0.765472838 1.019192854,
-0.289220440 -0.764217022 1.025383728,
-0.282929208 -0.762688241 1.031003969,
-0.276496060 -0.760890137 1.036055820,
-0.269973095 -0.758826993 1.040546562,
-0.263410550 -0.756503722 1.044488306,
-0.256856349 -0.753925857 1.047897749,
-0.250355686 -0.751099538 1.050795877,
-0.300989586 -0.766452700 1.019471566,
-0.294818935 -0.765472838 1.025935132,
-0.288426671 -0.764217022 1.031819440,
-0.281867245 -0.762688241 1.037124215,
-0.275193963 -0.760890137 1.041854321,
-0.268458505 -0.758826993 1.046019587,
-0.261710452 -0.756503722 1.049634575,
-0.254996853 -0.753925857 1.052718311,
-0.248361816 -0.751099538 1.055293976,
-0.306703889 -0.767154273 1.019752292,
-0.300471737 -0.766452700 1.026491884,
-0.293991366 -0.765472838 1.032644885,
-0.287318072 -0.764217022 1.038208452,
-0.280506254 -0.762688241 1.043184981,
-0.273608916 -0.760890137 1.047581947,
-0.266677191 -0.758826993 1.051411702,
-0.259759887 -0.756503722 1.054691224,
-0.252903063 -0.753925857 1.057441826,
-0.246149637 -0.751099538 1.059688822,
-0.312445574 -0.767575886 1.020034363,
-0.306165381 -0.767154273 1.027052659,
-0.299610040 -0.766452700 1.033478336,
-0.292835562 -0.765472838 1.039305949,
-0.285897315 -0.764217022 1.044535371,
-0.278849515 -0.762688241 1.049171665,
-0.271744736 -0.760890137 1.053224899,
-0.264633444 -0.758826993 1.056709918,
-0.257563554 -0.756503722 1.059646073,
-0.250580024 -0.753925857 1.062056913,
-0.243724477 -0.751099538 1.063969828,
-0.311886309 -0.767575886 1.027616122,
-0.305269311 -0.767154273 1.034317810,
-0.298406572 -0.766452700 1.040414092,
-0.291354307 -0.765472838 1.045902276,
-0.284167822 -0.764217022 1.050784956,
-0.276901019 -0.762688241 1.055069847,
-0.269605916 -0.760890137 1.058769583,
-0.262332187 -0.758826993 1.061901469,
-0.255126743 -0.756503722 1.064487185,
-0.248033330 -0.753925857 1.066552455,
-0.241092179 -0.751099538 1.068126680,
-0.310955700 -0.767575886 1.035161306,
-0.304017835 -0.767154273 1.041530241,
-0.296864233 -0.766452700 1.047282441,
-0.289551170 -0.765472838 1.052417977,
-0.282133760 -0.764217022 1.056942151,
-0.274665461 -0.762688241 1.060865315,
-0.267197607 -0.760890137 1.064202641,
-0.259778965 -0.758826993 1.066973850,
-0.252455325 -0.756503722 1.069202897,
-0.245269119 -0.753925857 1.070917622,
-0.238259085 -0.751099538 1.072149364,
-0.309655986 -0.767575886 1.042651739,
-0.302413970 -0.767154273 1.048672578,
-0.294986737 -0.766452700 1.054066838,
-0.287430494 -0.765472838 1.058837353,
-0.279800028 -0.764217022 1.062992123,
-0.272148224 -0.762688241 1.066544109,
-0.264525611 -0.760890137 1.069510985,
-0.256979929 -0.758826993 1.071914840,
-0.249555736 -0.756503722 1.073781848,
-0.242294049 -0.753925857 1.075141897,
-0.235232020 -0.751099538 1.076028190,
-0.307990300 -0.767575886 1.050069376,
-0.300461578 -0.767154273 1.055727613,
-0.292778609 -0.766452700 1.060750939,
-0.284997390 -0.765472838 1.065144940,
-0.277172250 -0.764217022 1.068920296,
-0.269355375 -0.762688241 1.072092547,
-0.261596366 -0.760890137 1.074681826,
-0.253941821 -0.758826993 1.076712536,
-0.246434962 -0.756503722 1.078213007,
-0.239115287 -0.753925857 1.079215104,
-0.232018276 -0.751099538 1.079753812,
-0.305962654 -0.767575886 1.057396346,
-0.298165365 -0.767154273 1.062678351,
-0.290245167 -0.766452700 1.067318641,
-0.282257717 -0.765472838 1.071325543,
-0.274256755 -0.764217022 1.074712389,
-0.266293641 -0.762688241 1.077497264,
-0.258416928 -0.760890137 1.079702707,
-0.250671961 -0.758826993 1.081355381,
-0.243100519 -0.756503722 1.082485700,
-0.235740491 -0.753925857 1.083127431,
-0.228625596 -0.751099538 1.083317256,
-0.303577934 -0.767575886 1.064614999,
-0.295530861 -0.767154273 1.069508047,
-0.287392514 -0.766452700 1.073754121,
-0.279218076 -0.765472838 1.077364271,
-0.271060567 -0.764217022 1.080354450,
-0.262970398 -0.762688241 1.082745238,
-0.254994957 -0.760890137 1.084561533,
-0.247178226 -0.758826993 1.085832188,
-0.239560443 -0.756503722 1.086589633,
-0.232177791 -0.753925857 1.086869451,
-0.225062152 -0.751099538 1.086709936,
-0.300841883 -0.767575886 1.071707944,
-0.292564412 -0.767154273 1.076200247,
-0.284227524 -0.766452700 1.080041877,
-0.275885791 -0.765472838 1.083246578,
-0.267591387 -0.764217022 1.085832884,
-0.259393652 -0.762688241 1.087823827,
-0.251338696 -0.760890137 1.089246597,
-0.243469033 -0.758826993 1.090132174,
-0.235823259 -0.756503722 1.090514919,
-0.228435771 -0.753925857 1.090432151,
-0.221336530 -0.751099538 1.089923680,
-0.297761093 -0.767575886 1.078658094,
-0.289273167 -0.767154273 1.082738829,
-0.280757821 -0.766452700 1.086166760,
-0.272268888 -0.765472838 1.088958291,
-0.263857571 -0.764217022 1.091134495,
-0.255572020 -0.762688241 1.092720796,
-0.247456955 -0.760890137 1.093746615,
-0.239553318 -0.758826993 1.094244978,
-0.231897973 -0.756503722 1.094252103,
-0.224523444 -0.753925857 1.093806947,
-0.217457704 -0.751099538 1.092950745,
-0.294342987 -0.767575886 1.085448704,
-0.285665052 -0.767154273 1.089108041,
-0.276991763 -0.766452700 1.092114015,
-0.268376082 -0.765472838 1.094485651,
-0.259868115 -0.764217022 1.096246510,
-0.251514708 -0.762688241 1.097424348,
-0.243359083 -0.760890137 1.098050743,
-0.235440514 -0.758826993 1.098160693,
-0.227794040 -0.756503722 1.097792179,
-0.220450237 -0.753925857 1.096985709,
-0.213435020 -0.751099538 1.095783839,
-0.290595799 -0.767575886 1.092063417,
-0.281748762 -0.767154273 1.095292540,
-0.272938424 -0.766452700 1.097869314,
-0.264216750 -0.765472838 1.099815343,
-0.255632630 -0.764217022 1.101156615,
-0.247231491 -0.762688241 1.101923151,
-0.239054955 -0.760890137 1.102148615,
-0.231140528 -0.758826993 1.101869886,
-0.223521347 -0.756503722 1.101126622,
-0.216225962 -0.753925857 1.099960779,
-0.209278168 -0.751099538 1.098416137,
-0.286528556 -0.767575886 1.098486296,
-0.277533730 -0.767154273 1.101277426,
-0.268607567 -0.766452700 1.103418794,
-0.259800912 -0.765472838 1.104934526,
-0.251161319 -0.764217022 1.105852979,
-0.242732688 -0.762688241 1.106206368,
-0.234554937 -0.760890137 1.106030356,
-0.226663721 -0.758826993 1.105363621,
-0.219090188 -0.756503722 1.104247396,
-0.211860795 -0.753925857 1.102724990,
-0.204997162 -0.751099538 1.100841297,
-0.282151056 -0.767575886 1.104701868,
-0.273030110 -0.767154273 1.107048281,
-0.264009628 -0.766452700 1.108749083,
-0.255139207 -0.765472838 1.109830868,
-0.246464955 -0.764217022 1.110324290,
-0.238029136 -0.762688241 1.110263680,
-0.229869873 -0.760890137 1.109686617,
-0.222020876 -0.758826993 1.108633481,
-0.214511237 -0.756503722 1.107146985,
-0.207365253 -0.753925857 1.105271684,
-0.200602316 -0.751099538 1.103053476,
-0.277473845 -0.767575886 1.110695160,
-0.268248753 -0.767154273 1.112591202,
-0.259155682 -0.766452700 1.113847342,
-0.250242866 -0.765472838 1.114492572,
-0.241554850 -0.764217022 1.114559775,
-0.233132167 -0.762688241 1.114085312,
-0.225011047 -0.760890137 1.113108588,
-0.217223180 -0.758826993 1.111671589,
-0.209795525 -0.756503722 1.109818403,
-0.202750166 -0.753925857 1.107594723,
-0.196104217 -0.751099538 1.105047346,
-0.272508192 -0.767575886 1.116451732,
-0.263201177 -0.767154273 1.117892837,
-0.254057423 -0.766452700 1.118701288,
-0.245123683 -0.765472838 1.118908410,
-0.236442835 -0.764217022 1.118549231,
-0.228053578 -0.762688241 1.117662058,
-0.219990166 -0.760890137 1.116288026,
-0.212282190 -0.758826993 1.114470625,
-0.204954413 -0.756503722 1.112255214,
-0.198026651 -0.753925857 1.109688513,
-0.191513702 -0.751099538 1.106818103,
-0.267266058 -0.767575886 1.121957718,
-0.257899542 -0.767154273 1.122940413,
-0.248727134 -0.766452700 1.123299227,
-0.239793991 -0.765472838 1.123067742,
-0.231141224 -0.764217022 1.122283047,
-0.222805604 -0.762688241 1.120985301,
-0.214819325 -0.760890137 1.119217271,
-0.207209809 -0.758826993 1.117023847,
-0.199999564 -0.756503722 1.114451547,
-0.193206089 -0.753925857 1.111548009,
-0.186841829 -0.751099538 1.108361482,
-0.261760072 -0.767575886 1.127199852,
-0.252356621 -0.767154273 1.127721770,
-0.243177654 -0.766452700 1.127630084,
-0.234266631 -0.765472838 1.126960548,
-0.225662790 -0.764217022 1.125752227,
-0.217400887 -0.762688241 1.124047035,
-0.209510981 -0.760890137 1.121889267,
-0.202018258 -0.758826993 1.119325104,
-0.194942915 -0.756503722 1.116402112,
-0.188300092 -0.753925857 1.113168732,
-0.182099854 -0.751099538 1.109673763,
-0.256003500 -0.767575886 1.132165505,
-0.246585766 -0.767154273 1.132225390,
-0.237422355 -0.766452700 1.131683423,
-0.228554918 -0.765472838 1.130577451,
-0.220020729 -0.764217022 1.128948415,
-0.211852449 -0.762688241 1.126839884,
-0.204077923 -0.760890137 1.124297576,
-0.196720042 -0.758826993 1.121368851,
-0.189796646 -0.756503722 1.118102210,
-0.183320480 -0.753925857 1.114546776,
-0.177299200 -0.751099538 1.110751786,
-0.250010208 -0.767575886 1.136842716,
-0.240600880 -0.767154273 1.136440422,
-0.231475100 -0.766452700 1.135449481,
-0.222672611 -0.765472838 1.133909736,
-0.214228636 -0.764217022 1.131863910,
-0.206173655 -0.762688241 1.129357121,
-0.198533239 -0.760890137 1.126436396,
-0.191327927 -0.758826993 1.123150165,
-0.184573157 -0.756503722 1.119547744,
-0.178279248 -0.753925857 1.115678823,
-0.172451432 -0.751099538 1.111592953,
-0.243794636 -0.767575886 1.141220216,
-0.234416381 -0.767154273 1.140356712,
-0.225350217 -0.766452700 1.138919184,
-0.216633883 -0.765472838 1.136949377,
-0.208300463 -0.764217022 1.134491688,
-0.200378187 -0.762688241 1.131592679,
-0.192890287 -0.760890137 1.128300576,
-0.185854902 -0.758826993 1.124664755,
-0.179285031 -0.756503722 1.120735232,
-0.173188542 -0.753925857 1.116562144,
-0.167568230 -0.751099538 1.112195239,
-0.237371757 -0.767575886 1.145287459,
-0.168060625 -0.753925857 1.117194612,
-0.162661357 -0.751099538 1.112557192,
-0.253106588 -0.748031496 0.531496063,
-0.253106588 -0.748031496 1.012434295,
-0.318394478 -0.767716535 1.012434295,
-0.312632145 -0.767575886 1.012434295,
-0.306883536 -0.767154273 1.012434295,
-0.301162342 -0.766452700 1.012434295,
-0.295482189 -0.765472838 1.012434295,
-0.289856605 -0.764217022 1.012434295,
-0.284298989 -0.762688241 1.012434295,
-0.278822578 -0.760890137 1.012434295,
-0.273440413 -0.758826993 1.012434295,
-0.268165313 -0.756503722 1.012434295,
-0.263009842 -0.753925857 1.012434295,
-0.257986279 -0.751099538 1.012434295,
-0.318394478 -0.767716535 0.531496063,
-0.257986279 -0.751099538 0.531496063,
-0.263009842 -0.753925857 0.531496063,
-0.268165313 -0.756503722 0.531496063,
-0.273440413 -0.758826993 0.531496063,
-0.278822578 -0.760890137 0.531496063,
-0.284298989 -0.762688241 0.531496063,
-0.289856605 -0.764217022 0.531496063,
-0.295482189 -0.765472838 0.531496063,
-0.301162342 -0.766452700 0.531496063,
-0.306883536 -0.767154273 0.531496063,
-0.312632145 -0.767575886 0.531496063,
-1.216444463 -0.767716535 0.157480315,
-0.722847712 -0.767716535 0.157480315,
-1.216444463 -0.649606299 0.039370079,
-1.216444463 -0.655401694 0.039512348,
-1.216444463 -0.661183127 0.039938812,
-1.216444463 -0.666936670 0.040648444,
-1.216444463 -0.672648463 0.041639534,
-1.216444463 -0.678304746 0.042909695,
-1.216444463 -0.683891891 0.044455866,
-1.216444463 -0.689396439 0.046274323,
-1.216444463 -0.694805130 0.048360685,
-1.216444463 -0.700104932 0.050709926,
-1.216444463 -0.705283079 0.053316386,
-1.216444463 -0.710327096 0.056173786,
-1.216444463 -0.715224831 0.059275243,
-1.216444463 -0.719964485 0.062613284,
-1.216444463 -0.724534640 0.066179868,
-1.216444463 -0.728924286 0.069966403,
-1.216444463 -0.733122848 0.073963766,
-1.216444463 -0.737120212 0.078162328,
-1.216444463 -0.740906746 0.082551974,
-1.216444463 -0.744473330 0.087122129,
-1.216444463 -0.747811372 0.091861784,
-1.216444463 -0.750912828 0.096759518,
-1.216444463 -0.753770228 0.101803535,
-1.216444463 -0.756376688 0.106981682,
-1.216444463 -0.758725929 0.112281484,
-1.216444463 -0.760812291 0.117690175,
-1.216444463 -0.762630748 0.123194723,
-1.216444463 -0.764176920 0.128781869,
-1.216444463 -0.765447080 0.134438151,
-1.216444463 -0.766438170 0.140149944,
-1.216444463 -0.767147802 0.145903487,
-1.216444463 -0.767574266 0.151684920,
-0.722847712 -0.649606299 0.039370079,
-0.722847712 -0.767574266 0.151684920,
-0.722847712 -0.767147802 0.145903487,
-0.722847712 -0.766438170 0.140149944,
-0.722847712 -0.765447080 0.134438151,
-0.722847712 -0.764176920 0.128781869,
-0.722847712 -0.762630748 0.123194723,
-0.722847712 -0.760812291 0.117690175,
-0.722847712 -0.758725929 0.112281484,
-0.722847712 -0.756376688 0.106981682,
-0.722847712 -0.753770228 0.101803535,
-0.722847712 -0.750912828 0.096759518,
-0.722847712 -0.747811372 0.091861784,
-0.722847712 -0.744473330 0.087122129,
-0.722847712 -0.740906746 0.082551974,
-0.722847712 -0.737120212 0.078162328,
-0.722847712 -0.733122848 0.073963766,
-0.722847712 -0.728924286 0.069966403,
-0.722847712 -0.724534640 0.066179868,
-0.722847712 -0.719964485 0.062613284,
-0.722847712 -0.715224831 0.059275243,
-0.722847712 -0.710327096 0.056173786,
-0.722847712 -0.705283079 0.053316386,
-0.722847712 -0.700104932 0.050709926,
-0.722847712 -0.694805130 0.048360685,
-0.722847712 -0.689396439 0.046274323,
-0.722847712 -0.683891891 0.044455866,
-0.722847712 -0.678304746 0.042909695,
-0.722847712 -0.672648463 0.041639534,
-0.722847712 -0.666936670 0.040648444,
-0.722847712 -0.661183127 0.039938812,
-0.722847712 -0.655401694 0.039512348,
0.722847712 -0.767716535 0.157480315,
1.216444463 -0.767716535 0.157480315,
0.722847712 -0.649606299 0.039370079,
0.722847712 -0.655401694 0.039512348,
0.722847712 -0.661183127 0.039938812,
0.722847712 -0.666936670 0.040648444,
0.722847712 -0.672648463 0.041639534,
0.722847712 -0.678304746 0.042909695,
0.722847712 -0.683891891 0.044455866,
0.722847712 -0.689396439 0.046274323,
0.722847712 -0.694805130 0.048360685,
0.722847712 -0.700104932 0.050709926,
0.722847712 -0.705283079 0.053316386,
0.722847712 -0.710327096 0.056173786,
0.722847712 -0.715224831 0.059275243,
0.722847712 -0.719964485 0.062613284,
0.722847712 -0.724534640 0.066179868,
0.722847712 -0.728924286 0.069966403,
0.722847712 -0.733122848 0.073963766,
0.722847712 -0.737120212 0.078162328,
0.722847712 -0.740906746 0.082551974,
0.722847712 -0.744473330 0.087122129,
0.722847712 -0.747811372 0.091861784,
0.722847712 -0.750912828 0.096759518,
0.722847712 -0.753770228 0.101803535,
0.722847712 -0.756376688 0.106981682,
0.722847712 -0.758725929 0.112281484,
0.722847712 -0.760812291 0.117690175,
0.722847712 -0.762630748 0.123194723,
0.722847712 -0.764176920 0.128781869,
0.722847712 -0.765447080 0.134438151,
0.722847712 -0.766438170 0.140149944,
0.722847712 -0.767147802 0.145903487,
0.722847712 -0.767574266 0.151684920,
1.216444463 -0.649606299 0.039370079,
1.216444463 -0.767574266 0.151684920,
1.216444463 -0.767147802 0.145903487,
1.216444463 -0.766438170 0.140149944,
1.216444463 -0.765447080 0.134438151,
1.216444463 -0.764176920 0.128781869,
1.216444463 -0.762630748 0.123194723,
1.216444463 -0.760812291 0.117690175,
1.216444463 -0.758725929 0.112281484,
1.216444463 -0.756376688 0.106981682,
1.216444463 -0.753770228 0.101803535,
1.216444463 -0.750912828 0.096759518,
1.216444463 -0.747811372 0.091861784,
1.216444463 -0.744473330 0.087122129,
1.216444463 -0.740906746 0.082551974,
1.216444463 -0.737120212 0.078162328,
1.216444463 -0.733122848 0.073963766,
1.216444463 -0.728924286 0.069966403,
1.216444463 -0.724534640 0.066179868,
1.216444463 -0.719964485 0.062613284,
1.216444463 -0.715224831 0.059275243,
1.216444463 -0.710327096 0.056173786,
1.216444463 -0.705283079 0.053316386,
1.216444463 -0.700104932 0.050709926,
1.216444463 -0.694805130 0.048360685,
1.216444463 -0.689396439 0.046274323,
1.216444463 -0.683891891 0.044455866,
1.216444463 -0.678304746 0.042909695,
1.216444463 -0.672648463 0.041639534,
1.216444463 -0.666936670 0.040648444,
1.216444463 -0.661183127 0.039938812,
1.216444463 -0.655401694 0.039512348,
-0.318394478 0.767716535 1.012434295,
-0.318394478 0.767716535 0.531496063,
-0.312632145 0.767575886 1.012434295,
-0.306883536 0.767154273 1.012434295,
-0.301162342 0.766452700 1.012434295,
-0.295482189 0.765472838 1.012434295,
-0.289856605 0.764217022 1.012434295,
-0.284298989 0.762688241 1.012434295,
-0.278822578 0.760890137 1.012434295,
-0.273440413 0.758826993 1.012434295,
-0.268165313 0.756503722 1.012434295,
-0.263009842 0.753925857 1.012434295,
-0.257986279 0.751099538 1.012434295,
-0.253106588 0.748031496 1.012434295,
-0.253106588 0.748031496 0.531496063,
-0.312632145 0.767575886 0.531496063,
-0.306883536 0.767154273 0.531496063,
-0.301162342 0.766452700 0.531496063,
-0.295482189 0.765472838 0.531496063,
-0.289856605 0.764217022 0.531496063,
-0.284298989 0.762688241 0.531496063,
-0.278822578 0.760890137 0.531496063,
-0.273440413 0.758826993 0.531496063,
-0.268165313 0.756503722 0.531496063,
-0.263009842 0.753925857 0.531496063,
-0.257986279 0.751099538 0.531496063,
-0.157742635 0.767716535 1.173086138,
-0.157742635 0.767575886 1.167323805,
-0.157742635 0.767154273 1.161575196,
-0.157742635 0.766452700 1.155854002,
-0.157742635 0.765472838 1.150173849,
-0.157742635 0.764217022 1.144548265,
-0.157742635 0.762688241 1.138990650,
-0.157742635 0.760890137 1.133514238,
-0.157742635 0.758826993 1.128132073,
-0.157742635 0.756503722 1.122856973,
-0.157742635 0.753925857 1.117701502,
-0.157742635 0.751099538 1.112677939,
-0.157742635 0.748031496 1.107798248,
-0.162421922 0.748031496 1.107683378,
-0.167089937 0.748031496 1.107339045,
-0.171735433 0.748031496 1.106766077,
-0.176347219 0.748031496 1.105965857,
-0.180914185 0.748031496 1.104940310,
-0.185425329 0.748031496 1.103691908,
-0.189869783 0.748031496 1.102223659,
-0.194236840 0.748031496 1.100539100,
-0.198515979 0.748031496 1.098642288,
-0.202696891 0.748031496 1.096537793,
-0.206769505 0.748031496 1.094230686,
-0.210724009 0.748031496 1.091726524,
-0.214550876 0.748031496 1.089031340,
-0.218240886 0.748031496 1.086151628,
-0.221785152 0.748031496 1.083094323,
-0.225175133 0.748031496 1.079866793,
-0.228402663 0.748031496 1.076476812,
-0.231459968 0.748031496 1.072932546,
-0.234339680 0.748031496 1.069242536,
-0.237034864 0.748031496 1.065415669,
-0.239539026 0.748031496 1.061461165,
-0.241846133 0.748031496 1.057388551,
-0.243950628 0.748031496 1.053207639,
-0.245847440 0.748031496 1.048928500,
-0.247531999 0.748031496 1.044561443,
-0.249000248 0.748031496 1.040116989,
-0.250248650 0.748031496 1.035605845,
-0.251274197 0.748031496 1.031038879,
-0.252074417 0.748031496 1.026427093,
-0.252647385 0.748031496 1.021781597,
-0.252991718 0.748031496 1.017113582,
-0.253106588 0.748031496 1.012434295,
-0.318394478 0.767716535 1.012434295,
-0.312632145 0.767575886 1.012434295,
-0.306883536 0.767154273 1.012434295,
-0.301162342 0.766452700 1.012434295,
-0.295482189 0.765472838 1.012434295,
-0.289856605 0.764217022 1.012434295,
-0.284298989 0.762688241 1.012434295,
-0.278822578 0.760890137 1.012434295,
-0.273440413 0.758826993 1.012434295,
-0.268165313 0.756503722 1.012434295,
-0.263009842 0.753925857 1.012434295,
-0.257986279 0.751099538 1.012434295,
-0.165625447 0.767716535 1.172892626,
-0.173489269 0.767716535 1.172312555,
-0.181315156 0.767716535 1.171347324,
-0.189084255 0.767716535 1.169999258,
-0.196777849 0.767716535 1.168271603,
-0.204377403 0.767716535 1.166168523,
-0.211864611 0.767716535 1.163695084,
-0.219221434 0.767716535 1.160857244,
-0.226430149 0.767716535 1.157661841,
-0.233473389 0.767716535 1.154116571,
-0.240334188 0.767716535 1.150229977,
-0.246996017 0.767716535 1.146011420,
-0.253442826 0.767716535 1.141471065,
-0.259659085 0.767716535 1.136619849,
-0.265629819 0.767716535 1.131469459,
-0.271340642 0.767716535 1.126032302,
-0.276777799 0.767716535 1.120321479,
-0.281928189 0.767716535 1.114350745,
-0.286779405 0.767716535 1.108134486,
-0.291319760 0.767716535 1.101687677,
-0.295538317 0.767716535 1.095025848,
-0.299424911 0.767716535 1.088165049,
-0.302970181 0.767716535 1.081121809,
-0.306165584 0.767716535 1.073913094,
-0.309003424 0.767716535 1.066556271,
-0.311476863 0.767716535 1.059069063,
-0.313579943 0.767716535 1.051469509,
-0.315307598 0.767716535 1.043775915,
-0.316655664 0.767716535 1.036006816,
-0.317620895 0.767716535 1.028180929,
-0.318200966 0.767716535 1.020317107,
-0.188493321 0.762688241 1.135197914,
-0.196093296 0.764217022 1.138859482,
-0.189843711 0.764217022 1.140588975,
-0.183516792 0.764217022 1.142009732,
-0.191210616 0.765472838 1.146045967,
-0.184614289 0.765472838 1.147527222,
-0.177953225 0.765472838 1.148683026,
-0.185722432 0.766452700 1.153098232,
-0.178786676 0.766452700 1.154301700,
-0.171800224 0.766452700 1.155163397,
-0.179626150 0.767154273 1.159960971,
-0.172360999 0.767154273 1.160857041,
-0.165060632 0.767154273 1.161395549,
-0.165342703 0.767575886 1.167137234,
-0.172924462 0.767575886 1.166577969,
-0.200602316 0.751099538 1.103053476,
-0.204997162 0.751099538 1.100841297,
-0.207365253 0.753925857 1.105271684,
-0.202750166 0.753925857 1.107594723,
-0.198026651 0.753925857 1.109688513,
-0.204954413 0.756503722 1.112255214,
-0.199999564 0.756503722 1.114451547,
-0.194942915 0.756503722 1.116402112,
-0.202018258 0.758826993 1.119325104,
-0.196720042 0.758826993 1.121368851,
-0.191327927 0.758826993 1.123150165,
-0.198533239 0.760890137 1.126436396,
-0.192890287 0.760890137 1.128300576,
-0.187162661 0.760890137 1.129885623,
-0.194480005 0.762688241 1.133541175,
-0.182432555 0.762688241 1.136558905,
-0.177127780 0.764217022 1.143118331,
-0.171243472 0.765472838 1.149510595,
-0.164779906 0.766452700 1.155681246,
-0.196104217 0.751099538 1.105047346,
-0.193206089 0.753925857 1.111548009,
-0.189796646 0.756503722 1.118102210,
-0.185854902 0.758826993 1.124664755,
-0.181364160 0.760890137 1.131187720,
-0.176312309 0.762688241 1.137620868,
-0.170692068 0.764217022 1.143912101,
-0.164501194 0.765472838 1.150007936,
-0.191513702 0.751099538 1.106818103,
-0.188300092 0.753925857 1.113168732,
-0.184573157 0.756503722 1.119547744,
-0.180314152 0.758826993 1.125908972,
-0.175508752 0.760890137 1.132203730,
-0.170147327 0.762688241 1.138381246,
-0.164225160 0.764217022 1.144389128,
-0.186841829 0.751099538 1.108361482,
-0.183320480 0.753925857 1.114546776,
-0.179285031 0.756503722 1.120735232,
-0.174719025 0.758826993 1.126879819,
-0.169610545 0.760890137 1.132931205,
-0.163952461 0.762688241 1.138838207,
-0.182099854 0.751099538 1.109673763,
-0.178279248 0.753925857 1.115678823,
-0.173945007 0.756503722 1.121661814,
-0.169083000 0.758826993 1.127574956,
-0.163683746 0.760890137 1.133368392,
-0.177299200 0.751099538 1.110751786,
-0.173188542 0.753925857 1.116562144,
-0.168565950 0.756503722 1.122325258,
-0.163419656 0.758826993 1.127992710,
-0.172451432 0.751099538 1.111592953,
-0.168060625 0.753925857 1.117194612,
-0.163160819 0.756503722 1.122723964,
-0.167568230 0.751099538 1.112195239,
-0.162907852 0.753925857 1.117574703,
-0.162661357 0.751099538 1.112557192,
-0.312445574 0.767575886 1.020034363,
-0.306703889 0.767154273 1.019752292,
-0.311886309 0.767575886 1.027616122,
-0.300989586 0.766452700 1.019471566,
-0.306165381 0.767154273 1.027052659,
-0.310955700 0.767575886 1.035161306,
-0.295316276 0.765472838 1.019192854,
-0.300471737 0.766452700 1.026491884,
-0.305269311 0.767154273 1.034317810,
-0.309655986 0.767575886 1.042651739,
-0.289697468 0.764217022 1.018916820,
-0.294818935 0.765472838 1.025935132,
-0.299610040 0.766452700 1.033478336,
-0.304017835 0.767154273 1.041530241,
-0.307990300 0.767575886 1.050069376,
-0.284146547 0.762688241 1.018644121,
-0.289220440 0.764217022 1.025383728,
-0.293991366 0.765472838 1.032644885,
-0.298406572 0.766452700 1.040414092,
-0.302413970 0.767154273 1.048672578,
-0.305962654 0.767575886 1.057396346,
-0.278676731 0.760890137 1.018375406,
-0.283689586 0.762688241 1.024838987,
-0.288426671 0.764217022 1.031819440,
-0.292835562 0.765472838 1.039305949,
-0.296864233 0.766452700 1.047282441,
-0.300461578 0.767154273 1.055727613,
-0.303577934 0.767575886 1.064614999,
-0.273301050 0.758826993 1.018111316,
-0.278239545 0.760890137 1.024302205,
-0.282929208 0.762688241 1.031003969,
-0.287318072 0.764217022 1.038208452,
-0.291354307 0.765472838 1.045902276,
-0.294986737 0.766452700 1.054066838,
-0.298165365 0.767154273 1.062678351,
-0.300841883 0.767575886 1.071707944,
-0.268032304 0.756503722 1.017852479,
-0.272883296 0.758826993 1.023774660,
-0.277512070 0.760890137 1.030200412,
-0.281867245 0.762688241 1.037124215,
-0.285897315 0.764217022 1.044535371,
-0.289551170 0.765472838 1.052417977,
-0.292778609 0.766452700 1.060750939,
-0.295530861 0.767154273 1.069508047,
-0.297761093 0.767575886 1.078658094,
-0.262883043 0.753925857 1.017599512,
-0.267633598 0.756503722 1.023257610,
-0.272188159 0.758826993 1.029410685,
-0.276496060 0.760890137 1.036055820,
-0.280506254 0.762688241 1.043184981,
-0.284167822 0.764217022 1.050784956,
-0.287430494 0.765472838 1.058837353,
-0.290245167 0.766452700 1.067318640,
-0.292564412 0.767154273 1.076200247,
-0.294342987 0.767575886 1.085448704,
-0.257865531 0.751099538 1.017353017,
-0.262502952 0.753925857 1.022752285,
-0.266970154 0.756503722 1.028636667,
-0.271217312 0.758826993 1.035005812,
-0.275193963 0.760890137 1.041854321,
-0.278849515 0.762688241 1.049171665,
-0.282133760 0.764217022 1.056942151,
-0.284997390 0.765472838 1.065144940,
-0.287392514 0.766452700 1.073754121,
-0.289273167 0.767154273 1.082738829,
-0.290595799 0.767575886 1.092063417,
-0.257503579 0.751099538 1.022259890,
-0.261870484 0.753925857 1.027880202,
-0.266043572 0.756503722 1.033976691,
-0.269973095 0.758826993 1.040546562,
-0.273608916 0.760890137 1.047581947,
-0.276901019 0.762688241 1.055069847,
-0.279800028 0.764217022 1.062992123,
-0.282257717 0.765472838 1.071325543,
-0.284227524 0.766452700 1.080041877,
-0.285665052 0.767154273 1.089108041,
-0.286528556 0.767575886 1.098486296,
-0.256901293 0.751099538 1.027143092,
-0.260987163 0.753925857 1.032970908,
-0.264856084 0.756503722 1.039264817,
-0.268458505 0.758826993 1.046019587,
-0.271744736 0.760890137 1.053224899,
-0.274665461 0.762688241 1.060865315,
-0.277172250 0.764217022 1.068920296,
-0.279218076 0.765472838 1.077364271,
-0.280757821 0.766452700 1.086166760,
-0.281748762 0.767154273 1.095292540,
-0.282151056 0.767575886 1.104701868,
-0.256060126 0.751099538 1.031990860,
-0.259855116 0.753925857 1.038012140,
-0.263410550 0.756503722 1.044488306,
-0.266677191 0.758826993 1.051411702,
-0.269605916 0.760890137 1.058769583,
-0.272148224 0.762688241 1.066544109,
-0.274256755 0.764217022 1.074712389,
-0.275885791 0.765472838 1.083246578,
-0.276991763 0.766452700 1.092114015,
-0.277533730 0.767154273 1.101277426,
-0.277473845 0.767575886 1.110695160,
-0.254982103 0.751099538 1.036791514,
-0.258477072 0.753925857 1.042991752,
-0.261710452 0.756503722 1.049634575,
-0.264633444 0.758826993 1.056709918,
-0.267197607 0.760890137 1.064202641,
-0.269355375 0.762688241 1.072092547,
-0.271060567 0.764217022 1.080354450,
-0.272268888 0.765472838 1.088958291,
-0.272938424 0.766452700 1.097869314,
-0.273030110 0.767154273 1.107048281,
-0.272508192 0.767575886 1.116451732,
-0.253669822 0.751099538 1.041533489,
-0.256856349 0.753925857 1.047897749,
-0.259759887 0.756503722 1.054691224,
-0.262332187 0.758826993 1.061901469,
-0.264525611 0.760890137 1.069510985,
-0.266293641 0.762688241 1.077497264,
-0.267591387 0.764217022 1.085832884,
-0.268376082 0.765472838 1.094485651,
-0.268607567 0.766452700 1.103418794,
-0.268248753 0.767154273 1.112591202,
-0.267266058 0.767575886 1.121957718,
-0.252126443 0.751099538 1.046205362,
-0.254996853 0.753925857 1.052718311,
-0.257563554 0.756503722 1.059646073,
-0.259778965 0.758826993 1.066973850,
-0.261596366 0.760890137 1.074681826,
-0.262970398 0.762688241 1.082745238,
-0.263857571 0.764217022 1.091134495,
-0.264216750 0.765472838 1.099815343,
-0.264009628 0.766452700 1.108749083,
-0.263201177 0.767154273 1.117892837,
-0.261760072 0.767575886 1.127199852,
-0.250355686 0.751099538 1.050795877,
-0.252903063 0.753925857 1.057441826,
-0.255126743 0.756503722 1.064487185,
-0.256979929 0.758826993 1.071914840,
-0.258416928 0.760890137 1.079702707,
-0.259393652 0.762688241 1.087823827,
-0.259868115 0.764217022 1.096246510,
-0.259800912 0.765472838 1.104934526,
-0.259155682 0.766452700 1.113847342,
-0.257899542 0.767154273 1.122940413,
-0.256003500 0.767575886 1.132165505,
-0.248361816 0.751099538 1.055293976,
-0.250580024 0.753925857 1.062056913,
-0.252455325 0.756503722 1.069202897,
-0.253941821 0.758826993 1.076712536,
-0.254994957 0.760890137 1.084561533,
-0.255572020 0.762688241 1.092720796,
-0.255632630 0.764217022 1.101156615,
-0.255139207 0.765472838 1.109830868,
-0.254057423 0.766452700 1.118701288,
-0.252356621 0.767154273 1.127721770,
-0.250010208 0.767575886 1.136842716,
-0.246149637 0.751099538 1.059688822,
-0.248033330 0.753925857 1.066552455,
-0.249555736 0.756503722 1.073781848,
-0.250671961 0.758826993 1.081355381,
-0.251338696 0.760890137 1.089246597,
-0.251514708 0.762688241 1.097424348,
-0.251161319 0.764217022 1.105852979,
-0.250242866 0.765472838 1.114492572,
-0.248727134 0.766452700 1.123299227,
-0.246585766 0.767154273 1.132225390,
-0.243794636 0.767575886 1.141220216,
-0.243724477 0.751099538 1.063969828,
-0.245269119 0.753925857 1.070917622,
-0.246434962 0.756503722 1.078213007,
-0.247178226 0.758826993 1.085832188,
-0.247456955 0.760890137 1.093746615,
-0.247231491 0.762688241 1.101923151,
-0.246464955 0.764217022 1.110324290,
-0.245123683 0.765472838 1.118908410,
-0.243177654 0.766452700 1.127630084,
-0.240600880 0.767154273 1.136440422,
-0.237371757 0.767575886 1.145287459,
-0.241092179 0.751099538 1.068126680,
-0.242294049 0.753925857 1.075141897,
-0.243100519 0.756503722 1.082485700,
-0.243469033 0.758826993 1.090132174,
-0.243359083 0.760890137 1.098050743,
-0.242732688 0.762688241 1.106206368,
-0.241554850 0.764217022 1.114559775,
-0.239793991 0.765472838 1.123067742,
-0.237422355 0.766452700 1.131683423,
-0.234416381 0.767154273 1.140356712,
-0.230757044 0.767575886 1.149034647,
-0.238259085 0.751099538 1.072149364,
-0.239115287 0.753925857 1.079215104,
-0.239560443 0.756503722 1.086589633,
-0.239553318 0.758826993 1.094244978,
-0.239054955 0.760890137 1.102148615,
-0.238029136 0.762688241 1.110263680,
-0.236442835 0.764217022 1.118549231,
-0.234266631 0.765472838 1.126960548,
-0.231475100 0.766452700 1.135449481,
-0.228047169 0.767154273 1.143964827,
-0.223966434 0.767575886 1.152452753,
-0.235232020 0.751099538 1.076028190,
-0.235740491 0.753925857 1.083127431,
-0.235823259 0.756503722 1.090514919,
-0.235440514 0.758826993 1.098160693,
-0.234554937 0.760890137 1.106030356,
-0.233132167 0.762688241 1.114085312,
-0.231141224 0.764217022 1.122283047,
-0.228554918 0.765472838 1.130577451,
-0.225350217 0.766452700 1.138919184,
-0.221508587 0.767154273 1.147256072,
-0.217016284 0.767575886 1.155533543,
-0.232018276 0.751099538 1.079753812,
-0.232177791 0.753925857 1.086869451,
-0.231897973 0.756503722 1.094252103,
-0.231140528 0.758826993 1.101869886,
-0.229869873 0.760890137 1.109686617,
-0.228053578 0.762688241 1.117662058,
-0.225662790 0.764217022 1.125752227,
-0.222672611 0.765472838 1.133909736,
-0.219062461 0.766452700 1.142084174,
-0.214816387 0.767154273 1.150222521,
-0.209923339 0.767575886 1.158269594,
-0.228625596 0.751099538 1.083317256,
-0.228435771 0.753925857 1.090432151,
-0.227794040 0.756503722 1.097792179,
-0.226663721 0.758826993 1.105363621,
-0.225011047 0.760890137 1.113108588,
-0.222805604 0.762688241 1.120985301,
-0.220020729 0.764217022 1.128948415,
-0.216633883 0.765472838 1.136949377,
-0.212626980 0.766452700 1.144936827,
-0.207986691 0.767154273 1.152857025,
-0.202704686 0.767575886 1.160654314,
-0.225062152 0.751099538 1.086709936,
-0.224523444 0.753925857 1.093806947,
-0.223521347 0.756503722 1.101126622,
-0.222020876 0.758826993 1.108633481,
-0.219990166 0.760890137 1.116288026,
-0.217400887 0.762688241 1.124047035,
-0.214228636 0.764217022 1.131863910,
-0.210453280 0.765472838 1.139689050,
-0.206059279 0.766452700 1.147470269,
-0.201035953 0.767154273 1.155153239,
-0.195377716 0.767575886 1.162681960,
-0.221336530 0.751099538 1.089923680,
-0.220450237 0.753925857 1.096985709,
-0.219090188 0.756503722 1.104247396,
-0.217223180 0.758826993 1.111671589,
-0.214819325 0.760890137 1.119217271,
-0.211852449 0.762688241 1.126839884,
-0.208300463 0.764217022 1.134491688,
-0.204145693 0.765472838 1.142122154,
-0.199375178 0.766452700 1.149678397,
-0.193980918 0.767154273 1.157105630,
-0.187960079 0.767575886 1.164347646,
-0.217457704 0.751099538 1.092950745,
-0.216225962 0.753925857 1.099960779,
-0.214511237 0.756503722 1.107146985,
-0.212282190 0.758826993 1.114470625,
-0.209510981 0.760890137 1.121889267,
-0.206173655 0.762688241 1.129357121,
-0.202250491 0.764217022 1.136825420,
-0.197726317 0.765472838 1.144242830,
-0.192590781 0.766452700 1.151555893,
-0.186838581 0.767154273 1.158709495,
-0.180469646 0.767575886 1.165647360,
-0.213435020 0.751099538 1.095783839,
-0.211860795 0.753925857 1.102724991,
-0.209795525 0.756503722 1.109818403,
-0.207209809 0.758826993 1.117023847,
-0.204077923 0.760890137 1.124297576,
-0.200378187 0.762688241 1.131592679,
-0.209278168 0.751099538 1.098416137,
0.157742635 0.767716535 1.173086138,
0.157742635 0.767575886 1.167323805,
0.157742635 0.767154273 1.161575196,
0.157742635 0.766452700 1.155854002,
0.157742635 0.765472838 1.150173849,
0.157742635 0.764217022 1.144548265,
0.157742635 0.762688241 1.138990650,
0.157742635 0.760890137 1.133514238,
0.157742635 0.758826993 1.128132073,
0.157742635 0.756503722 1.122856973,
0.157742635 0.753925857 1.117701502,
0.157742635 0.751099538 1.112677939,
0.157742635 0.748031496 1.107798248,
-0.157742635 0.748031496 1.107798248,
-0.157742635 0.767716535 1.173086138,
-0.157742635 0.767575886 1.167323805,
-0.157742635 0.767154273 1.161575196,
-0.157742635 0.766452700 1.155854002,
-0.157742635 0.765472838 1.150173849,
-0.157742635 0.764217022 1.144548265,
-0.157742635 0.762688241 1.138990650,
-0.157742635 0.760890137 1.133514238,
-0.157742635 0.758826993 1.128132073,
-0.157742635 0.756503722 1.122856973,
-0.157742635 0.753925857 1.117701502,
-0.157742635 0.751099538 1.112677939,
0.318394478 0.767716535 1.012434295,
0.312632145 0.767575886 1.012434295,
0.306883536 0.767154273 1.012434295,
0.301162342 0.766452700 1.012434295,
0.295482189 0.765472838 1.012434295,
0.289856605 0.764217022 1.012434295,
0.284298989 0.762688241 1.012434295,
0.278822578 0.760890137 1.012434295,
0.273440413 0.758826993 1.012434295,
0.268165313 0.756503722 1.012434295,
0.263009842 0.753925857 1.012434295,
0.257986279 0.751099538 1.012434295,
0.253106588 0.748031496 1.012434295,
0.252991718 0.748031496 1.017113582,
0.252647385 0.748031496 1.021781597,
0.252074417 0.748031496 1.026427093,
0.251274197 0.748031496 1.031038879,
0.250248650 0.748031496 1.035605845,
0.249000248 0.748031496 1.040116989,
0.247531999 0.748031496 1.044561443,
0.245847440 0.748031496 1.048928500,
0.243950628 0.748031496 1.053207639,
0.241846133 0.748031496 1.057388551,
0.239539026 0.748031496 1.061461165,
0.237034864 0.748031496 1.065415669,
0.234339680 0.748031496 1.069242536,
0.231459968 0.748031496 1.072932546,
0.228402663 0.748031496 1.076476812,
0.225175133 0.748031496 1.079866793,
0.221785152 0.748031496 1.083094323,
0.218240886 0.748031496 1.086151628,
0.214550876 0.748031496 1.089031340,
0.210724009 0.748031496 1.091726524,
0.206769505 0.748031496 1.094230686,
0.202696891 0.748031496 1.096537793,
0.198515979 0.748031496 1.098642288,
0.194236840 0.748031496 1.100539100,
0.189869783 0.748031496 1.102223659,
0.185425329 0.748031496 1.103691908,
0.180914185 0.748031496 1.104940310,
0.176347219 0.748031496 1.105965857,
0.171735433 0.748031496 1.106766077,
0.167089937 0.748031496 1.107339045,
0.162421922 0.748031496 1.107683378,
0.157742635 0.748031496 1.107798248,
0.157742635 0.767716535 1.173086138,
0.157742635 0.767575886 1.167323805,
0.157742635 0.767154273 1.161575196,
0.157742635 0.766452700 1.155854002,
0.157742635 0.765472838 1.150173849,
0.157742635 0.764217022 1.144548265,
0.157742635 0.762688241 1.138990650,
0.157742635 0.760890137 1.133514238,
0.157742635 0.758826993 1.128132073,
0.157742635 0.756503722 1.122856973,
0.157742635 0.753925857 1.117701502,
0.157742635 0.751099538 1.112677939,
0.318200966 0.767716535 1.020317107,
0.317620895 0.767716535 1.028180929,
0.316655664 0.767716535 1.036006816,
0.315307598 0.767716535 1.043775915,
0.313579943 0.767716535 1.051469509,
0.311476863 0.767716535 1.059069063,
0.309003424 0.767716535 1.066556271,
0.306165584 0.767716535 1.073913094,
0.302970181 0.767716535 1.081121809,
0.299424911 0.767716535 1.088165049,
0.295538317 0.767716535 1.095025848,
0.291319760 0.767716535 1.101687677,
0.286779405 0.767716535 1.108134486,
0.281928189 0.767716535 1.114350745,
0.276777799 0.767716535 1.120321479,
0.271340642 0.767716535 1.126032302,
0.265629819 0.767716535 1.131469459,
0.259659085 0.767716535 1.136619849,
0.253442826 0.767716535 1.141471065,
0.246996017 0.767716535 1.146011420,
0.240334188 0.767716535 1.150229977,
0.233473389 0.767716535 1.154116571,
0.226430149 0.767716535 1.157661841,
0.219221433 0.767716535 1.160857244,
0.211864611 0.767716535 1.163695084,
0.204377403 0.767716535 1.166168523,
0.196777849 0.767716535 1.168271603,
0.189084255 0.767716535 1.169999258,
0.181315156 0.767716535 1.171347324,
0.173489269 0.767716535 1.172312555,
0.165625447 0.767716535 1.172892626,
0.280506254 0.762688241 1.043184981,
0.278849515 0.762688241 1.049171665,
0.285897315 0.764217022 1.044535371,
0.287318072 0.764217022 1.038208452,
0.291354307 0.765472838 1.045902276,
0.292835562 0.765472838 1.039305949,
0.293991366 0.765472838 1.032644885,
0.298406572 0.766452700 1.040414092,
0.299610040 0.766452700 1.033478336,
0.300471737 0.766452700 1.026491884,
0.305269311 0.767154273 1.034317810,
0.306165381 0.767154273 1.027052659,
0.306703889 0.767154273 1.019752292,
0.311886309 0.767575886 1.027616122,
0.312445574 0.767575886 1.020034363,
0.248361816 0.751099538 1.055293976,
0.246149637 0.751099538 1.059688822,
0.250580024 0.753925857 1.062056913,
0.252903063 0.753925857 1.057441826,
0.254996853 0.753925857 1.052718311,
0.257563554 0.756503722 1.059646073,
0.259759887 0.756503722 1.054691224,
0.261710452 0.756503722 1.049634575,
0.264633444 0.758826993 1.056709918,
0.266677191 0.758826993 1.051411702,
0.268458505 0.758826993 1.046019587,
0.271744736 0.760890137 1.053224899,
0.273608916 0.760890137 1.047581947,
0.275193963 0.760890137 1.041854321,
0.281867245 0.762688241 1.037124215,
0.288426671 0.764217022 1.031819440,
0.294818935 0.765472838 1.025935132,
0.300989586 0.766452700 1.019471566,
0.250355686 0.751099538 1.050795877,
0.256856349 0.753925857 1.047897749,
0.263410550 0.756503722 1.044488306,
0.269973095 0.758826993 1.040546562,
0.276496060 0.760890137 1.036055820,
0.282929208 0.762688241 1.031003969,
0.289220440 0.764217022 1.025383728,
0.295316276 0.765472838 1.019192854,
0.252126443 0.751099538 1.046205362,
0.258477072 0.753925857 1.042991752,
0.264856084 0.756503722 1.039264817,
0.271217312 0.758826993 1.035005812,
0.277512070 0.760890137 1.030200412,
0.283689586 0.762688241 1.024838987,
0.289697468 0.764217022 1.018916820,
0.253669822 0.751099538 1.041533489,
0.259855116 0.753925857 1.038012140,
0.266043572 0.756503722 1.033976691,
0.272188159 0.758826993 1.029410685,
0.278239545 0.760890137 1.024302205,
0.284146547 0.762688241 1.018644121,
0.254982103 0.751099538 1.036791514,
0.260987163 0.753925857 1.032970908,
0.266970154 0.756503722 1.028636667,
0.272883296 0.758826993 1.023774660,
0.278676731 0.760890137 1.018375406,
0.256060126 0.751099538 1.031990860,
0.261870484 0.753925857 1.027880202,
0.267633598 0.756503722 1.023257610,
0.273301050 0.758826993 1.018111316,
0.256901293 0.751099538 1.027143092,
0.262502952 0.753925857 1.022752285,
0.268032304 0.756503722 1.017852479,
0.257503579 0.751099538 1.022259890,
0.262883043 0.753925857 1.017599512,
0.257865531 0.751099538 1.017353017,
0.165342703 0.767575886 1.167137234,
0.165060632 0.767154273 1.161395549,
0.172924462 0.767575886 1.166577969,
0.164779906 0.766452700 1.155681246,
0.172360999 0.767154273 1.160857041,
0.180469646 0.767575886 1.165647360,
0.164501194 0.765472838 1.150007936,
0.171800224 0.766452700 1.155163397,
0.179626150 0.767154273 1.159960971,
0.187960079 0.767575886 1.164347646,
0.164225160 0.764217022 1.144389128,
0.171243472 0.765472838 1.149510595,
0.178786676 0.766452700 1.154301700,
0.186838581 0.767154273 1.158709495,
0.195377716 0.767575886 1.162681960,
0.163952461 0.762688241 1.138838207,
0.170692068 0.764217022 1.143912101,
0.177953225 0.765472838 1.148683026,
0.185722432 0.766452700 1.153098232,
0.193980918 0.767154273 1.157105630,
0.202704686 0.767575886 1.160654314,
0.163683746 0.760890137 1.133368392,
0.170147327 0.762688241 1.138381246,
0.177127780 0.764217022 1.143118331,
0.184614289 0.765472838 1.147527222,
0.192590781 0.766452700 1.151555893,
0.201035953 0.767154273 1.155153239,
0.209923339 0.767575886 1.158269594,
0.163419656 0.758826993 1.127992710,
0.169610545 0.760890137 1.132931205,
0.176312309 0.762688241 1.137620868,
0.183516792 0.764217022 1.142009732,
0.191210616 0.765472838 1.146045967,
0.199375178 0.766452700 1.149678397,
0.207986691 0.767154273 1.152857025,
0.217016284 0.767575886 1.155533543,
0.163160819 0.756503722 1.122723964,
0.169083000 0.758826993 1.127574956,
0.175508752 0.760890137 1.132203730,
0.182432555 0.762688241 1.136558905,
0.189843711 0.764217022 1.140588975,
0.197726317 0.765472838 1.144242830,
0.206059279 0.766452700 1.147470269,
0.214816387 0.767154273 1.150222521,
0.223966434 0.767575886 1.152452753,
0.162907852 0.753925857 1.117574703,
0.168565950 0.756503722 1.122325258,
0.174719025 0.758826993 1.126879819,
0.181364160 0.760890137 1.131187720,
0.188493321 0.762688241 1.135197914,
0.196093296 0.764217022 1.138859482,
0.204145693 0.765472838 1.142122154,
0.212626980 0.766452700 1.144936827,
0.221508587 0.767154273 1.147256072,
0.230757044 0.767575886 1.149034647,
0.162661357 0.751099538 1.112557192,
0.168060625 0.753925857 1.117194612,
0.173945007 0.756503722 1.121661814,
0.180314152 0.758826993 1.125908972,
0.187162661 0.760890137 1.129885623,
0.194480005 0.762688241 1.133541175,
0.202250491 0.764217022 1.136825420,
0.210453280 0.765472838 1.139689050,
0.219062461 0.766452700 1.142084174,
0.228047169 0.767154273 1.143964827,
0.237371757 0.767575886 1.145287459,
0.167568230 0.751099538 1.112195239,
0.173188542 0.753925857 1.116562144,
0.179285031 0.756503722 1.120735232,
0.185854902 0.758826993 1.124664755,
0.192890287 0.760890137 1.128300576,
0.200378187 0.762688241 1.131592679,
0.208300463 0.764217022 1.134491688,
0.216633883 0.765472838 1.136949377,
0.225350217 0.766452700 1.138919184,
0.234416381 0.767154273 1.140356712,
0.243794636 0.767575886 1.141220216,
0.172451432 0.751099538 1.111592953,
0.178279248 0.753925857 1.115678823,
0.184573157 0.756503722 1.119547744,
0.191327927 0.758826993 1.123150165,
0.198533239 0.760890137 1.126436396,
0.206173655 0.762688241 1.129357121,
0.214228636 0.764217022 1.131863910,
0.222672611 0.765472838 1.133909736,
0.231475100 0.766452700 1.135449481,
0.240600880 0.767154273 1.136440422,
0.250010208 0.767575886 1.136842716,
0.177299200 0.751099538 1.110751786,
0.183320480 0.753925857 1.114546776,
0.189796646 0.756503722 1.118102210,
0.196720042 0.758826993 1.121368851,
0.204077923 0.760890137 1.124297576,
0.211852449 0.762688241 1.126839884,
0.220020729 0.764217022 1.128948415,
0.228554918 0.765472838 1.130577451,
0.237422355 0.766452700 1.131683423,
0.246585766 0.767154273 1.132225390,
0.256003500 0.767575886 1.132165505,
0.182099854 0.751099538 1.109673763,
0.188300092 0.753925857 1.113168732,
0.194942915 0.756503722 1.116402112,
0.202018258 0.758826993 1.119325104,
0.209510981 0.760890137 1.121889267,
0.217400887 0.762688241 1.124047035,
0.225662790 0.764217022 1.125752227,
0.234266631 0.765472838 1.126960548,
0.243177654 0.766452700 1.127630084,
0.252356621 0.767154273 1.127721770,
0.261760072 0.767575886 1.127199852,
0.186841829 0.751099538 1.108361482,
0.193206089 0.753925857 1.111548009,
0.199999564 0.756503722 1.114451547,
0.207209809 0.758826993 1.117023847,
0.214819325 0.760890137 1.119217271,
0.222805604 0.762688241 1.120985301,
0.231141224 0.764217022 1.122283047,
0.239793991 0.765472838 1.123067742,
0.248727134 0.766452700 1.123299227,
0.257899542 0.767154273 1.122940413,
0.267266058 0.767575886 1.121957718,
0.191513702 0.751099538 1.106818103,
0.198026651 0.753925857 1.109688513,
0.204954413 0.756503722 1.112255214,
0.212282190 0.758826993 1.114470625,
0.219990166 0.760890137 1.116288026,
0.228053578 0.762688241 1.117662058,
0.236442835 0.764217022 1.118549231,
0.245123683 0.765472838 1.118908410,
0.254057423 0.766452700 1.118701288,
0.263201177 0.767154273 1.117892837,
0.272508191 0.767575886 1.116451732,
0.196104217 0.751099538 1.105047346,
0.202750166 0.753925857 1.107594723,
0.209795525 0.756503722 1.109818403,
0.217223180 0.758826993 1.111671589,
0.225011047 0.760890137 1.113108588,
0.233132167 0.762688241 1.114085312,
0.241554850 0.764217022 1.114559775,
0.250242866 0.765472838 1.114492572,
0.259155682 0.766452700 1.113847342,
0.268248753 0.767154273 1.112591202,
0.277473845 0.767575886 1.110695160,
0.200602316 0.751099538 1.103053476,
0.207365253 0.753925857 1.105271684,
0.214511237 0.756503722 1.107146985,
0.222020876 0.758826993 1.108633481,
0.229869872 0.760890137 1.109686617,
0.238029136 0.762688241 1.110263680,
0.246464955 0.764217022 1.110324290,
0.255139207 0.765472838 1.109830868,
0.264009628 0.766452700 1.108749083,
0.273030110 0.767154273 1.107048281,
0.282151056 0.767575886 1.104701868,
0.204997162 0.751099538 1.100841297,
0.211860795 0.753925857 1.102724991,
0.219090188 0.756503722 1.104247396,
0.226663721 0.758826993 1.105363621,
0.234554937 0.760890137 1.106030356,
0.242732688 0.762688241 1.106206368,
0.251161319 0.764217022 1.105852979,
0.259800912 0.765472838 1.104934526,
0.268607567 0.766452700 1.103418794,
0.277533730 0.767154273 1.101277426,
0.286528556 0.767575886 1.098486296,
0.209278168 0.751099538 1.098416137,
0.216225962 0.753925857 1.099960779,
0.223521347 0.756503722 1.101126622,
0.231140528 0.758826993 1.101869886,
0.239054955 0.760890137 1.102148615,
0.247231491 0.762688241 1.101923151,
0.255632630 0.764217022 1.101156615,
0.264216750 0.765472838 1.099815343,
0.272938423 0.766452700 1.097869314,
0.281748762 0.767154273 1.095292540,
0.290595799 0.767575886 1.092063417,
0.213435020 0.751099538 1.095783839,
0.220450237 0.753925857 1.096985709,
0.227794040 0.756503722 1.097792179,
0.235440514 0.758826993 1.098160693,
0.243359083 0.760890137 1.098050743,
0.251514708 0.762688241 1.097424348,
0.259868115 0.764217022 1.096246510,
0.268376082 0.765472838 1.094485651,
0.276991763 0.766452700 1.092114015,
0.285665052 0.767154273 1.089108041,
0.294342987 0.767575886 1.085448704,
0.217457704 0.751099538 1.092950745,
0.224523444 0.753925857 1.093806947,
0.231897973 0.756503722 1.094252103,
0.239553318 0.758826993 1.094244978,
0.247456955 0.760890137 1.093746615,
0.255572020 0.762688241 1.092720796,
0.263857571 0.764217022 1.091134495,
0.272268888 0.765472838 1.088958291,
0.280757821 0.766452700 1.086166760,
0.289273167 0.767154273 1.082738829,
0.297761093 0.767575886 1.078658094,
0.221336530 0.751099538 1.089923680,
0.228435771 0.753925857 1.090432151,
0.235823259 0.756503722 1.090514919,
0.243469033 0.758826993 1.090132174,
0.251338696 0.760890137 1.089246597,
0.259393652 0.762688241 1.087823827,
0.267591387 0.764217022 1.085832884,
0.275885791 0.765472838 1.083246578,
0.284227524 0.766452700 1.080041877,
0.292564412 0.767154273 1.076200247,
0.300841883 0.767575886 1.071707944,
0.225062152 0.751099538 1.086709936,
0.232177791 0.753925857 1.086869451,
0.239560443 0.756503722 1.086589633,
0.247178226 0.758826993 1.085832188,
0.254994957 0.760890137 1.084561533,
0.262970398 0.762688241 1.082745238,
0.271060567 0.764217022 1.080354450,
0.279218076 0.765472838 1.077364271,
0.287392514 0.766452700 1.073754121,
0.295530861 0.767154273 1.069508047,
0.303577934 0.767575886 1.064614999,
0.228625596 0.751099538 1.083317256,
0.235740491 0.753925857 1.083127431,
0.243100519 0.756503722 1.082485700,
0.250671961 0.758826993 1.081355381,
0.258416928 0.760890137 1.079702707,
0.266293641 0.762688241 1.077497264,
0.274256755 0.764217022 1.074712389,
0.282257717 0.765472838 1.071325543,
0.290245167 0.766452700 1.067318641,
0.298165365 0.767154273 1.062678351,
0.305962654 0.767575886 1.057396346,
0.232018276 0.751099538 1.079753812,
0.239115287 0.753925857 1.079215104,
0.246434962 0.756503722 1.078213007,
0.253941821 0.758826993 1.076712536,
0.261596366 0.760890137 1.074681826,
0.269355375 0.762688241 1.072092547,
0.277172250 0.764217022 1.068920296,
0.284997390 0.765472838 1.065144940,
0.292778609 0.766452700 1.060750939,
0.300461578 0.767154273 1.055727613,
0.307990300 0.767575886 1.050069376,
0.235232020 0.751099538 1.076028190,
0.242294049 0.753925857 1.075141897,
0.249555736 0.756503722 1.073781848,
0.256979929 0.758826993 1.071914840,
0.264525611 0.760890137 1.069510985,
0.272148224 0.762688241 1.066544109,
0.279800028 0.764217022 1.062992123,
0.287430494 0.765472838 1.058837353,
0.294986737 0.766452700 1.054066838,
0.302413970 0.767154273 1.048672578,
0.309655986 0.767575886 1.042651739,
0.238259085 0.751099538 1.072149364,
0.245269119 0.753925857 1.070917622,
0.252455325 0.756503722 1.069202897,
0.259778965 0.758826993 1.066973850,
0.267197607 0.760890137 1.064202641,
0.274665461 0.762688241 1.060865315,
0.282133760 0.764217022 1.056942151,
0.289551170 0.765472838 1.052417977,
0.296864233 0.766452700 1.047282441,
0.304017835 0.767154273 1.041530241,
0.310955700 0.767575886 1.035161306,
0.241092179 0.751099538 1.068126680,
0.248033330 0.753925857 1.066552455,
0.255126743 0.756503722 1.064487185,
0.262332187 0.758826993 1.061901469,
0.269605916 0.760890137 1.058769583,
0.276901019 0.762688241 1.055069847,
0.284167822 0.764217022 1.050784956,
0.243724477 0.751099538 1.063969828,
0.253106588 0.748031496 0.531496063,
0.253106588 0.748031496 1.012434295,
0.318394478 0.767716535 1.012434295,
0.312632145 0.767575886 1.012434295,
0.306883536 0.767154273 1.012434295,
0.301162342 0.766452700 1.012434295,
0.295482189 0.765472838 1.012434295,
0.289856605 0.764217022 1.012434295,
0.284298989 0.762688241 1.012434295,
0.278822578 0.760890137 1.012434295,
0.273440413 0.758826993 1.012434295,
0.268165313 0.756503722 1.012434295,
0.263009842 0.753925857 1.012434295,
0.257986279 0.751099538 1.012434295,
0.318394478 0.767716535 0.531496063,
0.257986279 0.751099538 0.531496063,
0.263009842 0.753925857 0.531496063,
0.268165313 0.756503722 0.531496063,
0.273440413 0.758826993 0.531496063,
0.278822578 0.760890137 0.531496063,
0.284298989 0.762688241 0.531496063,
0.289856605 0.764217022 0.531496063,
0.295482189 0.765472838 0.531496063,
0.301162342 0.766452700 0.531496063,
0.306883536 0.767154273 0.531496063,
0.312632145 0.767575886 0.531496063,
1.216444463 0.767716535 0.157480315,
0.722847712 0.767716535 0.157480315,
1.216444463 0.649606299 0.039370079,
1.216444463 0.655401694 0.039512348,
1.216444463 0.661183127 0.039938812,
1.216444463 0.666936670 0.040648444,
1.216444463 0.672648463 0.041639534,
1.216444463 0.678304746 0.042909695,
1.216444463 0.683891891 0.044455866,
1.216444463 0.689396439 0.046274323,
1.216444463 0.694805130 0.048360685,
1.216444463 0.700104932 0.050709926,
1.216444463 0.705283079 0.053316386,
1.216444463 0.710327096 0.056173786,
1.216444463 0.715224831 0.059275243,
1.216444463 0.719964485 0.062613284,
1.216444463 0.724534640 0.066179868,
1.216444463 0.728924286 0.069966403,
1.216444463 0.733122848 0.073963766,
1.216444463 0.737120212 0.078162328,
1.216444463 0.740906746 0.082551974,
1.216444463 0.744473330 0.087122129,
1.216444463 0.747811372 0.091861784,
1.216444463 0.750912828 0.096759518,
1.216444463 0.753770228 0.101803535,
1.216444463 0.756376688 0.106981682,
1.216444463 0.758725929 0.112281484,
1.216444463 0.760812291 0.117690175,
1.216444463 0.762630748 0.123194723,
1.216444463 0.764176920 0.128781869,
1.216444463 0.765447080 0.134438151,
1.216444463 0.766438170 0.140149944,
1.216444463 0.767147802 0.145903487,
1.216444463 0.767574266 0.151684920,
0.722847712 0.649606299 0.039370079,
0.722847712 0.767574266 0.151684920,
0.722847712 0.767147802 0.145903487,
0.722847712 0.766438170 0.140149944,
0.722847712 0.765447080 0.134438151,
0.722847712 0.764176920 0.128781869,
0.722847712 0.762630748 0.123194723,
0.722847712 0.760812291 0.117690175,
0.722847712 0.758725929 0.112281484,
0.722847712 0.756376688 0.106981682,
0.722847712 0.753770228 0.101803535,
0.722847712 0.750912828 0.096759518,
0.722847712 0.747811372 0.091861784,
0.722847712 0.744473330 0.087122129,
0.722847712 0.740906746 0.082551974,
0.722847712 0.737120212 0.078162328,
0.722847712 0.733122848 0.073963766,
0.722847712 0.728924286 0.069966403,
0.722847712 0.724534640 0.066179868,
0.722847712 0.719964485 0.062613284,
0.722847712 0.715224831 0.059275243,
0.722847712 0.710327096 0.056173786,
0.722847712 0.705283079 0.053316386,
0.722847712 0.700104932 0.050709926,
0.722847712 0.694805130 0.048360685,
0.722847712 0.689396439 0.046274323,
0.722847712 0.683891891 0.044455866,
0.722847712 0.678304746 0.042909695,
0.722847712 0.672648463 0.041639534,
0.722847712 0.666936670 0.040648444,
0.722847712 0.661183127 0.039938812,
0.722847712 0.655401694 0.039512348,
-0.722847712 0.767716535 0.157480315,
-1.216444463 0.767716535 0.157480315,
-0.722847712 0.649606299 0.039370079,
-0.722847712 0.655401694 0.039512348,
-0.722847712 0.661183127 0.039938812,
-0.722847712 0.666936670 0.040648444,
-0.722847712 0.672648463 0.041639534,
-0.722847712 0.678304746 0.042909695,
-0.722847712 0.683891891 0.044455866,
-0.722847712 0.689396439 0.046274323,
-0.722847712 0.694805130 0.048360685,
-0.722847712 0.700104932 0.050709926,
-0.722847712 0.705283079 0.053316386,
-0.722847712 0.710327096 0.056173786,
-0.722847712 0.715224831 0.059275243,
-0.722847712 0.719964485 0.062613284,
-0.722847712 0.724534640 0.066179868,
-0.722847712 0.728924286 0.069966403,
-0.722847712 0.733122848 0.073963766,
-0.722847712 0.737120212 0.078162328,
-0.722847712 0.740906746 0.082551974,
-0.722847712 0.744473330 0.087122129,
-0.722847712 0.747811372 0.091861784,
-0.722847712 0.750912828 0.096759518,
-0.722847712 0.753770228 0.101803535,
-0.722847712 0.756376688 0.106981682,
-0.722847712 0.758725929 0.112281484,
-0.722847712 0.760812291 0.117690175,
-0.722847712 0.762630748 0.123194723,
-0.722847712 0.764176920 0.128781869,
-0.722847712 0.765447080 0.134438151,
-0.722847712 0.766438170 0.140149944,
-0.722847712 0.767147802 0.145903487,
-0.722847712 0.767574266 0.151684920,
-1.216444463 0.649606299 0.039370079,
-1.216444463 0.767574266 0.151684920,
-1.216444463 0.767147802 0.145903487,
-1.216444463 0.766438170 0.140149944,
-1.216444463 0.765447080 0.134438151,
-1.216444463 0.764176920 0.128781869,
-1.216444463 0.762630748 0.123194723,
-1.216444463 0.760812291 0.117690175,
-1.216444463 0.758725929 0.112281484,
-1.216444463 0.756376688 0.106981682,
-1.216444463 0.753770228 0.101803535,
-1.216444463 0.750912828 0.096759518,
-1.216444463 0.747811372 0.091861784,
-1.216444463 0.744473330 0.087122129,
-1.216444463 0.740906746 0.082551974,
-1.216444463 0.737120212 0.078162328,
-1.216444463 0.733122848 0.073963766,
-1.216444463 0.728924286 0.069966403,
-1.216444463 0.724534640 0.066179868,
-1.216444463 0.719964485 0.062613284,
-1.216444463 0.715224831 0.059275243,
-1.216444463 0.710327096 0.056173786,
-1.216444463 0.705283079 0.053316386,
-1.216444463 0.700104932 0.050709926,
-1.216444463 0.694805130 0.048360685,
-1.216444463 0.689396439 0.046274323,
-1.216444463 0.683891891 0.044455866,
-1.216444463 0.678304746 0.042909695,
-1.216444463 0.672648463 0.041639534,
-1.216444463 0.666936670 0.040648444,
-1.216444463 0.661183127 0.039938812,
-1.216444463 0.655401694 0.039512348,
-1.137704306 -0.403852424 0.039370079,
-1.137704306 -0.403852424 0.157480315,
-1.216444463 -0.482592581 0.039370079,
-1.216349617 -0.478728985 0.039370079,
-1.216065308 -0.474874696 0.039370079,
-1.215592220 -0.471039001 0.039370079,
-1.214931493 -0.467231139 0.039370079,
-1.214084719 -0.463460284 0.039370079,
-1.213053938 -0.459735520 0.039370079,
-1.211841634 -0.456065821 0.039370079,
-1.210450726 -0.452460028 0.039370079,
-1.208884565 -0.448926826 0.039370079,
-1.207146925 -0.445474728 0.039370079,
-1.205241992 -0.442112050 0.039370079,
-1.203174354 -0.438846894 0.039370079,
-1.200948993 -0.435687124 0.039370079,
-1.198571271 -0.432640354 0.039370079,
-1.196046914 -0.429713923 0.039370079,
-1.193382005 -0.426914882 0.039370079,
-1.190582964 -0.424249973 0.039370079,
-1.187656533 -0.421725616 0.039370079,
-1.184609763 -0.419347894 0.039370079,
-1.181449993 -0.417122533 0.039370079,
-1.178184837 -0.415054895 0.039370079,
-1.174822159 -0.413149962 0.039370079,
-1.171370061 -0.411412322 0.039370079,
-1.167836859 -0.409846161 0.039370079,
-1.164231066 -0.408455253 0.039370079,
-1.160561367 -0.407242949 0.039370079,
-1.156836603 -0.406212168 0.039370079,
-1.153065748 -0.405365394 0.039370079,
-1.149257886 -0.404704667 0.039370079,
-1.145422191 -0.404231579 0.039370079,
-1.141567902 -0.403947270 0.039370079,
-1.216444463 -0.482592581 0.157480315,
-1.141567902 -0.403947270 0.157480315,
-1.145422191 -0.404231579 0.157480315,
-1.149257886 -0.404704667 0.157480315,
-1.153065748 -0.405365394 0.157480315,
-1.156836603 -0.406212168 0.157480315,
-1.160561367 -0.407242949 0.157480315,
-1.164231066 -0.408455253 0.157480315,
-1.167836859 -0.409846161 0.157480315,
-1.171370061 -0.411412322 0.157480315,
-1.174822159 -0.413149962 0.157480315,
-1.178184837 -0.415054895 0.157480315,
-1.181449993 -0.417122533 0.157480315,
-1.184609763 -0.419347894 0.157480315,
-1.187656533 -0.421725616 0.157480315,
-1.190582964 -0.424249973 0.157480315,
-1.193382005 -0.426914882 0.157480315,
-1.196046914 -0.429713923 0.157480315,
-1.198571271 -0.432640354 0.157480315,
-1.200948993 -0.435687124 0.157480315,
-1.203174354 -0.438846894 0.157480315,
-1.205241992 -0.442112050 0.157480315,
-1.207146925 -0.445474728 0.157480315,
-1.208884565 -0.448926826 0.157480315,
-1.210450726 -0.452460028 0.157480315,
-1.211841634 -0.456065821 0.157480315,
-1.213053938 -0.459735520 0.157480315,
-1.214084719 -0.463460284 0.157480315,
-1.214931493 -0.467231139 0.157480315,
-1.215592220 -0.471039001 0.157480315,
-1.216065308 -0.474874696 0.157480315,
-1.216349617 -0.478728985 0.157480315,
-1.137704306 -0.403852424 0.039370079,
-0.801587869 -0.403852424 0.039370079,
-0.797724273 -0.403947270 0.039370079,
-0.793869984 -0.404231579 0.039370079,
-0.790034289 -0.404704667 0.039370079,
-0.786226426 -0.405365394 0.039370079,
-0.782455572 -0.406212168 0.039370079,
-0.778730808 -0.407242949 0.039370079,
-0.775061109 -0.408455253 0.039370079,
-0.771455315 -0.409846161 0.039370079,
-0.767922114 -0.411412322 0.039370079,
-0.764470016 -0.413149962 0.039370079,
-0.761107338 -0.415054895 0.039370079,
-0.757842182 -0.417122533 0.039370079,
-0.754682412 -0.419347894 0.039370079,
-0.751635642 -0.421725616 0.039370079,
-0.748709211 -0.424249973 0.039370079,
-0.745910170 -0.426914882 0.039370079,
-0.743245261 -0.429713923 0.039370079,
-0.740720904 -0.432640354 0.039370079,
-0.738343182 -0.435687124 0.039370079,
-0.736117821 -0.438846894 0.039370079,
-0.734050183 -0.442112050 0.039370079,
-0.732145250 -0.445474728 0.039370079,
-0.730407610 -0.448926826 0.039370079,
-0.728841449 -0.452460028 0.039370079,
-0.727450541 -0.456065821 0.039370079,
-0.726238236 -0.459735520 0.039370079,
-0.725207456 -0.463460284 0.039370079,
-0.724360682 -0.467231139 0.039370079,
-0.723699955 -0.471039001 0.039370079,
-0.723226867 -0.474874696 0.039370079,
-0.722942558 -0.478728985 0.039370079,
-0.722847712 -0.482592581 0.039370079,
-0.722847712 -0.649606299 0.039370079,
-1.216444463 -0.649606299 0.039370079,
-1.216444463 -0.482592581 0.039370079,
-1.216349617 -0.478728985 0.039370079,
-1.216065308 -0.474874696 0.039370079,
-1.215592220 -0.471039001 0.039370079,
-1.214931493 -0.467231139 0.039370079,
-1.214084719 -0.463460284 0.039370079,
-1.213053938 -0.459735520 0.039370079,
-1.211841634 -0.456065821 0.039370079,
-1.210450726 -0.452460028 0.039370079,
-1.208884565 -0.448926826 0.039370079,
-1.207146925 -0.445474728 0.039370079,
-1.205241992 -0.442112050 0.039370079,
-1.203174354 -0.438846894 0.039370079,
-1.200948993 -0.435687124 0.039370079,
-1.198571271 -0.432640354 0.039370079,
-1.196046914 -0.429713923 0.039370079,
-1.193382005 -0.426914882 0.039370079,
-1.190582964 -0.424249973 0.039370079,
-1.187656533 -0.421725616 0.039370079,
-1.184609763 -0.419347894 0.039370079,
-1.181449993 -0.417122533 0.039370079,
-1.178184837 -0.415054895 0.039370079,
-1.174822159 -0.413149962 0.039370079,
-1.171370061 -0.411412322 0.039370079,
-1.167836859 -0.409846161 0.039370079,
-1.164231066 -0.408455253 0.039370079,
-1.160561367 -0.407242949 0.039370079,
-1.156836603 -0.406212168 0.039370079,
-1.153065748 -0.405365394 0.039370079,
-1.149257886 -0.404704667 0.039370079,
-1.145422191 -0.404231579 0.039370079,
-1.141567902 -0.403947270 0.039370079,
-1.137704306 -0.403852424 0.157480315,
-0.801587869 -0.403852424 0.157480315,
-0.801587869 -0.403852424 0.039370079,
-1.137704306 -0.403852424 0.039370079,
-0.722847712 -0.482592581 0.039370079,
-0.722847712 -0.482592581 0.157480315,
-0.801587869 -0.403852424 0.039370079,
-0.797724273 -0.403947270 0.039370079,
-0.793869984 -0.404231579 0.039370079,
-0.790034289 -0.404704667 0.039370079,
-0.786226426 -0.405365394 0.039370079,
-0.782455572 -0.406212168 0.039370079,
-0.778730808 -0.407242949 0.039370079,
-0.775061109 -0.408455253 0.039370079,
-0.771455315 -0.409846161 0.039370079,
-0.767922114 -0.411412322 0.039370079,
-0.764470016 -0.413149962 0.039370079,
-0.761107338 -0.415054895 0.039370079,
-0.757842182 -0.417122533 0.039370079,
-0.754682412 -0.419347894 0.039370079,
-0.751635642 -0.421725616 0.039370079,
-0.748709211 -0.424249973 0.039370079,
-0.745910170 -0.426914882 0.039370079,
-0.743245261 -0.429713923 0.039370079,
-0.740720904 -0.432640354 0.039370079,
-0.738343182 -0.435687124 0.039370079,
-0.736117821 -0.438846894 0.039370079,
-0.734050183 -0.442112050 0.039370079,
-0.732145250 -0.445474728 0.039370079,
-0.730407610 -0.448926826 0.039370079,
-0.728841449 -0.452460028 0.039370079,
-0.727450541 -0.456065821 0.039370079,
-0.726238236 -0.459735520 0.039370079,
-0.725207456 -0.463460284 0.039370079,
-0.724360682 -0.467231139 0.039370079,
-0.723699955 -0.471039001 0.039370079,
-0.723226867 -0.474874696 0.039370079,
-0.722942558 -0.478728985 0.039370079,
-0.801587869 -0.403852424 0.157480315,
-0.722942558 -0.478728985 0.157480315,
-0.723226867 -0.474874696 0.157480315,
-0.723699955 -0.471039001 0.157480315,
-0.724360682 -0.467231139 0.157480315,
-0.725207456 -0.463460284 0.157480315,
-0.726238236 -0.459735520 0.157480315,
-0.727450541 -0.456065821 0.157480315,
-0.728841449 -0.452460028 0.157480315,
-0.730407610 -0.448926826 0.157480315,
-0.732145250 -0.445474728 0.157480315,
-0.734050183 -0.442112050 0.157480315,
-0.736117821 -0.438846894 0.157480315,
-0.738343182 -0.435687124 0.157480315,
-0.740720904 -0.432640354 0.157480315,
-0.743245261 -0.429713923 0.157480315,
-0.745910170 -0.426914882 0.157480315,
-0.748709211 -0.424249973 0.157480315,
-0.751635642 -0.421725616 0.157480315,
-0.754682412 -0.419347894 0.157480315,
-0.757842182 -0.417122533 0.157480315,
-0.761107338 -0.415054895 0.157480315,
-0.764470016 -0.413149962 0.157480315,
-0.767922114 -0.411412322 0.157480315,
-0.771455315 -0.409846161 0.157480315,
-0.775061109 -0.408455253 0.157480315,
-0.778730808 -0.407242949 0.157480315,
-0.782455572 -0.406212168 0.157480315,
-0.786226426 -0.405365394 0.157480315,
-0.790034289 -0.404704667 0.157480315,
-0.793869984 -0.404231579 0.157480315,
-0.797724273 -0.403947270 0.157480315,
-0.253106588 -0.748031496 0.531496063,
-0.253106588 -0.748031496 1.012434295,
-0.187818699 -0.728346457 1.012434295,
-0.193581032 -0.728487106 1.012434295,
-0.199329641 -0.728908719 1.012434295,
-0.205050835 -0.729610292 1.012434295,
-0.210730988 -0.730590154 1.012434295,
-0.216356571 -0.731845970 1.012434295,
-0.221914187 -0.733374751 1.012434295,
-0.227390599 -0.735172855 1.012434295,
-0.232772764 -0.737235999 1.012434295,
-0.238047863 -0.739559271 1.012434295,
-0.243203334 -0.742137135 1.012434295,
-0.248226897 -0.744963454 1.012434295,
-0.187818699 -0.728346457 0.531496063,
-0.193581032 -0.728487106 0.531496063,
-0.199329641 -0.728908719 0.531496063,
-0.205050835 -0.729610292 0.531496063,
-0.210730988 -0.730590154 0.531496063,
-0.216356571 -0.731845970 0.531496063,
-0.221914187 -0.733374751 0.531496063,
-0.227390599 -0.735172855 0.531496063,
-0.232772764 -0.737235999 0.531496063,
-0.238047863 -0.739559271 0.531496063,
-0.243203334 -0.742137135 0.531496063,
-0.248226897 -0.744963454 0.531496063,
0.157742635 -0.728346457 1.042510359,
0.159218397 -0.728346457 1.042474131,
0.160690605 -0.728346457 1.042365534,
0.162155710 -0.728346457 1.042184831,
0.163610184 -0.728346457 1.041932456,
0.165050522 -0.728346457 1.041609017,
0.166473255 -0.728346457 1.041215293,
0.167874956 -0.728346457 1.040752234,
0.169252246 -0.728346457 1.040220955,
0.170601809 -0.728346457 1.039622735,
0.171920393 -0.728346457 1.038959015,
0.173204822 -0.728346457 1.038231395,
0.174452001 -0.728346457 1.037441628,
0.175658925 -0.728346457 1.036591616,
0.176822688 -0.728346457 1.035683407,
0.177940485 -0.728346457 1.034719188,
0.179009624 -0.728346457 1.033701284,
0.180027528 -0.728346457 1.032632145,
0.180991747 -0.728346457 1.031514348,
0.181899956 -0.728346457 1.030350585,
0.182749968 -0.728346457 1.029143661,
0.183539735 -0.728346457 1.027896482,
0.184267355 -0.728346457 1.026612053,
0.184931075 -0.728346457 1.025293469,
0.185529295 -0.728346457 1.023943906,
0.186060574 -0.728346457 1.022566616,
0.186523633 -0.728346457 1.021164915,
0.186917357 -0.728346457 1.019742182,
0.187240796 -0.728346457 1.018301844,
0.187493171 -0.728346457 1.016847370,
0.187673874 -0.728346457 1.015382265,
0.187782471 -0.728346457 1.013910057,
0.187818699 -0.728346457 1.012434295,
-0.157742635 -0.728346457 1.042510359,
-0.187818699 -0.728346457 1.012434295,
-0.187782471 -0.728346457 1.013910057,
-0.187673874 -0.728346457 1.015382265,
-0.187493171 -0.728346457 1.016847370,
-0.187240796 -0.728346457 1.018301844,
-0.186917357 -0.728346457 1.019742182,
-0.186523633 -0.728346457 1.021164915,
-0.186060574 -0.728346457 1.022566616,
-0.185529295 -0.728346457 1.023943906,
-0.184931075 -0.728346457 1.025293469,
-0.184267355 -0.728346457 1.026612053,
-0.183539735 -0.728346457 1.027896482,
-0.182749968 -0.728346457 1.029143661,
-0.181899956 -0.728346457 1.030350585,
-0.180991747 -0.728346457 1.031514348,
-0.180027528 -0.728346457 1.032632145,
-0.179009624 -0.728346457 1.033701284,
-0.177940485 -0.728346457 1.034719188,
-0.176822688 -0.728346457 1.035683407,
-0.175658925 -0.728346457 1.036591616,
-0.174452001 -0.728346457 1.037441628,
-0.173204822 -0.728346457 1.038231395,
-0.171920393 -0.728346457 1.038959015,
-0.170601809 -0.728346457 1.039622735,
-0.169252246 -0.728346457 1.040220955,
-0.167874956 -0.728346457 1.040752234,
-0.166473255 -0.728346457 1.041215293,
-0.165050522 -0.728346457 1.041609017,
-0.163610184 -0.728346457 1.041932456,
-0.162155710 -0.728346457 1.042184831,
-0.160690605 -0.728346457 1.042365534,
-0.159218397 -0.728346457 1.042474131,
-0.187818699 -0.728346457 0.531496063,
0.187818699 -0.728346457 0.531496063,
0.253106588 -0.748031496 1.012434295,
0.253106588 -0.748031496 0.531496063,
0.248226897 -0.744963454 0.531496063,
0.243203334 -0.742137135 0.531496063,
0.238047863 -0.739559271 0.531496063,
0.232772764 -0.737235999 0.531496063,
0.227390599 -0.735172855 0.531496063,
0.221914187 -0.733374751 0.531496063,
0.216356571 -0.731845970 0.531496063,
0.210730988 -0.730590154 0.531496063,
0.205050835 -0.729610292 0.531496063,
0.199329641 -0.728908719 0.531496063,
0.193581032 -0.728487106 0.531496063,
0.187818699 -0.728346457 0.531496063,
0.187818699 -0.728346457 1.012434295,
0.193581032 -0.728487106 1.012434295,
0.199329641 -0.728908719 1.012434295,
0.205050835 -0.729610292 1.012434295,
0.210730988 -0.730590154 1.012434295,
0.216356571 -0.731845970 1.012434295,
0.221914187 -0.733374751 1.012434295,
0.227390599 -0.735172855 1.012434295,
0.232772764 -0.737235999 1.012434295,
0.238047863 -0.739559271 1.012434295,
0.243203334 -0.742137135 1.012434295,
0.248226897 -0.744963454 1.012434295,
0.722847712 -0.482592581 0.157480315,
0.722847712 -0.482592581 0.039370079,
0.801587869 -0.403852424 0.157480315,
0.797724273 -0.403947270 0.157480315,
0.793869984 -0.404231579 0.157480315,
0.790034289 -0.404704667 0.157480315,
0.786226426 -0.405365394 0.157480315,
0.782455572 -0.406212168 0.157480315,
0.778730808 -0.407242949 0.157480315,
0.775061109 -0.408455253 0.157480315,
0.771455315 -0.409846161 0.157480315,
0.767922114 -0.411412322 0.157480315,
0.764470016 -0.413149962 0.157480315,
0.761107338 -0.415054895 0.157480315,
0.757842182 -0.417122533 0.157480315,
0.754682412 -0.419347894 0.157480315,
0.751635642 -0.421725616 0.157480315,
0.748709211 -0.424249973 0.157480315,
0.745910170 -0.426914882 0.157480315,
0.743245261 -0.429713923 0.157480315,
0.740720904 -0.432640354 0.157480315,
0.738343182 -0.435687124 0.157480315,
0.736117821 -0.438846894 0.157480315,
0.734050183 -0.442112050 0.157480315,
0.732145250 -0.445474728 0.157480315,
0.730407610 -0.448926826 0.157480315,
0.728841449 -0.452460028 0.157480315,
0.727450541 -0.456065821 0.157480315,
0.726238236 -0.459735520 0.157480315,
0.725207456 -0.463460284 0.157480315,
0.724360682 -0.467231139 0.157480315,
0.723699955 -0.471039001 0.157480315,
0.723226867 -0.474874696 0.157480315,
0.722942558 -0.478728985 0.157480315,
0.801587869 -0.403852424 0.039370079,
0.722942558 -0.478728985 0.039370079,
0.723226867 -0.474874696 0.039370079,
0.723699955 -0.471039001 0.039370079,
0.724360682 -0.467231139 0.039370079,
0.725207456 -0.463460284 0.039370079,
0.726238236 -0.459735520 0.039370079,
0.727450541 -0.456065821 0.039370079,
0.728841449 -0.452460028 0.039370079,
0.730407610 -0.448926826 0.039370079,
0.732145250 -0.445474728 0.039370079,
0.734050183 -0.442112050 0.039370079,
0.736117821 -0.438846894 0.039370079,
0.738343182 -0.435687124 0.039370079,
0.740720904 -0.432640354 0.039370079,
0.743245261 -0.429713923 0.039370079,
0.745910170 -0.426914882 0.039370079,
0.748709211 -0.424249973 0.039370079,
0.751635642 -0.421725616 0.039370079,
0.754682412 -0.419347894 0.039370079,
0.757842182 -0.417122533 0.039370079,
0.761107338 -0.415054895 0.039370079,
0.764470016 -0.413149962 0.039370079,
0.767922114 -0.411412322 0.039370079,
0.771455315 -0.409846161 0.039370079,
0.775061109 -0.408455253 0.039370079,
0.778730808 -0.407242949 0.039370079,
0.782455572 -0.406212168 0.039370079,
0.786226426 -0.405365394 0.039370079,
0.790034289 -0.404704667 0.039370079,
0.793869984 -0.404231579 0.039370079,
0.797724273 -0.403947270 0.039370079,
1.137704306 -0.403852424 0.039370079,
1.141567902 -0.403947270 0.039370079,
1.145422191 -0.404231579 0.039370079,
1.149257886 -0.404704667 0.039370079,
1.153065748 -0.405365394 0.039370079,
1.156836603 -0.406212168 0.039370079,
1.160561367 -0.407242949 0.039370079,
1.164231066 -0.408455253 0.039370079,
1.167836859 -0.409846161 0.039370079,
1.171370061 -0.411412322 0.039370079,
1.174822159 -0.413149962 0.039370079,
1.178184837 -0.415054895 0.039370079,
1.181449993 -0.417122533 0.039370079,
1.184609763 -0.419347894 0.039370079,
1.187656533 -0.421725616 0.039370079,
1.190582964 -0.424249973 0.039370079,
1.193382005 -0.426914882 0.039370079,
1.196046914 -0.429713923 0.039370079,
1.198571271 -0.432640354 0.039370079,
1.200948993 -0.435687124 0.039370079,
1.203174354 -0.438846894 0.039370079,
1.205241992 -0.442112050 0.039370079,
1.207146925 -0.445474728 0.039370079,
1.208884565 -0.448926826 0.039370079,
1.210450726 -0.452460028 0.039370079,
1.211841634 -0.456065821 0.039370079,
1.213053938 -0.459735520 0.039370079,
1.214084719 -0.463460284 0.039370079,
1.214931493 -0.467231139 0.039370079,
1.215592220 -0.471039001 0.039370079,
1.216065308 -0.474874696 0.039370079,
1.216349617 -0.478728985 0.039370079,
1.216444463 -0.482592581 0.039370079,
0.801587869 -0.403852424 0.039370079,
0.722847712 -0.482592581 0.039370079,
0.722942558 -0.478728985 0.039370079,
0.723226867 -0.474874696 0.039370079,
0.723699955 -0.471039001 0.039370079,
0.724360682 -0.467231139 0.039370079,
0.725207456 -0.463460284 0.039370079,
0.726238236 -0.459735520 0.039370079,
0.727450541 -0.456065821 0.039370079,
0.728841449 -0.452460028 0.039370079,
0.730407610 -0.448926826 0.039370079,
0.732145250 -0.445474728 0.039370079,
0.734050183 -0.442112050 0.039370079,
0.736117821 -0.438846894 0.039370079,
0.738343182 -0.435687124 0.039370079,
0.740720904 -0.432640354 0.039370079,
0.743245261 -0.429713923 0.039370079,
0.745910170 -0.426914882 0.039370079,
0.748709211 -0.424249973 0.039370079,
0.751635642 -0.421725616 0.039370079,
0.754682412 -0.419347894 0.039370079,
0.757842182 -0.417122533 0.039370079,
0.761107338 -0.415054895 0.039370079,
0.764470016 -0.413149962 0.039370079,
0.767922114 -0.411412322 0.039370079,
0.771455315 -0.409846161 0.039370079,
0.775061109 -0.408455253 0.039370079,
0.778730808 -0.407242949 0.039370079,
0.782455572 -0.406212168 0.039370079,
0.786226426 -0.405365394 0.039370079,
0.790034289 -0.404704667 0.039370079,
0.793869984 -0.404231579 0.039370079,
0.797724273 -0.403947270 0.039370079,
0.722847712 -0.649606299 0.039370079,
1.216444463 -0.649606299 0.039370079,
1.137704306 -0.403852424 0.157480315,
1.137704306 -0.403852424 0.039370079,
1.216444463 -0.482592581 0.157480315,
1.216349617 -0.478728985 0.157480315,
1.216065308 -0.474874696 0.157480315,
1.215592220 -0.471039001 0.157480315,
1.214931493 -0.467231139 0.157480315,
1.214084719 -0.463460284 0.157480315,
1.213053938 -0.459735520 0.157480315,
1.211841634 -0.456065821 0.157480315,
1.210450726 -0.452460028 0.157480315,
1.208884565 -0.448926826 0.157480315,
1.207146925 -0.445474728 0.157480315,
1.205241992 -0.442112050 0.157480315,
1.203174354 -0.438846894 0.157480315,
1.200948993 -0.435687124 0.157480315,
1.198571271 -0.432640354 0.157480315,
1.196046914 -0.429713923 0.157480315,
1.193382005 -0.426914882 0.157480315,
1.190582964 -0.424249973 0.157480315,
1.187656533 -0.421725616 0.157480315,
1.184609763 -0.419347894 0.157480315,
1.181449993 -0.417122533 0.157480315,
1.178184837 -0.415054895 0.157480315,
1.174822159 -0.413149962 0.157480315,
1.171370061 -0.411412322 0.157480315,
1.167836859 -0.409846161 0.157480315,
1.164231066 -0.408455253 0.157480315,
1.160561367 -0.407242949 0.157480315,
1.156836603 -0.406212168 0.157480315,
1.153065748 -0.405365394 0.157480315,
1.149257886 -0.404704667 0.157480315,
1.145422191 -0.404231579 0.157480315,
1.141567902 -0.403947270 0.157480315,
1.216444463 -0.482592581 0.039370079,
1.141567902 -0.403947270 0.039370079,
1.145422191 -0.404231579 0.039370079,
1.149257886 -0.404704667 0.039370079,
1.153065748 -0.405365394 0.039370079,
1.156836603 -0.406212168 0.039370079,
1.160561367 -0.407242949 0.039370079,
1.164231066 -0.408455253 0.039370079,
1.167836859 -0.409846161 0.039370079,
1.171370061 -0.411412322 0.039370079,
1.174822159 -0.413149962 0.039370079,
1.178184837 -0.415054895 0.039370079,
1.181449993 -0.417122533 0.039370079,
1.184609763 -0.419347894 0.039370079,
1.187656533 -0.421725616 0.039370079,
1.190582964 -0.424249973 0.039370079,
1.193382005 -0.426914882 0.039370079,
1.196046914 -0.429713923 0.039370079,
1.198571271 -0.432640354 0.039370079,
1.200948993 -0.435687124 0.039370079,
1.203174354 -0.438846894 0.039370079,
1.205241992 -0.442112050 0.039370079,
1.207146925 -0.445474728 0.039370079,
1.208884565 -0.448926826 0.039370079,
1.210450726 -0.452460028 0.039370079,
1.211841634 -0.456065821 0.039370079,
1.213053938 -0.459735520 0.039370079,
1.214084719 -0.463460284 0.039370079,
1.214931493 -0.467231139 0.039370079,
1.215592220 -0.471039001 0.039370079,
1.216065308 -0.474874696 0.039370079,
1.216349617 -0.478728985 0.039370079,
1.137704306 -0.403852424 0.157480315,
1.137704306 -0.403852424 0.039370079,
0.801587869 -0.403852424 0.157480315,
0.801587869 -0.403852424 0.039370079,
1.137704306 0.403852424 0.039370079,
1.137704306 0.403852424 0.157480315,
1.216444463 0.482592581 0.039370079,
1.216349617 0.478728985 0.039370079,
1.216065308 0.474874696 0.039370079,
1.215592220 0.471039001 0.039370079,
1.214931493 0.467231139 0.039370079,
1.214084719 0.463460284 0.039370079,
1.213053938 0.459735520 0.039370079,
1.211841634 0.456065821 0.039370079,
1.210450726 0.452460028 0.039370079,
1.208884565 0.448926826 0.039370079,
1.207146925 0.445474728 0.039370079,
1.205241992 0.442112050 0.039370079,
1.203174354 0.438846894 0.039370079,
1.200948993 0.435687124 0.039370079,
1.198571271 0.432640354 0.039370079,
1.196046914 0.429713923 0.039370079,
1.193382005 0.426914882 0.039370079,
1.190582964 0.424249973 0.039370079,
1.187656533 0.421725616 0.039370079,
1.184609763 0.419347894 0.039370079,
1.181449993 0.417122533 0.039370079,
1.178184837 0.415054895 0.039370079,
1.174822159 0.413149962 0.039370079,
1.171370061 0.411412322 0.039370079,
1.167836859 0.409846161 0.039370079,
1.164231066 0.408455253 0.039370079,
1.160561367 0.407242949 0.039370079,
1.156836603 0.406212168 0.039370079,
1.153065748 0.405365394 0.039370079,
1.149257886 0.404704667 0.039370079,
1.145422191 0.404231579 0.039370079,
1.141567902 0.403947270 0.039370079,
1.216444463 0.482592581 0.157480315,
1.141567902 0.403947270 0.157480315,
1.145422191 0.404231579 0.157480315,
1.149257886 0.404704667 0.157480315,
1.153065748 0.405365394 0.157480315,
1.156836603 0.406212168 0.157480315,
1.160561367 0.407242949 0.157480315,
1.164231066 0.408455253 0.157480315,
1.167836859 0.409846161 0.157480315,
1.171370061 0.411412322 0.157480315,
1.174822159 0.413149962 0.157480315,
1.178184837 0.415054895 0.157480315,
1.181449993 0.417122533 0.157480315,
1.184609763 0.419347894 0.157480315,
1.187656533 0.421725616 0.157480315,
1.190582964 0.424249973 0.157480315,
1.193382005 0.426914882 0.157480315,
1.196046914 0.429713923 0.157480315,
1.198571271 0.432640354 0.157480315,
1.200948993 0.435687124 0.157480315,
1.203174354 0.438846894 0.157480315,
1.205241992 0.442112050 0.157480315,
1.207146925 0.445474728 0.157480315,
1.208884565 0.448926826 0.157480315,
1.210450726 0.452460028 0.157480315,
1.211841634 0.456065821 0.157480315,
1.213053938 0.459735520 0.157480315,
1.214084719 0.463460284 0.157480315,
1.214931493 0.467231139 0.157480315,
1.215592220 0.471039001 0.157480315,
1.216065308 0.474874696 0.157480315,
1.216349617 0.478728985 0.157480315,
1.137704306 0.403852424 0.039370079,
0.801587869 0.403852424 0.039370079,
0.797724273 0.403947270 0.039370079,
0.793869984 0.404231579 0.039370079,
0.790034289 0.404704667 0.039370079,
0.786226426 0.405365394 0.039370079,
0.782455572 0.406212168 0.039370079,
0.778730808 0.407242949 0.039370079,
0.775061109 0.408455253 0.039370079,
0.771455315 0.409846161 0.039370079,
0.767922114 0.411412322 0.039370079,
0.764470016 0.413149962 0.039370079,
0.761107338 0.415054895 0.039370079,
0.757842182 0.417122533 0.039370079,
0.754682412 0.419347894 0.039370079,
0.751635642 0.421725616 0.039370079,
0.748709211 0.424249973 0.039370079,
0.745910170 0.426914882 0.039370079,
0.743245261 0.429713923 0.039370079,
0.740720904 0.432640354 0.039370079,
0.738343182 0.435687124 0.039370079,
0.736117821 0.438846894 0.039370079,
0.734050183 0.442112050 0.039370079,
0.732145250 0.445474728 0.039370079,
0.730407610 0.448926826 0.039370079,
0.728841449 0.452460028 0.039370079,
0.727450541 0.456065821 0.039370079,
0.726238236 0.459735520 0.039370079,
0.725207456 0.463460284 0.039370079,
0.724360682 0.467231139 0.039370079,
0.723699955 0.471039001 0.039370079,
0.723226867 0.474874696 0.039370079,
0.722942558 0.478728985 0.039370079,
0.722847712 0.482592581 0.039370079,
0.722847712 0.649606299 0.039370079,
1.216444463 0.649606299 0.039370079,
1.216444463 0.482592581 0.039370079,
1.216349617 0.478728985 0.039370079,
1.216065308 0.474874696 0.039370079,
1.215592220 0.471039001 0.039370079,
1.214931493 0.467231139 0.039370079,
1.214084719 0.463460284 0.039370079,
1.213053938 0.459735520 0.039370079,
1.211841634 0.456065821 0.039370079,
1.210450726 0.452460028 0.039370079,
1.208884565 0.448926826 0.039370079,
1.207146925 0.445474728 0.039370079,
1.205241992 0.442112050 0.039370079,
1.203174354 0.438846894 0.039370079,
1.200948993 0.435687124 0.039370079,
1.198571271 0.432640354 0.039370079,
1.196046914 0.429713923 0.039370079,
1.193382005 0.426914882 0.039370079,
1.190582964 0.424249973 0.039370079,
1.187656533 0.421725616 0.039370079,
1.184609763 0.419347894 0.039370079,
1.181449993 0.417122533 0.039370079,
1.178184837 0.415054895 0.039370079,
1.174822159 0.413149962 0.039370079,
1.171370061 0.411412322 0.039370079,
1.167836859 0.409846161 0.039370079,
1.164231066 0.408455253 0.039370079,
1.160561367 0.407242949 0.039370079,
1.156836603 0.406212168 0.039370079,
1.153065748 0.405365394 0.039370079,
1.149257886 0.404704667 0.039370079,
1.145422191 0.404231579 0.039370079,
1.141567902 0.403947270 0.039370079,
1.137704306 0.403852424 0.157480315,
0.801587869 0.403852424 0.157480315,
0.801587869 0.403852424 0.039370079,
1.137704306 0.403852424 0.039370079,
0.722847712 0.482592581 0.039370079,
0.722847712 0.482592581 0.157480315,
0.801587869 0.403852424 0.039370079,
0.797724273 0.403947270 0.039370079,
0.793869984 0.404231579 0.039370079,
0.790034289 0.404704667 0.039370079,
0.786226426 0.405365394 0.039370079,
0.782455572 0.406212168 0.039370079,
0.778730808 0.407242949 0.039370079,
0.775061109 0.408455253 0.039370079,
0.771455315 0.409846161 0.039370079,
0.767922114 0.411412322 0.039370079,
0.764470016 0.413149962 0.039370079,
0.761107338 0.415054895 0.039370079,
0.757842182 0.417122533 0.039370079,
0.754682412 0.419347894 0.039370079,
0.751635642 0.421725616 0.039370079,
0.748709211 0.424249973 0.039370079,
0.745910170 0.426914882 0.039370079,
0.743245261 0.429713923 0.039370079,
0.740720904 0.432640354 0.039370079,
0.738343182 0.435687124 0.039370079,
0.736117821 0.438846894 0.039370079,
0.734050183 0.442112050 0.039370079,
0.732145250 0.445474728 0.039370079,
0.730407610 0.448926826 0.039370079,
0.728841449 0.452460028 0.039370079,
0.727450541 0.456065821 0.039370079,
0.726238236 0.459735520 0.039370079,
0.725207456 0.463460284 0.039370079,
0.724360682 0.467231139 0.039370079,
0.723699955 0.471039001 0.039370079,
0.723226867 0.474874696 0.039370079,
0.722942558 0.478728985 0.039370079,
0.801587869 0.403852424 0.157480315,
0.722942558 0.478728985 0.157480315,
0.723226867 0.474874696 0.157480315,
0.723699955 0.471039001 0.157480315,
0.724360682 0.467231139 0.157480315,
0.725207456 0.463460284 0.157480315,
0.726238236 0.459735520 0.157480315,
0.727450541 0.456065821 0.157480315,
0.728841449 0.452460028 0.157480315,
0.730407610 0.448926826 0.157480315,
0.732145250 0.445474728 0.157480315,
0.734050183 0.442112050 0.157480315,
0.736117821 0.438846894 0.157480315,
0.738343182 0.435687124 0.157480315,
0.740720904 0.432640354 0.157480315,
0.743245261 0.429713923 0.157480315,
0.745910170 0.426914882 0.157480315,
0.748709211 0.424249973 0.157480315,
0.751635642 0.421725616 0.157480315,
0.754682412 0.419347894 0.157480315,
0.757842182 0.417122533 0.157480315,
0.761107338 0.415054895 0.157480315,
0.764470016 0.413149962 0.157480315,
0.767922114 0.411412322 0.157480315,
0.771455315 0.409846161 0.157480315,
0.775061109 0.408455253 0.157480315,
0.778730808 0.407242949 0.157480315,
0.782455572 0.406212168 0.157480315,
0.786226426 0.405365394 0.157480315,
0.790034289 0.404704667 0.157480315,
0.793869984 0.404231579 0.157480315,
0.797724273 0.403947270 0.157480315,
0.253106588 0.748031496 0.531496063,
0.253106588 0.748031496 1.012434295,
0.187818699 0.728346457 1.012434295,
0.193581032 0.728487106 1.012434295,
0.199329641 0.728908719 1.012434295,
0.205050835 0.729610292 1.012434295,
0.210730988 0.730590154 1.012434295,
0.216356571 0.731845970 1.012434295,
0.221914187 0.733374751 1.012434295,
0.227390599 0.735172855 1.012434295,
0.232772764 0.737235999 1.012434295,
0.238047863 0.739559271 1.012434295,
0.243203334 0.742137135 1.012434295,
0.248226897 0.744963454 1.012434295,
0.187818699 0.728346457 0.531496063,
0.193581032 0.728487106 0.531496063,
0.199329641 0.728908719 0.531496063,
0.205050835 0.729610292 0.531496063,
0.210730988 0.730590154 0.531496063,
0.216356571 0.731845970 0.531496063,
0.221914187 0.733374751 0.531496063,
0.227390599 0.735172855 0.531496063,
0.232772764 0.737235999 0.531496063,
0.238047863 0.739559271 0.531496063,
0.243203334 0.742137135 0.531496063,
0.248226897 0.744963454 0.531496063,
-0.187818699 0.728346457 1.012434295,
-0.187818699 0.728346457 0.531496063,
0.187818699 0.728346457 0.531496063,
0.187818699 0.728346457 1.012434295,
0.187782471 0.728346457 1.013910057,
0.187673874 0.728346457 1.015382265,
0.187493171 0.728346457 1.016847370,
0.187240796 0.728346457 1.018301844,
0.186917357 0.728346457 1.019742182,
0.186523633 0.728346457 1.021164915,
0.186060574 0.728346457 1.022566616,
0.185529295 0.728346457 1.023943906,
0.184931075 0.728346457 1.025293469,
0.184267355 0.728346457 1.026612053,
0.183539735 0.728346457 1.027896482,
0.182749968 0.728346457 1.029143661,
0.181899956 0.728346457 1.030350585,
0.180991747 0.728346457 1.031514348,
0.180027528 0.728346457 1.032632145,
0.179009624 0.728346457 1.033701284,
0.177940485 0.728346457 1.034719188,
0.176822688 0.728346457 1.035683407,
0.175658925 0.728346457 1.036591616,
0.174452001 0.728346457 1.037441628,
0.173204822 0.728346457 1.038231395,
0.171920393 0.728346457 1.038959015,
0.170601809 0.728346457 1.039622735,
0.169252246 0.728346457 1.040220955,
0.167874956 0.728346457 1.040752234,
0.166473255 0.728346457 1.041215293,
0.165050522 0.728346457 1.041609017,
0.163610184 0.728346457 1.041932456,
0.162155710 0.728346457 1.042184831,
0.160690605 0.728346457 1.042365534,
0.159218397 0.728346457 1.042474131,
0.157742635 0.728346457 1.042510359,
-0.157742635 0.728346457 1.042510359,
-0.159218397 0.728346457 1.042474131,
-0.160690605 0.728346457 1.042365534,
-0.162155710 0.728346457 1.042184831,
-0.163610184 0.728346457 1.041932456,
-0.165050522 0.728346457 1.041609017,
-0.166473255 0.728346457 1.041215293,
-0.167874956 0.728346457 1.040752234,
-0.169252246 0.728346457 1.040220955,
-0.170601809 0.728346457 1.039622735,
-0.171920393 0.728346457 1.038959015,
-0.173204822 0.728346457 1.038231395,
-0.174452001 0.728346457 1.037441628,
-0.175658925 0.728346457 1.036591616,
-0.176822688 0.728346457 1.035683407,
-0.177940485 0.728346457 1.034719188,
-0.179009624 0.728346457 1.033701284,
-0.180027528 0.728346457 1.032632145,
-0.180991747 0.728346457 1.031514348,
-0.181899956 0.728346457 1.030350585,
-0.182749968 0.728346457 1.029143661,
-0.183539735 0.728346457 1.027896482,
-0.184267355 0.728346457 1.026612053,
-0.184931075 0.728346457 1.025293469,
-0.185529295 0.728346457 1.023943906,
-0.186060574 0.728346457 1.022566616,
-0.186523633 0.728346457 1.021164915,
-0.186917357 0.728346457 1.019742182,
-0.187240796 0.728346457 1.018301844,
-0.187493171 0.728346457 1.016847370,
-0.187673874 0.728346457 1.015382265,
-0.187782471 0.728346457 1.013910057,
-0.253106588 0.748031496 1.012434295,
-0.253106588 0.748031496 0.531496063,
-0.248226897 0.744963454 0.531496063,
-0.243203334 0.742137135 0.531496063,
-0.238047863 0.739559271 0.531496063,
-0.232772764 0.737235999 0.531496063,
-0.227390599 0.735172855 0.531496063,
-0.221914187 0.733374751 0.531496063,
-0.216356571 0.731845970 0.531496063,
-0.210730988 0.730590154 0.531496063,
-0.205050835 0.729610292 0.531496063,
-0.199329641 0.728908719 0.531496063,
-0.193581032 0.728487106 0.531496063,
-0.187818699 0.728346457 0.531496063,
-0.187818699 0.728346457 1.012434295,
-0.193581032 0.728487106 1.012434295,
-0.199329641 0.728908719 1.012434295,
-0.205050835 0.729610292 1.012434295,
-0.210730988 0.730590154 1.012434295,
-0.216356571 0.731845970 1.012434295,
-0.221914187 0.733374751 1.012434295,
-0.227390599 0.735172855 1.012434295,
-0.232772764 0.737235999 1.012434295,
-0.238047863 0.739559271 1.012434295,
-0.243203334 0.742137135 1.012434295,
-0.248226897 0.744963454 1.012434295,
-0.722847712 0.482592581 0.157480315,
-0.722847712 0.482592581 0.039370079,
-0.801587869 0.403852424 0.157480315,
-0.797724273 0.403947270 0.157480315,
-0.793869984 0.404231579 0.157480315,
-0.790034289 0.404704667 0.157480315,
-0.786226426 0.405365394 0.157480315,
-0.782455572 0.406212168 0.157480315,
-0.778730808 0.407242949 0.157480315,
-0.775061109 0.408455253 0.157480315,
-0.771455315 0.409846161 0.157480315,
-0.767922114 0.411412322 0.157480315,
-0.764470016 0.413149962 0.157480315,
-0.761107338 0.415054895 0.157480315,
-0.757842182 0.417122533 0.157480315,
-0.754682412 0.419347894 0.157480315,
-0.751635642 0.421725616 0.157480315,
-0.748709211 0.424249973 0.157480315,
-0.745910170 0.426914882 0.157480315,
-0.743245261 0.429713923 0.157480315,
-0.740720904 0.432640354 0.157480315,
-0.738343182 0.435687124 0.157480315,
-0.736117821 0.438846894 0.157480315,
-0.734050183 0.442112050 0.157480315,
-0.732145250 0.445474728 0.157480315,
-0.730407610 0.448926826 0.157480315,
-0.728841449 0.452460028 0.157480315,
-0.727450541 0.456065821 0.157480315,
-0.726238236 0.459735520 0.157480315,
-0.725207456 0.463460284 0.157480315,
-0.724360682 0.467231139 0.157480315,
-0.723699955 0.471039001 0.157480315,
-0.723226867 0.474874696 0.157480315,
-0.722942558 0.478728985 0.157480315,
-0.801587869 0.403852424 0.039370079,
-0.722942558 0.478728985 0.039370079,
-0.723226867 0.474874696 0.039370079,
-0.723699955 0.471039001 0.039370079,
-0.724360682 0.467231139 0.039370079,
-0.725207456 0.463460284 0.039370079,
-0.726238236 0.459735520 0.039370079,
-0.727450541 0.456065821 0.039370079,
-0.728841449 0.452460028 0.039370079,
-0.730407610 0.448926826 0.039370079,
-0.732145250 0.445474728 0.039370079,
-0.734050183 0.442112050 0.039370079,
-0.736117821 0.438846894 0.039370079,
-0.738343182 0.435687124 0.039370079,
-0.740720904 0.432640354 0.039370079,
-0.743245261 0.429713923 0.039370079,
-0.745910170 0.426914882 0.039370079,
-0.748709211 0.424249973 0.039370079,
-0.751635642 0.421725616 0.039370079,
-0.754682412 0.419347894 0.039370079,
-0.757842182 0.417122533 0.039370079,
-0.761107338 0.415054895 0.039370079,
-0.764470016 0.413149962 0.039370079,
-0.767922114 0.411412322 0.039370079,
-0.771455315 0.409846161 0.039370079,
-0.775061109 0.408455253 0.039370079,
-0.778730808 0.407242949 0.039370079,
-0.782455572 0.406212168 0.039370079,
-0.786226426 0.405365394 0.039370079,
-0.790034289 0.404704667 0.039370079,
-0.793869984 0.404231579 0.039370079,
-0.797724273 0.403947270 0.039370079,
-1.137704306 0.403852424 0.039370079,
-1.141567902 0.403947270 0.039370079,
-1.145422191 0.404231579 0.039370079,
-1.149257886 0.404704667 0.039370079,
-1.153065748 0.405365394 0.039370079,
-1.156836603 0.406212168 0.039370079,
-1.160561367 0.407242949 0.039370079,
-1.164231066 0.408455253 0.039370079,
-1.167836859 0.409846161 0.039370079,
-1.171370061 0.411412322 0.039370079,
-1.174822159 0.413149962 0.039370079,
-1.178184837 0.415054895 0.039370079,
-1.181449993 0.417122533 0.039370079,
-1.184609763 0.419347894 0.039370079,
-1.187656533 0.421725616 0.039370079,
-1.190582964 0.424249973 0.039370079,
-1.193382005 0.426914882 0.039370079,
-1.196046914 0.429713923 0.039370079,
-1.198571271 0.432640354 0.039370079,
-1.200948993 0.435687124 0.039370079,
-1.203174354 0.438846894 0.039370079,
-1.205241992 0.442112050 0.039370079,
-1.207146925 0.445474728 0.039370079,
-1.208884565 0.448926826 0.039370079,
-1.210450726 0.452460028 0.039370079,
-1.211841634 0.456065821 0.039370079,
-1.213053938 0.459735520 0.039370079,
-1.214084719 0.463460284 0.039370079,
-1.214931493 0.467231139 0.039370079,
-1.215592220 0.471039001 0.039370079,
-1.216065308 0.474874696 0.039370079,
-1.216349617 0.478728985 0.039370079,
-1.216444463 0.482592581 0.039370079,
-0.801587869 0.403852424 0.039370079,
-0.722847712 0.482592581 0.039370079,
-0.722942558 0.478728985 0.039370079,
-0.723226867 0.474874696 0.039370079,
-0.723699955 0.471039001 0.039370079,
-0.724360682 0.467231139 0.039370079,
-0.725207456 0.463460284 0.039370079,
-0.726238236 0.459735520 0.039370079,
-0.727450541 0.456065821 0.039370079,
-0.728841449 0.452460028 0.039370079,
-0.730407610 0.448926826 0.039370079,
-0.732145250 0.445474728 0.039370079,
-0.734050183 0.442112050 0.039370079,
-0.736117821 0.438846894 0.039370079,
-0.738343182 0.435687124 0.039370079,
-0.740720904 0.432640354 0.039370079,
-0.743245261 0.429713923 0.039370079,
-0.745910170 0.426914882 0.039370079,
-0.748709211 0.424249973 0.039370079,
-0.751635642 0.421725616 0.039370079,
-0.754682412 0.419347894 0.039370079,
-0.757842182 0.417122533 0.039370079,
-0.761107338 0.415054895 0.039370079,
-0.764470016 0.413149962 0.039370079,
-0.767922114 0.411412322 0.039370079,
-0.771455315 0.409846161 0.039370079,
-0.775061109 0.408455253 0.039370079,
-0.778730808 0.407242949 0.039370079,
-0.782455572 0.406212168 0.039370079,
-0.786226426 0.405365394 0.039370079,
-0.790034289 0.404704667 0.039370079,
-0.793869984 0.404231579 0.039370079,
-0.797724273 0.403947270 0.039370079,
-0.722847712 0.649606299 0.039370079,
-1.216444463 0.649606299 0.039370079,
-1.137704306 0.403852424 0.157480315,
-1.137704306 0.403852424 0.039370079,
-1.216444463 0.482592581 0.157480315,
-1.216349617 0.478728985 0.157480315,
-1.216065308 0.474874696 0.157480315,
-1.215592220 0.471039001 0.157480315,
-1.214931493 0.467231139 0.157480315,
-1.214084719 0.463460284 0.157480315,
-1.213053938 0.459735520 0.157480315,
-1.211841634 0.456065821 0.157480315,
-1.210450726 0.452460028 0.157480315,
-1.208884565 0.448926826 0.157480315,
-1.207146925 0.445474728 0.157480315,
-1.205241992 0.442112050 0.157480315,
-1.203174354 0.438846894 0.157480315,
-1.200948993 0.435687124 0.157480315,
-1.198571271 0.432640354 0.157480315,
-1.196046914 0.429713923 0.157480315,
-1.193382005 0.426914882 0.157480315,
-1.190582964 0.424249973 0.157480315,
-1.187656533 0.421725616 0.157480315,
-1.184609763 0.419347894 0.157480315,
-1.181449993 0.417122533 0.157480315,
-1.178184837 0.415054895 0.157480315,
-1.174822159 0.413149962 0.157480315,
-1.171370061 0.411412322 0.157480315,
-1.167836859 0.409846161 0.157480315,
-1.164231066 0.408455253 0.157480315,
-1.160561367 0.407242949 0.157480315,
-1.156836603 0.406212168 0.157480315,
-1.153065748 0.405365394 0.157480315,
-1.149257886 0.404704667 0.157480315,
-1.145422191 0.404231579 0.157480315,
-1.141567902 0.403947270 0.157480315,
-1.216444463 0.482592581 0.039370079,
-1.141567902 0.403947270 0.039370079,
-1.145422191 0.404231579 0.039370079,
-1.149257886 0.404704667 0.039370079,
-1.153065748 0.405365394 0.039370079,
-1.156836603 0.406212168 0.039370079,
-1.160561367 0.407242949 0.039370079,
-1.164231066 0.408455253 0.039370079,
-1.167836859 0.409846161 0.039370079,
-1.171370061 0.411412322 0.039370079,
-1.174822159 0.413149962 0.039370079,
-1.178184837 0.415054895 0.039370079,
-1.181449993 0.417122533 0.039370079,
-1.184609763 0.419347894 0.039370079,
-1.187656533 0.421725616 0.039370079,
-1.190582964 0.424249973 0.039370079,
-1.193382005 0.426914882 0.039370079,
-1.196046914 0.429713923 0.039370079,
-1.198571271 0.432640354 0.039370079,
-1.200948993 0.435687124 0.039370079,
-1.203174354 0.438846894 0.039370079,
-1.205241992 0.442112050 0.039370079,
-1.207146925 0.445474728 0.039370079,
-1.208884565 0.448926826 0.039370079,
-1.210450726 0.452460028 0.039370079,
-1.211841634 0.456065821 0.039370079,
-1.213053938 0.459735520 0.039370079,
-1.214084719 0.463460284 0.039370079,
-1.214931493 0.467231139 0.039370079,
-1.215592220 0.471039001 0.039370079,
-1.216065308 0.474874696 0.039370079,
-1.216349617 0.478728985 0.039370079,
-1.137704306 0.403852424 0.157480315,
-1.137704306 0.403852424 0.039370079,
-0.801587869 0.403852424 0.157480315,
-0.801587869 0.403852424 0.039370079,
0.157742635 -0.748031496 1.107798248,
0.162421922 -0.748031496 1.107683378,
0.167089937 -0.748031496 1.107339045,
0.171735433 -0.748031496 1.106766077,
0.176347219 -0.748031496 1.105965857,
0.180914185 -0.748031496 1.104940310,
0.185425329 -0.748031496 1.103691908,
0.189869783 -0.748031496 1.102223659,
0.194236840 -0.748031496 1.100539100,
0.198515979 -0.748031496 1.098642288,
0.202696891 -0.748031496 1.096537793,
0.206769505 -0.748031496 1.094230686,
0.210724009 -0.748031496 1.091726524,
0.214550876 -0.748031496 1.089031340,
0.218240886 -0.748031496 1.086151628,
0.221785152 -0.748031496 1.083094323,
0.225175133 -0.748031496 1.079866793,
0.228402663 -0.748031496 1.076476812,
0.231459968 -0.748031496 1.072932546,
0.234339680 -0.748031496 1.069242536,
0.237034864 -0.748031496 1.065415669,
0.239539026 -0.748031496 1.061461165,
0.241846133 -0.748031496 1.057388551,
0.243950628 -0.748031496 1.053207639,
0.245847440 -0.748031496 1.048928500,
0.247531999 -0.748031496 1.044561443,
0.249000248 -0.748031496 1.040116989,
0.250248650 -0.748031496 1.035605845,
0.251274197 -0.748031496 1.031038879,
0.252074417 -0.748031496 1.026427093,
0.252647385 -0.748031496 1.021781597,
0.252991718 -0.748031496 1.017113582,
0.253106588 -0.748031496 1.012434295,
0.187818699 -0.728346457 1.012434295,
0.193581032 -0.728487106 1.012434295,
0.199329641 -0.728908719 1.012434295,
0.205050835 -0.729610292 1.012434295,
0.210730988 -0.730590154 1.012434295,
0.216356571 -0.731845970 1.012434295,
0.221914187 -0.733374751 1.012434295,
0.227390599 -0.735172855 1.012434295,
0.232772764 -0.737235999 1.012434295,
0.238047863 -0.739559271 1.012434295,
0.243203334 -0.742137135 1.012434295,
0.248226897 -0.744963454 1.012434295,
0.157742635 -0.728346457 1.042510359,
0.159218397 -0.728346457 1.042474131,
0.160690605 -0.728346457 1.042365534,
0.162155710 -0.728346457 1.042184831,
0.163610184 -0.728346457 1.041932456,
0.165050522 -0.728346457 1.041609017,
0.166473255 -0.728346457 1.041215293,
0.167874956 -0.728346457 1.040752234,
0.169252246 -0.728346457 1.040220955,
0.170601809 -0.728346457 1.039622735,
0.171920393 -0.728346457 1.038959015,
0.173204822 -0.728346457 1.038231395,
0.174452001 -0.728346457 1.037441628,
0.175658925 -0.728346457 1.036591616,
0.176822688 -0.728346457 1.035683407,
0.177940485 -0.728346457 1.034719188,
0.179009624 -0.728346457 1.033701284,
0.180027528 -0.728346457 1.032632145,
0.180991747 -0.728346457 1.031514348,
0.181899956 -0.728346457 1.030350585,
0.182749968 -0.728346457 1.029143661,
0.183539735 -0.728346457 1.027896482,
0.184267355 -0.728346457 1.026612053,
0.184931075 -0.728346457 1.025293469,
0.185529295 -0.728346457 1.023943906,
0.186060574 -0.728346457 1.022566616,
0.186523633 -0.728346457 1.021164915,
0.186917357 -0.728346457 1.019742182,
0.187240796 -0.728346457 1.018301844,
0.187493171 -0.728346457 1.016847370,
0.187673874 -0.728346457 1.015382265,
0.187782471 -0.728346457 1.013910057,
0.157742635 -0.728487106 1.048272692,
0.157742635 -0.728908719 1.054021301,
0.157742635 -0.729610292 1.059742495,
0.157742635 -0.730590154 1.065422648,
0.157742635 -0.731845970 1.071048231,
0.157742635 -0.733374751 1.076605847,
0.157742635 -0.735172855 1.082082259,
0.157742635 -0.737235999 1.087464424,
0.157742635 -0.739559271 1.092739523,
0.157742635 -0.742137135 1.097894994,
0.157742635 -0.744963454 1.102918557,
0.183620757 -0.730575867 1.058590814,
0.203899154 -0.730575867 1.038312417,
0.189184739 -0.742180218 1.091987980,
0.176709770 -0.738381168 1.087801805,
0.194468850 -0.737264096 1.077939598,
0.191181830 -0.742180218 1.091169388,
0.193143123 -0.742180218 1.090307269,
0.176062228 -0.737250043 1.085228743,
0.195069726 -0.742180218 1.089402359,
0.175408919 -0.736185272 1.082632764,
0.174749661 -0.735186392 1.080013147,
0.204216514 -0.742180218 1.084250541,
0.205954436 -0.742180218 1.083095578,
0.207663450 -0.742180218 1.081898724,
0.209344062 -0.742180218 1.080659564,
0.172037932 -0.731836219 1.069237864,
0.225967904 -0.742180218 1.064035722,
0.227207064 -0.742180218 1.062355110,
0.223247938 -0.737264096 1.049160510,
0.228403918 -0.742180218 1.060646096,
0.210845176 -0.737264096 1.065536836,
0.229558881 -0.742180218 1.058908174,
0.234710699 -0.742180218 1.049761386,
0.235615609 -0.742180218 1.047834783,
0.203118775 -0.733374751 1.057810435,
0.236477728 -0.742180218 1.045873490,
0.237296320 -0.742180218 1.043876399,
0.195159887 -0.730575867 1.049851547,
0.233110145 -0.738381168 1.031401430,
0.230537083 -0.737250043 1.030753888,
0.227941104 -0.736185272 1.030100579,
0.225321487 -0.735186392 1.029441321,
0.214546204 -0.731836219 1.026729592,
0.167481292 -0.729213011 1.055709089,
0.168544300 -0.729213011 1.055456072,
0.169593616 -0.729213011 1.055178926,
0.200487266 -0.729213011 1.024285276,
0.200764412 -0.729213011 1.023235960,
0.201017429 -0.729213011 1.022172952,
-0.157742635 -0.748031496 1.107798248,
0.157742635 -0.748031496 1.107798248,
0.157742635 -0.728346457 1.042510359,
0.157742635 -0.728487106 1.048272692,
0.157742635 -0.728908719 1.054021301,
0.157742635 -0.729610292 1.059742495,
0.157742635 -0.730590154 1.065422648,
0.157742635 -0.731845970 1.071048231,
0.157742635 -0.733374751 1.076605847,
0.157742635 -0.735172855 1.082082259,
0.157742635 -0.737235999 1.087464424,
0.157742635 -0.739559271 1.092739523,
0.157742635 -0.742137135 1.097894994,
0.157742635 -0.744963454 1.102918557,
-0.157742635 -0.728346457 1.042510359,
-0.157742635 -0.728487106 1.048272692,
-0.157742635 -0.728908719 1.054021301,
-0.157742635 -0.729610292 1.059742495,
-0.157742635 -0.730590154 1.065422648,
-0.157742635 -0.731845970 1.071048231,
-0.157742635 -0.733374751 1.076605847,
-0.157742635 -0.735172855 1.082082259,
-0.157742635 -0.737235999 1.087464424,
-0.157742635 -0.739559271 1.092739523,
-0.157742635 -0.742137135 1.097894994,
-0.157742635 -0.744963454 1.102918557,
-0.253106588 -0.748031496 1.012434295,
-0.252991718 -0.748031496 1.017113582,
-0.252647385 -0.748031496 1.021781597,
-0.252074417 -0.748031496 1.026427093,
-0.251274197 -0.748031496 1.031038879,
-0.250248650 -0.748031496 1.035605845,
-0.249000248 -0.748031496 1.040116989,
-0.247531999 -0.748031496 1.044561443,
-0.245847440 -0.748031496 1.048928500,
-0.243950628 -0.748031496 1.053207639,
-0.241846133 -0.748031496 1.057388551,
-0.239539026 -0.748031496 1.061461165,
-0.237034864 -0.748031496 1.065415669,
-0.234339680 -0.748031496 1.069242536,
-0.231459968 -0.748031496 1.072932546,
-0.228402663 -0.748031496 1.076476812,
-0.225175133 -0.748031496 1.079866793,
-0.221785152 -0.748031496 1.083094323,
-0.218240886 -0.748031496 1.086151628,
-0.214550876 -0.748031496 1.089031340,
-0.210724009 -0.748031496 1.091726524,
-0.206769505 -0.748031496 1.094230686,
-0.202696891 -0.748031496 1.096537793,
-0.198515979 -0.748031496 1.098642288,
-0.194236840 -0.748031496 1.100539100,
-0.189869783 -0.748031496 1.102223659,
-0.185425329 -0.748031496 1.103691908,
-0.180914185 -0.748031496 1.104940310,
-0.176347219 -0.748031496 1.105965857,
-0.171735433 -0.748031496 1.106766077,
-0.167089937 -0.748031496 1.107339045,
-0.162421922 -0.748031496 1.107683378,
-0.157742635 -0.748031496 1.107798248,
-0.157742635 -0.728346457 1.042510359,
-0.157742635 -0.728487106 1.048272692,
-0.157742635 -0.728908719 1.054021301,
-0.157742635 -0.729610292 1.059742495,
-0.157742635 -0.730590154 1.065422648,
-0.157742635 -0.731845970 1.071048231,
-0.157742635 -0.733374751 1.076605847,
-0.157742635 -0.735172855 1.082082259,
-0.157742635 -0.737235999 1.087464424,
-0.157742635 -0.739559271 1.092739523,
-0.157742635 -0.742137135 1.097894994,
-0.157742635 -0.744963454 1.102918557,
-0.187818699 -0.728346457 1.012434295,
-0.187782471 -0.728346457 1.013910057,
-0.187673874 -0.728346457 1.015382265,
-0.187493171 -0.728346457 1.016847370,
-0.187240796 -0.728346457 1.018301844,
-0.186917357 -0.728346457 1.019742182,
-0.186523633 -0.728346457 1.021164915,
-0.186060574 -0.728346457 1.022566616,
-0.185529295 -0.728346457 1.023943906,
-0.184931075 -0.728346457 1.025293469,
-0.184267355 -0.728346457 1.026612053,
-0.183539735 -0.728346457 1.027896482,
-0.182749968 -0.728346457 1.029143661,
-0.181899956 -0.728346457 1.030350585,
-0.180991747 -0.728346457 1.031514348,
-0.180027528 -0.728346457 1.032632145,
-0.179009624 -0.728346457 1.033701284,
-0.177940485 -0.728346457 1.034719188,
-0.176822688 -0.728346457 1.035683407,
-0.175658925 -0.728346457 1.036591616,
-0.174452001 -0.728346457 1.037441628,
-0.173204822 -0.728346457 1.038231395,
-0.171920393 -0.728346457 1.038959015,
-0.170601809 -0.728346457 1.039622735,
-0.169252246 -0.728346457 1.040220955,
-0.167874956 -0.728346457 1.040752234,
-0.166473255 -0.728346457 1.041215293,
-0.165050522 -0.728346457 1.041609017,
-0.163610184 -0.728346457 1.041932456,
-0.162155710 -0.728346457 1.042184831,
-0.160690605 -0.728346457 1.042365534,
-0.159218397 -0.728346457 1.042474131,
-0.193581032 -0.728487106 1.012434295,
-0.199329641 -0.728908719 1.012434295,
-0.205050835 -0.729610292 1.012434295,
-0.210730988 -0.730590154 1.012434295,
-0.216356571 -0.731845970 1.012434295,
-0.221914187 -0.733374751 1.012434295,
-0.227390599 -0.735172855 1.012434295,
-0.232772764 -0.737235999 1.012434295,
-0.238047863 -0.739559271 1.012434295,
-0.243203334 -0.742137135 1.012434295,
-0.248226897 -0.744963454 1.012434295,
-0.203899154 -0.730575867 1.038312417,
-0.183620757 -0.730575867 1.058590814,
-0.237296320 -0.742180218 1.043876399,
-0.233110145 -0.738381168 1.031401430,
-0.223247938 -0.737264096 1.049160510,
-0.236477728 -0.742180218 1.045873490,
-0.235615609 -0.742180218 1.047834783,
-0.230537083 -0.737250043 1.030753888,
-0.234710699 -0.742180218 1.049761386,
-0.227941104 -0.736185272 1.030100579,
-0.225321487 -0.735186392 1.029441321,
-0.229558881 -0.742180218 1.058908174,
-0.228403918 -0.742180218 1.060646096,
-0.227207064 -0.742180218 1.062355110,
-0.225967904 -0.742180218 1.064035722,
-0.214546204 -0.731836219 1.026729592,
-0.209344062 -0.742180218 1.080659564,
-0.207663450 -0.742180218 1.081898724,
-0.194468850 -0.737264096 1.077939598,
-0.205954436 -0.742180218 1.083095578,
-0.210845176 -0.737264096 1.065536836,
-0.204216514 -0.742180218 1.084250541,
-0.195069726 -0.742180218 1.089402359,
-0.193143123 -0.742180218 1.090307269,
-0.203118775 -0.733374751 1.057810435,
-0.191181830 -0.742180218 1.091169388,
-0.189184739 -0.742180218 1.091987980,
-0.195159887 -0.730575867 1.049851547,
-0.176709770 -0.738381168 1.087801805,
-0.176062228 -0.737250043 1.085228743,
-0.175408919 -0.736185272 1.082632764,
-0.174749661 -0.735186392 1.080013147,
-0.172037932 -0.731836219 1.069237864,
-0.201017429 -0.729213011 1.022172952,
-0.200764412 -0.729213011 1.023235960,
-0.200487266 -0.729213011 1.024285276,
-0.169593616 -0.729213011 1.055178926,
-0.168544300 -0.729213011 1.055456072,
-0.167481292 -0.729213011 1.055709089,
-0.157742635 0.748031496 1.107798248,
-0.162421922 0.748031496 1.107683378,
-0.167089937 0.748031496 1.107339045,
-0.171735433 0.748031496 1.106766077,
-0.176347219 0.748031496 1.105965857,
-0.180914185 0.748031496 1.104940310,
-0.185425329 0.748031496 1.103691908,
-0.189869783 0.748031496 1.102223659,
-0.194236840 0.748031496 1.100539100,
-0.198515979 0.748031496 1.098642288,
-0.202696891 0.748031496 1.096537793,
-0.206769505 0.748031496 1.094230686,
-0.210724009 0.748031496 1.091726524,
-0.214550876 0.748031496 1.089031340,
-0.218240886 0.748031496 1.086151628,
-0.221785152 0.748031496 1.083094323,
-0.225175133 0.748031496 1.079866793,
-0.228402663 0.748031496 1.076476812,
-0.231459968 0.748031496 1.072932546,
-0.234339680 0.748031496 1.069242536,
-0.237034864 0.748031496 1.065415669,
-0.239539026 0.748031496 1.061461165,
-0.241846133 0.748031496 1.057388551,
-0.243950628 0.748031496 1.053207639,
-0.245847440 0.748031496 1.048928500,
-0.247531999 0.748031496 1.044561443,
-0.249000248 0.748031496 1.040116989,
-0.250248650 0.748031496 1.035605845,
-0.251274197 0.748031496 1.031038879,
-0.252074417 0.748031496 1.026427093,
-0.252647385 0.748031496 1.021781597,
-0.252991718 0.748031496 1.017113582,
-0.253106588 0.748031496 1.012434295,
-0.187818699 0.728346457 1.012434295,
-0.193581032 0.728487106 1.012434295,
-0.199329641 0.728908719 1.012434295,
-0.205050835 0.729610292 1.012434295,
-0.210730988 0.730590154 1.012434295,
-0.216356571 0.731845970 1.012434295,
-0.221914187 0.733374751 1.012434295,
-0.227390599 0.735172855 1.012434295,
-0.232772764 0.737235999 1.012434295,
-0.238047863 0.739559271 1.012434295,
-0.243203334 0.742137135 1.012434295,
-0.248226897 0.744963454 1.012434295,
-0.157742635 0.728346457 1.042510359,
-0.159218397 0.728346457 1.042474131,
-0.160690605 0.728346457 1.042365534,
-0.162155710 0.728346457 1.042184831,
-0.163610184 0.728346457 1.041932456,
-0.165050522 0.728346457 1.041609017,
-0.166473255 0.728346457 1.041215293,
-0.167874956 0.728346457 1.040752234,
-0.169252246 0.728346457 1.040220955,
-0.170601809 0.728346457 1.039622735,
-0.171920393 0.728346457 1.038959015,
-0.173204822 0.728346457 1.038231395,
-0.174452001 0.728346457 1.037441628,
-0.175658925 0.728346457 1.036591616,
-0.176822688 0.728346457 1.035683407,
-0.177940485 0.728346457 1.034719188,
-0.179009624 0.728346457 1.033701284,
-0.180027528 0.728346457 1.032632145,
-0.180991747 0.728346457 1.031514348,
-0.181899956 0.728346457 1.030350585,
-0.182749968 0.728346457 1.029143661,
-0.183539735 0.728346457 1.027896482,
-0.184267355 0.728346457 1.026612053,
-0.184931075 0.728346457 1.025293469,
-0.185529295 0.728346457 1.023943906,
-0.186060574 0.728346457 1.022566616,
-0.186523633 0.728346457 1.021164915,
-0.186917357 0.728346457 1.019742182,
-0.187240796 0.728346457 1.018301844,
-0.187493171 0.728346457 1.016847370,
-0.187673874 0.728346457 1.015382265,
-0.187782471 0.728346457 1.013910057,
-0.157742635 0.728487106 1.048272692,
-0.157742635 0.728908719 1.054021301,
-0.157742635 0.729610292 1.059742495,
-0.157742635 0.730590154 1.065422648,
-0.157742635 0.731845970 1.071048231,
-0.157742635 0.733374751 1.076605847,
-0.157742635 0.735172855 1.082082259,
-0.157742635 0.737235999 1.087464424,
-0.157742635 0.739559271 1.092739523,
-0.157742635 0.742137135 1.097894994,
-0.157742635 0.744963454 1.102918557,
-0.203899154 0.730575867 1.038312417,
-0.183620757 0.730575867 1.058590814,
-0.214546204 0.731836219 1.026729592,
-0.225321487 0.735186392 1.029441321,
-0.223247938 0.737264096 1.049160510,
-0.227941104 0.736185272 1.030100579,
-0.230537083 0.737250043 1.030753888,
-0.233110145 0.738381168 1.031401430,
-0.195159887 0.730575867 1.049851547,
-0.237296320 0.742180218 1.043876399,
-0.236477728 0.742180218 1.045873490,
-0.203118775 0.733374751 1.057810435,
-0.194468850 0.737264096 1.077939598,
-0.235615609 0.742180218 1.047834783,
-0.234710699 0.742180218 1.049761386,
-0.229558881 0.742180218 1.058908174,
-0.210845176 0.737264096 1.065536836,
-0.228403918 0.742180218 1.060646096,
-0.227207064 0.742180218 1.062355110,
-0.225967904 0.742180218 1.064035722,
-0.172037932 0.731836219 1.069237864,
-0.209344062 0.742180218 1.080659564,
-0.207663450 0.742180218 1.081898724,
-0.205954436 0.742180218 1.083095578,
-0.204216514 0.742180218 1.084250541,
-0.174749661 0.735186392 1.080013147,
-0.175408919 0.736185272 1.082632764,
-0.195069726 0.742180218 1.089402359,
-0.176062228 0.737250043 1.085228743,
-0.193143123 0.742180218 1.090307269,
-0.191181830 0.742180218 1.091169388,
-0.176709770 0.738381168 1.087801805,
-0.189184739 0.742180218 1.091987980,
-0.201017429 0.729213011 1.022172952,
-0.200764412 0.729213011 1.023235960,
-0.200487266 0.729213011 1.024285276,
-0.169593616 0.729213011 1.055178926,
-0.168544300 0.729213011 1.055456072,
-0.167481292 0.729213011 1.055709089,
0.157742635 0.748031496 1.107798248,
-0.157742635 0.748031496 1.107798248,
-0.157742635 0.728346457 1.042510359,
-0.157742635 0.728487106 1.048272692,
-0.157742635 0.728908719 1.054021301,
-0.157742635 0.729610292 1.059742495,
-0.157742635 0.730590154 1.065422648,
-0.157742635 0.731845970 1.071048231,
-0.157742635 0.733374751 1.076605847,
-0.157742635 0.735172855 1.082082259,
-0.157742635 0.737235999 1.087464424,
-0.157742635 0.739559271 1.092739523,
-0.157742635 0.742137135 1.097894994,
-0.157742635 0.744963454 1.102918557,
0.157742635 0.728346457 1.042510359,
0.157742635 0.728487106 1.048272692,
0.157742635 0.728908719 1.054021301,
0.157742635 0.729610292 1.059742495,
0.157742635 0.730590154 1.065422648,
0.157742635 0.731845970 1.071048231,
0.157742635 0.733374751 1.076605847,
0.157742635 0.735172855 1.082082259,
0.157742635 0.737235999 1.087464424,
0.157742635 0.739559271 1.092739523,
0.157742635 0.742137135 1.097894994,
0.157742635 0.744963454 1.102918557,
0.253106588 0.748031496 1.012434295,
0.252991718 0.748031496 1.017113582,
0.252647385 0.748031496 1.021781597,
0.252074417 0.748031496 1.026427093,
0.251274197 0.748031496 1.031038879,
0.250248650 0.748031496 1.035605845,
0.249000248 0.748031496 1.040116989,
0.247531999 0.748031496 1.044561443,
0.245847440 0.748031496 1.048928500,
0.243950628 0.748031496 1.053207639,
0.241846133 0.748031496 1.057388551,
0.239539026 0.748031496 1.061461165,
0.237034864 0.748031496 1.065415669,
0.234339680 0.748031496 1.069242536,
0.231459968 0.748031496 1.072932546,
0.228402663 0.748031496 1.076476812,
0.225175133 0.748031496 1.079866793,
0.221785152 0.748031496 1.083094323,
0.218240886 0.748031496 1.086151628,
0.214550876 0.748031496 1.089031340,
0.210724009 0.748031496 1.091726524,
0.206769505 0.748031496 1.094230686,
0.202696891 0.748031496 1.096537793,
0.198515979 0.748031496 1.098642288,
0.194236840 0.748031496 1.100539100,
0.189869783 0.748031496 1.102223659,
0.185425329 0.748031496 1.103691908,
0.180914185 0.748031496 1.104940310,
0.176347219 0.748031496 1.105965857,
0.171735433 0.748031496 1.106766077,
0.167089937 0.748031496 1.107339045,
0.162421922 0.748031496 1.107683378,
0.157742635 0.748031496 1.107798248,
0.157742635 0.728346457 1.042510359,
0.157742635 0.728487106 1.048272692,
0.157742635 0.728908719 1.054021301,
0.157742635 0.729610292 1.059742495,
0.157742635 0.730590154 1.065422648,
0.157742635 0.731845970 1.071048231,
0.157742635 0.733374751 1.076605847,
0.157742635 0.735172855 1.082082259,
0.157742635 0.737235999 1.087464424,
0.157742635 0.739559271 1.092739523,
0.157742635 0.742137135 1.097894994,
0.157742635 0.744963454 1.102918557,
0.187818699 0.728346457 1.012434295,
0.187782471 0.728346457 1.013910057,
0.187673874 0.728346457 1.015382265,
0.187493171 0.728346457 1.016847370,
0.187240796 0.728346457 1.018301844,
0.186917357 0.728346457 1.019742182,
0.186523633 0.728346457 1.021164915,
0.186060574 0.728346457 1.022566616,
0.185529295 0.728346457 1.023943906,
0.184931075 0.728346457 1.025293469,
0.184267355 0.728346457 1.026612053,
0.183539735 0.728346457 1.027896482,
0.182749968 0.728346457 1.029143661,
0.181899956 0.728346457 1.030350585,
0.180991747 0.728346457 1.031514348,
0.180027528 0.728346457 1.032632145,
0.179009624 0.728346457 1.033701284,
0.177940485 0.728346457 1.034719188,
0.176822688 0.728346457 1.035683407,
0.175658925 0.728346457 1.036591616,
0.174452001 0.728346457 1.037441628,
0.173204822 0.728346457 1.038231395,
0.171920393 0.728346457 1.038959015,
0.170601809 0.728346457 1.039622735,
0.169252246 0.728346457 1.040220955,
0.167874956 0.728346457 1.040752234,
0.166473255 0.728346457 1.041215293,
0.165050522 0.728346457 1.041609017,
0.163610184 0.728346457 1.041932456,
0.162155710 0.728346457 1.042184831,
0.160690605 0.728346457 1.042365534,
0.159218397 0.728346457 1.042474131,
0.193581032 0.728487106 1.012434295,
0.199329641 0.728908719 1.012434295,
0.205050835 0.729610292 1.012434295,
0.210730988 0.730590154 1.012434295,
0.216356571 0.731845970 1.012434295,
0.221914187 0.733374751 1.012434295,
0.227390599 0.735172855 1.012434295,
0.232772764 0.737235999 1.012434295,
0.238047863 0.739559271 1.012434295,
0.243203334 0.742137135 1.012434295,
0.248226897 0.744963454 1.012434295,
0.183620757 0.730575867 1.058590814,
0.203899154 0.730575867 1.038312417,
0.172037932 0.731836219 1.069237864,
0.174749661 0.735186392 1.080013147,
0.194468850 0.737264096 1.077939598,
0.175408919 0.736185272 1.082632764,
0.176062228 0.737250043 1.085228743,
0.176709770 0.738381168 1.087801805,
0.195159887 0.730575867 1.049851547,
0.189184739 0.742180218 1.091987980,
0.191181830 0.742180218 1.091169388,
0.203118775 0.733374751 1.057810435,
0.223247938 0.737264096 1.049160510,
0.193143123 0.742180218 1.090307269,
0.195069726 0.742180218 1.089402359,
0.204216514 0.742180218 1.084250541,
0.210845176 0.737264096 1.065536836,
0.205954436 0.742180218 1.083095578,
0.207663450 0.742180218 1.081898724,
0.209344062 0.742180218 1.080659564,
0.214546204 0.731836219 1.026729592,
0.225967904 0.742180218 1.064035722,
0.227207064 0.742180218 1.062355110,
0.228403918 0.742180218 1.060646096,
0.229558881 0.742180218 1.058908174,
0.225321487 0.735186392 1.029441321,
0.227941104 0.736185272 1.030100579,
0.234710699 0.742180218 1.049761386,
0.230537083 0.737250043 1.030753888,
0.235615609 0.742180218 1.047834783,
0.236477728 0.742180218 1.045873490,
0.233110145 0.738381168 1.031401430,
0.237296320 0.742180218 1.043876399,
0.167481292 0.729213011 1.055709089,
0.168544300 0.729213011 1.055456072,
0.169593616 0.729213011 1.055178926,
0.200487266 0.729213011 1.024285276,
0.200764412 0.729213011 1.023235960,
0.201017429 0.729213011 1.022172952,
] } coordIndex [
19,18,17,-1,
23,19,17,-1,
20,23,17,-1,
16,20,17,-1,
22,1,19,-1,
22,19,23,-1,
14,21,20,-1,
14,20,16,-1,
15,14,16,-1,
32,22,21,-1,
32,1,22,-1,
27,0,1,-1,
27,1,32,-1,
27,32,37,-1,
33,32,21,-1,
13,21,14,-1,
13,33,21,-1,
65,64,37,-1,
63,37,64,-1,
63,27,37,-1,
66,65,37,-1,
24,27,63,-1,
62,24,63,-1,
67,37,36,-1,
67,66,37,-1,
49,51,50,-1,
52,51,49,-1,
48,52,49,-1,
61,24,62,-1,
26,2,0,-1,
26,0,27,-1,
60,24,61,-1,
3,2,26,-1,
35,67,36,-1,
35,68,67,-1,
69,68,35,-1,
34,13,12,-1,
34,33,13,-1,
70,35,34,-1,
70,69,35,-1,
56,53,52,-1,
56,54,53,-1,
56,55,54,-1,
56,52,48,-1,
87,59,58,-1,
87,60,59,-1,
87,24,60,-1,
71,70,34,-1,
44,46,45,-1,
25,24,87,-1,
43,46,44,-1,
43,47,46,-1,
72,71,34,-1,
73,34,12,-1,
73,72,34,-1,
39,47,43,-1,
39,43,42,-1,
39,48,47,-1,
39,56,48,-1,
41,39,42,-1,
40,39,41,-1,
74,73,12,-1,
38,56,39,-1,
38,57,56,-1,
86,25,87,-1,
91,25,86,-1,
91,86,85,-1,
88,74,12,-1,
88,75,74,-1,
88,76,75,-1,
88,77,76,-1,
82,91,85,-1,
82,84,83,-1,
82,85,84,-1,
81,80,79,-1,
90,26,25,-1,
90,25,91,-1,
103,26,90,-1,
78,81,79,-1,
92,81,78,-1,
92,78,89,-1,
105,101,100,-1,
105,102,101,-1,
105,103,102,-1,
105,26,103,-1,
105,100,99,-1,
104,3,26,-1,
104,26,105,-1,
106,94,93,-1,
106,95,94,-1,
106,96,95,-1,
106,97,96,-1,
31,4,3,-1,
31,3,104,-1,
28,31,104,-1,
110,108,107,-1,
110,109,108,-1,
6,5,4,-1,
30,4,31,-1,
30,6,4,-1,
10,111,110,-1,
10,110,107,-1,
10,28,111,-1,
11,107,106,-1,
11,10,107,-1,
11,88,12,-1,
11,92,89,-1,
11,89,88,-1,
11,106,93,-1,
11,93,92,-1,
9,29,28,-1,
9,28,10,-1,
7,9,8,-1,
7,29,9,-1,
7,6,30,-1,
7,30,29,-1,
87,57,88,-1,
57,38,88,-1,
38,77,88,-1,
87,58,57,-1,
91,81,92,-1,
91,82,81,-1,
105,97,106,-1,
105,98,97,-1,
105,99,98,-1,
111,28,104,-1,
114,113,112,-1,
114,112,115,-1,
118,116,117,-1,
118,119,116,-1,
122,120,121,-1,
122,121,123,-1,
126,125,124,-1,
126,124,127,-1,
130,129,128,-1,
130,128,131,-1,
134,132,133,-1,
134,135,132,-1,
137,138,139,-1,
137,139,136,-1,
141,140,142,-1,
141,142,143,-1,
146,144,145,-1,
146,145,147,-1,
150,149,148,-1,
150,148,151,-1,
154,153,152,-1,
154,152,155,-1,
157,156,158,-1,
157,158,159,-1,
162,160,161,-1,
162,161,163,-1,
166,165,164,-1,
166,164,167,-1,
170,169,168,-1,
170,168,171,-1,
174,172,173,-1,
174,175,172,-1,
177,178,179,-1,
177,179,176,-1,
181,180,182,-1,
181,182,183,-1,
186,184,185,-1,
186,185,187,-1,
190,189,188,-1,
190,188,191,-1,
255,256,257,-1,
255,257,193,-1,
253,254,255,-1,
253,255,193,-1,
251,252,253,-1,
250,251,253,-1,
247,248,249,-1,
246,249,250,-1,
246,250,253,-1,
246,247,249,-1,
244,245,246,-1,
244,246,253,-1,
242,244,253,-1,
242,243,244,-1,
242,253,193,-1,
241,242,193,-1,
240,241,193,-1,
238,239,240,-1,
236,237,238,-1,
233,234,235,-1,
232,233,235,-1,
232,235,236,-1,
231,238,240,-1,
231,236,238,-1,
231,232,236,-1,
229,231,240,-1,
229,230,231,-1,
228,229,240,-1,
195,193,192,-1,
195,192,194,-1,
225,228,240,-1,
225,226,227,-1,
225,227,228,-1,
197,195,196,-1,
198,195,197,-1,
198,193,195,-1,
222,223,224,-1,
201,198,199,-1,
201,199,200,-1,
220,221,222,-1,
202,198,201,-1,
219,240,193,-1,
219,224,225,-1,
219,220,222,-1,
219,225,240,-1,
219,222,224,-1,
203,193,198,-1,
203,198,202,-1,
205,203,204,-1,
216,217,218,-1,
216,218,219,-1,
207,205,206,-1,
207,203,205,-1,
208,193,203,-1,
208,203,207,-1,
213,214,215,-1,
213,215,216,-1,
212,216,219,-1,
212,213,216,-1,
211,208,209,-1,
211,209,210,-1,
211,219,193,-1,
211,193,208,-1,
211,212,219,-1,
261,259,258,-1,
261,258,260,-1,
325,326,327,-1,
325,327,263,-1,
323,324,325,-1,
323,325,263,-1,
321,322,323,-1,
320,321,323,-1,
317,318,319,-1,
316,319,320,-1,
316,320,323,-1,
316,317,319,-1,
314,315,316,-1,
314,316,323,-1,
312,314,323,-1,
312,313,314,-1,
312,323,263,-1,
311,312,263,-1,
310,311,263,-1,
308,309,310,-1,
306,307,308,-1,
303,304,305,-1,
302,303,305,-1,
302,305,306,-1,
301,308,310,-1,
301,306,308,-1,
301,302,306,-1,
299,301,310,-1,
299,300,301,-1,
298,299,310,-1,
265,263,262,-1,
265,262,264,-1,
295,298,310,-1,
295,296,297,-1,
295,297,298,-1,
267,265,266,-1,
268,265,267,-1,
268,263,265,-1,
292,293,294,-1,
271,268,269,-1,
271,269,270,-1,
290,291,292,-1,
272,268,271,-1,
289,310,263,-1,
289,294,295,-1,
289,290,292,-1,
289,295,310,-1,
289,292,294,-1,
273,263,268,-1,
273,268,272,-1,
275,273,274,-1,
286,287,288,-1,
286,288,289,-1,
277,275,276,-1,
277,273,275,-1,
278,263,273,-1,
278,273,277,-1,
283,284,285,-1,
283,285,286,-1,
282,286,289,-1,
282,283,286,-1,
281,278,279,-1,
281,279,280,-1,
281,289,263,-1,
281,263,278,-1,
281,282,289,-1,
331,329,328,-1,
331,328,330,-1,
395,396,397,-1,
395,397,333,-1,
393,394,395,-1,
393,395,333,-1,
392,393,333,-1,
390,391,392,-1,
389,390,392,-1,
388,389,392,-1,
386,387,388,-1,
385,392,333,-1,
385,386,388,-1,
385,388,392,-1,
382,383,384,-1,
382,384,385,-1,
382,385,333,-1,
379,380,381,-1,
378,382,333,-1,
378,379,381,-1,
378,381,382,-1,
376,377,378,-1,
375,376,378,-1,
373,374,375,-1,
372,373,375,-1,
371,375,378,-1,
371,372,375,-1,
369,371,378,-1,
369,370,371,-1,
335,333,332,-1,
335,332,334,-1,
365,366,367,-1,
365,367,368,-1,
365,368,369,-1,
337,335,336,-1,
364,365,369,-1,
362,363,364,-1,
362,364,369,-1,
340,337,338,-1,
340,338,339,-1,
340,335,337,-1,
360,361,362,-1,
342,340,341,-1,
359,369,378,-1,
359,360,362,-1,
359,362,369,-1,
343,340,342,-1,
343,335,340,-1,
345,343,344,-1,
345,335,343,-1,
356,357,358,-1,
356,358,359,-1,
354,355,356,-1,
354,356,359,-1,
348,345,346,-1,
348,346,347,-1,
352,353,354,-1,
352,354,359,-1,
351,378,333,-1,
351,348,349,-1,
351,349,350,-1,
351,333,335,-1,
351,335,345,-1,
351,359,378,-1,
351,345,348,-1,
351,352,359,-1,
401,399,398,-1,
401,398,400,-1,
465,466,467,-1,
465,467,403,-1,
463,464,465,-1,
463,465,403,-1,
462,463,403,-1,
460,461,462,-1,
459,460,462,-1,
458,459,462,-1,
456,457,458,-1,
455,462,403,-1,
455,456,458,-1,
455,458,462,-1,
452,453,454,-1,
452,454,455,-1,
452,455,403,-1,
449,450,451,-1,
448,452,403,-1,
448,449,451,-1,
448,451,452,-1,
446,447,448,-1,
445,446,448,-1,
443,444,445,-1,
442,443,445,-1,
441,445,448,-1,
441,442,445,-1,
439,441,448,-1,
439,440,441,-1,
405,403,402,-1,
405,402,404,-1,
435,436,437,-1,
435,437,438,-1,
435,438,439,-1,
407,405,406,-1,
434,435,439,-1,
432,433,434,-1,
432,434,439,-1,
410,407,408,-1,
410,408,409,-1,
410,405,407,-1,
430,431,432,-1,
412,410,411,-1,
429,439,448,-1,
429,430,432,-1,
429,432,439,-1,
413,410,412,-1,
413,405,410,-1,
415,413,414,-1,
415,405,413,-1,
426,427,428,-1,
426,428,429,-1,
424,425,426,-1,
424,426,429,-1,
418,415,416,-1,
418,416,417,-1,
422,423,424,-1,
422,424,429,-1,
421,448,403,-1,
421,418,419,-1,
421,419,420,-1,
421,403,405,-1,
421,405,415,-1,
421,429,448,-1,
421,415,418,-1,
421,422,429,-1,
471,469,468,-1,
471,468,470,-1,
535,536,537,-1,
535,537,473,-1,
533,534,535,-1,
533,535,473,-1,
531,532,533,-1,
530,531,533,-1,
527,528,529,-1,
526,529,530,-1,
526,530,533,-1,
526,527,529,-1,
524,525,526,-1,
524,526,533,-1,
522,524,533,-1,
522,523,524,-1,
522,533,473,-1,
521,522,473,-1,
520,521,473,-1,
518,519,520,-1,
516,517,518,-1,
513,514,515,-1,
512,513,515,-1,
512,515,516,-1,
511,518,520,-1,
511,516,518,-1,
511,512,516,-1,
509,511,520,-1,
509,510,511,-1,
508,509,520,-1,
475,473,472,-1,
475,472,474,-1,
505,508,520,-1,
505,506,507,-1,
505,507,508,-1,
477,475,476,-1,
478,475,477,-1,
478,473,475,-1,
502,503,504,-1,
481,478,479,-1,
481,479,480,-1,
500,501,502,-1,
482,478,481,-1,
499,520,473,-1,
499,504,505,-1,
499,500,502,-1,
499,505,520,-1,
499,502,504,-1,
483,473,478,-1,
483,478,482,-1,
485,483,484,-1,
496,497,498,-1,
496,498,499,-1,
487,485,486,-1,
487,483,485,-1,
488,473,483,-1,
488,483,487,-1,
493,494,495,-1,
493,495,496,-1,
492,496,499,-1,
492,493,496,-1,
491,488,489,-1,
491,489,490,-1,
491,499,473,-1,
491,473,488,-1,
491,492,499,-1,
541,539,538,-1,
541,538,540,-1,
605,606,607,-1,
605,607,543,-1,
603,604,605,-1,
603,605,543,-1,
601,602,603,-1,
600,601,603,-1,
597,598,599,-1,
596,599,600,-1,
596,600,603,-1,
596,597,599,-1,
594,595,596,-1,
594,596,603,-1,
592,594,603,-1,
592,593,594,-1,
592,603,543,-1,
591,592,543,-1,
590,591,543,-1,
588,589,590,-1,
586,587,588,-1,
583,584,585,-1,
582,583,585,-1,
582,585,586,-1,
581,588,590,-1,
581,586,588,-1,
581,582,586,-1,
579,581,590,-1,
579,580,581,-1,
578,579,590,-1,
545,543,542,-1,
545,542,544,-1,
575,578,590,-1,
575,576,577,-1,
575,577,578,-1,
547,545,546,-1,
548,545,547,-1,
548,543,545,-1,
572,573,574,-1,
551,548,549,-1,
551,549,550,-1,
570,571,572,-1,
552,548,551,-1,
569,590,543,-1,
569,574,575,-1,
569,570,572,-1,
569,575,590,-1,
569,572,574,-1,
553,543,548,-1,
553,548,552,-1,
555,553,554,-1,
566,567,568,-1,
566,568,569,-1,
557,555,556,-1,
557,553,555,-1,
558,543,553,-1,
558,553,557,-1,
563,564,565,-1,
563,565,566,-1,
562,566,569,-1,
562,563,566,-1,
561,558,559,-1,
561,559,560,-1,
561,569,543,-1,
561,543,558,-1,
561,562,569,-1,
611,609,608,-1,
611,608,610,-1,
613,614,615,-1,
613,615,612,-1,
617,618,619,-1,
617,619,616,-1,
621,622,623,-1,
621,623,620,-1,
625,626,627,-1,
625,627,624,-1,
629,630,631,-1,
629,631,628,-1,
633,634,635,-1,
633,635,632,-1,
637,638,639,-1,
637,639,636,-1,
641,642,643,-1,
641,643,640,-1,
645,646,647,-1,
645,647,644,-1,
649,650,651,-1,
649,651,648,-1,
653,654,655,-1,
653,655,652,-1,
657,658,659,-1,
657,659,656,-1,
661,662,663,-1,
661,663,660,-1,
665,666,667,-1,
665,667,664,-1,
669,670,671,-1,
669,671,668,-1,
673,674,675,-1,
673,675,672,-1,
677,678,679,-1,
677,679,676,-1,
681,682,683,-1,
681,683,680,-1,
685,686,687,-1,
685,687,684,-1,
689,690,691,-1,
689,691,688,-1,
693,694,695,-1,
693,695,692,-1,
697,698,699,-1,
697,699,696,-1,
701,702,703,-1,
701,703,700,-1,
705,706,707,-1,
705,707,704,-1,
709,710,711,-1,
709,711,708,-1,
713,714,715,-1,
713,715,712,-1,
717,718,719,-1,
717,719,716,-1,
721,722,723,-1,
721,723,720,-1,
725,726,727,-1,
725,727,724,-1,
729,730,731,-1,
729,731,728,-1,
733,734,735,-1,
733,735,732,-1,
737,738,739,-1,
737,739,736,-1,
741,742,743,-1,
741,743,740,-1,
745,746,747,-1,
745,747,744,-1,
749,750,751,-1,
749,751,748,-1,
753,754,755,-1,
753,755,752,-1,
757,758,759,-1,
757,759,756,-1,
761,762,763,-1,
761,763,760,-1,
765,766,767,-1,
765,767,764,-1,
769,770,771,-1,
769,771,768,-1,
773,774,775,-1,
773,775,772,-1,
777,778,779,-1,
777,779,776,-1,
781,782,783,-1,
781,783,780,-1,
785,786,787,-1,
785,787,784,-1,
789,790,791,-1,
789,791,788,-1,
793,794,795,-1,
793,795,792,-1,
797,798,799,-1,
797,799,796,-1,
801,802,803,-1,
801,803,800,-1,
805,806,807,-1,
805,807,804,-1,
809,810,811,-1,
809,811,808,-1,
813,814,815,-1,
813,815,812,-1,
817,818,819,-1,
817,819,816,-1,
821,822,823,-1,
821,823,820,-1,
825,826,827,-1,
825,827,824,-1,
829,830,831,-1,
829,831,828,-1,
833,834,835,-1,
833,835,832,-1,
837,838,839,-1,
837,839,836,-1,
841,842,843,-1,
841,843,840,-1,
845,846,847,-1,
845,847,844,-1,
849,850,851,-1,
849,851,848,-1,
853,854,855,-1,
853,855,852,-1,
857,858,859,-1,
857,859,856,-1,
861,862,863,-1,
861,863,860,-1,
865,866,867,-1,
865,867,864,-1,
869,870,871,-1,
869,871,868,-1,
873,874,875,-1,
873,875,872,-1,
877,878,879,-1,
877,879,876,-1,
881,882,883,-1,
881,883,880,-1,
885,886,887,-1,
885,887,884,-1,
889,890,891,-1,
889,891,888,-1,
893,894,895,-1,
893,895,892,-1,
897,898,899,-1,
897,899,896,-1,
901,902,903,-1,
901,903,900,-1,
905,906,907,-1,
905,907,904,-1,
909,910,911,-1,
909,911,908,-1,
913,914,915,-1,
913,915,912,-1,
917,918,919,-1,
917,919,916,-1,
921,922,923,-1,
921,923,920,-1,
925,926,927,-1,
925,927,924,-1,
929,930,931,-1,
929,931,928,-1,
949,954,948,-1,
950,954,949,-1,
947,954,955,-1,
947,948,954,-1,
946,955,945,-1,
946,947,955,-1,
934,932,933,-1,
934,951,932,-1,
952,935,936,-1,
952,936,937,-1,
942,943,944,-1,
942,944,941,-1,
953,939,940,-1,
953,952,937,-1,
938,939,953,-1,
938,953,937,-1,
952,954,950,-1,
952,950,951,-1,
952,951,934,-1,
952,934,935,-1,
955,953,940,-1,
955,940,941,-1,
955,941,944,-1,
955,944,945,-1,
1022,957,956,-1,
1022,956,1020,-1,
1023,1022,1020,-1,
1023,1020,1019,-1,
1024,1023,1019,-1,
1024,1019,1018,-1,
1025,1024,1018,-1,
1025,1018,1017,-1,
1026,1025,1017,-1,
1026,1017,1016,-1,
1027,1016,1015,-1,
1027,1026,1016,-1,
1028,1015,1014,-1,
1028,1027,1015,-1,
1029,1014,1013,-1,
1029,1028,1014,-1,
1030,1013,1012,-1,
1030,1029,1013,-1,
1031,1012,1011,-1,
1031,1030,1012,-1,
1032,1011,1010,-1,
1032,1031,1011,-1,
1033,1010,1009,-1,
1033,1032,1010,-1,
1034,1009,1008,-1,
1034,1033,1009,-1,
1035,1008,1007,-1,
1035,1034,1008,-1,
1036,1007,1006,-1,
1036,1035,1007,-1,
1037,1006,1005,-1,
1037,1036,1006,-1,
1038,1005,1004,-1,
1038,1037,1005,-1,
1039,1038,1004,-1,
1039,1004,1003,-1,
1040,1039,1003,-1,
1040,1003,1002,-1,
1041,1040,1002,-1,
1041,1002,1001,-1,
1042,1041,1001,-1,
1042,1001,1000,-1,
1043,1042,1000,-1,
1043,1000,999,-1,
1044,1043,999,-1,
1044,999,998,-1,
1045,1044,998,-1,
1045,998,997,-1,
1046,1045,997,-1,
1046,997,996,-1,
1047,1046,996,-1,
1047,996,995,-1,
1048,995,994,-1,
1048,1047,995,-1,
1049,994,993,-1,
1049,1048,994,-1,
1050,1049,993,-1,
1050,993,992,-1,
1051,992,991,-1,
1051,1050,992,-1,
1052,991,990,-1,
1052,1051,991,-1,
1053,990,989,-1,
1053,1052,990,-1,
1054,989,988,-1,
1054,1053,989,-1,
1055,988,987,-1,
1055,1054,988,-1,
1056,987,986,-1,
1056,1055,987,-1,
1057,986,985,-1,
1057,1056,986,-1,
1058,985,984,-1,
1058,1057,985,-1,
1059,984,983,-1,
1059,1058,984,-1,
1060,983,982,-1,
1060,1059,983,-1,
1061,982,981,-1,
1061,1060,982,-1,
1062,981,980,-1,
1062,1061,981,-1,
1063,980,979,-1,
1063,1062,980,-1,
1064,1063,979,-1,
1064,979,978,-1,
1065,1064,978,-1,
1065,978,977,-1,
1066,1065,977,-1,
1066,977,976,-1,
1067,1066,976,-1,
1067,976,975,-1,
1068,1067,975,-1,
1068,975,974,-1,
1069,974,973,-1,
1069,1068,974,-1,
1070,1069,973,-1,
1070,973,972,-1,
1071,972,971,-1,
1071,1070,972,-1,
1072,971,970,-1,
1072,1071,971,-1,
1073,970,969,-1,
1073,1072,970,-1,
1074,969,968,-1,
1074,1073,969,-1,
1075,968,967,-1,
1075,1074,968,-1,
1076,967,966,-1,
1076,1075,967,-1,
1077,966,965,-1,
1077,1076,966,-1,
1078,965,964,-1,
1078,1077,965,-1,
1079,964,963,-1,
1079,1078,964,-1,
1080,963,962,-1,
1080,1079,963,-1,
1081,962,961,-1,
1081,1080,962,-1,
1082,961,960,-1,
1082,1081,961,-1,
1083,960,959,-1,
1083,1082,960,-1,
1021,959,958,-1,
1021,1083,959,-1,
1150,1085,1084,-1,
1150,1084,1148,-1,
1151,1150,1148,-1,
1151,1148,1147,-1,
1152,1151,1147,-1,
1152,1147,1146,-1,
1153,1152,1146,-1,
1153,1146,1145,-1,
1154,1153,1145,-1,
1154,1145,1144,-1,
1155,1144,1143,-1,
1155,1154,1144,-1,
1156,1143,1142,-1,
1156,1155,1143,-1,
1157,1142,1141,-1,
1157,1156,1142,-1,
1158,1141,1140,-1,
1158,1157,1141,-1,
1159,1140,1139,-1,
1159,1158,1140,-1,
1160,1139,1138,-1,
1160,1159,1139,-1,
1161,1138,1137,-1,
1161,1160,1138,-1,
1162,1137,1136,-1,
1162,1161,1137,-1,
1163,1136,1135,-1,
1163,1162,1136,-1,
1164,1135,1134,-1,
1164,1163,1135,-1,
1165,1134,1133,-1,
1165,1164,1134,-1,
1166,1133,1132,-1,
1166,1165,1133,-1,
1167,1166,1132,-1,
1167,1132,1131,-1,
1168,1167,1131,-1,
1168,1131,1130,-1,
1169,1168,1130,-1,
1169,1130,1129,-1,
1170,1169,1129,-1,
1170,1129,1128,-1,
1171,1170,1128,-1,
1171,1128,1127,-1,
1172,1171,1127,-1,
1172,1127,1126,-1,
1173,1172,1126,-1,
1173,1126,1125,-1,
1174,1173,1125,-1,
1174,1125,1124,-1,
1175,1174,1124,-1,
1175,1124,1123,-1,
1176,1123,1122,-1,
1176,1175,1123,-1,
1177,1122,1121,-1,
1177,1176,1122,-1,
1178,1177,1121,-1,
1178,1121,1120,-1,
1179,1120,1119,-1,
1179,1178,1120,-1,
1180,1119,1118,-1,
1180,1179,1119,-1,
1181,1118,1117,-1,
1181,1180,1118,-1,
1182,1117,1116,-1,
1182,1181,1117,-1,
1183,1116,1115,-1,
1183,1182,1116,-1,
1184,1115,1114,-1,
1184,1183,1115,-1,
1185,1114,1113,-1,
1185,1184,1114,-1,
1186,1113,1112,-1,
1186,1185,1113,-1,
1187,1112,1111,-1,
1187,1186,1112,-1,
1188,1111,1110,-1,
1188,1187,1111,-1,
1189,1110,1109,-1,
1189,1188,1110,-1,
1190,1109,1108,-1,
1190,1189,1109,-1,
1191,1108,1107,-1,
1191,1190,1108,-1,
1192,1191,1107,-1,
1192,1107,1106,-1,
1193,1192,1106,-1,
1193,1106,1105,-1,
1194,1193,1105,-1,
1194,1105,1104,-1,
1195,1194,1104,-1,
1195,1104,1103,-1,
1196,1195,1103,-1,
1196,1103,1102,-1,
1197,1102,1101,-1,
1197,1196,1102,-1,
1198,1197,1101,-1,
1198,1101,1100,-1,
1199,1100,1099,-1,
1199,1198,1100,-1,
1200,1099,1098,-1,
1200,1199,1099,-1,
1201,1098,1097,-1,
1201,1200,1098,-1,
1202,1097,1096,-1,
1202,1201,1097,-1,
1203,1096,1095,-1,
1203,1202,1096,-1,
1204,1095,1094,-1,
1204,1203,1095,-1,
1205,1094,1093,-1,
1205,1204,1094,-1,
1206,1093,1092,-1,
1206,1205,1093,-1,
1207,1092,1091,-1,
1207,1206,1092,-1,
1208,1091,1090,-1,
1208,1207,1091,-1,
1209,1090,1089,-1,
1209,1208,1090,-1,
1210,1089,1088,-1,
1210,1209,1089,-1,
1211,1088,1087,-1,
1211,1210,1088,-1,
1149,1087,1086,-1,
1149,1211,1087,-1,
1278,1213,1212,-1,
1278,1212,1276,-1,
1279,1278,1276,-1,
1279,1276,1275,-1,
1280,1279,1275,-1,
1280,1275,1274,-1,
1281,1280,1274,-1,
1281,1274,1273,-1,
1282,1281,1273,-1,
1282,1273,1272,-1,
1283,1272,1271,-1,
1283,1282,1272,-1,
1284,1271,1270,-1,
1284,1283,1271,-1,
1285,1270,1269,-1,
1285,1284,1270,-1,
1286,1269,1268,-1,
1286,1285,1269,-1,
1287,1268,1267,-1,
1287,1286,1268,-1,
1288,1267,1266,-1,
1288,1287,1267,-1,
1289,1266,1265,-1,
1289,1288,1266,-1,
1290,1265,1264,-1,
1290,1289,1265,-1,
1291,1264,1263,-1,
1291,1290,1264,-1,
1292,1263,1262,-1,
1292,1291,1263,-1,
1293,1262,1261,-1,
1293,1292,1262,-1,
1294,1261,1260,-1,
1294,1293,1261,-1,
1295,1294,1260,-1,
1295,1260,1259,-1,
1296,1295,1259,-1,
1296,1259,1258,-1,
1297,1296,1258,-1,
1297,1258,1257,-1,
1298,1297,1257,-1,
1298,1257,1256,-1,
1299,1298,1256,-1,
1299,1256,1255,-1,
1300,1299,1255,-1,
1300,1255,1254,-1,
1301,1300,1254,-1,
1301,1254,1253,-1,
1302,1301,1253,-1,
1302,1253,1252,-1,
1303,1302,1252,-1,
1303,1252,1251,-1,
1304,1251,1250,-1,
1304,1303,1251,-1,
1305,1250,1249,-1,
1305,1304,1250,-1,
1306,1305,1249,-1,
1306,1249,1248,-1,
1307,1248,1247,-1,
1307,1306,1248,-1,
1308,1247,1246,-1,
1308,1307,1247,-1,
1309,1246,1245,-1,
1309,1308,1246,-1,
1310,1245,1244,-1,
1310,1309,1245,-1,
1311,1244,1243,-1,
1311,1310,1244,-1,
1312,1243,1242,-1,
1312,1311,1243,-1,
1313,1242,1241,-1,
1313,1312,1242,-1,
1314,1241,1240,-1,
1314,1313,1241,-1,
1315,1240,1239,-1,
1315,1314,1240,-1,
1316,1239,1238,-1,
1316,1315,1239,-1,
1317,1238,1237,-1,
1317,1316,1238,-1,
1318,1237,1236,-1,
1318,1317,1237,-1,
1319,1236,1235,-1,
1319,1318,1236,-1,
1320,1319,1235,-1,
1320,1235,1234,-1,
1321,1320,1234,-1,
1321,1234,1233,-1,
1322,1321,1233,-1,
1322,1233,1232,-1,
1323,1322,1232,-1,
1323,1232,1231,-1,
1324,1323,1231,-1,
1324,1231,1230,-1,
1325,1230,1229,-1,
1325,1324,1230,-1,
1326,1325,1229,-1,
1326,1229,1228,-1,
1327,1228,1227,-1,
1327,1326,1228,-1,
1328,1227,1226,-1,
1328,1327,1227,-1,
1329,1226,1225,-1,
1329,1328,1226,-1,
1330,1225,1224,-1,
1330,1329,1225,-1,
1331,1224,1223,-1,
1331,1330,1224,-1,
1332,1223,1222,-1,
1332,1331,1223,-1,
1333,1222,1221,-1,
1333,1332,1222,-1,
1334,1221,1220,-1,
1334,1333,1221,-1,
1335,1220,1219,-1,
1335,1334,1220,-1,
1336,1219,1218,-1,
1336,1335,1219,-1,
1337,1218,1217,-1,
1337,1336,1218,-1,
1338,1217,1216,-1,
1338,1337,1217,-1,
1339,1216,1215,-1,
1339,1338,1216,-1,
1277,1215,1214,-1,
1277,1339,1215,-1,
1341,1343,1340,-1,
1342,1343,1341,-1,
1345,1340,1343,-1,
1344,1345,1343,-1,
1352,1377,1378,-1,
1351,1378,1379,-1,
1351,1352,1378,-1,
1353,1376,1377,-1,
1353,1377,1352,-1,
1350,1379,1380,-1,
1350,1351,1379,-1,
1354,1375,1376,-1,
1354,1376,1353,-1,
1349,1380,1381,-1,
1349,1381,1382,-1,
1349,1350,1380,-1,
1348,1349,1382,-1,
1383,1348,1382,-1,
1355,1374,1375,-1,
1355,1375,1354,-1,
1373,1374,1355,-1,
1347,1348,1383,-1,
1356,1373,1355,-1,
1372,1373,1356,-1,
1384,1347,1383,-1,
1346,1347,1384,-1,
1357,1372,1356,-1,
1385,1346,1384,-1,
1371,1372,1357,-1,
1358,1371,1357,-1,
1370,1358,1359,-1,
1370,1371,1358,-1,
1369,1370,1359,-1,
1368,1369,1359,-1,
1368,1359,1360,-1,
1367,1368,1360,-1,
1367,1360,1361,-1,
1365,1362,1363,-1,
1365,1363,1364,-1,
1366,1362,1365,-1,
1366,1361,1362,-1,
1366,1367,1361,-1,
1387,1395,1386,-1,
1396,1386,1395,-1,
1397,1386,1396,-1,
1394,1390,1391,-1,
1394,1395,1387,-1,
1394,1387,1390,-1,
1389,1387,1388,-1,
1389,1390,1387,-1,
1393,1391,1392,-1,
1393,1394,1391,-1,
1400,1422,1399,-1,
1421,1400,1401,-1,
1421,1422,1400,-1,
1420,1421,1401,-1,
1402,1420,1401,-1,
1419,1420,1402,-1,
1403,1419,1402,-1,
1418,1419,1403,-1,
1398,1422,1423,-1,
1398,1399,1422,-1,
1404,1418,1403,-1,
1417,1418,1404,-1,
1405,1417,1404,-1,
1406,1416,1417,-1,
1406,1417,1405,-1,
1411,1423,1412,-1,
1411,1398,1423,-1,
1407,1415,1416,-1,
1407,1416,1406,-1,
1410,1412,1413,-1,
1410,1411,1412,-1,
1408,1414,1415,-1,
1408,1415,1407,-1,
1409,1413,1414,-1,
1409,1410,1413,-1,
1409,1414,1408,-1,
1427,1425,1426,-1,
1433,1425,1427,-1,
1428,1429,1430,-1,
1432,1427,1428,-1,
1432,1433,1427,-1,
1432,1428,1430,-1,
1424,1433,1434,-1,
1424,1425,1433,-1,
1431,1434,1432,-1,
1431,1424,1434,-1,
1431,1432,1430,-1,
1435,1437,1438,-1,
1436,1437,1435,-1,
1440,1441,1442,-1,
1440,1442,1439,-1,
1443,1445,1446,-1,
1444,1445,1443,-1,
1448,1449,1450,-1,
1448,1450,1447,-1,
1452,1453,1454,-1,
1452,1454,1451,-1,
1456,1457,1458,-1,
1456,1458,1455,-1,
1460,1461,1462,-1,
1460,1462,1459,-1,
1464,1465,1466,-1,
1464,1466,1463,-1,
1468,1469,1470,-1,
1468,1470,1467,-1,
1472,1473,1474,-1,
1472,1474,1471,-1,
1476,1477,1478,-1,
1476,1478,1475,-1,
1480,1481,1482,-1,
1480,1482,1479,-1,
1484,1485,1486,-1,
1484,1486,1483,-1,
1488,1489,1490,-1,
1488,1490,1487,-1,
1492,1493,1494,-1,
1492,1494,1491,-1,
1496,1497,1498,-1,
1496,1498,1495,-1,
1500,1501,1502,-1,
1500,1502,1499,-1,
1504,1505,1506,-1,
1504,1506,1503,-1,
1508,1509,1510,-1,
1508,1510,1507,-1,
1515,1517,1512,-1,
1518,1511,1512,-1,
1518,1512,1517,-1,
1513,1516,1515,-1,
1513,1515,1512,-1,
1514,1516,1513,-1,
1514,1511,1518,-1,
1514,1518,1516,-1,
1523,1521,1520,-1,
1523,1522,1521,-1,
1524,1523,1520,-1,
1529,1520,1519,-1,
1529,1525,1524,-1,
1529,1519,1530,-1,
1529,1524,1520,-1,
1526,1525,1529,-1,
1528,1526,1529,-1,
1527,1526,1528,-1,
1532,1531,1533,-1,
1538,1536,1537,-1,
1539,1536,1538,-1,
1535,1536,1539,-1,
1534,1535,1539,-1,
1543,1541,1540,-1,
1543,1540,1542,-1,
1549,1546,1547,-1,
1549,1547,1548,-1,
1544,1545,1546,-1,
1544,1546,1549,-1,
1550,1551,1552,-1,
1550,1552,1553,-1,
1555,1554,1556,-1,
1555,1556,1557,-1,
1558,1559,1560,-1,
1558,1560,1561,-1,
1563,1565,1564,-1,
1563,1562,1565,-1,
1608,1576,1575,-1,
1608,1566,1576,-1,
1607,1569,1568,-1,
1607,1570,1569,-1,
1607,1571,1570,-1,
1607,1572,1571,-1,
1607,1573,1572,-1,
1607,1574,1573,-1,
1607,1575,1574,-1,
1607,1568,1577,-1,
1607,1608,1575,-1,
1606,1577,1578,-1,
1606,1578,1579,-1,
1606,1579,1580,-1,
1606,1580,1581,-1,
1606,1581,1582,-1,
1606,1582,1583,-1,
1606,1583,1584,-1,
1606,1607,1577,-1,
1611,1584,1585,-1,
1611,1585,1586,-1,
1611,1606,1584,-1,
1567,1608,1609,-1,
1567,1566,1608,-1,
1605,1567,1609,-1,
1604,1605,1609,-1,
1603,1604,1609,-1,
1602,1603,1609,-1,
1601,1602,1609,-1,
1600,1601,1609,-1,
1610,1611,1586,-1,
1599,1600,1609,-1,
1598,1599,1609,-1,
1597,1598,1609,-1,
1597,1609,1610,-1,
1592,1610,1593,-1,
1594,1593,1610,-1,
1591,1610,1592,-1,
1595,1594,1610,-1,
1590,1610,1591,-1,
1596,1595,1610,-1,
1589,1610,1590,-1,
1587,1610,1586,-1,
1587,1596,1610,-1,
1588,1597,1610,-1,
1588,1610,1589,-1,
1615,1612,1613,-1,
1615,1614,1612,-1,
1658,1636,1635,-1,
1658,1627,1636,-1,
1656,1629,1628,-1,
1656,1630,1629,-1,
1656,1631,1630,-1,
1656,1632,1631,-1,
1656,1633,1632,-1,
1656,1634,1633,-1,
1656,1635,1634,-1,
1656,1628,1637,-1,
1656,1658,1635,-1,
1657,1637,1638,-1,
1657,1638,1639,-1,
1657,1639,1640,-1,
1657,1640,1641,-1,
1657,1641,1642,-1,
1657,1642,1643,-1,
1657,1643,1644,-1,
1657,1656,1637,-1,
1661,1644,1645,-1,
1661,1645,1646,-1,
1661,1657,1644,-1,
1626,1658,1659,-1,
1626,1627,1658,-1,
1625,1626,1659,-1,
1624,1625,1659,-1,
1623,1624,1659,-1,
1622,1623,1659,-1,
1621,1622,1659,-1,
1620,1621,1659,-1,
1660,1661,1646,-1,
1619,1620,1659,-1,
1618,1619,1659,-1,
1616,1618,1659,-1,
1651,1660,1652,-1,
1653,1652,1660,-1,
1650,1660,1651,-1,
1654,1653,1660,-1,
1649,1660,1650,-1,
1655,1654,1660,-1,
1648,1660,1649,-1,
1647,1660,1646,-1,
1647,1655,1660,-1,
1617,1616,1659,-1,
1617,1660,1648,-1,
1617,1659,1660,-1,
1664,1663,1662,-1,
1664,1662,1665,-1,
1677,1837,1836,-1,
1677,1838,1837,-1,
1677,1678,1838,-1,
1835,1677,1836,-1,
1834,1677,1835,-1,
1676,1677,1834,-1,
1833,1676,1834,-1,
1832,1676,1833,-1,
1831,1676,1832,-1,
1675,1676,1831,-1,
1830,1675,1831,-1,
1829,1675,1830,-1,
1828,1675,1829,-1,
1828,1674,1675,-1,
1827,1674,1828,-1,
1826,1674,1827,-1,
1825,1673,1674,-1,
1825,1674,1826,-1,
1824,1673,1825,-1,
1823,1673,1824,-1,
1823,1672,1673,-1,
1822,1672,1823,-1,
1821,1671,1672,-1,
1821,1672,1822,-1,
1820,1671,1821,-1,
1819,1670,1671,-1,
1819,1671,1820,-1,
1818,1670,1819,-1,
1817,1669,1670,-1,
1817,1670,1818,-1,
1816,1668,1669,-1,
1816,1669,1817,-1,
1815,1668,1816,-1,
1666,1684,1683,-1,
1666,1685,1684,-1,
1666,1686,1685,-1,
1666,1687,1686,-1,
1666,1688,1687,-1,
1666,1689,1688,-1,
1666,1690,1689,-1,
1666,1691,1690,-1,
1666,1692,1691,-1,
1666,1693,1692,-1,
1666,1694,1693,-1,
1666,1695,1694,-1,
1666,1696,1695,-1,
1666,1697,1696,-1,
1666,1698,1697,-1,
1666,1699,1698,-1,
1666,1700,1699,-1,
1666,1701,1700,-1,
1702,1701,1666,-1,
1814,1667,1668,-1,
1814,1668,1815,-1,
1703,1702,1666,-1,
1704,1703,1666,-1,
1705,1704,1666,-1,
1706,1705,1666,-1,
1813,1666,1667,-1,
1813,1667,1814,-1,
1812,1666,1813,-1,
1811,1666,1812,-1,
1810,1706,1666,-1,
1810,1666,1811,-1,
1810,1707,1706,-1,
1810,1708,1707,-1,
1810,1709,1708,-1,
1810,1710,1709,-1,
1810,1711,1710,-1,
1810,1712,1711,-1,
1801,1712,1810,-1,
1801,1713,1712,-1,
1801,1714,1713,-1,
1801,1715,1714,-1,
1801,1716,1715,-1,
1802,1716,1801,-1,
1802,1717,1716,-1,
1803,1717,1802,-1,
1803,1718,1717,-1,
1804,1718,1803,-1,
1804,1719,1718,-1,
1805,1719,1804,-1,
1805,1720,1719,-1,
1806,1721,1720,-1,
1806,1720,1805,-1,
1806,1722,1721,-1,
1807,1722,1806,-1,
1808,1723,1722,-1,
1808,1724,1723,-1,
1808,1722,1807,-1,
1809,1725,1724,-1,
1809,1724,1808,-1,
1800,1726,1725,-1,
1800,1725,1809,-1,
1799,1726,1800,-1,
1799,1727,1726,-1,
1799,1728,1727,-1,
1799,1729,1728,-1,
1799,1730,1729,-1,
1761,1736,1735,-1,
1761,1737,1736,-1,
1761,1738,1737,-1,
1761,1739,1738,-1,
1761,1740,1739,-1,
1761,1741,1740,-1,
1761,1742,1741,-1,
1761,1743,1742,-1,
1761,1744,1743,-1,
1761,1745,1744,-1,
1761,1746,1745,-1,
1761,1747,1746,-1,
1761,1748,1747,-1,
1761,1749,1748,-1,
1761,1750,1749,-1,
1761,1751,1750,-1,
1761,1752,1751,-1,
1761,1753,1752,-1,
1761,1754,1753,-1,
1761,1755,1754,-1,
1761,1756,1755,-1,
1798,1731,1730,-1,
1798,1732,1731,-1,
1798,1733,1732,-1,
1798,1734,1733,-1,
1798,1730,1799,-1,
1797,1761,1735,-1,
1797,1734,1798,-1,
1797,1735,1734,-1,
1796,1761,1797,-1,
1795,1773,1761,-1,
1795,1761,1796,-1,
1794,1773,1795,-1,
1793,1772,1773,-1,
1793,1773,1794,-1,
1792,1771,1772,-1,
1792,1772,1793,-1,
1791,1771,1792,-1,
1790,1770,1771,-1,
1790,1771,1791,-1,
1789,1769,1770,-1,
1789,1770,1790,-1,
1788,1769,1789,-1,
1787,1768,1769,-1,
1787,1769,1788,-1,
1786,1768,1787,-1,
1785,1767,1768,-1,
1785,1768,1786,-1,
1784,1767,1785,-1,
1783,1767,1784,-1,
1783,1766,1767,-1,
1782,1766,1783,-1,
1782,1765,1766,-1,
1781,1765,1782,-1,
1780,1765,1781,-1,
1779,1765,1780,-1,
1779,1764,1765,-1,
1778,1764,1779,-1,
1777,1764,1778,-1,
1777,1763,1764,-1,
1776,1763,1777,-1,
1775,1763,1776,-1,
1774,1763,1775,-1,
1762,1763,1774,-1,
1666,1680,1679,-1,
1666,1681,1680,-1,
1666,1682,1681,-1,
1666,1683,1682,-1,
1760,1759,1761,-1,
1759,1758,1761,-1,
1758,1757,1761,-1,
1757,1756,1761,-1,
1878,1875,1876,-1,
1879,1874,1875,-1,
1879,1875,1878,-1,
1880,1872,1873,-1,
1880,1873,1874,-1,
1880,1874,1879,-1,
1881,1871,1872,-1,
1881,1872,1880,-1,
1882,1870,1871,-1,
1882,1871,1881,-1,
1883,1869,1870,-1,
1883,1870,1882,-1,
1884,1869,1883,-1,
1884,1868,1869,-1,
1885,1868,1884,-1,
1885,1867,1868,-1,
1886,1867,1885,-1,
1886,1866,1867,-1,
1887,1866,1886,-1,
1887,1865,1866,-1,
1888,1864,1865,-1,
1888,1865,1887,-1,
1889,1863,1864,-1,
1889,1864,1888,-1,
1890,1862,1863,-1,
1890,1863,1889,-1,
1891,1861,1862,-1,
1891,1862,1890,-1,
1892,1860,1861,-1,
1892,1861,1891,-1,
1893,1859,1860,-1,
1893,1860,1892,-1,
1894,1858,1859,-1,
1894,1859,1893,-1,
1895,1857,1858,-1,
1895,1858,1894,-1,
1896,1856,1857,-1,
1896,1857,1895,-1,
1897,1855,1856,-1,
1897,1856,1896,-1,
1898,1854,1855,-1,
1898,1855,1897,-1,
1899,1853,1854,-1,
1899,1854,1898,-1,
1900,1852,1853,-1,
1900,1853,1899,-1,
1901,1852,1900,-1,
1901,1851,1852,-1,
1902,1850,1851,-1,
1902,1851,1901,-1,
1903,1849,1850,-1,
1903,1850,1902,-1,
1904,1848,1849,-1,
1904,1849,1903,-1,
1905,1847,1848,-1,
1905,1848,1904,-1,
1906,1846,1847,-1,
1906,1847,1905,-1,
1907,1845,1846,-1,
1907,1846,1906,-1,
1908,1845,1907,-1,
1908,1844,1845,-1,
1909,1843,1844,-1,
1909,1844,1908,-1,
1910,1842,1843,-1,
1910,1843,1909,-1,
1911,1841,1842,-1,
1911,1842,1910,-1,
1912,1840,1841,-1,
1912,1841,1911,-1,
1913,1839,1840,-1,
1913,1840,1912,-1,
1877,1839,1913,-1,
1915,1927,1914,-1,
1915,1928,1927,-1,
1915,1929,1928,-1,
1915,1930,1929,-1,
1916,1931,1930,-1,
1916,1932,1931,-1,
1916,1933,1932,-1,
1916,1930,1915,-1,
1917,1934,1933,-1,
1917,1935,1934,-1,
1917,1933,1916,-1,
1918,1935,1917,-1,
1918,1936,1935,-1,
1918,1937,1936,-1,
1919,1937,1918,-1,
1919,1938,1937,-1,
1919,1939,1938,-1,
1920,1939,1919,-1,
1920,1940,1939,-1,
1921,1940,1920,-1,
1921,1941,1940,-1,
1921,1942,1941,-1,
1921,1943,1942,-1,
1922,1944,1943,-1,
1922,1945,1944,-1,
1922,1943,1921,-1,
1923,1946,1945,-1,
1923,1945,1922,-1,
1924,1947,1946,-1,
1924,1948,1947,-1,
1924,1946,1923,-1,
1925,1949,1948,-1,
1925,1950,1949,-1,
1925,1948,1924,-1,
1926,1951,1950,-1,
1926,1952,1951,-1,
1926,1953,1952,-1,
1926,1950,1925,-1,
2092,2091,1926,-1,
2090,1926,2091,-1,
2089,1926,2090,-1,
2088,1926,2089,-1,
2087,1926,2088,-1,
2086,1926,2087,-1,
2085,1926,2086,-1,
2084,1926,2085,-1,
2083,1926,2084,-1,
2082,1926,2083,-1,
2081,1926,2082,-1,
2080,1926,2081,-1,
2079,1926,2080,-1,
2078,1926,2079,-1,
2077,1926,2078,-1,
2076,1926,2077,-1,
2075,1926,2076,-1,
2074,1926,2075,-1,
2073,1926,2074,-1,
2072,1926,2073,-1,
2071,1926,2072,-1,
2070,1926,2071,-1,
2069,1926,2070,-1,
2068,1926,2069,-1,
2068,1953,1926,-1,
2067,1953,2068,-1,
2067,1954,1953,-1,
2066,1954,2067,-1,
2065,1954,2066,-1,
2064,1954,2065,-1,
2064,1955,1954,-1,
2063,1955,2064,-1,
2062,1955,2063,-1,
2061,1955,2062,-1,
2061,1956,1955,-1,
2052,1956,2061,-1,
2053,1957,1956,-1,
2053,1956,2052,-1,
2053,1958,1957,-1,
2054,1958,2053,-1,
2055,1959,1958,-1,
2055,1958,2054,-1,
2056,1960,1959,-1,
2056,1959,2055,-1,
2057,1961,1960,-1,
2057,1960,2056,-1,
2058,1962,1961,-1,
2058,1961,2057,-1,
2059,1963,1962,-1,
2059,1962,2058,-1,
2060,1964,1963,-1,
2060,1965,1964,-1,
2060,1963,2059,-1,
2051,1965,2060,-1,
2050,1965,2051,-1,
2049,1965,2050,-1,
2048,1965,2049,-1,
2047,1966,1965,-1,
2047,1965,2048,-1,
2046,1966,2047,-1,
2045,1966,2046,-1,
2044,1966,2045,-1,
2043,1966,2044,-1,
2042,1966,2043,-1,
2041,1966,2042,-1,
2040,1967,1966,-1,
2040,1966,2041,-1,
2039,1967,2040,-1,
2038,1967,2039,-1,
2037,1967,2038,-1,
1993,1967,2037,-1,
1993,2032,2031,-1,
1993,2033,2032,-1,
1993,2034,2033,-1,
1993,2035,2034,-1,
1993,2036,2035,-1,
1993,2037,2036,-1,
1993,1968,1967,-1,
1993,1969,1968,-1,
2030,1993,2031,-1,
2029,1993,2030,-1,
2028,1993,2029,-1,
2027,1993,2028,-1,
2026,1993,2027,-1,
2025,1993,2026,-1,
2024,1993,2025,-1,
2023,1993,2024,-1,
2022,1993,2023,-1,
2021,1993,2022,-1,
2020,1993,2021,-1,
2019,1993,2020,-1,
2018,1993,2019,-1,
2017,1993,2018,-1,
2016,1993,2017,-1,
2015,1993,2016,-1,
2014,1993,2015,-1,
2013,1993,2014,-1,
2012,1993,2013,-1,
2011,1993,2012,-1,
1994,1969,1993,-1,
1994,1970,1969,-1,
1994,1971,1970,-1,
2010,1993,2011,-1,
2009,1993,2010,-1,
1995,1972,1971,-1,
1995,1971,1994,-1,
1996,1973,1972,-1,
1996,1974,1973,-1,
1996,1972,1995,-1,
1997,1975,1974,-1,
1997,1974,1996,-1,
1998,1976,1975,-1,
1998,1977,1976,-1,
1998,1975,1997,-1,
1999,1977,1998,-1,
1999,1978,1977,-1,
1999,1979,1978,-1,
2000,1979,1999,-1,
2000,1980,1979,-1,
2000,1981,1980,-1,
2001,1981,2000,-1,
2001,1982,1981,-1,
2001,1983,1982,-1,
2002,1983,2001,-1,
2002,1984,1983,-1,
1985,1984,2002,-1,
2003,1985,2002,-1,
2003,1986,1985,-1,
1987,1986,2003,-1,
2004,1987,2003,-1,
2004,1988,1987,-1,
2004,1989,1988,-1,
1990,1989,2004,-1,
1991,1990,2004,-1,
1992,1991,2004,-1,
1993,2006,2005,-1,
1993,2007,2006,-1,
1993,2008,2007,-1,
1993,2009,2008,-1,
2096,2095,1926,-1,
2095,2094,1926,-1,
2094,2093,1926,-1,
2093,2092,1926,-1,
2098,2144,2097,-1,
2098,2179,2144,-1,
2099,2178,2179,-1,
2099,2179,2098,-1,
2100,2177,2178,-1,
2100,2178,2099,-1,
2101,2177,2100,-1,
2101,2176,2177,-1,
2102,2176,2101,-1,
2102,2175,2176,-1,
2103,2175,2102,-1,
2103,2174,2175,-1,
2104,2174,2103,-1,
2104,2173,2174,-1,
2105,2173,2104,-1,
2105,2172,2173,-1,
2106,2172,2105,-1,
2107,2172,2106,-1,
2107,2171,2172,-1,
2108,2171,2107,-1,
2108,2170,2171,-1,
2109,2170,2108,-1,
2109,2169,2170,-1,
2110,2169,2109,-1,
2110,2168,2169,-1,
2111,2168,2110,-1,
2112,2168,2111,-1,
2112,2167,2168,-1,
2113,2167,2112,-1,
2113,2166,2167,-1,
2114,2166,2113,-1,
2114,2165,2166,-1,
2115,2165,2114,-1,
2116,2165,2115,-1,
2116,2164,2165,-1,
2117,2164,2116,-1,
2117,2163,2164,-1,
2118,2162,2163,-1,
2118,2163,2117,-1,
2119,2162,2118,-1,
2120,2161,2162,-1,
2120,2162,2119,-1,
2121,2160,2161,-1,
2121,2161,2120,-1,
2122,2160,2121,-1,
2123,2159,2160,-1,
2123,2160,2122,-1,
2124,2158,2159,-1,
2124,2159,2123,-1,
2125,2158,2124,-1,
2126,2157,2158,-1,
2126,2158,2125,-1,
2127,2156,2157,-1,
2127,2157,2126,-1,
2128,2156,2127,-1,
2129,2155,2156,-1,
2129,2156,2128,-1,
2130,2155,2129,-1,
2131,2155,2130,-1,
2131,2154,2155,-1,
2132,2154,2131,-1,
2132,2153,2154,-1,
2133,2153,2132,-1,
2134,2153,2133,-1,
2134,2152,2153,-1,
2135,2152,2134,-1,
2135,2151,2152,-1,
2136,2151,2135,-1,
2136,2150,2151,-1,
2137,2150,2136,-1,
2137,2149,2150,-1,
2138,2149,2137,-1,
2138,2148,2149,-1,
2139,2148,2138,-1,
2139,2147,2148,-1,
2140,2147,2139,-1,
2141,2147,2140,-1,
2141,2146,2147,-1,
2142,2146,2141,-1,
2142,2145,2146,-1,
2143,2145,2142,-1,
2191,2351,2350,-1,
2191,2352,2351,-1,
2191,2192,2352,-1,
2349,2191,2350,-1,
2348,2191,2349,-1,
2190,2191,2348,-1,
2347,2190,2348,-1,
2346,2190,2347,-1,
2345,2190,2346,-1,
2189,2190,2345,-1,
2344,2189,2345,-1,
2343,2189,2344,-1,
2342,2189,2343,-1,
2342,2188,2189,-1,
2341,2188,2342,-1,
2340,2188,2341,-1,
2339,2187,2188,-1,
2339,2188,2340,-1,
2338,2187,2339,-1,
2337,2187,2338,-1,
2337,2186,2187,-1,
2336,2186,2337,-1,
2335,2185,2186,-1,
2335,2186,2336,-1,
2334,2185,2335,-1,
2333,2184,2185,-1,
2333,2185,2334,-1,
2332,2184,2333,-1,
2331,2183,2184,-1,
2331,2184,2332,-1,
2330,2182,2183,-1,
2330,2183,2331,-1,
2329,2182,2330,-1,
2180,2198,2197,-1,
2180,2199,2198,-1,
2180,2200,2199,-1,
2180,2201,2200,-1,
2180,2202,2201,-1,
2180,2203,2202,-1,
2180,2204,2203,-1,
2180,2205,2204,-1,
2180,2206,2205,-1,
2180,2207,2206,-1,
2180,2208,2207,-1,
2180,2209,2208,-1,
2180,2210,2209,-1,
2180,2211,2210,-1,
2180,2212,2211,-1,
2180,2213,2212,-1,
2180,2214,2213,-1,
2180,2215,2214,-1,
2216,2215,2180,-1,
2328,2181,2182,-1,
2328,2182,2329,-1,
2217,2216,2180,-1,
2218,2217,2180,-1,
2219,2218,2180,-1,
2220,2219,2180,-1,
2327,2180,2181,-1,
2327,2181,2328,-1,
2326,2180,2327,-1,
2325,2180,2326,-1,
2324,2220,2180,-1,
2324,2180,2325,-1,
2324,2221,2220,-1,
2324,2222,2221,-1,
2324,2223,2222,-1,
2324,2224,2223,-1,
2324,2225,2224,-1,
2324,2226,2225,-1,
2315,2226,2324,-1,
2315,2227,2226,-1,
2315,2228,2227,-1,
2315,2229,2228,-1,
2315,2230,2229,-1,
2316,2230,2315,-1,
2316,2231,2230,-1,
2317,2231,2316,-1,
2317,2232,2231,-1,
2318,2232,2317,-1,
2318,2233,2232,-1,
2319,2233,2318,-1,
2319,2234,2233,-1,
2320,2235,2234,-1,
2320,2234,2319,-1,
2321,2235,2320,-1,
2321,2236,2235,-1,
2322,2237,2236,-1,
2322,2236,2321,-1,
2323,2238,2237,-1,
2323,2239,2238,-1,
2323,2237,2322,-1,
2314,2240,2239,-1,
2314,2239,2323,-1,
2313,2240,2314,-1,
2313,2241,2240,-1,
2313,2242,2241,-1,
2313,2243,2242,-1,
2313,2244,2243,-1,
2312,2245,2244,-1,
2312,2246,2245,-1,
2312,2247,2246,-1,
2312,2248,2247,-1,
2312,2244,2313,-1,
2275,2250,2249,-1,
2275,2251,2250,-1,
2275,2252,2251,-1,
2275,2253,2252,-1,
2275,2254,2253,-1,
2275,2255,2254,-1,
2275,2256,2255,-1,
2275,2257,2256,-1,
2275,2258,2257,-1,
2275,2259,2258,-1,
2275,2260,2259,-1,
2275,2261,2260,-1,
2275,2262,2261,-1,
2275,2263,2262,-1,
2275,2264,2263,-1,
2275,2265,2264,-1,
2275,2266,2265,-1,
2275,2267,2266,-1,
2275,2268,2267,-1,
2275,2269,2268,-1,
2275,2270,2269,-1,
2311,2248,2312,-1,
2311,2275,2249,-1,
2311,2249,2248,-1,
2310,2275,2311,-1,
2309,2287,2275,-1,
2309,2275,2310,-1,
2308,2287,2309,-1,
2307,2286,2287,-1,
2307,2287,2308,-1,
2306,2285,2286,-1,
2306,2286,2307,-1,
2305,2285,2306,-1,
2304,2284,2285,-1,
2304,2285,2305,-1,
2303,2283,2284,-1,
2303,2284,2304,-1,
2302,2283,2303,-1,
2301,2282,2283,-1,
2301,2283,2302,-1,
2300,2282,2301,-1,
2299,2281,2282,-1,
2299,2282,2300,-1,
2298,2281,2299,-1,
2297,2281,2298,-1,
2297,2280,2281,-1,
2296,2280,2297,-1,
2295,2280,2296,-1,
2295,2279,2280,-1,
2294,2279,2295,-1,
2293,2279,2294,-1,
2293,2278,2279,-1,
2292,2278,2293,-1,
2291,2278,2292,-1,
2291,2277,2278,-1,
2290,2277,2291,-1,
2289,2277,2290,-1,
2288,2277,2289,-1,
2276,2277,2288,-1,
2180,2194,2193,-1,
2180,2195,2194,-1,
2180,2196,2195,-1,
2180,2197,2196,-1,
2274,2273,2275,-1,
2273,2272,2275,-1,
2272,2271,2275,-1,
2271,2270,2275,-1,
2353,2427,2390,-1,
2354,2426,2427,-1,
2354,2427,2353,-1,
2355,2424,2425,-1,
2355,2425,2426,-1,
2355,2426,2354,-1,
2356,2423,2424,-1,
2356,2424,2355,-1,
2357,2422,2423,-1,
2357,2423,2356,-1,
2358,2421,2422,-1,
2358,2422,2357,-1,
2359,2421,2358,-1,
2359,2420,2421,-1,
2360,2420,2359,-1,
2360,2419,2420,-1,
2361,2419,2360,-1,
2361,2418,2419,-1,
2362,2418,2361,-1,
2362,2417,2418,-1,
2363,2417,2362,-1,
2363,2416,2417,-1,
2364,2416,2363,-1,
2364,2415,2416,-1,
2365,2415,2364,-1,
2365,2414,2415,-1,
2366,2414,2365,-1,
2366,2413,2414,-1,
2367,2413,2366,-1,
2367,2412,2413,-1,
2368,2412,2367,-1,
2368,2411,2412,-1,
2369,2411,2368,-1,
2369,2410,2411,-1,
2370,2410,2369,-1,
2370,2409,2410,-1,
2371,2408,2409,-1,
2371,2409,2370,-1,
2372,2407,2408,-1,
2372,2408,2371,-1,
2373,2406,2407,-1,
2373,2407,2372,-1,
2374,2405,2406,-1,
2374,2406,2373,-1,
2375,2404,2405,-1,
2375,2405,2374,-1,
2376,2403,2404,-1,
2376,2404,2375,-1,
2377,2402,2403,-1,
2377,2403,2376,-1,
2378,2401,2402,-1,
2378,2402,2377,-1,
2379,2400,2401,-1,
2379,2401,2378,-1,
2380,2399,2400,-1,
2380,2400,2379,-1,
2381,2398,2399,-1,
2381,2399,2380,-1,
2382,2397,2398,-1,
2382,2398,2381,-1,
2383,2397,2382,-1,
2383,2396,2397,-1,
2384,2396,2383,-1,
2384,2395,2396,-1,
2385,2395,2384,-1,
2385,2394,2395,-1,
2386,2394,2385,-1,
2386,2393,2394,-1,
2387,2393,2386,-1,
2387,2392,2393,-1,
2388,2392,2387,-1,
2388,2391,2392,-1,
2389,2391,2388,-1,
2429,2441,2428,-1,
2429,2442,2441,-1,
2429,2443,2442,-1,
2429,2444,2443,-1,
2430,2445,2444,-1,
2430,2446,2445,-1,
2430,2447,2446,-1,
2430,2444,2429,-1,
2431,2448,2447,-1,
2431,2449,2448,-1,
2431,2447,2430,-1,
2432,2449,2431,-1,
2432,2450,2449,-1,
2432,2451,2450,-1,
2433,2451,2432,-1,
2433,2452,2451,-1,
2433,2453,2452,-1,
2434,2453,2433,-1,
2434,2454,2453,-1,
2435,2454,2434,-1,
2435,2455,2454,-1,
2435,2456,2455,-1,
2435,2457,2456,-1,
2436,2458,2457,-1,
2436,2459,2458,-1,
2436,2457,2435,-1,
2437,2460,2459,-1,
2437,2459,2436,-1,
2438,2461,2460,-1,
2438,2462,2461,-1,
2438,2460,2437,-1,
2439,2463,2462,-1,
2439,2464,2463,-1,
2439,2462,2438,-1,
2440,2465,2464,-1,
2440,2466,2465,-1,
2440,2467,2466,-1,
2440,2464,2439,-1,
2606,2605,2440,-1,
2604,2440,2605,-1,
2603,2440,2604,-1,
2602,2440,2603,-1,
2601,2440,2602,-1,
2600,2440,2601,-1,
2599,2440,2600,-1,
2598,2440,2599,-1,
2597,2440,2598,-1,
2596,2440,2597,-1,
2595,2440,2596,-1,
2594,2440,2595,-1,
2593,2440,2594,-1,
2592,2440,2593,-1,
2591,2440,2592,-1,
2590,2440,2591,-1,
2589,2440,2590,-1,
2588,2440,2589,-1,
2587,2440,2588,-1,
2586,2440,2587,-1,
2585,2440,2586,-1,
2584,2440,2585,-1,
2583,2440,2584,-1,
2582,2440,2583,-1,
2582,2467,2440,-1,
2581,2467,2582,-1,
2581,2468,2467,-1,
2580,2468,2581,-1,
2579,2468,2580,-1,
2578,2468,2579,-1,
2578,2469,2468,-1,
2577,2469,2578,-1,
2576,2469,2577,-1,
2575,2469,2576,-1,
2575,2470,2469,-1,
2566,2470,2575,-1,
2567,2471,2470,-1,
2567,2470,2566,-1,
2568,2472,2471,-1,
2568,2471,2567,-1,
2569,2473,2472,-1,
2569,2472,2568,-1,
2570,2474,2473,-1,
2570,2473,2569,-1,
2571,2475,2474,-1,
2571,2474,2570,-1,
2572,2476,2475,-1,
2572,2475,2571,-1,
2573,2477,2476,-1,
2573,2478,2477,-1,
2573,2476,2572,-1,
2574,2478,2573,-1,
2574,2479,2478,-1,
2565,2479,2574,-1,
2564,2479,2565,-1,
2563,2479,2564,-1,
2562,2479,2563,-1,
2561,2480,2479,-1,
2561,2479,2562,-1,
2560,2480,2561,-1,
2559,2480,2560,-1,
2558,2480,2559,-1,
2557,2480,2558,-1,
2556,2480,2557,-1,
2555,2480,2556,-1,
2554,2481,2480,-1,
2554,2480,2555,-1,
2553,2481,2554,-1,
2552,2481,2553,-1,
2551,2481,2552,-1,
2507,2481,2551,-1,
2507,2546,2545,-1,
2507,2547,2546,-1,
2507,2548,2547,-1,
2507,2549,2548,-1,
2507,2550,2549,-1,
2507,2551,2550,-1,
2507,2482,2481,-1,
2507,2483,2482,-1,
2544,2507,2545,-1,
2543,2507,2544,-1,
2542,2507,2543,-1,
2541,2507,2542,-1,
2540,2507,2541,-1,
2539,2507,2540,-1,
2538,2507,2539,-1,
2537,2507,2538,-1,
2536,2507,2537,-1,
2535,2507,2536,-1,
2534,2507,2535,-1,
2533,2507,2534,-1,
2532,2507,2533,-1,
2531,2507,2532,-1,
2530,2507,2531,-1,
2529,2507,2530,-1,
2528,2507,2529,-1,
2527,2507,2528,-1,
2526,2507,2527,-1,
2525,2507,2526,-1,
2508,2483,2507,-1,
2508,2484,2483,-1,
2508,2485,2484,-1,
2524,2507,2525,-1,
2523,2507,2524,-1,
2509,2486,2485,-1,
2509,2485,2508,-1,
2510,2487,2486,-1,
2510,2488,2487,-1,
2510,2486,2509,-1,
2511,2489,2488,-1,
2511,2488,2510,-1,
2512,2490,2489,-1,
2512,2491,2490,-1,
2512,2489,2511,-1,
2513,2491,2512,-1,
2513,2492,2491,-1,
2513,2493,2492,-1,
2514,2493,2513,-1,
2514,2494,2493,-1,
2514,2495,2494,-1,
2515,2495,2514,-1,
2515,2496,2495,-1,
2515,2497,2496,-1,
2516,2497,2515,-1,
2516,2498,2497,-1,
2516,2499,2498,-1,
2517,2499,2516,-1,
2517,2500,2499,-1,
2517,2501,2500,-1,
2518,2501,2517,-1,
2518,2502,2501,-1,
2518,2503,2502,-1,
2504,2503,2518,-1,
2505,2504,2518,-1,
2506,2505,2518,-1,
2507,2520,2519,-1,
2507,2521,2520,-1,
2507,2522,2521,-1,
2507,2523,2522,-1,
2610,2609,2440,-1,
2609,2608,2440,-1,
2608,2607,2440,-1,
2607,2606,2440,-1,
2611,2693,2647,-1,
2612,2691,2692,-1,
2612,2692,2693,-1,
2612,2693,2611,-1,
2613,2690,2691,-1,
2613,2691,2612,-1,
2614,2689,2690,-1,
2614,2690,2613,-1,
2615,2689,2614,-1,
2615,2688,2689,-1,
2616,2688,2615,-1,
2616,2687,2688,-1,
2617,2687,2616,-1,
2617,2685,2686,-1,
2617,2686,2687,-1,
2618,2685,2617,-1,
2618,2684,2685,-1,
2619,2684,2618,-1,
2619,2683,2684,-1,
2620,2683,2619,-1,
2620,2682,2683,-1,
2621,2682,2620,-1,
2621,2680,2681,-1,
2621,2681,2682,-1,
2622,2680,2621,-1,
2622,2678,2679,-1,
2622,2679,2680,-1,
2623,2678,2622,-1,
2623,2677,2678,-1,
2624,2677,2623,-1,
2624,2675,2676,-1,
2624,2676,2677,-1,
2625,2675,2624,-1,
2625,2674,2675,-1,
2626,2672,2673,-1,
2626,2673,2674,-1,
2626,2674,2625,-1,
2627,2671,2672,-1,
2627,2672,2626,-1,
2628,2671,2627,-1,
2628,2669,2670,-1,
2628,2670,2671,-1,
2629,2668,2669,-1,
2629,2669,2628,-1,
2630,2667,2668,-1,
2630,2668,2629,-1,
2631,2667,2630,-1,
2631,2665,2666,-1,
2631,2666,2667,-1,
2632,2664,2665,-1,
2632,2665,2631,-1,
2633,2663,2664,-1,
2633,2664,2632,-1,
2634,2661,2662,-1,
2634,2662,2663,-1,
2634,2663,2633,-1,
2635,2660,2661,-1,
2635,2661,2634,-1,
2636,2660,2635,-1,
2636,2659,2660,-1,
2637,2659,2636,-1,
2637,2658,2659,-1,
2638,2658,2637,-1,
2638,2656,2657,-1,
2638,2657,2658,-1,
2639,2656,2638,-1,
2639,2655,2656,-1,
2640,2655,2639,-1,
2640,2654,2655,-1,
2641,2654,2640,-1,
2641,2653,2654,-1,
2642,2653,2641,-1,
2642,2652,2653,-1,
2643,2652,2642,-1,
2643,2651,2652,-1,
2644,2650,2651,-1,
2644,2651,2643,-1,
2645,2649,2650,-1,
2645,2650,2644,-1,
2646,2648,2649,-1,
2646,2649,2645,-1,
2696,2695,2694,-1,
2696,2694,2697,-1,
2700,2699,2698,-1,
2700,2698,2701,-1,
2791,2703,2702,-1,
2791,2702,2704,-1,
2790,2791,2704,-1,
2790,2704,2705,-1,
2789,2790,2705,-1,
2788,2705,2706,-1,
2788,2789,2705,-1,
2787,2706,2707,-1,
2787,2788,2706,-1,
2786,2707,2708,-1,
2786,2708,2709,-1,
2786,2787,2707,-1,
2785,2786,2709,-1,
2785,2709,2710,-1,
2784,2710,2711,-1,
2784,2785,2710,-1,
2783,2711,2712,-1,
2783,2784,2711,-1,
2782,2712,2713,-1,
2782,2783,2712,-1,
2781,2713,2714,-1,
2781,2782,2713,-1,
2780,2714,2715,-1,
2780,2781,2714,-1,
2779,2715,2716,-1,
2779,2780,2715,-1,
2778,2716,2717,-1,
2778,2779,2716,-1,
2777,2717,2718,-1,
2777,2778,2717,-1,
2776,2718,2719,-1,
2776,2777,2718,-1,
2775,2719,2720,-1,
2775,2776,2719,-1,
2774,2720,2721,-1,
2774,2775,2720,-1,
2773,2721,2722,-1,
2773,2774,2721,-1,
2772,2722,2723,-1,
2772,2773,2722,-1,
2771,2723,2724,-1,
2771,2772,2723,-1,
2770,2724,2725,-1,
2770,2771,2724,-1,
2769,2725,2726,-1,
2769,2770,2725,-1,
2768,2726,2727,-1,
2768,2769,2726,-1,
2767,2727,2728,-1,
2767,2768,2727,-1,
2766,2728,2729,-1,
2766,2767,2728,-1,
2765,2766,2729,-1,
2765,2729,2730,-1,
2764,2765,2730,-1,
2764,2730,2731,-1,
2763,2764,2731,-1,
2762,2763,2731,-1,
2762,2731,2732,-1,
2761,2762,2732,-1,
2761,2732,2733,-1,
2760,2761,2733,-1,
2760,2733,2734,-1,
2759,2760,2734,-1,
2759,2734,2735,-1,
2758,2759,2735,-1,
2758,2735,2736,-1,
2757,2758,2736,-1,
2757,2736,2737,-1,
2756,2757,2737,-1,
2756,2737,2738,-1,
2755,2738,2739,-1,
2755,2756,2738,-1,
2754,2739,2740,-1,
2754,2755,2739,-1,
2753,2740,2741,-1,
2753,2754,2740,-1,
2752,2741,2742,-1,
2752,2753,2741,-1,
2751,2742,2743,-1,
2751,2752,2742,-1,
2750,2743,2744,-1,
2750,2751,2743,-1,
2749,2744,2745,-1,
2749,2745,2746,-1,
2749,2750,2744,-1,
2748,2749,2746,-1,
2748,2746,2747,-1,
2881,2793,2792,-1,
2881,2792,2794,-1,
2880,2881,2794,-1,
2879,2794,2795,-1,
2879,2880,2794,-1,
2878,2879,2795,-1,
2878,2795,2796,-1,
2877,2878,2796,-1,
2876,2796,2797,-1,
2876,2877,2796,-1,
2875,2797,2798,-1,
2875,2876,2797,-1,
2874,2798,2799,-1,
2874,2875,2798,-1,
2873,2799,2800,-1,
2873,2874,2799,-1,
2872,2800,2801,-1,
2872,2873,2800,-1,
2871,2872,2801,-1,
2870,2801,2802,-1,
2870,2871,2801,-1,
2869,2802,2803,-1,
2869,2870,2802,-1,
2868,2803,2804,-1,
2868,2869,2803,-1,
2867,2804,2805,-1,
2867,2868,2804,-1,
2866,2805,2806,-1,
2866,2867,2805,-1,
2865,2806,2807,-1,
2865,2866,2806,-1,
2864,2807,2808,-1,
2864,2808,2809,-1,
2864,2865,2807,-1,
2863,2809,2810,-1,
2863,2864,2809,-1,
2862,2810,2811,-1,
2862,2863,2810,-1,
2861,2811,2812,-1,
2861,2862,2811,-1,
2860,2812,2813,-1,
2860,2861,2812,-1,
2859,2813,2814,-1,
2859,2814,2815,-1,
2859,2860,2813,-1,
2858,2815,2816,-1,
2858,2859,2815,-1,
2857,2816,2817,-1,
2857,2858,2816,-1,
2856,2817,2818,-1,
2856,2857,2817,-1,
2855,2818,2819,-1,
2855,2819,2820,-1,
2855,2856,2818,-1,
2854,2855,2820,-1,
2854,2820,2821,-1,
2853,2854,2821,-1,
2853,2821,2822,-1,
2852,2853,2822,-1,
2852,2822,2823,-1,
2851,2852,2823,-1,
2851,2823,2824,-1,
2850,2851,2824,-1,
2850,2824,2825,-1,
2849,2850,2825,-1,
2849,2825,2826,-1,
2848,2849,2826,-1,
2848,2826,2827,-1,
2847,2848,2827,-1,
2847,2827,2828,-1,
2846,2847,2828,-1,
2846,2828,2829,-1,
2845,2829,2830,-1,
2845,2846,2829,-1,
2844,2830,2831,-1,
2844,2845,2830,-1,
2843,2831,2832,-1,
2843,2844,2831,-1,
2842,2832,2833,-1,
2842,2843,2832,-1,
2841,2833,2834,-1,
2841,2842,2833,-1,
2840,2834,2835,-1,
2840,2841,2834,-1,
2839,2840,2835,-1,
2839,2835,2836,-1,
2838,2836,2837,-1,
2838,2839,2836,-1,
2970,2882,2883,-1,
2970,2971,2882,-1,
2969,2970,2883,-1,
2968,2883,2884,-1,
2968,2969,2883,-1,
2967,2884,2885,-1,
2967,2968,2884,-1,
2966,2885,2886,-1,
2966,2967,2885,-1,
2965,2886,2887,-1,
2965,2966,2886,-1,
2964,2887,2888,-1,
2964,2965,2887,-1,
2963,2888,2889,-1,
2963,2964,2888,-1,
2962,2889,2890,-1,
2962,2963,2889,-1,
2961,2890,2891,-1,
2961,2962,2890,-1,
2960,2891,2892,-1,
2960,2961,2891,-1,
2959,2892,2893,-1,
2959,2960,2892,-1,
2958,2893,2894,-1,
2958,2959,2893,-1,
2957,2894,2895,-1,
2957,2958,2894,-1,
2956,2895,2896,-1,
2956,2957,2895,-1,
2955,2956,2896,-1,
2955,2896,2897,-1,
2955,2897,2898,-1,
2954,2898,2899,-1,
2954,2955,2898,-1,
2953,2899,2900,-1,
2953,2954,2899,-1,
2952,2900,2901,-1,
2952,2953,2900,-1,
2951,2901,2902,-1,
2951,2952,2901,-1,
2950,2902,2903,-1,
2950,2951,2902,-1,
2949,2903,2904,-1,
2949,2950,2903,-1,
2948,2904,2905,-1,
2948,2949,2904,-1,
2947,2905,2906,-1,
2947,2948,2905,-1,
2946,2906,2907,-1,
2946,2947,2906,-1,
2945,2907,2908,-1,
2945,2946,2907,-1,
2944,2908,2909,-1,
2944,2945,2908,-1,
2943,2944,2909,-1,
2943,2909,2910,-1,
2942,2943,2910,-1,
2942,2910,2911,-1,
2941,2942,2911,-1,
2941,2911,2912,-1,
2940,2941,2912,-1,
2940,2912,2913,-1,
2939,2940,2913,-1,
2939,2913,2914,-1,
2938,2939,2914,-1,
2938,2914,2915,-1,
2937,2938,2915,-1,
2937,2915,2916,-1,
2936,2937,2916,-1,
2935,2936,2916,-1,
2935,2916,2917,-1,
2934,2917,2918,-1,
2934,2935,2917,-1,
2933,2918,2919,-1,
2933,2934,2918,-1,
2932,2919,2920,-1,
2932,2933,2919,-1,
2931,2920,2921,-1,
2931,2932,2920,-1,
2930,2921,2922,-1,
2930,2931,2921,-1,
2929,2922,2923,-1,
2929,2923,2924,-1,
2929,2930,2922,-1,
2928,2924,2925,-1,
2928,2929,2924,-1,
2927,2925,2926,-1,
2927,2928,2925,-1,
3015,3016,3017,-1,
3015,3017,3018,-1,
3014,3015,3018,-1,
3013,3018,3019,-1,
3013,3014,3018,-1,
3012,3013,3019,-1,
3012,3019,3020,-1,
3011,3012,3020,-1,
3010,3011,3020,-1,
3010,3020,3021,-1,
3009,3010,3021,-1,
3009,3021,3022,-1,
3008,3009,3022,-1,
3008,3022,3023,-1,
3007,3008,3023,-1,
3007,3023,3024,-1,
3006,3007,3024,-1,
3006,3024,3025,-1,
3005,3006,3025,-1,
3004,3005,3025,-1,
3004,3025,3026,-1,
3003,3004,3026,-1,
3003,3026,3027,-1,
3002,3003,3027,-1,
3002,3027,3028,-1,
3001,3002,3028,-1,
3001,3028,3029,-1,
3000,3001,3029,-1,
3000,3029,3030,-1,
2999,3000,3030,-1,
2999,3030,3031,-1,
2998,3031,3032,-1,
2998,3032,3033,-1,
2998,2999,3031,-1,
2997,3033,3034,-1,
2997,2998,3033,-1,
2996,3034,3035,-1,
2996,2997,3034,-1,
2995,3035,3036,-1,
2995,2996,3035,-1,
2994,3036,3037,-1,
2994,2995,3036,-1,
2993,3037,3038,-1,
2993,3038,3039,-1,
2993,2994,3037,-1,
2992,3039,3040,-1,
2992,2993,3039,-1,
2991,3040,3041,-1,
2991,2992,3040,-1,
2990,3041,3042,-1,
2990,2991,3041,-1,
2989,3042,3043,-1,
2989,3043,3044,-1,
2989,2990,3042,-1,
2988,2989,3044,-1,
2988,3044,3045,-1,
2987,2988,3045,-1,
2987,3045,3046,-1,
2986,2987,3046,-1,
2986,3046,3047,-1,
2985,2986,3047,-1,
2985,3047,3048,-1,
2984,2985,3048,-1,
2984,3048,3049,-1,
2983,2984,3049,-1,
2983,3049,3050,-1,
2982,2983,3050,-1,
2982,3050,3051,-1,
2981,2982,3051,-1,
2981,3051,3052,-1,
2980,2981,3052,-1,
2980,3052,3053,-1,
2979,2980,3053,-1,
2979,3053,3054,-1,
2978,2979,3054,-1,
2978,3054,3055,-1,
2977,2978,3055,-1,
2977,3055,3056,-1,
2976,2977,3056,-1,
2976,3056,3057,-1,
2975,2976,3057,-1,
2975,3057,3058,-1,
2974,2975,3058,-1,
2974,3058,3059,-1,
2973,2974,3059,-1,
2973,3059,3060,-1,
2972,2973,3060,-1,
2972,3060,3061,-1,
3095,3092,3091,-1,
3095,3093,3092,-1,
3095,3094,3093,-1,
3106,3105,3107,-1,
3141,3073,3072,-1,
3141,3074,3073,-1,
3142,3074,3141,-1,
3143,3075,3074,-1,
3143,3076,3075,-1,
3143,3074,3142,-1,
3144,3142,3145,-1,
3144,3143,3142,-1,
3146,3077,3076,-1,
3146,3078,3077,-1,
3146,3076,3143,-1,
3147,3144,3145,-1,
3147,3145,3148,-1,
3149,3078,3146,-1,
3149,3079,3078,-1,
3149,3146,3143,-1,
3149,3143,3144,-1,
3150,3148,3151,-1,
3150,3147,3148,-1,
3152,3149,3144,-1,
3152,3144,3147,-1,
3153,3080,3079,-1,
3153,3081,3080,-1,
3153,3079,3149,-1,
3154,3150,3151,-1,
3154,3151,3155,-1,
3156,3152,3147,-1,
3156,3147,3150,-1,
3157,3153,3149,-1,
3157,3149,3152,-1,
3158,3082,3081,-1,
3158,3083,3082,-1,
3158,3084,3083,-1,
3158,3081,3153,-1,
3159,3155,3160,-1,
3159,3154,3155,-1,
3161,3156,3150,-1,
3161,3150,3154,-1,
3162,3157,3152,-1,
3162,3152,3156,-1,
3163,3158,3153,-1,
3163,3153,3157,-1,
3164,3131,3130,-1,
3164,3132,3131,-1,
3165,3159,3160,-1,
3165,3160,3166,-1,
3167,3161,3154,-1,
3167,3154,3159,-1,
3168,3162,3156,-1,
3168,3156,3161,-1,
3169,3163,3157,-1,
3169,3157,3162,-1,
3170,3165,3166,-1,
3170,3166,3164,-1,
3170,3128,3127,-1,
3170,3129,3128,-1,
3170,3130,3129,-1,
3170,3164,3130,-1,
3171,3165,3170,-1,
3171,3167,3159,-1,
3171,3159,3165,-1,
3172,3168,3161,-1,
3172,3161,3167,-1,
3173,3169,3162,-1,
3173,3162,3168,-1,
3174,3171,3170,-1,
3174,3125,3124,-1,
3174,3126,3125,-1,
3174,3127,3126,-1,
3174,3170,3127,-1,
3175,3172,3167,-1,
3175,3167,3171,-1,
3176,3172,3175,-1,
3176,3173,3168,-1,
3176,3168,3172,-1,
3177,3175,3171,-1,
3177,3174,3124,-1,
3177,3171,3174,-1,
3177,3122,3121,-1,
3177,3123,3122,-1,
3177,3124,3123,-1,
3178,3176,3175,-1,
3179,3119,3118,-1,
3179,3175,3177,-1,
3179,3120,3119,-1,
3179,3121,3120,-1,
3179,3177,3121,-1,
3179,3178,3175,-1,
3180,3072,3071,-1,
3180,3141,3072,-1,
3181,3141,3180,-1,
3181,3142,3141,-1,
3182,3160,3155,-1,
3182,3184,3183,-1,
3182,3183,3185,-1,
3186,3182,3185,-1,
3186,3185,3187,-1,
3186,3160,3182,-1,
3188,3138,3137,-1,
3188,3139,3138,-1,
3188,3140,3139,-1,
3188,3063,3140,-1,
3189,3187,3190,-1,
3191,3190,3188,-1,
3191,3137,3136,-1,
3191,3188,3137,-1,
3192,3187,3189,-1,
3193,3186,3187,-1,
3193,3160,3186,-1,
3193,3166,3160,-1,
3193,3187,3192,-1,
3194,3190,3191,-1,
3194,3192,3189,-1,
3194,3189,3190,-1,
3195,3192,3194,-1,
3196,3193,3192,-1,
3196,3192,3195,-1,
3196,3166,3193,-1,
3197,3191,3136,-1,
3197,3195,3194,-1,
3197,3194,3191,-1,
3197,3196,3195,-1,
3197,3135,3134,-1,
3197,3136,3135,-1,
3198,3196,3197,-1,
3198,3197,3134,-1,
3198,3134,3133,-1,
3199,3164,3166,-1,
3199,3196,3198,-1,
3199,3166,3196,-1,
3199,3198,3133,-1,
3199,3133,3132,-1,
3199,3132,3164,-1,
3200,3085,3084,-1,
3200,3158,3163,-1,
3200,3084,3158,-1,
3201,3085,3200,-1,
3201,3086,3085,-1,
3201,3087,3086,-1,
3201,3088,3087,-1,
3202,3163,3169,-1,
3202,3201,3200,-1,
3202,3200,3163,-1,
3203,3088,3201,-1,
3203,3201,3202,-1,
3204,3089,3088,-1,
3204,3090,3089,-1,
3204,3091,3090,-1,
3204,3096,3095,-1,
3204,3095,3091,-1,
3204,3088,3203,-1,
3205,3202,3169,-1,
3205,3203,3202,-1,
3205,3169,3173,-1,
3206,3204,3203,-1,
3206,3203,3205,-1,
3207,3206,3205,-1,
3208,3097,3096,-1,
3208,3098,3097,-1,
3208,3096,3204,-1,
3208,3206,3207,-1,
3208,3204,3206,-1,
3209,3207,3205,-1,
3210,3173,3176,-1,
3210,3205,3173,-1,
3211,3209,3205,-1,
3211,3205,3210,-1,
3212,3211,3210,-1,
3213,3099,3098,-1,
3213,3098,3208,-1,
3213,3208,3207,-1,
3213,3207,3209,-1,
3213,3209,3211,-1,
3214,3100,3099,-1,
3214,3099,3213,-1,
3214,3211,3212,-1,
3214,3213,3211,-1,
3215,3212,3210,-1,
3216,3210,3176,-1,
3216,3176,3178,-1,
3217,3210,3216,-1,
3217,3215,3210,-1,
3218,3217,3216,-1,
3219,3101,3100,-1,
3219,3100,3214,-1,
3219,3214,3212,-1,
3219,3212,3215,-1,
3219,3215,3217,-1,
3220,3178,3179,-1,
3220,3118,3117,-1,
3220,3179,3118,-1,
3221,3218,3216,-1,
3222,3217,3218,-1,
3222,3102,3101,-1,
3222,3103,3102,-1,
3222,3219,3217,-1,
3222,3218,3221,-1,
3222,3101,3219,-1,
3223,3220,3117,-1,
3223,3117,3116,-1,
3223,3178,3220,-1,
3224,3223,3116,-1,
3224,3178,3223,-1,
3224,3216,3178,-1,
3225,3216,3224,-1,
3225,3114,3113,-1,
3225,3115,3114,-1,
3225,3116,3115,-1,
3225,3224,3116,-1,
3226,3216,3225,-1,
3226,3225,3113,-1,
3226,3112,3111,-1,
3226,3113,3112,-1,
3226,3221,3216,-1,
3227,3103,3222,-1,
3227,3222,3221,-1,
3227,3221,3226,-1,
3227,3104,3103,-1,
3228,3226,3111,-1,
3228,3109,3108,-1,
3228,3110,3109,-1,
3228,3111,3110,-1,
3228,3227,3226,-1,
3229,3227,3228,-1,
3229,3228,3108,-1,
3229,3107,3105,-1,
3229,3104,3227,-1,
3229,3105,3104,-1,
3229,3108,3107,-1,
3230,3070,3069,-1,
3230,3069,3231,-1,
3230,3231,3232,-1,
3233,3070,3230,-1,
3233,3230,3232,-1,
3233,3232,3234,-1,
3235,3233,3234,-1,
3236,3070,3233,-1,
3236,3233,3235,-1,
3237,3070,3236,-1,
3237,3236,3235,-1,
3238,3071,3070,-1,
3238,3070,3237,-1,
3239,3238,3240,-1,
3239,3180,3071,-1,
3239,3071,3238,-1,
3241,3239,3240,-1,
3241,3180,3239,-1,
3241,3240,3242,-1,
3243,3180,3241,-1,
3243,3181,3180,-1,
3244,3241,3242,-1,
3244,3243,3241,-1,
3244,3181,3243,-1,
3245,3148,3145,-1,
3245,3246,3184,-1,
3247,3148,3245,-1,
3247,3245,3184,-1,
3248,3190,3187,-1,
3248,3188,3190,-1,
3248,3063,3188,-1,
3248,3187,3185,-1,
3249,3184,3182,-1,
3249,3151,3148,-1,
3249,3247,3184,-1,
3249,3148,3247,-1,
3250,3249,3182,-1,
3250,3182,3155,-1,
3250,3151,3249,-1,
3250,3155,3151,-1,
3251,3068,3067,-1,
3251,3067,3252,-1,
3253,3068,3251,-1,
3254,3068,3253,-1,
3255,3069,3068,-1,
3255,3231,3069,-1,
3255,3068,3254,-1,
3256,3240,3238,-1,
3257,3240,3256,-1,
3258,3240,3257,-1,
3259,3261,3260,-1,
3259,3262,3261,-1,
3259,3183,3262,-1,
3263,3184,3246,-1,
3263,3246,3244,-1,
3263,3260,3261,-1,
3263,3242,3260,-1,
3263,3261,3262,-1,
3263,3262,3183,-1,
3263,3183,3184,-1,
3263,3244,3242,-1,
3264,3145,3142,-1,
3264,3181,3244,-1,
3264,3244,3246,-1,
3264,3246,3245,-1,
3264,3245,3145,-1,
3264,3142,3181,-1,
3265,3064,3062,-1,
3265,3065,3064,-1,
3266,3256,3238,-1,
3267,3240,3258,-1,
3268,3251,3252,-1,
3269,3255,3254,-1,
3270,3231,3255,-1,
3271,3240,3267,-1,
3271,3242,3240,-1,
3272,3183,3259,-1,
3273,3066,3065,-1,
3273,3065,3265,-1,
3273,3265,3062,-1,
3274,3256,3266,-1,
3275,3242,3271,-1,
3276,3255,3269,-1,
3277,3232,3231,-1,
3277,3231,3270,-1,
3278,3234,3232,-1,
3278,3232,3277,-1,
3279,3063,3248,-1,
3279,3248,3185,-1,
3279,3185,3183,-1,
3280,3067,3066,-1,
3280,3252,3067,-1,
3280,3268,3252,-1,
3281,3282,3235,-1,
3281,3235,3234,-1,
3281,3234,3278,-1,
3283,3274,3266,-1,
3283,3238,3237,-1,
3283,3266,3238,-1,
3284,3267,3258,-1,
3284,3271,3267,-1,
3284,3275,3271,-1,
3285,3254,3253,-1,
3285,3276,3269,-1,
3285,3269,3254,-1,
3286,3277,3270,-1,
3286,3278,3277,-1,
3286,3281,3278,-1,
3287,3272,3259,-1,
3287,3260,3242,-1,
3287,3259,3260,-1,
3288,3063,3279,-1,
3288,3279,3183,-1,
3289,3273,3062,-1,
3289,3280,3066,-1,
3289,3066,3273,-1,
3290,3282,3281,-1,
3290,3235,3282,-1,
3290,3281,3286,-1,
3290,3237,3235,-1,
3290,3283,3237,-1,
3291,3257,3256,-1,
3291,3258,3257,-1,
3291,3274,3283,-1,
3291,3256,3274,-1,
3291,3284,3258,-1,
3291,3283,3290,-1,
3292,3287,3242,-1,
3293,3285,3253,-1,
3293,3251,3268,-1,
3293,3268,3280,-1,
3293,3289,3062,-1,
3293,3280,3289,-1,
3293,3253,3251,-1,
3294,3276,3285,-1,
3294,3290,3286,-1,
3294,3270,3255,-1,
3294,3255,3276,-1,
3294,3285,3293,-1,
3294,3293,3290,-1,
3294,3286,3270,-1,
3295,3291,3290,-1,
3295,3284,3291,-1,
3295,3292,3242,-1,
3295,3242,3275,-1,
3295,3275,3284,-1,
3296,3062,3063,-1,
3296,3287,3292,-1,
3296,3295,3290,-1,
3296,3292,3295,-1,
3296,3183,3272,-1,
3296,3272,3287,-1,
3296,3063,3288,-1,
3296,3290,3293,-1,
3296,3288,3183,-1,
3296,3293,3062,-1,
3366,3367,3333,-1,
3365,3366,3333,-1,
3364,3365,3333,-1,
3363,3364,3333,-1,
3362,3363,3333,-1,
3361,3333,3332,-1,
3361,3362,3333,-1,
3360,3361,3332,-1,
3359,3360,3332,-1,
3358,3359,3332,-1,
3297,3346,3347,-1,
3297,3347,3348,-1,
3297,3348,3349,-1,
3297,3349,3350,-1,
3297,3350,3351,-1,
3297,3351,3352,-1,
3297,3352,3353,-1,
3297,3353,3354,-1,
3297,3354,3355,-1,
3297,3355,3356,-1,
3297,3356,3357,-1,
3297,3357,3358,-1,
3297,3358,3332,-1,
3345,3346,3297,-1,
3344,3345,3297,-1,
3343,3344,3297,-1,
3342,3343,3297,-1,
3341,3342,3297,-1,
3340,3341,3297,-1,
3339,3340,3297,-1,
3338,3339,3297,-1,
3337,3338,3297,-1,
3336,3337,3297,-1,
3335,3336,3297,-1,
3298,3297,3332,-1,
3298,3332,3331,-1,
3312,3298,3311,-1,
3310,3298,3331,-1,
3310,3311,3298,-1,
3313,3298,3312,-1,
3309,3310,3331,-1,
3314,3298,3313,-1,
3308,3309,3331,-1,
3315,3298,3314,-1,
3316,3298,3315,-1,
3317,3298,3316,-1,
3318,3298,3317,-1,
3300,3303,3304,-1,
3300,3304,3305,-1,
3300,3305,3306,-1,
3300,3306,3307,-1,
3300,3307,3308,-1,
3300,3308,3331,-1,
3302,3303,3300,-1,
3301,3302,3300,-1,
3319,3298,3318,-1,
3320,3298,3319,-1,
3321,3298,3320,-1,
3322,3298,3321,-1,
3323,3298,3322,-1,
3324,3298,3323,-1,
3325,3298,3324,-1,
3326,3298,3325,-1,
3327,3298,3326,-1,
3328,3298,3327,-1,
3329,3298,3328,-1,
3298,3330,3299,-1,
3298,3329,3330,-1,
3335,3297,3334,-1,
3378,3376,3377,-1,
3380,3378,3379,-1,
3381,3378,3380,-1,
3382,3378,3381,-1,
3383,3378,3382,-1,
3384,3378,3383,-1,
3385,3378,3384,-1,
3373,3374,3375,-1,
3373,3375,3376,-1,
3386,3378,3385,-1,
3386,3376,3378,-1,
3387,3376,3386,-1,
3410,3376,3387,-1,
3410,3373,3376,-1,
3410,3387,3388,-1,
3410,3388,3389,-1,
3410,3389,3390,-1,
3410,3390,3391,-1,
3410,3391,3392,-1,
3410,3392,3393,-1,
3410,3393,3394,-1,
3410,3394,3395,-1,
3410,3395,3396,-1,
3397,3410,3396,-1,
3398,3410,3397,-1,
3399,3410,3398,-1,
3400,3410,3399,-1,
3401,3410,3400,-1,
3402,3410,3401,-1,
3403,3410,3402,-1,
3404,3410,3403,-1,
3405,3410,3404,-1,
3406,3410,3405,-1,
3407,3410,3406,-1,
3408,3410,3407,-1,
3368,3370,3371,-1,
3368,3371,3372,-1,
3411,3368,3372,-1,
3434,3435,3411,-1,
3436,3411,3435,-1,
3433,3434,3411,-1,
3437,3411,3436,-1,
3432,3433,3411,-1,
3438,3368,3411,-1,
3438,3411,3437,-1,
3431,3432,3411,-1,
3439,3368,3438,-1,
3430,3431,3411,-1,
3429,3430,3411,-1,
3440,3368,3439,-1,
3428,3429,3411,-1,
3427,3428,3411,-1,
3426,3427,3411,-1,
3447,3369,3368,-1,
3447,3440,3441,-1,
3447,3441,3442,-1,
3447,3442,3443,-1,
3447,3443,3444,-1,
3447,3368,3440,-1,
3445,3447,3444,-1,
3446,3447,3445,-1,
3425,3426,3411,-1,
3424,3425,3411,-1,
3423,3424,3411,-1,
3422,3423,3411,-1,
3421,3422,3411,-1,
3420,3421,3411,-1,
3419,3420,3411,-1,
3418,3419,3411,-1,
3417,3418,3411,-1,
3416,3417,3411,-1,
3415,3416,3411,-1,
3414,3415,3411,-1,
3413,3414,3411,-1,
3409,3410,3408,-1,
3410,3411,3372,-1,
3410,3372,3373,-1,
3411,3412,3413,-1,
3487,3485,3484,-1,
3487,3486,3485,-1,
3498,3497,3499,-1,
3533,3459,3458,-1,
3533,3460,3459,-1,
3534,3533,3458,-1,
3534,3460,3533,-1,
3535,3461,3460,-1,
3535,3462,3461,-1,
3535,3463,3462,-1,
3535,3460,3534,-1,
3536,3534,3537,-1,
3536,3535,3534,-1,
3538,3464,3463,-1,
3538,3465,3464,-1,
3538,3466,3465,-1,
3538,3463,3535,-1,
3539,3537,3540,-1,
3539,3536,3537,-1,
3541,3538,3535,-1,
3541,3535,3536,-1,
3542,3467,3466,-1,
3542,3468,3467,-1,
3542,3466,3538,-1,
3543,3539,3540,-1,
3543,3540,3544,-1,
3545,3536,3539,-1,
3545,3541,3536,-1,
3546,3542,3538,-1,
3546,3538,3541,-1,
3547,3469,3468,-1,
3547,3470,3469,-1,
3547,3471,3470,-1,
3547,3468,3542,-1,
3548,3543,3544,-1,
3548,3544,3549,-1,
3550,3539,3543,-1,
3550,3545,3539,-1,
3551,3546,3541,-1,
3551,3541,3545,-1,
3552,3542,3546,-1,
3552,3547,3542,-1,
3553,3549,3554,-1,
3553,3548,3549,-1,
3555,3543,3548,-1,
3555,3550,3543,-1,
3556,3545,3550,-1,
3556,3551,3545,-1,
3557,3546,3551,-1,
3557,3552,3546,-1,
3558,3554,3559,-1,
3558,3553,3554,-1,
3560,3555,3548,-1,
3560,3548,3553,-1,
3561,3556,3550,-1,
3561,3550,3555,-1,
3562,3551,3556,-1,
3562,3557,3551,-1,
3563,3522,3521,-1,
3563,3523,3522,-1,
3563,3524,3523,-1,
3563,3521,3564,-1,
3565,3559,3564,-1,
3565,3558,3559,-1,
3565,3519,3518,-1,
3565,3520,3519,-1,
3565,3521,3520,-1,
3565,3564,3521,-1,
3566,3553,3558,-1,
3566,3560,3553,-1,
3566,3516,3515,-1,
3567,3561,3555,-1,
3567,3555,3560,-1,
3568,3562,3556,-1,
3568,3556,3561,-1,
3569,3565,3518,-1,
3569,3566,3558,-1,
3569,3516,3566,-1,
3569,3517,3516,-1,
3569,3518,3517,-1,
3569,3558,3565,-1,
3570,3567,3560,-1,
3570,3512,3511,-1,
3570,3513,3512,-1,
3570,3566,3515,-1,
3570,3514,3513,-1,
3570,3515,3514,-1,
3570,3560,3566,-1,
3571,3561,3567,-1,
3571,3568,3561,-1,
3572,3567,3570,-1,
3572,3509,3508,-1,
3572,3510,3509,-1,
3572,3511,3510,-1,
3572,3570,3511,-1,
3572,3571,3567,-1,
3573,3450,3448,-1,
3573,3451,3450,-1,
3573,3452,3451,-1,
3573,3453,3452,-1,
3574,3454,3453,-1,
3574,3453,3573,-1,
3575,3455,3454,-1,
3575,3454,3574,-1,
3575,3456,3455,-1,
3576,3575,3574,-1,
3577,3574,3573,-1,
3577,3576,3574,-1,
3578,3457,3456,-1,
3578,3456,3575,-1,
3579,3575,3576,-1,
3580,3576,3577,-1,
3581,3458,3457,-1,
3581,3457,3578,-1,
3581,3534,3458,-1,
3581,3537,3534,-1,
3582,3578,3575,-1,
3582,3537,3581,-1,
3582,3575,3579,-1,
3582,3581,3578,-1,
3583,3582,3579,-1,
3583,3576,3580,-1,
3583,3579,3576,-1,
3584,3583,3580,-1,
3584,3580,3577,-1,
3585,3537,3582,-1,
3585,3540,3537,-1,
3585,3582,3583,-1,
3585,3583,3584,-1,
3586,3540,3585,-1,
3586,3584,3587,-1,
3586,3585,3584,-1,
3588,3540,3586,-1,
3588,3586,3587,-1,
3588,3544,3540,-1,
3589,3588,3587,-1,
3590,3588,3589,-1,
3590,3589,3591,-1,
3592,3594,3593,-1,
3592,3596,3595,-1,
3592,3595,3594,-1,
3592,3590,3591,-1,
3592,3591,3596,-1,
3597,3593,3598,-1,
3597,3592,3593,-1,
3599,3472,3471,-1,
3599,3473,3472,-1,
3599,3547,3552,-1,
3599,3471,3547,-1,
3600,3473,3599,-1,
3600,3474,3473,-1,
3600,3599,3552,-1,
3601,3600,3552,-1,
3601,3474,3600,-1,
3602,3475,3474,-1,
3602,3476,3475,-1,
3602,3477,3476,-1,
3602,3474,3601,-1,
3603,3478,3477,-1,
3603,3479,3478,-1,
3603,3477,3602,-1,
3604,3552,3557,-1,
3604,3603,3602,-1,
3604,3601,3552,-1,
3604,3602,3601,-1,
3605,3603,3604,-1,
3606,3481,3480,-1,
3606,3482,3481,-1,
3606,3483,3482,-1,
3607,3479,3603,-1,
3607,3480,3479,-1,
3607,3606,3480,-1,
3607,3603,3605,-1,
3608,3484,3483,-1,
3608,3488,3487,-1,
3608,3487,3484,-1,
3608,3483,3606,-1,
3609,3489,3488,-1,
3609,3606,3607,-1,
3609,3488,3608,-1,
3609,3608,3606,-1,
3610,3557,3562,-1,
3610,3604,3557,-1,
3611,3605,3604,-1,
3612,3611,3604,-1,
3612,3604,3610,-1,
3613,3612,3610,-1,
3614,3605,3611,-1,
3614,3490,3489,-1,
3614,3491,3490,-1,
3614,3489,3609,-1,
3614,3611,3612,-1,
3614,3607,3605,-1,
3614,3609,3607,-1,
3615,3562,3568,-1,
3615,3610,3562,-1,
3616,3613,3610,-1,
3617,3614,3612,-1,
3617,3613,3616,-1,
3617,3492,3491,-1,
3617,3612,3613,-1,
3617,3491,3614,-1,
3618,3616,3610,-1,
3618,3610,3615,-1,
3619,3618,3615,-1,
3620,3617,3616,-1,
3620,3492,3617,-1,
3620,3493,3492,-1,
3620,3616,3618,-1,
3621,3619,3615,-1,
3622,3615,3568,-1,
3622,3568,3571,-1,
3623,3620,3618,-1,
3623,3618,3619,-1,
3623,3493,3620,-1,
3623,3494,3493,-1,
3623,3619,3621,-1,
3624,3615,3622,-1,
3624,3504,3503,-1,
3625,3615,3624,-1,
3625,3621,3615,-1,
3626,3572,3508,-1,
3626,3622,3571,-1,
3626,3507,3506,-1,
3626,3508,3507,-1,
3626,3571,3572,-1,
3627,3504,3624,-1,
3627,3622,3626,-1,
3627,3626,3506,-1,
3627,3505,3504,-1,
3627,3506,3505,-1,
3627,3624,3622,-1,
3628,3621,3625,-1,
3628,3494,3623,-1,
3628,3623,3621,-1,
3628,3495,3494,-1,
3628,3496,3495,-1,
3629,3624,3503,-1,
3629,3497,3496,-1,
3629,3500,3499,-1,
3629,3496,3628,-1,
3629,3501,3500,-1,
3629,3502,3501,-1,
3629,3503,3502,-1,
3629,3499,3497,-1,
3629,3625,3624,-1,
3629,3628,3625,-1,
3630,3589,3587,-1,
3630,3587,3584,-1,
3630,3573,3448,-1,
3630,3584,3577,-1,
3630,3577,3573,-1,
3631,3544,3588,-1,
3631,3549,3544,-1,
3632,3631,3588,-1,
3632,3588,3590,-1,
3632,3554,3549,-1,
3632,3549,3631,-1,
3633,3554,3632,-1,
3633,3632,3590,-1,
3634,3559,3554,-1,
3634,3554,3633,-1,
3634,3633,3590,-1,
3635,3564,3559,-1,
3635,3590,3592,-1,
3635,3559,3634,-1,
3635,3634,3590,-1,
3636,3635,3592,-1,
3636,3564,3635,-1,
3637,3636,3592,-1,
3637,3564,3636,-1,
3637,3563,3564,-1,
3638,3592,3597,-1,
3639,3524,3563,-1,
3639,3637,3592,-1,
3639,3563,3637,-1,
3639,3525,3524,-1,
3639,3592,3638,-1,
3639,3638,3525,-1,
3640,3597,3641,-1,
3640,3638,3597,-1,
3640,3525,3638,-1,
3642,3526,3525,-1,
3642,3640,3641,-1,
3642,3525,3640,-1,
3643,3526,3642,-1,
3643,3642,3641,-1,
3644,3526,3643,-1,
3644,3527,3526,-1,
3645,3527,3644,-1,
3646,3648,3647,-1,
3646,3527,3645,-1,
3646,3645,3649,-1,
3646,3649,3648,-1,
3650,3646,3647,-1,
3650,3647,3651,-1,
3650,3528,3527,-1,
3650,3527,3646,-1,
3652,3598,3593,-1,
3652,3593,3594,-1,
3652,3595,3596,-1,
3652,3594,3595,-1,
3652,3596,3591,-1,
3653,3643,3641,-1,
3653,3641,3654,-1,
3653,3644,3643,-1,
3655,3644,3653,-1,
3656,3644,3655,-1,
3657,3528,3650,-1,
3658,3529,3528,-1,
3658,3528,3657,-1,
3659,3529,3658,-1,
3660,3529,3659,-1,
3661,3529,3660,-1,
3661,3530,3529,-1,
3662,3654,3641,-1,
3663,3644,3656,-1,
3664,3647,3648,-1,
3664,3651,3647,-1,
3664,3648,3649,-1,
3665,3652,3591,-1,
3666,3662,3641,-1,
3666,3641,3597,-1,
3667,3650,3651,-1,
3667,3651,3664,-1,
3667,3657,3650,-1,
3668,3661,3660,-1,
3668,3660,3659,-1,
3669,3666,3597,-1,
3670,3653,3654,-1,
3670,3655,3653,-1,
3670,3656,3655,-1,
3670,3663,3656,-1,
3671,3649,3645,-1,
3671,3664,3649,-1,
3672,3531,3530,-1,
3672,3532,3531,-1,
3672,3449,3532,-1,
3673,3665,3591,-1,
3673,3591,3589,-1,
3674,3669,3597,-1,
3675,3658,3657,-1,
3676,3668,3659,-1,
3677,3674,3597,-1,
3678,3670,3654,-1,
3679,3671,3645,-1,
3680,3672,3530,-1,
3680,3449,3672,-1,
3681,3673,3589,-1,
3682,3597,3598,-1,
3682,3677,3597,-1,
3683,3675,3657,-1,
3684,3676,3659,-1,
3685,3682,3598,-1,
3686,3682,3685,-1,
3686,3677,3682,-1,
3686,3654,3662,-1,
3686,3678,3654,-1,
3686,3666,3669,-1,
3686,3662,3666,-1,
3686,3669,3674,-1,
3686,3674,3677,-1,
3687,3645,3644,-1,
3687,3644,3663,-1,
3687,3663,3670,-1,
3687,3670,3678,-1,
3687,3678,3686,-1,
3687,3679,3645,-1,
3688,3449,3680,-1,
3688,3661,3668,-1,
3688,3680,3530,-1,
3688,3530,3661,-1,
3688,3668,3676,-1,
3688,3676,3684,-1,
3689,3448,3449,-1,
3689,3589,3630,-1,
3689,3630,3448,-1,
3689,3681,3589,-1,
3690,3685,3598,-1,
3690,3681,3689,-1,
3690,3598,3652,-1,
3690,3665,3673,-1,
3690,3652,3665,-1,
3690,3673,3681,-1,
3690,3686,3685,-1,
3690,3687,3686,-1,
3690,3689,3687,-1,
3691,3671,3679,-1,
3691,3657,3667,-1,
3691,3683,3657,-1,
3691,3679,3687,-1,
3691,3667,3664,-1,
3691,3664,3671,-1,
3692,3449,3688,-1,
3692,3675,3683,-1,
3692,3684,3659,-1,
3692,3689,3449,-1,
3692,3691,3687,-1,
3692,3659,3658,-1,
3692,3688,3684,-1,
3692,3683,3691,-1,
3692,3658,3675,-1,
3692,3687,3689,-1,
3730,3729,3728,-1,
3741,3740,3742,-1,
3775,3704,3703,-1,
3775,3705,3704,-1,
3776,3705,3775,-1,
3776,3706,3705,-1,
3776,3707,3706,-1,
3776,3708,3707,-1,
3777,3775,3778,-1,
3777,3776,3775,-1,
3779,3709,3708,-1,
3779,3710,3709,-1,
3779,3711,3710,-1,
3779,3708,3776,-1,
3780,3777,3778,-1,
3780,3778,3781,-1,
3782,3776,3777,-1,
3782,3779,3776,-1,
3783,3712,3711,-1,
3783,3713,3712,-1,
3783,3714,3713,-1,
3783,3711,3779,-1,
3784,3780,3781,-1,
3784,3781,3785,-1,
3786,3782,3777,-1,
3786,3777,3780,-1,
3787,3779,3782,-1,
3787,3783,3779,-1,
3788,3714,3783,-1,
3788,3715,3714,-1,
3788,3716,3715,-1,
3789,3784,3785,-1,
3789,3785,3790,-1,
3791,3786,3780,-1,
3791,3780,3784,-1,
3792,3787,3782,-1,
3792,3782,3786,-1,
3793,3783,3787,-1,
3793,3788,3783,-1,
3794,3790,3795,-1,
3794,3789,3790,-1,
3796,3791,3784,-1,
3796,3784,3789,-1,
3797,3786,3791,-1,
3797,3792,3786,-1,
3798,3787,3792,-1,
3798,3793,3787,-1,
3799,3794,3795,-1,
3799,3795,3800,-1,
3801,3796,3789,-1,
3801,3789,3794,-1,
3802,3797,3791,-1,
3802,3791,3796,-1,
3803,3798,3792,-1,
3803,3792,3797,-1,
3804,3764,3805,-1,
3804,3765,3764,-1,
3804,3766,3765,-1,
3806,3805,3764,-1,
3806,3762,3761,-1,
3806,3763,3762,-1,
3806,3764,3763,-1,
3806,3800,3805,-1,
3806,3799,3800,-1,
3807,3794,3799,-1,
3807,3758,3757,-1,
3807,3801,3794,-1,
3808,3802,3796,-1,
3808,3796,3801,-1,
3809,3797,3802,-1,
3809,3803,3797,-1,
3810,3807,3799,-1,
3810,3799,3806,-1,
3810,3758,3807,-1,
3810,3759,3758,-1,
3810,3760,3759,-1,
3810,3761,3760,-1,
3810,3806,3761,-1,
3811,3801,3807,-1,
3811,3808,3801,-1,
3811,3807,3757,-1,
3811,3755,3754,-1,
3811,3756,3755,-1,
3811,3757,3756,-1,
3812,3809,3802,-1,
3812,3802,3808,-1,
3813,3808,3811,-1,
3813,3752,3751,-1,
3813,3753,3752,-1,
3813,3754,3753,-1,
3813,3811,3754,-1,
3813,3812,3808,-1,
3814,3695,3693,-1,
3814,3696,3695,-1,
3814,3697,3696,-1,
3814,3698,3697,-1,
3815,3699,3698,-1,
3815,3698,3814,-1,
3816,3700,3699,-1,
3816,3701,3700,-1,
3816,3699,3815,-1,
3817,3816,3815,-1,
3818,3815,3814,-1,
3818,3817,3815,-1,
3819,3701,3816,-1,
3819,3702,3701,-1,
3820,3816,3817,-1,
3821,3817,3818,-1,
3822,3775,3703,-1,
3822,3703,3702,-1,
3822,3778,3775,-1,
3822,3702,3819,-1,
3823,3778,3822,-1,
3823,3822,3819,-1,
3823,3819,3816,-1,
3823,3816,3820,-1,
3824,3823,3820,-1,
3824,3820,3817,-1,
3824,3817,3821,-1,
3825,3824,3821,-1,
3825,3821,3818,-1,
3825,3818,3814,-1,
3826,3825,3814,-1,
3827,3823,3824,-1,
3827,3824,3825,-1,
3827,3781,3778,-1,
3827,3778,3823,-1,
3828,3827,3825,-1,
3828,3825,3826,-1,
3828,3781,3827,-1,
3828,3826,3829,-1,
3830,3785,3781,-1,
3830,3781,3828,-1,
3830,3828,3829,-1,
3831,3830,3829,-1,
3831,3785,3830,-1,
3831,3829,3832,-1,
3833,3832,3834,-1,
3833,3831,3832,-1,
3835,3834,3836,-1,
3835,3836,3837,-1,
3835,3837,3838,-1,
3835,3838,3839,-1,
3835,3833,3834,-1,
3840,3717,3716,-1,
3840,3718,3717,-1,
3840,3716,3788,-1,
3840,3788,3793,-1,
3841,3718,3840,-1,
3841,3719,3718,-1,
3841,3840,3793,-1,
3842,3719,3841,-1,
3842,3720,3719,-1,
3842,3721,3720,-1,
3843,3722,3721,-1,
3843,3723,3722,-1,
3843,3721,3842,-1,
3844,3766,3804,-1,
3844,3767,3766,-1,
3844,3768,3767,-1,
3845,3842,3841,-1,
3845,3841,3793,-1,
3845,3843,3842,-1,
3845,3793,3798,-1,
3846,3843,3845,-1,
3847,3725,3724,-1,
3847,3726,3725,-1,
3848,3724,3723,-1,
3848,3843,3846,-1,
3848,3723,3843,-1,
3848,3847,3724,-1,
3849,3726,3847,-1,
3849,3727,3726,-1,
3849,3728,3727,-1,
3849,3731,3730,-1,
3849,3730,3728,-1,
3850,3732,3731,-1,
3850,3849,3847,-1,
3850,3847,3848,-1,
3850,3731,3849,-1,
3851,3798,3803,-1,
3851,3845,3798,-1,
3852,3846,3845,-1,
3853,3845,3851,-1,
3853,3852,3845,-1,
3854,3853,3851,-1,
3855,3848,3846,-1,
3855,3733,3732,-1,
3855,3734,3733,-1,
3855,3732,3850,-1,
3855,3850,3848,-1,
3855,3846,3852,-1,
3855,3852,3853,-1,
3856,3851,3803,-1,
3856,3803,3809,-1,
3857,3854,3851,-1,
3858,3854,3857,-1,
3858,3735,3734,-1,
3858,3734,3855,-1,
3858,3853,3854,-1,
3858,3855,3853,-1,
3859,3857,3851,-1,
3859,3851,3856,-1,
3860,3859,3856,-1,
3861,3857,3859,-1,
3861,3735,3858,-1,
3861,3858,3857,-1,
3861,3736,3735,-1,
3862,3860,3856,-1,
3863,3809,3812,-1,
3863,3856,3809,-1,
3864,3860,3862,-1,
3864,3736,3861,-1,
3864,3737,3736,-1,
3864,3859,3860,-1,
3864,3861,3859,-1,
3865,3856,3863,-1,
3866,3862,3856,-1,
3866,3856,3865,-1,
3867,3863,3812,-1,
3867,3750,3749,-1,
3867,3751,3750,-1,
3867,3813,3751,-1,
3867,3812,3813,-1,
3868,3863,3867,-1,
3868,3746,3865,-1,
3868,3747,3746,-1,
3868,3748,3747,-1,
3868,3749,3748,-1,
3868,3865,3863,-1,
3868,3867,3749,-1,
3869,3864,3862,-1,
3869,3862,3866,-1,
3869,3737,3864,-1,
3869,3738,3737,-1,
3869,3739,3738,-1,
3870,3866,3865,-1,
3870,3865,3746,-1,
3870,3739,3869,-1,
3870,3869,3866,-1,
3870,3742,3740,-1,
3870,3740,3739,-1,
3870,3743,3742,-1,
3870,3744,3743,-1,
3870,3745,3744,-1,
3870,3746,3745,-1,
3871,3785,3831,-1,
3871,3795,3790,-1,
3871,3790,3785,-1,
3872,3871,3831,-1,
3872,3831,3833,-1,
3872,3795,3871,-1,
3873,3872,3833,-1,
3873,3795,3872,-1,
3873,3800,3795,-1,
3874,3873,3833,-1,
3874,3800,3873,-1,
3875,3874,3833,-1,
3875,3833,3835,-1,
3876,3875,3835,-1,
3877,3876,3835,-1,
3878,3877,3879,-1,
3878,3879,3880,-1,
3881,3834,3832,-1,
3881,3836,3834,-1,
3881,3837,3836,-1,
3881,3838,3837,-1,
3881,3839,3838,-1,
3882,3877,3835,-1,
3883,3879,3877,-1,
3883,3877,3882,-1,
3884,3879,3883,-1,
3885,3879,3884,-1,
3886,3800,3874,-1,
3886,3874,3875,-1,
3886,3805,3800,-1,
3887,3805,3886,-1,
3887,3844,3804,-1,
3887,3886,3875,-1,
3887,3875,3876,-1,
3887,3876,3844,-1,
3887,3804,3805,-1,
3888,3844,3876,-1,
3888,3877,3878,-1,
3888,3768,3844,-1,
3888,3876,3877,-1,
3888,3769,3768,-1,
3888,3878,3769,-1,
3889,3878,3880,-1,
3889,3880,3890,-1,
3889,3890,3891,-1,
3889,3769,3878,-1,
3892,3889,3891,-1,
3892,3769,3889,-1,
3893,3770,3769,-1,
3893,3891,3894,-1,
3893,3894,3895,-1,
3893,3892,3891,-1,
3893,3769,3892,-1,
3896,3770,3893,-1,
3897,3770,3896,-1,
3898,3770,3897,-1,
3898,3771,3770,-1,
3899,3771,3898,-1,
3900,3771,3899,-1,
3901,3882,3835,-1,
3902,3879,3885,-1,
3903,3890,3880,-1,
3903,3891,3890,-1,
3903,3894,3891,-1,
3903,3895,3894,-1,
3904,3881,3832,-1,
3905,3901,3835,-1,
3906,3893,3895,-1,
3906,3895,3903,-1,
3906,3896,3893,-1,
3907,3899,3898,-1,
3907,3900,3899,-1,
3908,3905,3835,-1,
3909,3885,3884,-1,
3909,3883,3882,-1,
3909,3902,3885,-1,
3909,3884,3883,-1,
3910,3903,3880,-1,
3911,3773,3772,-1,
3911,3774,3773,-1,
3911,3694,3774,-1,
3912,3904,3832,-1,
3913,3908,3835,-1,
3914,3898,3897,-1,
3914,3907,3898,-1,
3915,3913,3835,-1,
3916,3909,3882,-1,
3917,3910,3880,-1,
3917,3880,3879,-1,
3918,3911,3772,-1,
3918,3694,3911,-1,
3919,3912,3832,-1,
3920,3835,3839,-1,
3920,3915,3835,-1,
3921,3896,3906,-1,
3921,3906,3903,-1,
3921,3903,3910,-1,
3921,3910,3917,-1,
3922,3914,3897,-1,
3923,3920,3839,-1,
3924,3920,3923,-1,
3924,3882,3901,-1,
3924,3901,3905,-1,
3924,3905,3908,-1,
3924,3908,3913,-1,
3924,3916,3882,-1,
3924,3913,3915,-1,
3924,3915,3920,-1,
3925,3902,3909,-1,
3925,3909,3916,-1,
3925,3879,3902,-1,
3925,3916,3924,-1,
3925,3917,3879,-1,
3925,3921,3917,-1,
3926,3918,3772,-1,
3926,3771,3900,-1,
3926,3900,3907,-1,
3926,3694,3918,-1,
3926,3907,3914,-1,
3926,3772,3771,-1,
3926,3914,3922,-1,
3927,3693,3694,-1,
3927,3826,3814,-1,
3927,3814,3693,-1,
3927,3829,3826,-1,
3927,3919,3832,-1,
3927,3832,3829,-1,
3928,3923,3839,-1,
3928,3927,3925,-1,
3928,3881,3904,-1,
3928,3924,3923,-1,
3928,3904,3912,-1,
3928,3925,3924,-1,
3928,3839,3881,-1,
3928,3912,3919,-1,
3928,3919,3927,-1,
3929,3921,3925,-1,
3929,3926,3922,-1,
3929,3925,3927,-1,
3929,3897,3896,-1,
3929,3694,3926,-1,
3929,3922,3897,-1,
3929,3927,3694,-1,
3929,3896,3921,-1,
3963,3960,3959,-1,
3963,3961,3960,-1,
3963,3962,3961,-1,
3974,3973,3975,-1,
4011,3941,3940,-1,
4011,3942,3941,-1,
4012,3942,4011,-1,
4013,3943,3942,-1,
4013,3944,3943,-1,
4013,3942,4012,-1,
4014,4012,4015,-1,
4014,4013,4012,-1,
4016,3945,3944,-1,
4016,3946,3945,-1,
4016,3944,4013,-1,
4017,4014,4015,-1,
4017,4015,4018,-1,
4019,3946,4016,-1,
4019,3947,3946,-1,
4019,4013,4014,-1,
4019,4016,4013,-1,
4020,4018,4021,-1,
4020,4017,4018,-1,
4022,4019,4014,-1,
4022,4014,4017,-1,
4023,3948,3947,-1,
4023,3949,3948,-1,
4023,3947,4019,-1,
4024,4021,4025,-1,
4024,4020,4021,-1,
4026,4017,4020,-1,
4026,4022,4017,-1,
4027,4023,4019,-1,
4027,4019,4022,-1,
4028,3950,3949,-1,
4028,3951,3950,-1,
4028,3952,3951,-1,
4028,3949,4023,-1,
4029,4024,4025,-1,
4029,4025,4030,-1,
4031,4026,4020,-1,
4031,4020,4024,-1,
4032,4027,4022,-1,
4032,4022,4026,-1,
4033,4023,4027,-1,
4033,4028,4023,-1,
4034,4001,4000,-1,
4034,4002,4001,-1,
4035,4029,4030,-1,
4035,4030,4036,-1,
4037,4031,4024,-1,
4037,4024,4029,-1,
4038,4032,4026,-1,
4038,4026,4031,-1,
4039,4033,4027,-1,
4039,4027,4032,-1,
4040,4035,4036,-1,
4040,4036,4034,-1,
4040,3998,3997,-1,
4040,3999,3998,-1,
4040,4000,3999,-1,
4040,4034,4000,-1,
4041,4029,4035,-1,
4041,4037,4029,-1,
4042,4031,4037,-1,
4042,4038,4031,-1,
4043,4032,4038,-1,
4043,4039,4032,-1,
4044,4040,3997,-1,
4044,3995,3994,-1,
4044,3996,3995,-1,
4044,3997,3996,-1,
4044,4041,4035,-1,
4044,4035,4040,-1,
4045,4037,4041,-1,
4045,4042,4037,-1,
4046,4043,4038,-1,
4046,4038,4042,-1,
4047,4044,3994,-1,
4047,4045,4041,-1,
4047,4041,4044,-1,
4047,3993,3992,-1,
4047,3994,3993,-1,
4048,4045,4047,-1,
4048,4042,4045,-1,
4048,4046,4042,-1,
4049,3988,3987,-1,
4049,3989,3988,-1,
4049,3990,3989,-1,
4049,3991,3990,-1,
4049,3992,3991,-1,
4049,4047,3992,-1,
4049,4048,4047,-1,
4050,3940,3939,-1,
4050,4011,3940,-1,
4051,4012,4011,-1,
4051,4011,4050,-1,
4052,4054,4053,-1,
4052,4030,4025,-1,
4052,4055,4054,-1,
4056,4053,4057,-1,
4056,4030,4052,-1,
4056,4052,4053,-1,
4058,4008,4007,-1,
4058,4009,4008,-1,
4058,4010,4009,-1,
4058,3931,4010,-1,
4059,4057,4060,-1,
4061,4060,4058,-1,
4061,4007,4006,-1,
4061,4058,4007,-1,
4062,4057,4059,-1,
4063,4036,4030,-1,
4063,4030,4056,-1,
4063,4057,4062,-1,
4063,4056,4057,-1,
4064,4062,4059,-1,
4064,4059,4060,-1,
4064,4060,4061,-1,
4065,4062,4064,-1,
4066,4036,4063,-1,
4066,4062,4065,-1,
4066,4063,4062,-1,
4067,4065,4064,-1,
4067,4061,4006,-1,
4067,4005,4004,-1,
4067,4006,4005,-1,
4067,4066,4065,-1,
4067,4064,4061,-1,
4068,4066,4067,-1,
4068,4067,4004,-1,
4068,4004,4003,-1,
4069,4034,4036,-1,
4069,4036,4066,-1,
4069,4068,4003,-1,
4069,4066,4068,-1,
4069,4003,4002,-1,
4069,4002,4034,-1,
4070,3953,3952,-1,
4070,4028,4033,-1,
4070,3952,4028,-1,
4071,3954,3953,-1,
4071,3955,3954,-1,
4071,3956,3955,-1,
4071,3953,4070,-1,
4072,4033,4039,-1,
4072,4070,4033,-1,
4072,4071,4070,-1,
4073,3956,4071,-1,
4073,4071,4072,-1,
4074,3957,3956,-1,
4074,3958,3957,-1,
4074,3959,3958,-1,
4074,3964,3963,-1,
4074,3963,3959,-1,
4074,3956,4073,-1,
4075,4073,4072,-1,
4075,4072,4039,-1,
4075,4039,4043,-1,
4076,4074,4073,-1,
4076,4073,4075,-1,
4077,4076,4075,-1,
4078,3965,3964,-1,
4078,3966,3965,-1,
4078,4074,4076,-1,
4078,4076,4077,-1,
4078,3964,4074,-1,
4079,4077,4075,-1,
4080,4075,4043,-1,
4080,4043,4046,-1,
4081,4079,4075,-1,
4081,4075,4080,-1,
4082,4081,4080,-1,
4083,3967,3966,-1,
4083,3966,4078,-1,
4083,4078,4077,-1,
4083,4077,4079,-1,
4083,4079,4081,-1,
4084,3968,3967,-1,
4084,3967,4083,-1,
4084,4081,4082,-1,
4084,4083,4081,-1,
4085,4082,4080,-1,
4086,4046,4048,-1,
4086,4080,4046,-1,
4087,4085,4080,-1,
4087,4080,4086,-1,
4088,4087,4086,-1,
4089,4085,4087,-1,
4089,3969,3968,-1,
4089,3968,4084,-1,
4089,4084,4082,-1,
4089,4082,4085,-1,
4090,4088,4086,-1,
4091,4087,4088,-1,
4091,4089,4087,-1,
4091,4088,4090,-1,
4091,3970,3969,-1,
4091,3971,3970,-1,
4091,3969,4089,-1,
4092,3986,3985,-1,
4092,3987,3986,-1,
4092,4048,4049,-1,
4092,4049,3987,-1,
4093,4048,4092,-1,
4093,4092,3985,-1,
4093,4086,4048,-1,
4094,4093,3985,-1,
4094,4086,4093,-1,
4094,3985,3984,-1,
4095,4086,4094,-1,
4095,4094,3984,-1,
4095,3982,3981,-1,
4095,3983,3982,-1,
4095,3984,3983,-1,
4096,4086,4095,-1,
4096,4091,4090,-1,
4096,4090,4086,-1,
4096,4095,3981,-1,
4096,3980,3979,-1,
4096,3981,3980,-1,
4097,4091,4096,-1,
4097,3971,4091,-1,
4097,3972,3971,-1,
4098,4097,4096,-1,
4098,4096,3979,-1,
4098,3977,3976,-1,
4098,3978,3977,-1,
4098,3979,3978,-1,
4099,4097,4098,-1,
4099,4098,3976,-1,
4099,3975,3973,-1,
4099,3972,4097,-1,
4099,3973,3972,-1,
4099,3976,3975,-1,
4100,3938,3937,-1,
4100,3937,4101,-1,
4100,4101,4102,-1,
4103,3938,4100,-1,
4103,4100,4102,-1,
4103,4102,4104,-1,
4105,4103,4104,-1,
4106,3938,4103,-1,
4106,4103,4105,-1,
4107,3938,4106,-1,
4107,4106,4105,-1,
4108,4110,4109,-1,
4111,4050,4108,-1,
4111,4109,4112,-1,
4111,4108,4109,-1,
4113,4050,4111,-1,
4113,4051,4050,-1,
4114,4111,4112,-1,
4114,4113,4111,-1,
4114,4051,4113,-1,
4115,4018,4015,-1,
4115,4116,4055,-1,
4117,4115,4055,-1,
4117,4018,4115,-1,
4118,4057,4053,-1,
4118,4053,4054,-1,
4118,4060,4057,-1,
4118,3931,4058,-1,
4118,4058,4060,-1,
4119,4055,4052,-1,
4119,4021,4018,-1,
4119,4117,4055,-1,
4119,4018,4117,-1,
4120,4052,4025,-1,
4120,4025,4021,-1,
4120,4119,4052,-1,
4120,4021,4119,-1,
4121,3935,3934,-1,
4122,3936,3935,-1,
4122,3935,4121,-1,
4123,3936,4122,-1,
4124,3936,4123,-1,
4125,3936,4124,-1,
4125,3937,3936,-1,
4125,4101,3937,-1,
4126,4109,4110,-1,
4127,4109,4126,-1,
4128,4109,4127,-1,
4129,3939,3938,-1,
4129,3938,4107,-1,
4129,4107,4110,-1,
4129,4110,4108,-1,
4129,4108,4050,-1,
4129,4050,3939,-1,
4130,4054,4131,-1,
4130,4133,4132,-1,
4130,4131,4133,-1,
4134,4114,4112,-1,
4134,4055,4116,-1,
4134,4131,4054,-1,
4134,4112,4132,-1,
4134,4116,4114,-1,
4134,4132,4133,-1,
4134,4133,4131,-1,
4134,4054,4055,-1,
4135,4015,4012,-1,
4135,4051,4114,-1,
4135,4115,4015,-1,
4135,4116,4115,-1,
4135,4114,4116,-1,
4135,4012,4051,-1,
4136,3932,3930,-1,
4136,3933,3932,-1,
4137,4104,4102,-1,
4137,4105,4104,-1,
4138,4126,4110,-1,
4138,4110,4107,-1,
4139,4109,4128,-1,
4140,4122,4121,-1,
4141,4125,4124,-1,
4141,4124,4123,-1,
4142,4101,4125,-1,
4142,4102,4101,-1,
4142,4137,4102,-1,
4143,4109,4139,-1,
4143,4112,4109,-1,
4144,4054,4130,-1,
4145,3934,3933,-1,
4145,3933,4136,-1,
4145,4136,3930,-1,
4146,4105,4137,-1,
4146,4137,4142,-1,
4147,4126,4138,-1,
4148,4112,4143,-1,
4149,4123,4122,-1,
4149,4122,4140,-1,
4150,4125,4141,-1,
4151,4112,4148,-1,
4152,4054,4144,-1,
4153,3934,4145,-1,
4153,4145,3930,-1,
4154,4105,4146,-1,
4155,4126,4147,-1,
4156,4112,4151,-1,
4157,4123,4149,-1,
4158,4125,4150,-1,
4159,4112,4156,-1,
4160,4054,4152,-1,
4161,4121,3934,-1,
4161,4140,4121,-1,
4161,4157,4149,-1,
4161,3934,4153,-1,
4161,4153,3930,-1,
4161,4149,4140,-1,
4162,4138,4107,-1,
4162,4105,4154,-1,
4162,4107,4105,-1,
4162,4147,4138,-1,
4162,4155,4147,-1,
4163,4139,4128,-1,
4163,4127,4126,-1,
4163,4128,4127,-1,
4163,4143,4139,-1,
4163,4148,4143,-1,
4163,4151,4148,-1,
4163,4126,4155,-1,
4163,4156,4151,-1,
4163,4155,4162,-1,
4163,4159,4156,-1,
4164,4112,4159,-1,
4164,4159,4163,-1,
4165,4141,4123,-1,
4165,4161,3930,-1,
4165,4123,4157,-1,
4165,4150,4141,-1,
4165,4158,4150,-1,
4165,4157,4161,-1,
4166,4165,4162,-1,
4166,4158,4165,-1,
4166,4146,4142,-1,
4166,4162,4154,-1,
4166,4125,4158,-1,
4166,4154,4146,-1,
4166,4142,4125,-1,
4167,4160,4152,-1,
4167,4112,4164,-1,
4167,4144,4130,-1,
4167,4164,4163,-1,
4167,4132,4112,-1,
4167,4163,4162,-1,
4167,4130,4132,-1,
4167,4152,4144,-1,
4168,4167,4162,-1,
4168,3930,3931,-1,
4168,4162,4165,-1,
4168,4160,4167,-1,
4168,4118,4054,-1,
4168,4054,4160,-1,
4168,3931,4118,-1,
4168,4165,3930,-1,
4205,4203,4204,-1,
4202,4203,4205,-1,
4201,4202,4205,-1,
4200,4201,4205,-1,
4199,4200,4205,-1,
4198,4199,4205,-1,
4170,4171,4172,-1,
4170,4172,4173,-1,
4170,4173,4174,-1,
4170,4174,4175,-1,
4170,4175,4176,-1,
4170,4176,4177,-1,
4170,4177,4178,-1,
4170,4178,4179,-1,
4170,4179,4180,-1,
4170,4180,4181,-1,
4170,4181,4182,-1,
4170,4182,4183,-1,
4170,4183,4184,-1,
4170,4184,4185,-1,
4170,4185,4186,-1,
4170,4186,4187,-1,
4170,4187,4188,-1,
4170,4188,4189,-1,
4170,4189,4190,-1,
4170,4190,4191,-1,
4170,4191,4192,-1,
4170,4192,4193,-1,
4170,4193,4194,-1,
4170,4194,4195,-1,
4170,4195,4196,-1,
4207,4198,4205,-1,
4207,4196,4197,-1,
4207,4197,4198,-1,
4207,4205,4206,-1,
4207,4170,4196,-1,
4210,4170,4207,-1,
4209,4207,4208,-1,
4209,4210,4207,-1,
4248,4235,4236,-1,
4248,4236,4237,-1,
4248,4237,4238,-1,
4248,4238,4239,-1,
4248,4239,4240,-1,
4248,4240,4241,-1,
4248,4241,4242,-1,
4248,4242,4243,-1,
4248,4243,4244,-1,
4248,4244,4245,-1,
4248,4245,4246,-1,
4234,4235,4248,-1,
4233,4234,4248,-1,
4232,4233,4248,-1,
4231,4232,4248,-1,
4230,4231,4248,-1,
4229,4230,4248,-1,
4228,4229,4248,-1,
4227,4228,4248,-1,
4226,4227,4248,-1,
4225,4226,4248,-1,
4216,4217,4218,-1,
4216,4218,4219,-1,
4216,4219,4220,-1,
4216,4220,4221,-1,
4216,4221,4222,-1,
4216,4222,4223,-1,
4216,4223,4224,-1,
4214,4225,4248,-1,
4214,4248,4211,-1,
4214,4216,4224,-1,
4214,4224,4225,-1,
4213,4211,4212,-1,
4213,4214,4211,-1,
4215,4216,4214,-1,
4170,4169,4171,-1,
4247,4248,4246,-1,
4248,4170,4210,-1,
4248,4210,4211,-1,
4282,4280,4279,-1,
4282,4281,4280,-1,
4293,4292,4294,-1,
4328,4260,4259,-1,
4328,4261,4260,-1,
4329,4261,4328,-1,
4330,4262,4261,-1,
4330,4263,4262,-1,
4330,4264,4263,-1,
4330,4261,4329,-1,
4331,4329,4332,-1,
4331,4330,4329,-1,
4333,4265,4264,-1,
4333,4264,4330,-1,
4334,4331,4332,-1,
4334,4332,4335,-1,
4336,4265,4333,-1,
4336,4266,4265,-1,
4336,4330,4331,-1,
4336,4333,4330,-1,
4337,4335,4338,-1,
4337,4334,4335,-1,
4339,4331,4334,-1,
4339,4336,4331,-1,
4340,4266,4336,-1,
4340,4267,4266,-1,
4340,4268,4267,-1,
4340,4269,4268,-1,
4341,4337,4338,-1,
4341,4338,4342,-1,
4343,4334,4337,-1,
4343,4339,4334,-1,
4344,4340,4336,-1,
4344,4336,4339,-1,
4345,4270,4269,-1,
4345,4271,4270,-1,
4345,4269,4340,-1,
4346,4342,4347,-1,
4346,4341,4342,-1,
4348,4337,4341,-1,
4348,4343,4337,-1,
4349,4339,4343,-1,
4349,4344,4339,-1,
4350,4340,4344,-1,
4350,4345,4340,-1,
4351,4318,4317,-1,
4351,4319,4318,-1,
4352,4347,4353,-1,
4352,4346,4347,-1,
4354,4348,4341,-1,
4354,4341,4346,-1,
4355,4343,4348,-1,
4355,4349,4343,-1,
4356,4350,4344,-1,
4356,4344,4349,-1,
4357,4351,4317,-1,
4357,4315,4314,-1,
4357,4316,4315,-1,
4357,4317,4316,-1,
4357,4353,4351,-1,
4357,4352,4353,-1,
4358,4346,4352,-1,
4358,4354,4346,-1,
4359,4348,4354,-1,
4359,4355,4348,-1,
4360,4356,4349,-1,
4360,4349,4355,-1,
4361,4357,4314,-1,
4361,4312,4311,-1,
4361,4313,4312,-1,
4361,4314,4313,-1,
4361,4358,4352,-1,
4361,4352,4357,-1,
4362,4358,4361,-1,
4362,4359,4354,-1,
4362,4354,4358,-1,
4363,4360,4355,-1,
4363,4355,4359,-1,
4364,4361,4311,-1,
4364,4309,4308,-1,
4364,4310,4309,-1,
4364,4311,4310,-1,
4364,4362,4361,-1,
4365,4359,4362,-1,
4365,4363,4359,-1,
4366,4365,4362,-1,
4366,4306,4305,-1,
4366,4307,4306,-1,
4366,4362,4364,-1,
4366,4308,4307,-1,
4366,4364,4308,-1,
4367,4369,4368,-1,
4367,4371,4370,-1,
4367,4370,4369,-1,
4372,4367,4368,-1,
4373,4367,4372,-1,
4373,4372,4374,-1,
4375,4347,4342,-1,
4375,4373,4374,-1,
4375,4374,4376,-1,
4377,4376,4378,-1,
4377,4347,4375,-1,
4377,4375,4376,-1,
4379,4325,4324,-1,
4379,4326,4325,-1,
4379,4327,4326,-1,
4379,4250,4327,-1,
4380,4378,4381,-1,
4382,4381,4379,-1,
4382,4379,4324,-1,
4382,4324,4323,-1,
4383,4378,4380,-1,
4384,4377,4378,-1,
4384,4347,4377,-1,
4384,4378,4383,-1,
4384,4353,4347,-1,
4385,4380,4381,-1,
4385,4383,4380,-1,
4385,4381,4382,-1,
4386,4383,4385,-1,
4387,4384,4383,-1,
4387,4353,4384,-1,
4387,4383,4386,-1,
4388,4382,4323,-1,
4388,4385,4382,-1,
4388,4386,4385,-1,
4388,4387,4386,-1,
4388,4322,4321,-1,
4388,4323,4322,-1,
4389,4387,4388,-1,
4389,4388,4321,-1,
4389,4321,4320,-1,
4390,4353,4387,-1,
4390,4387,4389,-1,
4390,4389,4320,-1,
4390,4320,4319,-1,
4390,4351,4353,-1,
4390,4319,4351,-1,
4391,4345,4350,-1,
4391,4272,4271,-1,
4391,4273,4272,-1,
4391,4274,4273,-1,
4391,4275,4274,-1,
4391,4271,4345,-1,
4392,4350,4356,-1,
4392,4391,4350,-1,
4393,4392,4356,-1,
4393,4391,4392,-1,
4394,4276,4275,-1,
4394,4391,4393,-1,
4394,4275,4391,-1,
4395,4282,4279,-1,
4395,4277,4276,-1,
4395,4278,4277,-1,
4395,4279,4278,-1,
4395,4283,4282,-1,
4395,4276,4394,-1,
4396,4356,4360,-1,
4396,4393,4356,-1,
4396,4394,4393,-1,
4397,4395,4394,-1,
4397,4394,4396,-1,
4398,4397,4396,-1,
4399,4284,4283,-1,
4399,4285,4284,-1,
4399,4283,4395,-1,
4399,4395,4397,-1,
4399,4397,4398,-1,
4400,4398,4396,-1,
4401,4360,4363,-1,
4401,4396,4360,-1,
4402,4400,4396,-1,
4402,4396,4401,-1,
4403,4402,4401,-1,
4404,4286,4285,-1,
4404,4285,4399,-1,
4404,4399,4398,-1,
4404,4398,4400,-1,
4404,4400,4402,-1,
4405,4286,4404,-1,
4405,4287,4286,-1,
4405,4402,4403,-1,
4405,4404,4402,-1,
4406,4403,4401,-1,
4407,4401,4363,-1,
4407,4363,4365,-1,
4408,4401,4407,-1,
4408,4406,4401,-1,
4409,4408,4407,-1,
4410,4288,4287,-1,
4410,4287,4405,-1,
4410,4405,4403,-1,
4410,4406,4408,-1,
4410,4403,4406,-1,
4411,4366,4305,-1,
4411,4305,4304,-1,
4411,4365,4366,-1,
4412,4409,4407,-1,
4413,4408,4409,-1,
4413,4409,4412,-1,
4413,4289,4288,-1,
4413,4290,4289,-1,
4413,4288,4410,-1,
4413,4410,4408,-1,
4414,4411,4304,-1,
4414,4365,4411,-1,
4414,4304,4303,-1,
4415,4414,4303,-1,
4415,4365,4414,-1,
4415,4407,4365,-1,
4416,4415,4303,-1,
4416,4407,4415,-1,
4416,4301,4300,-1,
4416,4302,4301,-1,
4416,4303,4302,-1,
4417,4416,4300,-1,
4417,4299,4298,-1,
4417,4412,4407,-1,
4417,4300,4299,-1,
4417,4407,4416,-1,
4418,4290,4413,-1,
4418,4413,4412,-1,
4418,4412,4417,-1,
4418,4291,4290,-1,
4419,4418,4417,-1,
4419,4417,4298,-1,
4419,4296,4295,-1,
4419,4297,4296,-1,
4419,4298,4297,-1,
4420,4418,4419,-1,
4420,4419,4295,-1,
4420,4294,4292,-1,
4420,4291,4418,-1,
4420,4292,4291,-1,
4420,4295,4294,-1,
4421,4257,4256,-1,
4421,4256,4422,-1,
4421,4422,4423,-1,
4424,4257,4421,-1,
4424,4421,4423,-1,
4424,4423,4425,-1,
4426,4424,4425,-1,
4427,4257,4424,-1,
4427,4424,4426,-1,
4428,4257,4427,-1,
4428,4427,4426,-1,
4429,4431,4430,-1,
4432,4429,4430,-1,
4433,4259,4258,-1,
4433,4258,4432,-1,
4434,4259,4433,-1,
4434,4328,4259,-1,
4435,4329,4328,-1,
4435,4328,4434,-1,
4436,4332,4329,-1,
4436,4329,4435,-1,
4437,4436,4367,-1,
4437,4367,4373,-1,
4437,4332,4436,-1,
4438,4335,4332,-1,
4438,4332,4437,-1,
4438,4437,4373,-1,
4439,4378,4376,-1,
4439,4379,4381,-1,
4439,4250,4379,-1,
4439,4381,4378,-1,
4439,4376,4374,-1,
4440,4335,4438,-1,
4440,4338,4335,-1,
4440,4438,4373,-1,
4441,4440,4373,-1,
4441,4338,4440,-1,
4442,4373,4375,-1,
4442,4375,4342,-1,
4442,4342,4338,-1,
4442,4441,4373,-1,
4442,4338,4441,-1,
4443,4254,4253,-1,
4444,4255,4254,-1,
4444,4254,4443,-1,
4445,4255,4444,-1,
4446,4255,4445,-1,
4447,4255,4446,-1,
4447,4256,4255,-1,
4447,4422,4256,-1,
4448,4430,4431,-1,
4449,4430,4448,-1,
4450,4430,4449,-1,
4451,4258,4257,-1,
4451,4257,4428,-1,
4451,4428,4431,-1,
4451,4432,4258,-1,
4451,4429,4432,-1,
4451,4431,4429,-1,
4452,4433,4432,-1,
4452,4434,4433,-1,
4452,4430,4371,-1,
4452,4435,4434,-1,
4452,4367,4436,-1,
4452,4436,4435,-1,
4452,4371,4367,-1,
4452,4432,4430,-1,
4453,4368,4369,-1,
4453,4369,4370,-1,
4453,4372,4368,-1,
4454,4448,4431,-1,
4455,4430,4450,-1,
4455,4371,4430,-1,
4456,4374,4372,-1,
4457,4428,4426,-1,
4458,4453,4370,-1,
4459,4445,4444,-1,
4460,4422,4447,-1,
4461,4458,4370,-1,
4461,4370,4371,-1,
4462,4372,4453,-1,
4462,4456,4372,-1,
4463,4455,4450,-1,
4463,4449,4448,-1,
4463,4450,4449,-1,
4463,4448,4454,-1,
4464,4461,4371,-1,
4464,4371,4455,-1,
4464,4455,4463,-1,
4465,4457,4426,-1,
4465,4425,4423,-1,
4465,4426,4425,-1,
4466,4250,4439,-1,
4466,4374,4456,-1,
4466,4439,4374,-1,
4467,4459,4444,-1,
4467,4444,4443,-1,
4468,4457,4465,-1,
4468,4428,4457,-1,
4468,4463,4454,-1,
4468,4431,4428,-1,
4468,4454,4431,-1,
4469,4251,4249,-1,
4469,4252,4251,-1,
4469,4253,4252,-1,
4469,4467,4443,-1,
4469,4443,4253,-1,
4470,4446,4445,-1,
4470,4447,4446,-1,
4470,4460,4447,-1,
4470,4469,4249,-1,
4470,4459,4467,-1,
4470,4467,4469,-1,
4470,4445,4459,-1,
4471,4460,4470,-1,
4471,4423,4422,-1,
4471,4422,4460,-1,
4471,4468,4465,-1,
4471,4465,4423,-1,
4471,4470,4468,-1,
4472,4461,4464,-1,
4472,4453,4458,-1,
4472,4462,4453,-1,
4472,4458,4461,-1,
4472,4464,4463,-1,
4472,4463,4468,-1,
4473,4249,4250,-1,
4473,4466,4456,-1,
4473,4456,4462,-1,
4473,4250,4466,-1,
4473,4462,4472,-1,
4473,4470,4249,-1,
4473,4468,4470,-1,
4473,4472,4468,-1,
4478,4476,4477,-1,
4479,4476,4478,-1,
4480,4476,4479,-1,
4481,4476,4480,-1,
4482,4476,4481,-1,
4483,4476,4482,-1,
4484,4474,4476,-1,
4484,4476,4483,-1,
4485,4474,4484,-1,
4486,4474,4485,-1,
4508,4486,4487,-1,
4508,4487,4488,-1,
4508,4488,4489,-1,
4508,4489,4490,-1,
4508,4490,4491,-1,
4508,4491,4492,-1,
4508,4492,4493,-1,
4508,4493,4494,-1,
4508,4494,4495,-1,
4508,4474,4486,-1,
4496,4508,4495,-1,
4497,4508,4496,-1,
4498,4508,4497,-1,
4499,4508,4498,-1,
4500,4508,4499,-1,
4501,4508,4500,-1,
4502,4508,4501,-1,
4503,4508,4502,-1,
4504,4508,4503,-1,
4505,4508,4504,-1,
4506,4508,4505,-1,
4475,4474,4508,-1,
4509,4475,4508,-1,
4532,4533,4509,-1,
4534,4475,4509,-1,
4534,4509,4533,-1,
4531,4532,4509,-1,
4535,4475,4534,-1,
4530,4531,4509,-1,
4536,4475,4535,-1,
4529,4530,4509,-1,
4537,4475,4536,-1,
4528,4529,4509,-1,
4527,4528,4509,-1,
4538,4475,4537,-1,
4526,4527,4509,-1,
4525,4526,4509,-1,
4524,4525,4509,-1,
4545,4538,4539,-1,
4545,4539,4540,-1,
4545,4540,4541,-1,
4545,4541,4542,-1,
4545,4475,4538,-1,
4543,4545,4542,-1,
4544,4545,4543,-1,
4523,4524,4509,-1,
4522,4523,4509,-1,
4521,4522,4509,-1,
4520,4521,4509,-1,
4519,4520,4509,-1,
4518,4519,4509,-1,
4517,4518,4509,-1,
4516,4517,4509,-1,
4515,4516,4509,-1,
4514,4515,4509,-1,
4513,4514,4509,-1,
4512,4513,4509,-1,
4511,4512,4509,-1,
4507,4508,4506,-1,
4509,4510,4511,-1,
4585,4583,4582,-1,
4585,4584,4583,-1,
4596,4595,4597,-1,
4631,4557,4556,-1,
4631,4558,4557,-1,
4632,4631,4556,-1,
4632,4558,4631,-1,
4633,4559,4558,-1,
4633,4560,4559,-1,
4633,4561,4560,-1,
4633,4558,4632,-1,
4634,4632,4635,-1,
4634,4633,4632,-1,
4636,4562,4561,-1,
4636,4563,4562,-1,
4636,4564,4563,-1,
4636,4561,4633,-1,
4637,4635,4638,-1,
4637,4634,4635,-1,
4639,4636,4633,-1,
4639,4633,4634,-1,
4640,4565,4564,-1,
4640,4566,4565,-1,
4640,4564,4636,-1,
4641,4637,4638,-1,
4641,4638,4642,-1,
4643,4634,4637,-1,
4643,4639,4634,-1,
4644,4640,4636,-1,
4644,4636,4639,-1,
4645,4567,4566,-1,
4645,4568,4567,-1,
4645,4569,4568,-1,
4645,4566,4640,-1,
4646,4641,4642,-1,
4646,4642,4647,-1,
4648,4637,4641,-1,
4648,4643,4637,-1,
4649,4644,4639,-1,
4649,4639,4643,-1,
4650,4640,4644,-1,
4650,4645,4640,-1,
4651,4647,4652,-1,
4651,4646,4647,-1,
4653,4641,4646,-1,
4653,4648,4641,-1,
4654,4643,4648,-1,
4654,4649,4643,-1,
4655,4644,4649,-1,
4655,4650,4644,-1,
4656,4652,4657,-1,
4656,4651,4652,-1,
4658,4653,4646,-1,
4658,4646,4651,-1,
4659,4654,4648,-1,
4659,4648,4653,-1,
4660,4649,4654,-1,
4660,4655,4649,-1,
4661,4620,4619,-1,
4661,4621,4620,-1,
4661,4622,4621,-1,
4661,4619,4662,-1,
4663,4657,4662,-1,
4663,4656,4657,-1,
4663,4617,4616,-1,
4663,4618,4617,-1,
4663,4619,4618,-1,
4663,4662,4619,-1,
4664,4651,4656,-1,
4664,4658,4651,-1,
4664,4614,4613,-1,
4665,4659,4653,-1,
4665,4653,4658,-1,
4666,4660,4654,-1,
4666,4654,4659,-1,
4667,4663,4616,-1,
4667,4664,4656,-1,
4667,4614,4664,-1,
4667,4615,4614,-1,
4667,4616,4615,-1,
4667,4656,4663,-1,
4668,4665,4658,-1,
4668,4610,4609,-1,
4668,4611,4610,-1,
4668,4664,4613,-1,
4668,4612,4611,-1,
4668,4613,4612,-1,
4668,4658,4664,-1,
4669,4659,4665,-1,
4669,4666,4659,-1,
4670,4665,4668,-1,
4670,4607,4606,-1,
4670,4608,4607,-1,
4670,4609,4608,-1,
4670,4668,4609,-1,
4670,4669,4665,-1,
4671,4548,4546,-1,
4671,4549,4548,-1,
4671,4550,4549,-1,
4671,4551,4550,-1,
4672,4552,4551,-1,
4672,4551,4671,-1,
4673,4553,4552,-1,
4673,4552,4672,-1,
4673,4554,4553,-1,
4674,4673,4672,-1,
4675,4672,4671,-1,
4675,4674,4672,-1,
4676,4555,4554,-1,
4676,4554,4673,-1,
4677,4673,4674,-1,
4678,4674,4675,-1,
4679,4556,4555,-1,
4679,4555,4676,-1,
4679,4632,4556,-1,
4679,4635,4632,-1,
4680,4676,4673,-1,
4680,4635,4679,-1,
4680,4673,4677,-1,
4680,4679,4676,-1,
4681,4680,4677,-1,
4681,4674,4678,-1,
4681,4677,4674,-1,
4682,4681,4678,-1,
4682,4678,4675,-1,
4683,4635,4680,-1,
4683,4638,4635,-1,
4683,4680,4681,-1,
4683,4681,4682,-1,
4684,4638,4683,-1,
4684,4682,4685,-1,
4684,4683,4682,-1,
4686,4638,4684,-1,
4686,4684,4685,-1,
4686,4642,4638,-1,
4687,4686,4685,-1,
4688,4686,4687,-1,
4688,4687,4689,-1,
4690,4692,4691,-1,
4690,4694,4693,-1,
4690,4693,4692,-1,
4690,4688,4689,-1,
4690,4689,4694,-1,
4695,4691,4696,-1,
4695,4690,4691,-1,
4697,4570,4569,-1,
4697,4571,4570,-1,
4697,4645,4650,-1,
4697,4569,4645,-1,
4698,4571,4697,-1,
4698,4572,4571,-1,
4698,4697,4650,-1,
4699,4698,4650,-1,
4699,4572,4698,-1,
4700,4573,4572,-1,
4700,4574,4573,-1,
4700,4575,4574,-1,
4700,4572,4699,-1,
4701,4576,4575,-1,
4701,4577,4576,-1,
4701,4575,4700,-1,
4702,4650,4655,-1,
4702,4701,4700,-1,
4702,4699,4650,-1,
4702,4700,4699,-1,
4703,4701,4702,-1,
4704,4579,4578,-1,
4704,4580,4579,-1,
4704,4581,4580,-1,
4705,4577,4701,-1,
4705,4578,4577,-1,
4705,4704,4578,-1,
4705,4701,4703,-1,
4706,4582,4581,-1,
4706,4586,4585,-1,
4706,4585,4582,-1,
4706,4581,4704,-1,
4707,4587,4586,-1,
4707,4704,4705,-1,
4707,4586,4706,-1,
4707,4706,4704,-1,
4708,4655,4660,-1,
4708,4702,4655,-1,
4709,4703,4702,-1,
4710,4709,4702,-1,
4710,4702,4708,-1,
4711,4710,4708,-1,
4712,4703,4709,-1,
4712,4588,4587,-1,
4712,4589,4588,-1,
4712,4587,4707,-1,
4712,4709,4710,-1,
4712,4705,4703,-1,
4712,4707,4705,-1,
4713,4660,4666,-1,
4713,4708,4660,-1,
4714,4711,4708,-1,
4715,4712,4710,-1,
4715,4711,4714,-1,
4715,4590,4589,-1,
4715,4710,4711,-1,
4715,4589,4712,-1,
4716,4714,4708,-1,
4716,4708,4713,-1,
4717,4716,4713,-1,
4718,4715,4714,-1,
4718,4590,4715,-1,
4718,4591,4590,-1,
4718,4714,4716,-1,
4719,4717,4713,-1,
4720,4713,4666,-1,
4720,4666,4669,-1,
4721,4718,4716,-1,
4721,4716,4717,-1,
4721,4591,4718,-1,
4721,4592,4591,-1,
4721,4717,4719,-1,
4722,4713,4720,-1,
4722,4602,4601,-1,
4723,4713,4722,-1,
4723,4719,4713,-1,
4724,4670,4606,-1,
4724,4720,4669,-1,
4724,4605,4604,-1,
4724,4606,4605,-1,
4724,4669,4670,-1,
4725,4602,4722,-1,
4725,4720,4724,-1,
4725,4724,4604,-1,
4725,4603,4602,-1,
4725,4604,4603,-1,
4725,4722,4720,-1,
4726,4719,4723,-1,
4726,4592,4721,-1,
4726,4721,4719,-1,
4726,4593,4592,-1,
4726,4594,4593,-1,
4727,4722,4601,-1,
4727,4595,4594,-1,
4727,4598,4597,-1,
4727,4594,4726,-1,
4727,4599,4598,-1,
4727,4600,4599,-1,
4727,4601,4600,-1,
4727,4597,4595,-1,
4727,4723,4722,-1,
4727,4726,4723,-1,
4728,4687,4685,-1,
4728,4685,4682,-1,
4728,4671,4546,-1,
4728,4682,4675,-1,
4728,4675,4671,-1,
4729,4642,4686,-1,
4729,4647,4642,-1,
4730,4729,4686,-1,
4730,4686,4688,-1,
4730,4652,4647,-1,
4730,4647,4729,-1,
4731,4652,4730,-1,
4731,4730,4688,-1,
4732,4657,4652,-1,
4732,4652,4731,-1,
4732,4731,4688,-1,
4733,4662,4657,-1,
4733,4688,4690,-1,
4733,4657,4732,-1,
4733,4732,4688,-1,
4734,4733,4690,-1,
4734,4662,4733,-1,
4735,4734,4690,-1,
4735,4662,4734,-1,
4735,4661,4662,-1,
4736,4690,4695,-1,
4737,4622,4661,-1,
4737,4735,4690,-1,
4737,4661,4735,-1,
4737,4623,4622,-1,
4737,4690,4736,-1,
4737,4736,4623,-1,
4738,4695,4739,-1,
4738,4736,4695,-1,
4738,4623,4736,-1,
4740,4624,4623,-1,
4740,4738,4739,-1,
4740,4623,4738,-1,
4741,4624,4740,-1,
4741,4740,4739,-1,
4742,4624,4741,-1,
4742,4625,4624,-1,
4743,4625,4742,-1,
4744,4746,4745,-1,
4744,4625,4743,-1,
4744,4743,4747,-1,
4744,4747,4746,-1,
4748,4745,4749,-1,
4748,4625,4744,-1,
4748,4744,4745,-1,
4748,4626,4625,-1,
4750,4696,4691,-1,
4750,4691,4692,-1,
4750,4693,4694,-1,
4750,4692,4693,-1,
4750,4694,4689,-1,
4751,4741,4739,-1,
4751,4742,4741,-1,
4751,4739,4752,-1,
4753,4742,4751,-1,
4754,4742,4753,-1,
4755,4626,4748,-1,
4756,4626,4755,-1,
4756,4627,4626,-1,
4757,4627,4756,-1,
4758,4627,4757,-1,
4759,4627,4758,-1,
4759,4628,4627,-1,
4760,4752,4739,-1,
4761,4742,4754,-1,
4762,4745,4746,-1,
4762,4749,4745,-1,
4762,4746,4747,-1,
4763,4750,4689,-1,
4764,4760,4739,-1,
4764,4739,4695,-1,
4765,4749,4762,-1,
4765,4748,4749,-1,
4765,4755,4748,-1,
4766,4758,4757,-1,
4766,4759,4758,-1,
4767,4764,4695,-1,
4768,4761,4754,-1,
4768,4751,4752,-1,
4768,4753,4751,-1,
4768,4754,4753,-1,
4769,4747,4743,-1,
4769,4762,4747,-1,
4770,4629,4628,-1,
4770,4630,4629,-1,
4770,4547,4630,-1,
4771,4763,4689,-1,
4771,4689,4687,-1,
4772,4767,4695,-1,
4773,4756,4755,-1,
4774,4766,4757,-1,
4775,4772,4695,-1,
4776,4768,4752,-1,
4777,4769,4743,-1,
4778,4770,4628,-1,
4778,4547,4770,-1,
4779,4771,4687,-1,
4780,4695,4696,-1,
4780,4775,4695,-1,
4781,4755,4765,-1,
4781,4765,4762,-1,
4781,4769,4777,-1,
4781,4773,4755,-1,
4781,4762,4769,-1,
4782,4774,4757,-1,
4783,4780,4696,-1,
4784,4776,4752,-1,
4784,4775,4780,-1,
4784,4780,4783,-1,
4784,4752,4760,-1,
4784,4760,4764,-1,
4784,4772,4775,-1,
4784,4764,4767,-1,
4784,4767,4772,-1,
4785,4742,4761,-1,
4785,4743,4742,-1,
4785,4776,4784,-1,
4785,4781,4777,-1,
4785,4761,4768,-1,
4785,4768,4776,-1,
4785,4777,4743,-1,
4786,4547,4778,-1,
4786,4774,4782,-1,
4786,4628,4759,-1,
4786,4759,4766,-1,
4786,4778,4628,-1,
4786,4766,4774,-1,
4787,4546,4547,-1,
4787,4779,4687,-1,
4787,4687,4728,-1,
4787,4728,4546,-1,
4788,4785,4784,-1,
4788,4771,4779,-1,
4788,4783,4696,-1,
4788,4787,4785,-1,
4788,4779,4787,-1,
4788,4696,4750,-1,
4788,4750,4763,-1,
4788,4763,4771,-1,
4788,4784,4783,-1,
4789,4773,4781,-1,
4789,4547,4786,-1,
4789,4782,4757,-1,
4789,4785,4787,-1,
4789,4757,4756,-1,
4789,4756,4773,-1,
4789,4781,4785,-1,
4789,4786,4782,-1,
4789,4787,4547,-1,
4827,4826,4825,-1,
4838,4837,4839,-1,
4873,4801,4800,-1,
4873,4802,4801,-1,
4874,4802,4873,-1,
4874,4803,4802,-1,
4874,4804,4803,-1,
4874,4805,4804,-1,
4875,4873,4876,-1,
4875,4874,4873,-1,
4877,4806,4805,-1,
4877,4807,4806,-1,
4877,4808,4807,-1,
4877,4805,4874,-1,
4878,4875,4876,-1,
4878,4876,4879,-1,
4880,4877,4874,-1,
4880,4874,4875,-1,
4881,4809,4808,-1,
4881,4810,4809,-1,
4881,4811,4810,-1,
4881,4808,4877,-1,
4882,4878,4879,-1,
4882,4879,4883,-1,
4884,4875,4878,-1,
4884,4880,4875,-1,
4885,4877,4880,-1,
4885,4881,4877,-1,
4886,4812,4811,-1,
4886,4813,4812,-1,
4886,4811,4881,-1,
4887,4882,4883,-1,
4887,4883,4888,-1,
4889,4884,4878,-1,
4889,4878,4882,-1,
4890,4880,4884,-1,
4890,4885,4880,-1,
4891,4881,4885,-1,
4891,4886,4881,-1,
4892,4888,4893,-1,
4892,4887,4888,-1,
4894,4889,4882,-1,
4894,4882,4887,-1,
4895,4884,4889,-1,
4895,4890,4884,-1,
4896,4891,4885,-1,
4896,4885,4890,-1,
4897,4892,4893,-1,
4897,4893,4898,-1,
4899,4887,4892,-1,
4899,4894,4887,-1,
4900,4895,4889,-1,
4900,4889,4894,-1,
4901,4890,4895,-1,
4901,4896,4890,-1,
4902,4861,4903,-1,
4902,4862,4861,-1,
4902,4863,4862,-1,
4902,4864,4863,-1,
4904,4903,4861,-1,
4904,4859,4858,-1,
4904,4860,4859,-1,
4904,4861,4860,-1,
4904,4898,4903,-1,
4904,4897,4898,-1,
4905,4899,4892,-1,
4905,4892,4897,-1,
4905,4856,4855,-1,
4906,4900,4894,-1,
4906,4894,4899,-1,
4907,4895,4900,-1,
4907,4901,4895,-1,
4908,4905,4897,-1,
4908,4904,4858,-1,
4908,4856,4905,-1,
4908,4857,4856,-1,
4908,4858,4857,-1,
4908,4897,4904,-1,
4909,4899,4905,-1,
4909,4906,4899,-1,
4909,4905,4855,-1,
4909,4852,4851,-1,
4909,4853,4852,-1,
4909,4854,4853,-1,
4909,4855,4854,-1,
4910,4907,4900,-1,
4910,4900,4906,-1,
4911,4909,4851,-1,
4911,4849,4848,-1,
4911,4850,4849,-1,
4911,4851,4850,-1,
4911,4906,4909,-1,
4911,4910,4906,-1,
4912,4792,4790,-1,
4912,4793,4792,-1,
4912,4794,4793,-1,
4912,4795,4794,-1,
4913,4796,4795,-1,
4913,4795,4912,-1,
4914,4797,4796,-1,
4914,4798,4797,-1,
4914,4796,4913,-1,
4915,4914,4913,-1,
4916,4913,4912,-1,
4916,4915,4913,-1,
4917,4798,4914,-1,
4917,4799,4798,-1,
4918,4914,4915,-1,
4919,4915,4916,-1,
4920,4873,4800,-1,
4920,4800,4799,-1,
4920,4876,4873,-1,
4920,4799,4917,-1,
4921,4876,4920,-1,
4921,4917,4914,-1,
4921,4920,4917,-1,
4921,4914,4918,-1,
4922,4921,4918,-1,
4922,4918,4915,-1,
4922,4915,4919,-1,
4923,4922,4919,-1,
4923,4919,4916,-1,
4924,4922,4923,-1,
4924,4876,4921,-1,
4924,4879,4876,-1,
4924,4921,4922,-1,
4925,4924,4923,-1,
4925,4923,4926,-1,
4925,4879,4924,-1,
4927,4925,4926,-1,
4927,4879,4925,-1,
4927,4883,4879,-1,
4928,4927,4926,-1,
4929,4927,4928,-1,
4929,4928,4930,-1,
4931,4930,4932,-1,
4931,4932,4933,-1,
4931,4933,4934,-1,
4931,4934,4935,-1,
4931,4929,4930,-1,
4936,4935,4937,-1,
4936,4931,4935,-1,
4938,4814,4813,-1,
4938,4815,4814,-1,
4938,4886,4891,-1,
4938,4813,4886,-1,
4939,4816,4815,-1,
4939,4815,4938,-1,
4939,4938,4891,-1,
4940,4816,4939,-1,
4940,4817,4816,-1,
4940,4818,4817,-1,
4941,4819,4818,-1,
4941,4820,4819,-1,
4941,4818,4940,-1,
4942,4939,4891,-1,
4942,4891,4896,-1,
4942,4940,4939,-1,
4942,4941,4940,-1,
4943,4941,4942,-1,
4944,4822,4821,-1,
4944,4823,4822,-1,
4945,4944,4821,-1,
4945,4821,4820,-1,
4945,4941,4943,-1,
4945,4820,4941,-1,
4946,4823,4944,-1,
4946,4824,4823,-1,
4946,4825,4824,-1,
4946,4828,4827,-1,
4946,4827,4825,-1,
4947,4944,4945,-1,
4947,4829,4828,-1,
4947,4946,4944,-1,
4947,4828,4946,-1,
4948,4896,4901,-1,
4948,4942,4896,-1,
4949,4943,4942,-1,
4950,4942,4948,-1,
4950,4949,4942,-1,
4951,4950,4948,-1,
4952,4945,4943,-1,
4952,4830,4829,-1,
4952,4831,4830,-1,
4952,4947,4945,-1,
4952,4829,4947,-1,
4952,4943,4949,-1,
4952,4949,4950,-1,
4953,4901,4907,-1,
4953,4948,4901,-1,
4954,4951,4948,-1,
4955,4952,4950,-1,
4955,4951,4954,-1,
4955,4832,4831,-1,
4955,4831,4952,-1,
4955,4950,4951,-1,
4956,4948,4953,-1,
4956,4954,4948,-1,
4957,4956,4953,-1,
4958,4832,4955,-1,
4958,4954,4956,-1,
4958,4833,4832,-1,
4958,4955,4954,-1,
4959,4957,4953,-1,
4960,4953,4907,-1,
4960,4907,4910,-1,
4961,4956,4957,-1,
4961,4957,4959,-1,
4961,4833,4958,-1,
4961,4834,4833,-1,
4961,4958,4956,-1,
4962,4953,4960,-1,
4962,4844,4843,-1,
4963,4959,4953,-1,
4963,4953,4962,-1,
4964,4960,4910,-1,
4964,4911,4848,-1,
4964,4847,4846,-1,
4964,4848,4847,-1,
4964,4910,4911,-1,
4965,4844,4962,-1,
4965,4964,4846,-1,
4965,4845,4844,-1,
4965,4846,4845,-1,
4965,4960,4964,-1,
4965,4962,4960,-1,
4966,4959,4963,-1,
4966,4961,4959,-1,
4966,4834,4961,-1,
4966,4835,4834,-1,
4966,4836,4835,-1,
4967,4962,4843,-1,
4967,4836,4966,-1,
4967,4966,4963,-1,
4967,4837,4836,-1,
4967,4839,4837,-1,
4967,4840,4839,-1,
4967,4841,4840,-1,
4967,4842,4841,-1,
4967,4843,4842,-1,
4967,4963,4962,-1,
4968,4923,4916,-1,
4968,4926,4923,-1,
4968,4912,4790,-1,
4968,4928,4926,-1,
4968,4916,4912,-1,
4969,4883,4927,-1,
4969,4888,4883,-1,
4970,4927,4929,-1,
4970,4893,4888,-1,
4970,4969,4927,-1,
4970,4888,4969,-1,
4971,4970,4929,-1,
4971,4893,4970,-1,
4972,4971,4929,-1,
4972,4893,4971,-1,
4972,4898,4893,-1,
4973,4929,4931,-1,
4973,4972,4929,-1,
4973,4898,4972,-1,
4973,4903,4898,-1,
4974,4973,4931,-1,
4974,4903,4973,-1,
4975,4974,4931,-1,
4975,4903,4974,-1,
4975,4902,4903,-1,
4976,4931,4936,-1,
4977,4864,4902,-1,
4977,4931,4976,-1,
4977,4902,4975,-1,
4977,4976,4865,-1,
4977,4865,4864,-1,
4977,4975,4931,-1,
4978,4936,4979,-1,
4978,4976,4936,-1,
4978,4865,4976,-1,
4980,4978,4979,-1,
4980,4866,4865,-1,
4980,4865,4978,-1,
4981,4980,4979,-1,
4981,4866,4980,-1,
4982,4867,4866,-1,
4982,4866,4981,-1,
4983,4867,4982,-1,
4984,4867,4983,-1,
4984,4983,4985,-1,
4984,4985,4986,-1,
4984,4986,4987,-1,
4988,4987,4989,-1,
4988,4867,4984,-1,
4988,4984,4987,-1,
4988,4868,4867,-1,
4990,4932,4930,-1,
4990,4933,4932,-1,
4990,4934,4933,-1,
4990,4935,4934,-1,
4990,4937,4935,-1,
4991,4981,4979,-1,
4991,4979,4992,-1,
4991,4982,4981,-1,
4993,4982,4991,-1,
4994,4982,4993,-1,
4995,4868,4988,-1,
4996,4868,4995,-1,
4996,4869,4868,-1,
4997,4869,4996,-1,
4998,4869,4997,-1,
4999,4869,4998,-1,
4999,4870,4869,-1,
5000,4992,4979,-1,
5001,4982,4994,-1,
5002,4989,4987,-1,
5002,4986,4985,-1,
5002,4987,4986,-1,
5003,4990,4930,-1,
5004,4979,4936,-1,
5004,5000,4979,-1,
5005,4988,4989,-1,
5005,4989,5002,-1,
5005,4995,4988,-1,
5006,4998,4997,-1,
5006,4999,4998,-1,
5007,5004,4936,-1,
5008,4993,4991,-1,
5008,4991,4992,-1,
5008,5001,4994,-1,
5008,4994,4993,-1,
5009,5002,4985,-1,
5009,4985,4983,-1,
5010,4871,4870,-1,
5010,4872,4871,-1,
5010,4791,4872,-1,
5011,4930,4928,-1,
5011,5003,4930,-1,
5012,5007,4936,-1,
5013,4996,4995,-1,
5014,5006,4997,-1,
5015,5008,4992,-1,
5016,5009,4983,-1,
5017,4791,5010,-1,
5017,5010,4870,-1,
5018,5011,4928,-1,
5019,4936,4937,-1,
5019,5012,4936,-1,
5020,5013,4995,-1,
5021,5014,4997,-1,
5022,5019,4937,-1,
5023,5019,5022,-1,
5023,4992,5000,-1,
5023,5000,5004,-1,
5023,5004,5007,-1,
5023,5015,4992,-1,
5023,5007,5012,-1,
5023,5012,5019,-1,
5024,4983,4982,-1,
5024,5015,5023,-1,
5024,5001,5008,-1,
5024,5008,5015,-1,
5024,5016,4983,-1,
5024,4982,5001,-1,
5025,5014,5021,-1,
5025,4999,5006,-1,
5025,4870,4999,-1,
5025,4791,5017,-1,
5025,5017,4870,-1,
5025,5006,5014,-1,
5026,4790,4791,-1,
5026,4968,4790,-1,
5026,5018,4928,-1,
5026,4928,4968,-1,
5027,4937,4990,-1,
5027,5018,5026,-1,
5027,4990,5003,-1,
5027,5011,5018,-1,
5027,5003,5011,-1,
5027,5024,5023,-1,
5027,5026,5024,-1,
5027,5023,5022,-1,
5027,5022,4937,-1,
5028,5016,5024,-1,
5028,4995,5005,-1,
5028,5005,5002,-1,
5028,5002,5009,-1,
5028,5009,5016,-1,
5028,5020,4995,-1,
5029,5013,5020,-1,
5029,5025,5021,-1,
5029,5026,4791,-1,
5029,4791,5025,-1,
5029,5028,5024,-1,
5029,5020,5028,-1,
5029,5021,4997,-1,
5029,4997,4996,-1,
5029,4996,5013,-1,
5029,5024,5026,-1,
5063,5060,5059,-1,
5063,5061,5060,-1,
5063,5062,5061,-1,
5074,5073,5075,-1,
5111,5041,5040,-1,
5111,5042,5041,-1,
5112,5042,5111,-1,
5113,5043,5042,-1,
5113,5044,5043,-1,
5113,5042,5112,-1,
5114,5112,5115,-1,
5114,5113,5112,-1,
5116,5045,5044,-1,
5116,5046,5045,-1,
5116,5044,5113,-1,
5117,5114,5115,-1,
5117,5115,5118,-1,
5119,5046,5116,-1,
5119,5047,5046,-1,
5119,5113,5114,-1,
5119,5116,5113,-1,
5120,5117,5118,-1,
5120,5118,5121,-1,
5122,5114,5117,-1,
5122,5119,5114,-1,
5123,5048,5047,-1,
5123,5049,5048,-1,
5123,5047,5119,-1,
5124,5120,5121,-1,
5124,5121,5125,-1,
5126,5117,5120,-1,
5126,5122,5117,-1,
5127,5119,5122,-1,
5127,5123,5119,-1,
5128,5050,5049,-1,
5128,5051,5050,-1,
5128,5052,5051,-1,
5128,5049,5123,-1,
5129,5125,5130,-1,
5129,5124,5125,-1,
5131,5126,5120,-1,
5131,5120,5124,-1,
5132,5122,5126,-1,
5132,5127,5122,-1,
5133,5123,5127,-1,
5133,5128,5123,-1,
5134,5101,5100,-1,
5134,5102,5101,-1,
5135,5130,5136,-1,
5135,5129,5130,-1,
5137,5124,5129,-1,
5137,5131,5124,-1,
5138,5132,5126,-1,
5138,5126,5131,-1,
5139,5133,5127,-1,
5139,5127,5132,-1,
5140,5136,5134,-1,
5140,5098,5097,-1,
5140,5099,5098,-1,
5140,5100,5099,-1,
5140,5135,5136,-1,
5140,5134,5100,-1,
5141,5137,5129,-1,
5141,5129,5135,-1,
5142,5131,5137,-1,
5142,5138,5131,-1,
5143,5139,5132,-1,
5143,5132,5138,-1,
5144,5141,5135,-1,
5144,5140,5097,-1,
5144,5135,5140,-1,
5144,5095,5094,-1,
5144,5096,5095,-1,
5144,5097,5096,-1,
5145,5137,5141,-1,
5145,5142,5137,-1,
5146,5143,5138,-1,
5146,5138,5142,-1,
5147,5145,5141,-1,
5147,5141,5144,-1,
5147,5144,5094,-1,
5147,5093,5092,-1,
5147,5094,5093,-1,
5148,5146,5142,-1,
5148,5142,5145,-1,
5149,5148,5145,-1,
5149,5088,5087,-1,
5149,5089,5088,-1,
5149,5090,5089,-1,
5149,5091,5090,-1,
5149,5145,5147,-1,
5149,5092,5091,-1,
5149,5147,5092,-1,
5150,5040,5039,-1,
5150,5111,5040,-1,
5151,5112,5111,-1,
5151,5111,5150,-1,
5152,5154,5153,-1,
5152,5130,5125,-1,
5152,5153,5155,-1,
5156,5152,5155,-1,
5156,5130,5152,-1,
5156,5155,5157,-1,
5158,5108,5107,-1,
5158,5109,5108,-1,
5158,5110,5109,-1,
5158,5031,5110,-1,
5159,5157,5160,-1,
5161,5160,5158,-1,
5161,5107,5106,-1,
5161,5158,5107,-1,
5162,5157,5159,-1,
5163,5130,5156,-1,
5163,5156,5157,-1,
5163,5136,5130,-1,
5163,5157,5162,-1,
5164,5160,5161,-1,
5164,5159,5160,-1,
5164,5162,5159,-1,
5165,5162,5164,-1,
5166,5163,5162,-1,
5166,5162,5165,-1,
5166,5136,5163,-1,
5167,5166,5165,-1,
5167,5164,5161,-1,
5167,5161,5106,-1,
5167,5165,5164,-1,
5167,5105,5104,-1,
5167,5106,5105,-1,
5168,5166,5167,-1,
5168,5167,5104,-1,
5168,5104,5103,-1,
5169,5136,5166,-1,
5169,5166,5168,-1,
5169,5168,5103,-1,
5169,5102,5134,-1,
5169,5134,5136,-1,
5169,5103,5102,-1,
5170,5052,5128,-1,
5170,5053,5052,-1,
5170,5128,5133,-1,
5171,5053,5170,-1,
5171,5054,5053,-1,
5171,5055,5054,-1,
5171,5056,5055,-1,
5172,5133,5139,-1,
5172,5171,5170,-1,
5172,5170,5133,-1,
5173,5056,5171,-1,
5173,5171,5172,-1,
5174,5057,5056,-1,
5174,5058,5057,-1,
5174,5059,5058,-1,
5174,5064,5063,-1,
5174,5063,5059,-1,
5174,5056,5173,-1,
5175,5172,5139,-1,
5175,5139,5143,-1,
5175,5173,5172,-1,
5176,5174,5173,-1,
5176,5173,5175,-1,
5177,5176,5175,-1,
5178,5065,5064,-1,
5178,5066,5065,-1,
5178,5064,5174,-1,
5178,5174,5176,-1,
5178,5176,5177,-1,
5179,5177,5175,-1,
5180,5143,5146,-1,
5180,5175,5143,-1,
5181,5179,5175,-1,
5181,5175,5180,-1,
5182,5181,5180,-1,
5183,5067,5066,-1,
5183,5066,5178,-1,
5183,5179,5181,-1,
5183,5178,5177,-1,
5183,5177,5179,-1,
5184,5068,5067,-1,
5184,5067,5183,-1,
5184,5183,5181,-1,
5184,5181,5182,-1,
5185,5182,5180,-1,
5186,5146,5148,-1,
5186,5180,5146,-1,
5187,5185,5180,-1,
5187,5180,5186,-1,
5188,5187,5186,-1,
5189,5185,5187,-1,
5189,5069,5068,-1,
5189,5068,5184,-1,
5189,5184,5182,-1,
5189,5182,5185,-1,
5190,5188,5186,-1,
5191,5188,5190,-1,
5191,5189,5187,-1,
5191,5070,5069,-1,
5191,5071,5070,-1,
5191,5187,5188,-1,
5191,5069,5189,-1,
5192,5148,5149,-1,
5192,5149,5087,-1,
5192,5086,5085,-1,
5192,5087,5086,-1,
5193,5148,5192,-1,
5193,5192,5085,-1,
5193,5186,5148,-1,
5194,5193,5085,-1,
5194,5085,5084,-1,
5194,5186,5193,-1,
5195,5186,5194,-1,
5195,5194,5084,-1,
5195,5082,5081,-1,
5195,5083,5082,-1,
5195,5084,5083,-1,
5196,5190,5186,-1,
5196,5195,5081,-1,
5196,5186,5195,-1,
5196,5080,5079,-1,
5196,5081,5080,-1,
5196,5191,5190,-1,
5197,5071,5191,-1,
5197,5191,5196,-1,
5197,5072,5071,-1,
5198,5196,5079,-1,
5198,5077,5076,-1,
5198,5078,5077,-1,
5198,5079,5078,-1,
5198,5197,5196,-1,
5199,5197,5198,-1,
5199,5198,5076,-1,
5199,5075,5073,-1,
5199,5072,5197,-1,
5199,5073,5072,-1,
5199,5076,5075,-1,
5200,5038,5037,-1,
5200,5037,5201,-1,
5200,5201,5202,-1,
5203,5038,5200,-1,
5203,5200,5202,-1,
5203,5202,5204,-1,
5205,5203,5204,-1,
5206,5038,5203,-1,
5206,5203,5205,-1,
5207,5038,5206,-1,
5207,5206,5205,-1,
5208,5210,5209,-1,
5211,5208,5209,-1,
5211,5150,5208,-1,
5211,5209,5212,-1,
5213,5150,5211,-1,
5213,5151,5150,-1,
5214,5211,5212,-1,
5214,5213,5211,-1,
5214,5151,5213,-1,
5215,5118,5115,-1,
5215,5216,5154,-1,
5217,5215,5154,-1,
5217,5118,5215,-1,
5218,5031,5158,-1,
5218,5158,5160,-1,
5218,5157,5155,-1,
5218,5155,5153,-1,
5218,5160,5157,-1,
5219,5154,5152,-1,
5219,5121,5118,-1,
5219,5118,5217,-1,
5219,5217,5154,-1,
5220,5152,5125,-1,
5220,5219,5152,-1,
5220,5125,5121,-1,
5220,5121,5219,-1,
5221,5035,5034,-1,
5222,5036,5035,-1,
5222,5035,5221,-1,
5223,5036,5222,-1,
5224,5036,5223,-1,
5225,5036,5224,-1,
5225,5037,5036,-1,
5225,5201,5037,-1,
5226,5209,5210,-1,
5227,5209,5226,-1,
5228,5209,5227,-1,
5229,5038,5207,-1,
5229,5150,5039,-1,
5229,5039,5038,-1,
5229,5207,5210,-1,
5229,5208,5150,-1,
5229,5210,5208,-1,
5230,5232,5231,-1,
5230,5231,5233,-1,
5230,5153,5232,-1,
5234,5153,5154,-1,
5234,5154,5216,-1,
5234,5216,5214,-1,
5234,5212,5233,-1,
5234,5231,5232,-1,
5234,5233,5231,-1,
5234,5232,5153,-1,
5234,5214,5212,-1,
5235,5115,5112,-1,
5235,5151,5214,-1,
5235,5215,5115,-1,
5235,5214,5216,-1,
5235,5216,5215,-1,
5235,5112,5151,-1,
5236,5032,5030,-1,
5236,5033,5032,-1,
5237,5204,5202,-1,
5237,5205,5204,-1,
5238,5210,5207,-1,
5238,5226,5210,-1,
5239,5209,5228,-1,
5240,5222,5221,-1,
5241,5225,5224,-1,
5241,5224,5223,-1,
5242,5201,5225,-1,
5242,5237,5202,-1,
5242,5202,5201,-1,
5243,5209,5239,-1,
5243,5212,5209,-1,
5244,5153,5230,-1,
5245,5034,5033,-1,
5245,5033,5236,-1,
5245,5236,5030,-1,
5246,5205,5237,-1,
5246,5237,5242,-1,
5247,5226,5238,-1,
5248,5212,5243,-1,
5249,5223,5222,-1,
5249,5222,5240,-1,
5250,5225,5241,-1,
5251,5212,5248,-1,
5252,5153,5244,-1,
5253,5034,5245,-1,
5253,5245,5030,-1,
5254,5205,5246,-1,
5255,5226,5247,-1,
5256,5212,5251,-1,
5257,5223,5249,-1,
5258,5225,5250,-1,
5259,5212,5256,-1,
5260,5153,5252,-1,
5261,5221,5034,-1,
5261,5240,5221,-1,
5261,5257,5249,-1,
5261,5034,5253,-1,
5261,5249,5240,-1,
5261,5253,5030,-1,
5262,5238,5207,-1,
5262,5207,5205,-1,
5262,5247,5238,-1,
5262,5255,5247,-1,
5262,5205,5254,-1,
5263,5227,5226,-1,
5263,5239,5228,-1,
5263,5228,5227,-1,
5263,5248,5243,-1,
5263,5251,5248,-1,
5263,5256,5251,-1,
5263,5226,5255,-1,
5263,5255,5262,-1,
5263,5243,5239,-1,
5263,5259,5256,-1,
5264,5259,5263,-1,
5264,5212,5259,-1,
5265,5261,5030,-1,
5265,5241,5223,-1,
5265,5223,5257,-1,
5265,5258,5250,-1,
5265,5257,5261,-1,
5265,5250,5241,-1,
5266,5262,5254,-1,
5266,5246,5242,-1,
5266,5254,5246,-1,
5266,5225,5258,-1,
5266,5265,5262,-1,
5266,5258,5265,-1,
5266,5242,5225,-1,
5267,5244,5230,-1,
5267,5212,5264,-1,
5267,5260,5252,-1,
5267,5263,5262,-1,
5267,5252,5244,-1,
5267,5233,5212,-1,
5267,5264,5263,-1,
5267,5230,5233,-1,
5268,5030,5031,-1,
5268,5265,5030,-1,
5268,5031,5218,-1,
5268,5267,5262,-1,
5268,5153,5260,-1,
5268,5218,5153,-1,
5268,5260,5267,-1,
5268,5262,5265,-1,
5317,5310,5311,-1,
5317,5311,5312,-1,
5317,5312,5313,-1,
5317,5313,5314,-1,
5317,5314,5315,-1,
5317,5315,5316,-1,
5318,5310,5317,-1,
5318,5297,5298,-1,
5318,5298,5299,-1,
5318,5299,5300,-1,
5318,5300,5301,-1,
5318,5301,5302,-1,
5318,5302,5303,-1,
5318,5303,5304,-1,
5318,5304,5305,-1,
5318,5305,5306,-1,
5318,5306,5307,-1,
5318,5307,5308,-1,
5318,5308,5309,-1,
5318,5309,5310,-1,
5340,5296,5339,-1,
5338,5339,5296,-1,
5341,5296,5340,-1,
5337,5338,5296,-1,
5342,5296,5341,-1,
5336,5337,5296,-1,
5343,5296,5342,-1,
5335,5336,5296,-1,
5344,5296,5343,-1,
5334,5335,5296,-1,
5345,5296,5344,-1,
5333,5334,5296,-1,
5346,5296,5345,-1,
5332,5333,5296,-1,
5347,5296,5346,-1,
5331,5332,5296,-1,
5348,5296,5347,-1,
5330,5331,5296,-1,
5349,5296,5348,-1,
5329,5330,5296,-1,
5350,5296,5349,-1,
5328,5329,5296,-1,
5351,5296,5350,-1,
5327,5328,5296,-1,
5352,5296,5351,-1,
5326,5327,5296,-1,
5353,5296,5352,-1,
5354,5296,5353,-1,
5321,5326,5296,-1,
5321,5296,5297,-1,
5321,5297,5318,-1,
5321,5323,5324,-1,
5321,5324,5325,-1,
5321,5325,5326,-1,
5320,5321,5318,-1,
5320,5318,5319,-1,
5322,5323,5321,-1,
5295,5369,5370,-1,
5295,5370,5371,-1,
5295,5371,5372,-1,
5295,5372,5373,-1,
5295,5373,5374,-1,
5295,5374,5375,-1,
5295,5375,5376,-1,
5295,5376,5377,-1,
5295,5377,5378,-1,
5295,5378,5379,-1,
5295,5379,5380,-1,
5295,5380,5381,-1,
5295,5381,5382,-1,
5295,5382,5383,-1,
5295,5383,5384,-1,
5295,5384,5385,-1,
5295,5356,5357,-1,
5295,5357,5358,-1,
5295,5358,5359,-1,
5295,5359,5360,-1,
5295,5360,5361,-1,
5295,5361,5362,-1,
5295,5362,5363,-1,
5295,5363,5364,-1,
5295,5364,5365,-1,
5295,5365,5366,-1,
5295,5366,5367,-1,
5295,5367,5368,-1,
5295,5368,5369,-1,
5270,5385,5386,-1,
5270,5386,5387,-1,
5270,5387,5388,-1,
5270,5388,5269,-1,
5270,5294,5295,-1,
5270,5295,5385,-1,
5273,5281,5282,-1,
5273,5282,5283,-1,
5273,5283,5284,-1,
5273,5284,5285,-1,
5273,5285,5286,-1,
5273,5286,5287,-1,
5273,5287,5288,-1,
5273,5288,5289,-1,
5273,5289,5290,-1,
5273,5290,5291,-1,
5273,5291,5292,-1,
5273,5292,5293,-1,
5273,5293,5294,-1,
5273,5294,5270,-1,
5272,5270,5271,-1,
5272,5273,5270,-1,
5274,5275,5276,-1,
5274,5276,5277,-1,
5274,5277,5278,-1,
5274,5278,5279,-1,
5274,5279,5280,-1,
5274,5280,5281,-1,
5274,5281,5273,-1,
5295,5296,5356,-1,
5356,5296,5355,-1,
5355,5296,5354,-1,
5411,5394,5395,-1,
5411,5395,5396,-1,
5411,5396,5397,-1,
5411,5397,5398,-1,
5411,5398,5399,-1,
5411,5399,5400,-1,
5411,5400,5401,-1,
5411,5401,5402,-1,
5411,5402,5403,-1,
5411,5403,5404,-1,
5411,5404,5405,-1,
5411,5405,5406,-1,
5411,5406,5407,-1,
5411,5407,5408,-1,
5411,5408,5409,-1,
5411,5409,5410,-1,
5434,5389,5390,-1,
5433,5390,5391,-1,
5433,5434,5390,-1,
5432,5391,5392,-1,
5432,5433,5391,-1,
5431,5392,5393,-1,
5431,5432,5392,-1,
5430,5431,5393,-1,
5430,5393,5394,-1,
5429,5430,5394,-1,
5429,5394,5411,-1,
5412,5429,5411,-1,
5412,5413,5414,-1,
5412,5414,5415,-1,
5412,5415,5416,-1,
5412,5416,5417,-1,
5412,5417,5418,-1,
5412,5418,5419,-1,
5412,5419,5420,-1,
5412,5420,5421,-1,
5412,5421,5422,-1,
5412,5422,5423,-1,
5412,5423,5424,-1,
5412,5424,5425,-1,
5412,5425,5426,-1,
5412,5426,5427,-1,
5412,5427,5428,-1,
5412,5428,5429,-1,
5442,5440,5441,-1,
5443,5440,5442,-1,
5444,5440,5443,-1,
5435,5437,5438,-1,
5435,5438,5439,-1,
5445,5440,5444,-1,
5446,5440,5445,-1,
5447,5439,5440,-1,
5447,5440,5446,-1,
5448,5439,5447,-1,
5449,5439,5448,-1,
5450,5439,5449,-1,
5451,5439,5450,-1,
5452,5439,5451,-1,
5453,5439,5452,-1,
5454,5439,5453,-1,
5455,5439,5454,-1,
5456,5439,5455,-1,
5457,5439,5456,-1,
5458,5439,5457,-1,
5459,5439,5458,-1,
5460,5435,5439,-1,
5460,5439,5459,-1,
5461,5435,5460,-1,
5554,5436,5435,-1,
5553,5554,5435,-1,
5552,5553,5435,-1,
5551,5435,5461,-1,
5551,5552,5435,-1,
5550,5551,5461,-1,
5549,5550,5461,-1,
5548,5549,5461,-1,
5547,5548,5461,-1,
5546,5547,5461,-1,
5545,5546,5461,-1,
5544,5545,5461,-1,
5543,5544,5461,-1,
5542,5543,5461,-1,
5541,5542,5461,-1,
5540,5541,5461,-1,
5539,5540,5461,-1,
5538,5539,5461,-1,
5537,5538,5461,-1,
5536,5537,5461,-1,
5535,5536,5461,-1,
5534,5535,5461,-1,
5533,5534,5461,-1,
5532,5533,5461,-1,
5531,5532,5461,-1,
5530,5531,5461,-1,
5529,5530,5461,-1,
5528,5529,5461,-1,
5527,5528,5461,-1,
5526,5527,5461,-1,
5525,5526,5461,-1,
5524,5525,5461,-1,
5523,5524,5461,-1,
5489,5487,5488,-1,
5490,5487,5489,-1,
5491,5487,5490,-1,
5492,5487,5491,-1,
5484,5485,5486,-1,
5484,5486,5487,-1,
5468,5484,5467,-1,
5466,5467,5484,-1,
5469,5484,5468,-1,
5465,5466,5484,-1,
5470,5484,5469,-1,
5464,5465,5484,-1,
5471,5484,5470,-1,
5463,5484,5487,-1,
5463,5464,5484,-1,
5472,5484,5471,-1,
5462,5463,5487,-1,
5462,5487,5492,-1,
5462,5492,5493,-1,
5462,5493,5494,-1,
5462,5494,5495,-1,
5462,5495,5496,-1,
5462,5496,5497,-1,
5462,5497,5498,-1,
5462,5498,5499,-1,
5462,5499,5500,-1,
5462,5500,5501,-1,
5462,5501,5502,-1,
5462,5502,5503,-1,
5462,5503,5504,-1,
5462,5504,5505,-1,
5462,5505,5506,-1,
5462,5506,5507,-1,
5462,5507,5508,-1,
5462,5508,5509,-1,
5462,5509,5510,-1,
5462,5510,5511,-1,
5462,5511,5512,-1,
5462,5512,5513,-1,
5462,5513,5514,-1,
5462,5514,5515,-1,
5462,5515,5516,-1,
5462,5516,5517,-1,
5462,5517,5518,-1,
5462,5518,5519,-1,
5462,5519,5520,-1,
5462,5520,5521,-1,
5473,5484,5472,-1,
5474,5484,5473,-1,
5475,5484,5474,-1,
5476,5484,5475,-1,
5476,5483,5484,-1,
5477,5483,5476,-1,
5478,5483,5477,-1,
5479,5483,5478,-1,
5480,5483,5479,-1,
5481,5483,5480,-1,
5482,5483,5481,-1,
5461,5462,5522,-1,
5522,5462,5521,-1,
5461,5522,5523,-1,
5600,5579,5580,-1,
5600,5580,5581,-1,
5600,5581,5582,-1,
5600,5582,5583,-1,
5600,5583,5584,-1,
5600,5584,5585,-1,
5600,5585,5586,-1,
5600,5586,5587,-1,
5600,5587,5588,-1,
5600,5588,5589,-1,
5600,5589,5590,-1,
5600,5590,5591,-1,
5600,5591,5592,-1,
5600,5592,5593,-1,
5600,5593,5594,-1,
5600,5594,5595,-1,
5558,5578,5557,-1,
5558,5599,5578,-1,
5559,5598,5599,-1,
5559,5599,5558,-1,
5560,5597,5598,-1,
5560,5598,5559,-1,
5561,5596,5597,-1,
5561,5597,5560,-1,
5562,5595,5596,-1,
5562,5596,5561,-1,
5556,5595,5562,-1,
5556,5562,5563,-1,
5556,5563,5564,-1,
5556,5564,5565,-1,
5556,5565,5566,-1,
5556,5566,5567,-1,
5556,5567,5568,-1,
5556,5568,5569,-1,
5556,5569,5570,-1,
5556,5570,5571,-1,
5556,5571,5572,-1,
5556,5572,5573,-1,
5556,5573,5574,-1,
5556,5574,5575,-1,
5556,5575,5576,-1,
5556,5576,5577,-1,
5556,5577,5555,-1,
5556,5600,5595,-1,
5601,5603,5602,-1,
5601,5604,5603,-1,
5607,5606,5605,-1,
5607,5605,5608,-1,
5612,5609,5610,-1,
5612,5610,5611,-1,
5616,5613,5614,-1,
5616,5614,5615,-1,
5617,5619,5618,-1,
5617,5620,5619,-1,
5624,5622,5621,-1,
5624,5621,5623,-1,
5625,5661,5662,-1,
5625,5662,5626,-1,
5658,5659,5660,-1,
5658,5660,5661,-1,
5657,5658,5661,-1,
5627,5661,5625,-1,
5656,5657,5661,-1,
5628,5661,5627,-1,
5655,5656,5661,-1,
5629,5661,5628,-1,
5630,5661,5629,-1,
5654,5655,5661,-1,
5653,5654,5661,-1,
5631,5661,5630,-1,
5652,5653,5661,-1,
5632,5661,5631,-1,
5651,5652,5661,-1,
5633,5661,5632,-1,
5650,5651,5661,-1,
5634,5661,5633,-1,
5649,5650,5661,-1,
5635,5661,5634,-1,
5636,5661,5635,-1,
5648,5649,5661,-1,
5637,5661,5636,-1,
5647,5648,5661,-1,
5638,5661,5637,-1,
5646,5647,5661,-1,
5639,5661,5638,-1,
5645,5646,5661,-1,
5644,5645,5661,-1,
5640,5661,5639,-1,
5643,5644,5661,-1,
5641,5661,5640,-1,
5642,5643,5661,-1,
5642,5661,5641,-1,
5663,5664,5665,-1,
5663,5665,5666,-1,
5663,5666,5667,-1,
5663,5667,5668,-1,
5663,5668,5669,-1,
5663,5669,5670,-1,
5663,5670,5671,-1,
5663,5671,5672,-1,
5663,5672,5673,-1,
5663,5673,5674,-1,
5663,5674,5675,-1,
5663,5675,5676,-1,
5663,5676,5677,-1,
5663,5677,5678,-1,
5695,5678,5679,-1,
5695,5679,5680,-1,
5695,5680,5681,-1,
5695,5681,5682,-1,
5695,5682,5683,-1,
5695,5683,5684,-1,
5695,5684,5685,-1,
5695,5685,5686,-1,
5695,5686,5687,-1,
5695,5687,5688,-1,
5695,5688,5689,-1,
5695,5689,5690,-1,
5695,5690,5691,-1,
5695,5691,5692,-1,
5695,5663,5678,-1,
5695,5692,5693,-1,
5695,5693,5694,-1,
5730,5663,5695,-1,
5726,5727,5728,-1,
5725,5726,5728,-1,
5725,5728,5696,-1,
5722,5723,5724,-1,
5722,5724,5725,-1,
5720,5722,5725,-1,
5720,5721,5722,-1,
5719,5720,5725,-1,
5717,5718,5719,-1,
5716,5717,5719,-1,
5714,5715,5716,-1,
5714,5716,5719,-1,
5712,5713,5714,-1,
5712,5714,5719,-1,
5709,5710,5711,-1,
5709,5711,5712,-1,
5709,5712,5719,-1,
5708,5709,5719,-1,
5705,5706,5707,-1,
5705,5707,5708,-1,
5703,5704,5705,-1,
5701,5702,5703,-1,
5700,5703,5705,-1,
5700,5705,5708,-1,
5700,5701,5703,-1,
5697,5698,5699,-1,
5697,5699,5700,-1,
5697,5725,5696,-1,
5697,5719,5725,-1,
5697,5708,5719,-1,
5697,5700,5708,-1,
5729,5663,5730,-1,
5729,5696,5663,-1,
5729,5697,5696,-1,
5732,5751,5752,-1,
5732,5752,5753,-1,
5732,5753,5754,-1,
5732,5754,5755,-1,
5732,5755,5756,-1,
5732,5756,5757,-1,
5732,5757,5758,-1,
5732,5758,5759,-1,
5732,5759,5760,-1,
5732,5760,5761,-1,
5732,5761,5762,-1,
5732,5762,5763,-1,
5732,5763,5764,-1,
5732,5764,5765,-1,
5732,5765,5766,-1,
5732,5766,5767,-1,
5732,5767,5768,-1,
5732,5768,5731,-1,
5750,5751,5732,-1,
5749,5750,5732,-1,
5748,5749,5732,-1,
5747,5748,5732,-1,
5746,5747,5732,-1,
5745,5746,5732,-1,
5744,5745,5732,-1,
5743,5744,5732,-1,
5742,5743,5732,-1,
5741,5742,5732,-1,
5740,5741,5732,-1,
5739,5740,5732,-1,
5738,5739,5732,-1,
5737,5738,5732,-1,
5736,5737,5732,-1,
5735,5736,5732,-1,
5734,5732,5733,-1,
5734,5735,5732,-1,
5806,5807,5808,-1,
5803,5804,5805,-1,
5799,5800,5801,-1,
5795,5796,5797,-1,
5795,5797,5798,-1,
5795,5798,5799,-1,
5795,5801,5802,-1,
5795,5802,5803,-1,
5795,5799,5801,-1,
5794,5805,5806,-1,
5794,5803,5805,-1,
5794,5795,5803,-1,
5793,5794,5806,-1,
5792,5793,5806,-1,
5791,5806,5808,-1,
5791,5792,5806,-1,
5790,5791,5808,-1,
5789,5790,5808,-1,
5788,5789,5808,-1,
5787,5788,5808,-1,
5786,5787,5808,-1,
5785,5786,5808,-1,
5820,5821,5822,-1,
5819,5820,5822,-1,
5818,5819,5822,-1,
5818,5822,5769,-1,
5816,5817,5818,-1,
5813,5814,5815,-1,
5811,5769,5770,-1,
5811,5770,5771,-1,
5811,5771,5772,-1,
5811,5813,5815,-1,
5811,5816,5818,-1,
5811,5812,5813,-1,
5811,5818,5769,-1,
5811,5815,5816,-1,
5809,5772,5773,-1,
5809,5773,5774,-1,
5809,5774,5775,-1,
5809,5775,5776,-1,
5809,5776,5777,-1,
5809,5777,5778,-1,
5809,5778,5779,-1,
5809,5779,5780,-1,
5809,5811,5772,-1,
5809,5810,5811,-1,
5808,5809,5782,-1,
5782,5809,5781,-1,
5781,5809,5780,-1,
5808,5782,5783,-1,
5808,5783,5784,-1,
5808,5784,5785,-1,
5825,5823,5824,-1,
5825,5829,5830,-1,
5825,5830,5831,-1,
5825,5831,5832,-1,
5825,5832,5833,-1,
5825,5833,5834,-1,
5825,5834,5835,-1,
5825,5835,5836,-1,
5825,5836,5837,-1,
5825,5837,5838,-1,
5825,5838,5839,-1,
5825,5839,5840,-1,
5825,5840,5841,-1,
5825,5841,5842,-1,
5825,5842,5843,-1,
5825,5843,5844,-1,
5825,5824,5829,-1,
5845,5825,5844,-1,
5846,5825,5845,-1,
5847,5825,5846,-1,
5848,5825,5847,-1,
5849,5825,5848,-1,
5850,5825,5849,-1,
5851,5825,5850,-1,
5852,5825,5851,-1,
5853,5825,5852,-1,
5854,5825,5853,-1,
5855,5825,5854,-1,
5856,5825,5855,-1,
5857,5825,5856,-1,
5858,5825,5857,-1,
5859,5825,5858,-1,
5860,5825,5859,-1,
5828,5825,5860,-1,
5827,5826,5825,-1,
5827,5825,5828,-1,
5861,5912,5913,-1,
5861,5913,5914,-1,
5861,5914,5915,-1,
5861,5915,5916,-1,
5861,5916,5917,-1,
5861,5917,5918,-1,
5861,5918,5919,-1,
5861,5919,5920,-1,
5861,5920,5921,-1,
5861,5921,5922,-1,
5861,5922,5923,-1,
5861,5923,5924,-1,
5861,5924,5925,-1,
5861,5925,5926,-1,
5861,5926,5927,-1,
5861,5927,5928,-1,
5897,5898,5899,-1,
5897,5899,5900,-1,
5897,5900,5901,-1,
5897,5901,5902,-1,
5897,5902,5903,-1,
5897,5903,5904,-1,
5897,5904,5905,-1,
5897,5905,5906,-1,
5897,5906,5907,-1,
5897,5907,5908,-1,
5897,5908,5909,-1,
5897,5909,5910,-1,
5897,5910,5911,-1,
5897,5911,5912,-1,
5897,5912,5861,-1,
5896,5897,5861,-1,
5862,5896,5861,-1,
5865,5863,5864,-1,
5866,5862,5863,-1,
5866,5863,5865,-1,
5869,5867,5868,-1,
5870,5866,5867,-1,
5870,5867,5869,-1,
5872,5870,5871,-1,
5873,5870,5872,-1,
5874,5870,5873,-1,
5876,5874,5875,-1,
5876,5870,5874,-1,
5879,5877,5878,-1,
5881,5879,5880,-1,
5881,5877,5879,-1,
5882,5877,5881,-1,
5884,5882,5883,-1,
5884,5877,5882,-1,
5886,5884,5885,-1,
5886,5877,5884,-1,
5889,5886,5887,-1,
5889,5887,5888,-1,
5889,5877,5886,-1,
5891,5889,5890,-1,
5893,5891,5892,-1,
5894,5876,5877,-1,
5894,5862,5866,-1,
5894,5866,5870,-1,
5894,5870,5876,-1,
5894,5891,5893,-1,
5894,5889,5891,-1,
5894,5877,5889,-1,
5895,5896,5862,-1,
5895,5862,5894,-1,
5931,5930,5929,-1,
5931,5929,5966,-1,
5932,5965,5964,-1,
5932,5966,5965,-1,
5963,5931,5966,-1,
5933,5966,5932,-1,
5962,5963,5966,-1,
5934,5966,5933,-1,
5961,5962,5966,-1,
5935,5966,5934,-1,
5936,5966,5935,-1,
5960,5961,5966,-1,
5959,5960,5966,-1,
5937,5966,5936,-1,
5958,5959,5966,-1,
5938,5966,5937,-1,
5957,5958,5966,-1,
5939,5966,5938,-1,
5956,5957,5966,-1,
5940,5966,5939,-1,
5955,5956,5966,-1,
5941,5966,5940,-1,
5942,5966,5941,-1,
5954,5955,5966,-1,
5943,5966,5942,-1,
5953,5954,5966,-1,
5952,5953,5966,-1,
5944,5966,5943,-1,
5951,5952,5966,-1,
5945,5966,5944,-1,
5950,5951,5966,-1,
5946,5966,5945,-1,
5947,5966,5946,-1,
5949,5950,5966,-1,
5948,5966,5947,-1,
5948,5949,5966,-1,
5968,5969,5970,-1,
5968,5970,5967,-1,
5974,5971,5972,-1,
5974,5972,5973,-1,
5976,5977,5978,-1,
5976,5978,5975,-1,
5979,6015,6016,-1,
5979,6016,5980,-1,
6012,6013,6014,-1,
6012,6014,6015,-1,
6011,6012,6015,-1,
5981,6015,5979,-1,
6010,6011,6015,-1,
5982,6015,5981,-1,
6009,6010,6015,-1,
5983,6015,5982,-1,
5984,6015,5983,-1,
6008,6009,6015,-1,
6007,6008,6015,-1,
5985,6015,5984,-1,
6006,6007,6015,-1,
5986,6015,5985,-1,
6005,6006,6015,-1,
5987,6015,5986,-1,
6004,6005,6015,-1,
5988,6015,5987,-1,
6003,6004,6015,-1,
5989,6015,5988,-1,
5990,6015,5989,-1,
6002,6003,6015,-1,
5991,6015,5990,-1,
6001,6002,6015,-1,
5992,6015,5991,-1,
6000,6001,6015,-1,
5993,6015,5992,-1,
5999,6000,6015,-1,
5998,5999,6015,-1,
5994,6015,5993,-1,
5997,5998,6015,-1,
5995,6015,5994,-1,
5996,5997,6015,-1,
5996,6015,5995,-1,
6017,6018,6019,-1,
6017,6019,6020,-1,
6017,6020,6021,-1,
6017,6021,6022,-1,
6017,6022,6023,-1,
6017,6023,6024,-1,
6017,6024,6025,-1,
6017,6025,6026,-1,
6017,6026,6027,-1,
6017,6027,6028,-1,
6017,6028,6029,-1,
6017,6029,6030,-1,
6017,6030,6031,-1,
6017,6031,6032,-1,
6049,6032,6033,-1,
6049,6033,6034,-1,
6049,6034,6035,-1,
6049,6035,6036,-1,
6049,6036,6037,-1,
6049,6037,6038,-1,
6049,6038,6039,-1,
6049,6039,6040,-1,
6049,6040,6041,-1,
6049,6041,6042,-1,
6049,6042,6043,-1,
6049,6043,6044,-1,
6049,6044,6045,-1,
6049,6045,6046,-1,
6049,6017,6032,-1,
6049,6046,6047,-1,
6049,6047,6048,-1,
6084,6017,6049,-1,
6080,6081,6082,-1,
6079,6080,6082,-1,
6079,6082,6050,-1,
6076,6077,6078,-1,
6076,6078,6079,-1,
6074,6076,6079,-1,
6074,6075,6076,-1,
6073,6074,6079,-1,
6071,6072,6073,-1,
6070,6071,6073,-1,
6068,6069,6070,-1,
6068,6070,6073,-1,
6066,6067,6068,-1,
6066,6068,6073,-1,
6063,6064,6065,-1,
6063,6065,6066,-1,
6063,6066,6073,-1,
6062,6063,6073,-1,
6059,6060,6061,-1,
6059,6061,6062,-1,
6057,6058,6059,-1,
6055,6056,6057,-1,
6054,6057,6059,-1,
6054,6059,6062,-1,
6054,6055,6057,-1,
6051,6052,6053,-1,
6051,6053,6054,-1,
6051,6079,6050,-1,
6051,6073,6079,-1,
6051,6062,6073,-1,
6051,6054,6062,-1,
6083,6017,6084,-1,
6083,6050,6017,-1,
6083,6051,6050,-1,
6086,6105,6106,-1,
6086,6106,6107,-1,
6086,6107,6108,-1,
6086,6108,6109,-1,
6086,6109,6110,-1,
6086,6110,6111,-1,
6086,6111,6112,-1,
6086,6112,6113,-1,
6086,6113,6114,-1,
6086,6114,6115,-1,
6086,6115,6116,-1,
6086,6116,6117,-1,
6086,6117,6118,-1,
6086,6118,6119,-1,
6086,6119,6120,-1,
6086,6120,6121,-1,
6086,6121,6122,-1,
6086,6122,6085,-1,
6104,6105,6086,-1,
6103,6104,6086,-1,
6102,6103,6086,-1,
6101,6102,6086,-1,
6100,6101,6086,-1,
6099,6100,6086,-1,
6098,6099,6086,-1,
6097,6098,6086,-1,
6096,6097,6086,-1,
6095,6096,6086,-1,
6094,6095,6086,-1,
6093,6094,6086,-1,
6092,6093,6086,-1,
6091,6092,6086,-1,
6090,6091,6086,-1,
6089,6090,6086,-1,
6088,6086,6087,-1,
6088,6089,6086,-1,
6165,6163,6164,-1,
6168,6165,6166,-1,
6168,6166,6167,-1,
6171,6168,6169,-1,
6171,6169,6170,-1,
6173,6171,6172,-1,
6173,6168,6171,-1,
6175,6173,6174,-1,
6123,6175,6176,-1,
6123,6165,6168,-1,
6123,6173,6175,-1,
6123,6168,6173,-1,
6124,6165,6123,-1,
6125,6165,6124,-1,
6126,6163,6165,-1,
6126,6165,6125,-1,
6127,6163,6126,-1,
6128,6163,6127,-1,
6129,6163,6128,-1,
6130,6163,6129,-1,
6131,6163,6130,-1,
6132,6163,6131,-1,
6150,6148,6149,-1,
6154,6148,6150,-1,
6154,6150,6151,-1,
6154,6151,6152,-1,
6154,6152,6153,-1,
6156,6154,6155,-1,
6158,6156,6157,-1,
6158,6154,6156,-1,
6160,6154,6158,-1,
6160,6145,6146,-1,
6160,6146,6147,-1,
6160,6147,6148,-1,
6160,6158,6159,-1,
6160,6148,6154,-1,
6162,6137,6138,-1,
6162,6138,6139,-1,
6162,6139,6140,-1,
6162,6140,6141,-1,
6162,6141,6142,-1,
6162,6142,6143,-1,
6162,6143,6144,-1,
6162,6144,6145,-1,
6162,6145,6160,-1,
6161,6162,6160,-1,
6162,6163,6136,-1,
6136,6163,6135,-1,
6135,6163,6134,-1,
6134,6163,6133,-1,
6133,6163,6132,-1,
6162,6136,6137,-1,
6179,6177,6178,-1,
6179,6183,6184,-1,
6179,6184,6185,-1,
6179,6185,6186,-1,
6179,6186,6187,-1,
6179,6187,6188,-1,
6179,6188,6189,-1,
6179,6189,6190,-1,
6179,6190,6191,-1,
6179,6191,6192,-1,
6179,6192,6193,-1,
6179,6193,6194,-1,
6179,6194,6195,-1,
6179,6195,6196,-1,
6179,6196,6197,-1,
6179,6197,6198,-1,
6179,6178,6183,-1,
6199,6179,6198,-1,
6200,6179,6199,-1,
6201,6179,6200,-1,
6202,6179,6201,-1,
6203,6179,6202,-1,
6204,6179,6203,-1,
6205,6179,6204,-1,
6206,6179,6205,-1,
6207,6179,6206,-1,
6208,6179,6207,-1,
6209,6179,6208,-1,
6210,6179,6209,-1,
6211,6179,6210,-1,
6212,6179,6211,-1,
6213,6179,6212,-1,
6214,6179,6213,-1,
6182,6179,6214,-1,
6181,6180,6179,-1,
6181,6179,6182,-1,
6215,6266,6267,-1,
6215,6267,6268,-1,
6215,6268,6269,-1,
6215,6269,6270,-1,
6215,6270,6271,-1,
6215,6271,6272,-1,
6215,6272,6273,-1,
6215,6273,6274,-1,
6215,6274,6275,-1,
6215,6275,6276,-1,
6215,6276,6277,-1,
6215,6277,6278,-1,
6215,6278,6279,-1,
6215,6279,6280,-1,
6215,6280,6281,-1,
6215,6281,6282,-1,
6251,6252,6253,-1,
6251,6253,6254,-1,
6251,6254,6255,-1,
6251,6255,6256,-1,
6251,6256,6257,-1,
6251,6257,6258,-1,
6251,6258,6259,-1,
6251,6259,6260,-1,
6251,6260,6261,-1,
6251,6261,6262,-1,
6251,6262,6263,-1,
6251,6263,6264,-1,
6251,6264,6265,-1,
6251,6265,6266,-1,
6251,6266,6215,-1,
6250,6251,6215,-1,
6216,6250,6215,-1,
6219,6217,6218,-1,
6220,6216,6217,-1,
6220,6217,6219,-1,
6223,6221,6222,-1,
6224,6220,6221,-1,
6224,6221,6223,-1,
6226,6224,6225,-1,
6227,6224,6226,-1,
6228,6224,6227,-1,
6230,6228,6229,-1,
6230,6224,6228,-1,
6233,6231,6232,-1,
6235,6233,6234,-1,
6235,6231,6233,-1,
6236,6231,6235,-1,
6238,6236,6237,-1,
6238,6231,6236,-1,
6240,6238,6239,-1,
6240,6231,6238,-1,
6243,6240,6241,-1,
6243,6241,6242,-1,
6243,6231,6240,-1,
6245,6243,6244,-1,
6247,6245,6246,-1,
6248,6230,6231,-1,
6248,6216,6220,-1,
6248,6220,6224,-1,
6248,6224,6230,-1,
6248,6245,6247,-1,
6248,6243,6245,-1,
6248,6231,6243,-1,
6249,6250,6216,-1,
6249,6216,6248,-1,
6285,6284,6283,-1,
6285,6283,6320,-1,
6286,6319,6318,-1,
6286,6320,6319,-1,
6317,6285,6320,-1,
6287,6320,6286,-1,
6316,6317,6320,-1,
6288,6320,6287,-1,
6315,6316,6320,-1,
6289,6320,6288,-1,
6290,6320,6289,-1,
6314,6315,6320,-1,
6313,6314,6320,-1,
6291,6320,6290,-1,
6312,6313,6320,-1,
6292,6320,6291,-1,
6311,6312,6320,-1,
6293,6320,6292,-1,
6310,6311,6320,-1,
6294,6320,6293,-1,
6309,6310,6320,-1,
6295,6320,6294,-1,
6296,6320,6295,-1,
6308,6309,6320,-1,
6297,6320,6296,-1,
6307,6308,6320,-1,
6306,6307,6320,-1,
6298,6320,6297,-1,
6305,6306,6320,-1,
6299,6320,6298,-1,
6304,6305,6320,-1,
6300,6320,6299,-1,
6301,6320,6300,-1,
6303,6304,6320,-1,
6302,6320,6301,-1,
6302,6303,6320,-1,
6324,6322,6321,-1,
6324,6321,6323,-1,
6325,6327,6326,-1,
6325,6328,6327,-1,
6329,6331,6330,-1,
6329,6332,6331,-1,
6336,6333,6334,-1,
6336,6334,6335,-1,
6338,6339,6340,-1,
6338,6340,6337,-1,
6342,6341,6343,-1,
6356,6343,6344,-1,
6356,6342,6343,-1,
6357,6344,6345,-1,
6357,6356,6344,-1,
6358,6345,6346,-1,
6358,6357,6345,-1,
6359,6346,6347,-1,
6359,6358,6346,-1,
6360,6347,6348,-1,
6360,6359,6347,-1,
6361,6348,6349,-1,
6361,6360,6348,-1,
6362,6349,6350,-1,
6362,6361,6349,-1,
6363,6350,6351,-1,
6363,6362,6350,-1,
6364,6351,6352,-1,
6364,6363,6351,-1,
6365,6352,6353,-1,
6365,6364,6352,-1,
6366,6353,6354,-1,
6366,6365,6353,-1,
6355,6366,6354,-1,
6455,6445,6456,-1,
6455,6457,6458,-1,
6455,6446,6445,-1,
6455,6456,6457,-1,
6459,6458,6460,-1,
6459,6460,6461,-1,
6462,6463,6464,-1,
6462,6461,6463,-1,
6465,6464,6466,-1,
6465,6466,6467,-1,
6468,6467,6469,-1,
6468,6469,6470,-1,
6471,6472,6473,-1,
6471,6470,6472,-1,
6474,6475,6476,-1,
6474,6471,6473,-1,
6474,6473,6475,-1,
6477,6476,6478,-1,
6477,6478,6479,-1,
6480,6481,6422,-1,
6480,6482,6481,-1,
6480,6422,6421,-1,
6480,6479,6482,-1,
6483,6458,6459,-1,
6483,6455,6458,-1,
6483,6446,6455,-1,
6483,6447,6446,-1,
6484,6483,6459,-1,
6484,6461,6462,-1,
6484,6459,6461,-1,
6485,6464,6465,-1,
6485,6462,6464,-1,
6486,6467,6468,-1,
6486,6465,6467,-1,
6486,6485,6465,-1,
6487,6468,6470,-1,
6487,6470,6471,-1,
6488,6471,6474,-1,
6489,6474,6476,-1,
6489,6476,6477,-1,
6490,6480,6421,-1,
6490,6421,6420,-1,
6490,6479,6480,-1,
6490,6477,6479,-1,
6491,6483,6484,-1,
6491,6447,6483,-1,
6491,6448,6447,-1,
6492,6484,6462,-1,
6492,6462,6485,-1,
6493,6485,6486,-1,
6494,6486,6468,-1,
6494,6468,6487,-1,
6495,6487,6471,-1,
6495,6471,6488,-1,
6496,6488,6474,-1,
6496,6474,6489,-1,
6497,6477,6490,-1,
6497,6420,6419,-1,
6497,6489,6477,-1,
6497,6490,6420,-1,
6498,6448,6491,-1,
6498,6491,6484,-1,
6498,6449,6448,-1,
6498,6484,6492,-1,
6499,6492,6485,-1,
6499,6485,6493,-1,
6500,6493,6486,-1,
6500,6486,6494,-1,
6501,6494,6487,-1,
6501,6487,6495,-1,
6502,6495,6488,-1,
6502,6488,6496,-1,
6503,6497,6419,-1,
6503,6489,6497,-1,
6503,6419,6418,-1,
6503,6496,6489,-1,
6504,6498,6492,-1,
6504,6492,6499,-1,
6504,6449,6498,-1,
6504,6450,6449,-1,
6505,6493,6500,-1,
6505,6504,6499,-1,
6505,6499,6493,-1,
6506,6500,6494,-1,
6506,6494,6501,-1,
6506,6505,6500,-1,
6507,6501,6495,-1,
6507,6495,6502,-1,
6508,6502,6496,-1,
6508,6503,6418,-1,
6508,6418,6417,-1,
6508,6496,6503,-1,
6509,6450,6504,-1,
6509,6504,6505,-1,
6509,6451,6450,-1,
6510,6505,6506,-1,
6511,6506,6501,-1,
6511,6501,6507,-1,
6512,6507,6502,-1,
6512,6502,6508,-1,
6512,6417,6416,-1,
6512,6508,6417,-1,
6513,6505,6510,-1,
6513,6509,6505,-1,
6513,6451,6509,-1,
6513,6452,6451,-1,
6514,6506,6511,-1,
6514,6510,6506,-1,
6515,6511,6507,-1,
6515,6416,6415,-1,
6515,6507,6512,-1,
6515,6512,6416,-1,
6516,6510,6514,-1,
6516,6513,6510,-1,
6516,6452,6513,-1,
6516,6453,6452,-1,
6517,6415,6414,-1,
6517,6511,6515,-1,
6517,6514,6511,-1,
6517,6515,6415,-1,
6518,6413,6412,-1,
6518,6414,6413,-1,
6518,6517,6414,-1,
6518,6516,6514,-1,
6518,6453,6516,-1,
6518,6514,6517,-1,
6518,6454,6453,-1,
6518,6412,6454,-1,
6519,6378,6379,-1,
6519,6379,6380,-1,
6520,6377,6378,-1,
6520,6378,6519,-1,
6521,6519,6380,-1,
6521,6380,6381,-1,
6522,6377,6520,-1,
6522,6376,6377,-1,
6523,6520,6519,-1,
6523,6519,6521,-1,
6524,6381,6382,-1,
6524,6521,6381,-1,
6525,6375,6376,-1,
6525,6376,6522,-1,
6526,6520,6523,-1,
6526,6522,6520,-1,
6527,6521,6524,-1,
6527,6523,6521,-1,
6528,6382,6383,-1,
6528,6524,6382,-1,
6529,6374,6375,-1,
6529,6375,6525,-1,
6530,6522,6526,-1,
6530,6525,6522,-1,
6531,6523,6527,-1,
6531,6526,6523,-1,
6532,6527,6524,-1,
6532,6524,6528,-1,
6533,6383,6384,-1,
6533,6528,6383,-1,
6534,6373,6374,-1,
6534,6374,6529,-1,
6535,6529,6525,-1,
6535,6525,6530,-1,
6536,6526,6531,-1,
6536,6530,6526,-1,
6537,6527,6532,-1,
6537,6531,6527,-1,
6538,6532,6528,-1,
6538,6528,6533,-1,
6539,6384,6385,-1,
6539,6533,6384,-1,
6540,6372,6373,-1,
6540,6373,6534,-1,
6541,6534,6529,-1,
6541,6529,6535,-1,
6542,6530,6536,-1,
6542,6535,6530,-1,
6543,6536,6531,-1,
6543,6531,6537,-1,
6544,6537,6532,-1,
6544,6532,6538,-1,
6545,6538,6533,-1,
6545,6533,6539,-1,
6546,6385,6386,-1,
6546,6539,6385,-1,
6547,6371,6372,-1,
6547,6372,6540,-1,
6548,6540,6534,-1,
6548,6534,6541,-1,
6549,6541,6535,-1,
6549,6535,6542,-1,
6550,6536,6543,-1,
6550,6542,6536,-1,
6551,6537,6544,-1,
6551,6543,6537,-1,
6552,6538,6545,-1,
6552,6544,6538,-1,
6553,6539,6546,-1,
6553,6545,6539,-1,
6554,6546,6386,-1,
6554,6386,6387,-1,
6555,6370,6371,-1,
6555,6371,6547,-1,
6556,6547,6540,-1,
6556,6540,6548,-1,
6557,6541,6549,-1,
6557,6548,6541,-1,
6558,6549,6542,-1,
6558,6542,6550,-1,
6559,6543,6551,-1,
6559,6550,6543,-1,
6560,6551,6544,-1,
6560,6544,6552,-1,
6561,6552,6545,-1,
6561,6545,6553,-1,
6562,6553,6546,-1,
6562,6546,6554,-1,
6563,6387,6388,-1,
6563,6554,6387,-1,
6564,6369,6370,-1,
6564,6370,6555,-1,
6565,6555,6547,-1,
6565,6547,6556,-1,
6566,6548,6557,-1,
6566,6556,6548,-1,
6567,6549,6558,-1,
6567,6557,6549,-1,
6568,6550,6559,-1,
6568,6558,6550,-1,
6569,6551,6560,-1,
6569,6559,6551,-1,
6570,6552,6561,-1,
6570,6560,6552,-1,
6571,6561,6553,-1,
6571,6553,6562,-1,
6572,6562,6554,-1,
6572,6554,6563,-1,
6573,6388,6389,-1,
6573,6563,6388,-1,
6574,6367,6368,-1,
6574,6368,6369,-1,
6574,6424,6367,-1,
6574,6369,6564,-1,
6575,6555,6565,-1,
6575,6564,6555,-1,
6576,6556,6566,-1,
6576,6565,6556,-1,
6577,6566,6557,-1,
6577,6557,6567,-1,
6578,6558,6568,-1,
6578,6567,6558,-1,
6579,6568,6559,-1,
6579,6559,6569,-1,
6580,6560,6570,-1,
6580,6569,6560,-1,
6581,6570,6561,-1,
6581,6561,6571,-1,
6582,6562,6572,-1,
6582,6571,6562,-1,
6583,6563,6573,-1,
6583,6572,6563,-1,
6584,6573,6389,-1,
6584,6389,6390,-1,
6585,6424,6574,-1,
6585,6574,6564,-1,
6585,6425,6424,-1,
6585,6564,6575,-1,
6586,6565,6576,-1,
6586,6575,6565,-1,
6587,6576,6566,-1,
6587,6566,6577,-1,
6588,6577,6567,-1,
6588,6567,6578,-1,
6589,6568,6579,-1,
6589,6578,6568,-1,
6590,6579,6569,-1,
6590,6569,6580,-1,
6591,6580,6570,-1,
6591,6570,6581,-1,
6592,6581,6571,-1,
6592,6571,6582,-1,
6593,6582,6572,-1,
6593,6572,6583,-1,
6594,6573,6584,-1,
6594,6583,6573,-1,
6595,6390,6391,-1,
6595,6584,6390,-1,
6596,6426,6425,-1,
6596,6425,6585,-1,
6596,6585,6575,-1,
6596,6575,6586,-1,
6597,6576,6587,-1,
6597,6586,6576,-1,
6598,6587,6577,-1,
6598,6577,6588,-1,
6599,6588,6578,-1,
6599,6578,6589,-1,
6600,6589,6579,-1,
6600,6579,6590,-1,
6601,6580,6591,-1,
6601,6590,6580,-1,
6602,6591,6581,-1,
6602,6581,6592,-1,
6603,6582,6593,-1,
6603,6592,6582,-1,
6604,6593,6583,-1,
6604,6583,6594,-1,
6605,6594,6584,-1,
6605,6584,6595,-1,
6606,6391,6392,-1,
6606,6595,6391,-1,
6607,6596,6586,-1,
6607,6426,6596,-1,
6607,6427,6426,-1,
6607,6586,6597,-1,
6608,6587,6598,-1,
6608,6597,6587,-1,
6609,6588,6599,-1,
6609,6598,6588,-1,
6610,6589,6600,-1,
6610,6599,6589,-1,
6611,6590,6601,-1,
6611,6600,6590,-1,
6612,6601,6591,-1,
6612,6591,6602,-1,
6613,6592,6603,-1,
6613,6602,6592,-1,
6614,6593,6604,-1,
6614,6603,6593,-1,
6615,6604,6594,-1,
6615,6594,6605,-1,
6616,6605,6595,-1,
6616,6595,6606,-1,
6617,6606,6392,-1,
6617,6392,6393,-1,
6618,6597,6608,-1,
6618,6607,6597,-1,
6618,6427,6607,-1,
6618,6428,6427,-1,
6619,6608,6598,-1,
6619,6598,6609,-1,
6620,6599,6610,-1,
6620,6609,6599,-1,
6621,6600,6611,-1,
6621,6610,6600,-1,
6622,6611,6601,-1,
6622,6601,6612,-1,
6623,6612,6602,-1,
6623,6602,6613,-1,
6624,6603,6614,-1,
6624,6613,6603,-1,
6625,6614,6604,-1,
6625,6604,6615,-1,
6626,6605,6616,-1,
6626,6615,6605,-1,
6627,6616,6606,-1,
6627,6606,6617,-1,
6628,6393,6394,-1,
6628,6617,6393,-1,
6629,6618,6608,-1,
6629,6608,6619,-1,
6629,6429,6428,-1,
6629,6428,6618,-1,
6630,6619,6609,-1,
6630,6609,6620,-1,
6631,6610,6621,-1,
6631,6620,6610,-1,
6632,6621,6611,-1,
6632,6611,6622,-1,
6633,6622,6612,-1,
6633,6612,6623,-1,
6634,6623,6613,-1,
6634,6613,6624,-1,
6635,6624,6614,-1,
6635,6614,6625,-1,
6636,6625,6615,-1,
6636,6615,6626,-1,
6637,6626,6616,-1,
6637,6616,6627,-1,
6638,6617,6628,-1,
6638,6627,6617,-1,
6639,6394,6395,-1,
6639,6628,6394,-1,
6640,6429,6629,-1,
6640,6430,6429,-1,
6640,6629,6619,-1,
6640,6619,6630,-1,
6641,6630,6620,-1,
6641,6620,6631,-1,
6642,6621,6632,-1,
6642,6631,6621,-1,
6643,6622,6633,-1,
6643,6632,6622,-1,
6644,6623,6634,-1,
6644,6633,6623,-1,
6645,6624,6635,-1,
6645,6634,6624,-1,
6646,6625,6636,-1,
6646,6635,6625,-1,
6647,6626,6637,-1,
6647,6636,6626,-1,
6648,6637,6627,-1,
6648,6627,6638,-1,
6649,6628,6639,-1,
6649,6638,6628,-1,
6650,6395,6396,-1,
6650,6639,6395,-1,
6651,6430,6640,-1,
6651,6630,6641,-1,
6651,6431,6430,-1,
6651,6640,6630,-1,
6652,6641,6631,-1,
6652,6631,6642,-1,
6653,6642,6632,-1,
6653,6632,6643,-1,
6654,6643,6633,-1,
6654,6633,6644,-1,
6655,6644,6634,-1,
6655,6634,6645,-1,
6656,6645,6635,-1,
6656,6635,6646,-1,
6657,6636,6647,-1,
6657,6646,6636,-1,
6658,6647,6637,-1,
6658,6637,6648,-1,
6659,6638,6649,-1,
6659,6648,6638,-1,
6660,6639,6650,-1,
6660,6649,6639,-1,
6661,6396,6397,-1,
6661,6650,6396,-1,
6662,6651,6641,-1,
6662,6641,6652,-1,
6662,6432,6431,-1,
6662,6431,6651,-1,
6663,6652,6642,-1,
6663,6642,6653,-1,
6664,6643,6654,-1,
6664,6653,6643,-1,
6665,6654,6644,-1,
6665,6644,6655,-1,
6666,6645,6656,-1,
6666,6655,6645,-1,
6667,6656,6646,-1,
6667,6646,6657,-1,
6668,6657,6647,-1,
6668,6647,6658,-1,
6669,6648,6659,-1,
6669,6658,6648,-1,
6670,6659,6649,-1,
6670,6649,6660,-1,
6671,6650,6661,-1,
6671,6660,6650,-1,
6672,6397,6398,-1,
6672,6661,6397,-1,
6673,6662,6652,-1,
6673,6433,6432,-1,
6673,6652,6663,-1,
6673,6432,6662,-1,
6674,6663,6653,-1,
6674,6653,6664,-1,
6675,6664,6654,-1,
6675,6654,6665,-1,
6676,6665,6655,-1,
6676,6655,6666,-1,
6677,6666,6656,-1,
6677,6656,6667,-1,
6678,6667,6657,-1,
6678,6657,6668,-1,
6679,6668,6658,-1,
6679,6658,6669,-1,
6680,6669,6659,-1,
6680,6659,6670,-1,
6681,6660,6671,-1,
6681,6670,6660,-1,
6682,6671,6661,-1,
6682,6661,6672,-1,
6683,6398,6399,-1,
6683,6672,6398,-1,
6684,6673,6663,-1,
6684,6433,6673,-1,
6684,6434,6433,-1,
6684,6663,6674,-1,
6685,6664,6675,-1,
6685,6674,6664,-1,
6686,6665,6676,-1,
6686,6675,6665,-1,
6687,6676,6666,-1,
6687,6666,6677,-1,
6688,6667,6678,-1,
6688,6677,6667,-1,
6689,6678,6668,-1,
6689,6668,6679,-1,
6690,6669,6680,-1,
6690,6679,6669,-1,
6691,6680,6670,-1,
6691,6670,6681,-1,
6692,6671,6682,-1,
6692,6681,6671,-1,
6693,6682,6672,-1,
6693,6672,6683,-1,
6694,6683,6399,-1,
6694,6399,6400,-1,
6695,6674,6685,-1,
6695,6684,6674,-1,
6695,6434,6684,-1,
6695,6435,6434,-1,
6696,6675,6686,-1,
6696,6685,6675,-1,
6697,6686,6676,-1,
6697,6676,6687,-1,
6698,6677,6688,-1,
6698,6687,6677,-1,
6699,6678,6689,-1,
6699,6688,6678,-1,
6700,6689,6679,-1,
6700,6679,6690,-1,
6701,6680,6691,-1,
6701,6690,6680,-1,
6702,6691,6681,-1,
6702,6681,6692,-1,
6703,6692,6682,-1,
6703,6682,6693,-1,
6704,6683,6694,-1,
6704,6693,6683,-1,
6705,6400,6401,-1,
6705,6694,6400,-1,
6706,6695,6685,-1,
6706,6436,6435,-1,
6706,6685,6696,-1,
6706,6435,6695,-1,
6707,6686,6697,-1,
6707,6696,6686,-1,
6708,6687,6698,-1,
6708,6697,6687,-1,
6709,6688,6699,-1,
6709,6698,6688,-1,
6710,6699,6689,-1,
6710,6689,6700,-1,
6711,6690,6701,-1,
6711,6700,6690,-1,
6712,6691,6702,-1,
6712,6701,6691,-1,
6713,6692,6703,-1,
6713,6702,6692,-1,
6714,6693,6704,-1,
6714,6703,6693,-1,
6715,6704,6694,-1,
6715,6694,6705,-1,
6716,6401,6402,-1,
6716,6705,6401,-1,
6717,6706,6696,-1,
6717,6696,6707,-1,
6717,6437,6436,-1,
6717,6436,6706,-1,
6718,6697,6708,-1,
6718,6707,6697,-1,
6719,6698,6709,-1,
6719,6708,6698,-1,
6720,6709,6699,-1,
6720,6699,6710,-1,
6721,6710,6700,-1,
6721,6700,6711,-1,
6722,6711,6701,-1,
6722,6701,6712,-1,
6723,6712,6702,-1,
6723,6702,6713,-1,
6724,6713,6703,-1,
6724,6703,6714,-1,
6725,6704,6715,-1,
6725,6724,6714,-1,
6725,6714,6704,-1,
6726,6715,6705,-1,
6726,6705,6716,-1,
6727,6716,6402,-1,
6727,6402,6403,-1,
6728,6707,6718,-1,
6728,6717,6707,-1,
6728,6437,6717,-1,
6728,6438,6437,-1,
6729,6708,6719,-1,
6729,6718,6708,-1,
6730,6719,6709,-1,
6730,6729,6719,-1,
6730,6709,6720,-1,
6731,6720,6710,-1,
6731,6710,6721,-1,
6732,6711,6722,-1,
6732,6721,6711,-1,
6733,6712,6723,-1,
6733,6722,6712,-1,
6734,6723,6713,-1,
6734,6713,6724,-1,
6735,6724,6725,-1,
6736,6725,6715,-1,
6736,6715,6726,-1,
6737,6716,6727,-1,
6737,6726,6716,-1,
6738,6403,6404,-1,
6738,6727,6403,-1,
6739,6728,6718,-1,
6739,6718,6729,-1,
6739,6439,6438,-1,
6739,6438,6728,-1,
6740,6729,6730,-1,
6741,6730,6720,-1,
6741,6720,6731,-1,
6742,6731,6721,-1,
6742,6721,6732,-1,
6743,6732,6722,-1,
6743,6722,6733,-1,
6744,6733,6723,-1,
6744,6723,6734,-1,
6745,6734,6724,-1,
6745,6724,6735,-1,
6746,6725,6736,-1,
6746,6735,6725,-1,
6747,6726,6737,-1,
6747,6736,6726,-1,
6748,6727,6738,-1,
6748,6737,6727,-1,
6749,6738,6404,-1,
6749,6404,6405,-1,
6750,6439,6739,-1,
6750,6729,6740,-1,
6750,6440,6439,-1,
6750,6739,6729,-1,
6751,6730,6741,-1,
6751,6740,6730,-1,
6752,6741,6731,-1,
6752,6731,6742,-1,
6753,6742,6732,-1,
6753,6732,6743,-1,
6754,6743,6733,-1,
6754,6733,6744,-1,
6755,6744,6734,-1,
6755,6734,6745,-1,
6756,6745,6735,-1,
6756,6735,6746,-1,
6757,6746,6736,-1,
6757,6736,6747,-1,
6758,6747,6737,-1,
6758,6737,6748,-1,
6759,6738,6749,-1,
6759,6748,6738,-1,
6760,6405,6406,-1,
6760,6749,6405,-1,
6761,6740,6751,-1,
6761,6750,6740,-1,
6761,6440,6750,-1,
6761,6441,6440,-1,
6762,6741,6752,-1,
6762,6751,6741,-1,
6763,6742,6753,-1,
6763,6752,6742,-1,
6764,6753,6743,-1,
6764,6743,6754,-1,
6765,6754,6744,-1,
6765,6744,6755,-1,
6766,6745,6756,-1,
6766,6755,6745,-1,
6766,6765,6755,-1,
6767,6756,6746,-1,
6767,6746,6757,-1,
6767,6766,6756,-1,
6768,6757,6747,-1,
6768,6747,6758,-1,
6769,6758,6748,-1,
6769,6748,6759,-1,
6770,6759,6749,-1,
6770,6749,6760,-1,
6771,6406,6407,-1,
6771,6760,6406,-1,
6772,6761,6751,-1,
6772,6751,6762,-1,
6772,6442,6441,-1,
6772,6441,6761,-1,
6773,6762,6752,-1,
6773,6752,6763,-1,
6774,6753,6764,-1,
6774,6773,6763,-1,
6774,6763,6753,-1,
6775,6764,6754,-1,
6775,6754,6765,-1,
6776,6765,6766,-1,
6777,6766,6767,-1,
6778,6767,6757,-1,
6778,6757,6768,-1,
6779,6758,6769,-1,
6779,6768,6758,-1,
6780,6769,6759,-1,
6780,6759,6770,-1,
6781,6770,6760,-1,
6781,6760,6771,-1,
6782,6771,6407,-1,
6782,6407,6408,-1,
6783,6762,6773,-1,
6783,6442,6772,-1,
6783,6443,6442,-1,
6783,6772,6762,-1,
6784,6773,6774,-1,
6785,6764,6775,-1,
6785,6774,6764,-1,
6786,6775,6765,-1,
6786,6765,6776,-1,
6787,6776,6766,-1,
6787,6766,6777,-1,
6788,6767,6778,-1,
6788,6777,6767,-1,
6789,6768,6779,-1,
6789,6778,6768,-1,
6790,6789,6779,-1,
6790,6779,6769,-1,
6790,6769,6780,-1,
6791,6770,6781,-1,
6791,6780,6770,-1,
6792,6771,6782,-1,
6792,6781,6771,-1,
6793,6408,6409,-1,
6793,6782,6408,-1,
6794,6773,6784,-1,
6794,6443,6783,-1,
6794,6444,6443,-1,
6794,6783,6773,-1,
6457,6774,6785,-1,
6457,6784,6774,-1,
6460,6785,6775,-1,
6460,6775,6786,-1,
6460,6457,6785,-1,
6463,6786,6776,-1,
6463,6776,6787,-1,
6466,6787,6777,-1,
6466,6777,6788,-1,
6469,6788,6778,-1,
6469,6778,6789,-1,
6469,6466,6788,-1,
6472,6789,6790,-1,
6475,6472,6790,-1,
6475,6790,6780,-1,
6475,6780,6791,-1,
6478,6781,6792,-1,
6478,6791,6781,-1,
6482,6782,6793,-1,
6482,6792,6782,-1,
6795,6482,6793,-1,
6795,6793,6409,-1,
6795,6409,6410,-1,
6795,6410,6411,-1,
6795,6411,6423,-1,
6456,6794,6784,-1,
6456,6784,6457,-1,
6456,6445,6444,-1,
6456,6444,6794,-1,
6458,6457,6460,-1,
6461,6786,6463,-1,
6461,6460,6786,-1,
6464,6787,6466,-1,
6464,6463,6787,-1,
6467,6466,6469,-1,
6470,6469,6789,-1,
6470,6789,6472,-1,
6473,6472,6475,-1,
6476,6791,6478,-1,
6476,6475,6791,-1,
6479,6792,6482,-1,
6479,6478,6792,-1,
6481,6795,6423,-1,
6481,6423,6422,-1,
6481,6482,6795,-1,
6810,6796,6797,-1,
6811,6797,6798,-1,
6811,6810,6797,-1,
6812,6798,6799,-1,
6812,6811,6798,-1,
6813,6799,6800,-1,
6813,6812,6799,-1,
6814,6800,6801,-1,
6814,6813,6800,-1,
6815,6801,6802,-1,
6815,6814,6801,-1,
6816,6802,6803,-1,
6816,6815,6802,-1,
6817,6803,6804,-1,
6817,6816,6803,-1,
6818,6804,6805,-1,
6818,6817,6804,-1,
6819,6805,6806,-1,
6819,6818,6805,-1,
6820,6806,6807,-1,
6820,6819,6806,-1,
6821,6807,6808,-1,
6821,6820,6807,-1,
6809,6821,6808,-1,
6910,6900,6911,-1,
6910,6911,6912,-1,
6913,6914,6915,-1,
6913,6916,6914,-1,
6917,6918,6919,-1,
6917,6915,6918,-1,
6920,6921,6922,-1,
6920,6919,6921,-1,
6923,6924,6925,-1,
6923,6922,6924,-1,
6926,6927,6928,-1,
6926,6925,6927,-1,
6929,6930,6931,-1,
6929,6928,6930,-1,
6932,6931,6933,-1,
6932,6933,6934,-1,
6935,6936,6877,-1,
6935,6877,6876,-1,
6935,6934,6936,-1,
6937,6901,6910,-1,
6937,6916,6913,-1,
6937,6902,6901,-1,
6937,6910,6916,-1,
6938,6915,6917,-1,
6938,6913,6915,-1,
6939,6917,6919,-1,
6939,6919,6920,-1,
6940,6920,6922,-1,
6940,6922,6923,-1,
6941,6925,6926,-1,
6941,6923,6925,-1,
6942,6928,6929,-1,
6942,6926,6928,-1,
6942,6941,6926,-1,
6943,6929,6931,-1,
6943,6931,6932,-1,
6944,6932,6934,-1,
6944,6934,6935,-1,
6944,6876,6875,-1,
6944,6935,6876,-1,
6945,6913,6938,-1,
6945,6937,6913,-1,
6945,6902,6937,-1,
6945,6903,6902,-1,
6946,6917,6939,-1,
6946,6938,6917,-1,
6947,6939,6920,-1,
6947,6920,6940,-1,
6948,6940,6923,-1,
6948,6923,6941,-1,
6949,6941,6942,-1,
6950,6942,6929,-1,
6950,6929,6943,-1,
6951,6944,6875,-1,
6951,6875,6874,-1,
6951,6932,6944,-1,
6951,6943,6932,-1,
6952,6903,6945,-1,
6952,6938,6946,-1,
6952,6904,6903,-1,
6952,6945,6938,-1,
6953,6946,6939,-1,
6953,6939,6947,-1,
6954,6947,6940,-1,
6954,6940,6948,-1,
6955,6948,6941,-1,
6955,6941,6949,-1,
6956,6949,6942,-1,
6956,6942,6950,-1,
6957,6956,6950,-1,
6957,6951,6874,-1,
6957,6943,6951,-1,
6957,6874,6873,-1,
6957,6950,6943,-1,
6958,6952,6946,-1,
6958,6946,6953,-1,
6958,6904,6952,-1,
6958,6905,6904,-1,
6959,6953,6947,-1,
6959,6947,6954,-1,
6960,6948,6955,-1,
6960,6954,6948,-1,
6961,6955,6949,-1,
6961,6949,6956,-1,
6962,6956,6957,-1,
6962,6957,6873,-1,
6962,6873,6872,-1,
6963,6958,6953,-1,
6963,6953,6959,-1,
6963,6905,6958,-1,
6963,6906,6905,-1,
6964,6954,6960,-1,
6964,6959,6954,-1,
6965,6960,6955,-1,
6965,6955,6961,-1,
6966,6956,6962,-1,
6966,6872,6871,-1,
6966,6962,6872,-1,
6966,6965,6961,-1,
6966,6961,6956,-1,
6967,6963,6959,-1,
6967,6959,6964,-1,
6967,6906,6963,-1,
6967,6907,6906,-1,
6968,6964,6960,-1,
6968,6960,6965,-1,
6969,6965,6966,-1,
6969,6871,6870,-1,
6969,6966,6871,-1,
6970,6967,6964,-1,
6970,6964,6968,-1,
6970,6907,6967,-1,
6970,6908,6907,-1,
6971,6965,6969,-1,
6971,6870,6869,-1,
6971,6968,6965,-1,
6971,6970,6968,-1,
6971,6969,6870,-1,
6972,6868,6867,-1,
6972,6869,6868,-1,
6972,6971,6869,-1,
6972,6908,6970,-1,
6972,6970,6971,-1,
6972,6909,6908,-1,
6972,6867,6909,-1,
6973,6833,6834,-1,
6973,6834,6835,-1,
6974,6832,6833,-1,
6974,6833,6973,-1,
6975,6973,6835,-1,
6975,6835,6836,-1,
6976,6832,6974,-1,
6976,6831,6832,-1,
6977,6974,6973,-1,
6977,6973,6975,-1,
6978,6836,6837,-1,
6978,6975,6836,-1,
6979,6830,6831,-1,
6979,6831,6976,-1,
6980,6974,6977,-1,
6980,6976,6974,-1,
6981,6975,6978,-1,
6981,6977,6975,-1,
6982,6837,6838,-1,
6982,6978,6837,-1,
6983,6829,6830,-1,
6983,6830,6979,-1,
6984,6976,6980,-1,
6984,6979,6976,-1,
6985,6977,6981,-1,
6985,6980,6977,-1,
6986,6981,6978,-1,
6986,6978,6982,-1,
6987,6838,6839,-1,
6987,6982,6838,-1,
6988,6828,6829,-1,
6988,6829,6983,-1,
6989,6983,6979,-1,
6989,6979,6984,-1,
6990,6980,6985,-1,
6990,6984,6980,-1,
6991,6981,6986,-1,
6991,6985,6981,-1,
6992,6986,6982,-1,
6992,6982,6987,-1,
6993,6839,6840,-1,
6993,6987,6839,-1,
6994,6827,6828,-1,
6994,6828,6988,-1,
6995,6988,6983,-1,
6995,6983,6989,-1,
6996,6984,6990,-1,
6996,6989,6984,-1,
6997,6990,6985,-1,
6997,6985,6991,-1,
6998,6991,6986,-1,
6998,6986,6992,-1,
6999,6992,6987,-1,
6999,6987,6993,-1,
7000,6840,6841,-1,
7000,6993,6840,-1,
7001,6826,6827,-1,
7001,6827,6994,-1,
7002,6994,6988,-1,
7002,6988,6995,-1,
7003,6995,6989,-1,
7003,6989,6996,-1,
7004,6990,6997,-1,
7004,6996,6990,-1,
7005,6991,6998,-1,
7005,6997,6991,-1,
7006,6992,6999,-1,
7006,6998,6992,-1,
7007,6993,7000,-1,
7007,6999,6993,-1,
7008,7000,6841,-1,
7008,6841,6842,-1,
7009,6825,6826,-1,
7009,6826,7001,-1,
7010,7001,6994,-1,
7010,6994,7002,-1,
7011,6995,7003,-1,
7011,7002,6995,-1,
7012,7003,6996,-1,
7012,6996,7004,-1,
7013,6997,7005,-1,
7013,7004,6997,-1,
7014,7005,6998,-1,
7014,6998,7006,-1,
7015,7006,6999,-1,
7015,6999,7007,-1,
7016,7007,7000,-1,
7016,7000,7008,-1,
7017,6842,6843,-1,
7017,7008,6842,-1,
7018,6824,6825,-1,
7018,6825,7009,-1,
7019,7009,7001,-1,
7019,7001,7010,-1,
7020,7002,7011,-1,
7020,7010,7002,-1,
7021,7003,7012,-1,
7021,7011,7003,-1,
7022,7004,7013,-1,
7022,7012,7004,-1,
7023,7005,7014,-1,
7023,7013,7005,-1,
7024,7006,7015,-1,
7024,7014,7006,-1,
7025,7015,7007,-1,
7025,7007,7016,-1,
7026,7016,7008,-1,
7026,7008,7017,-1,
7027,6843,6844,-1,
7027,7017,6843,-1,
7028,6822,6823,-1,
7028,6823,6824,-1,
7028,6879,6822,-1,
7028,6824,7018,-1,
7029,7009,7019,-1,
7029,7018,7009,-1,
7030,7010,7020,-1,
7030,7019,7010,-1,
7031,7020,7011,-1,
7031,7011,7021,-1,
7032,7012,7022,-1,
7032,7021,7012,-1,
7033,7022,7013,-1,
7033,7013,7023,-1,
7034,7014,7024,-1,
7034,7023,7014,-1,
7035,7024,7015,-1,
7035,7015,7025,-1,
7036,7016,7026,-1,
7036,7025,7016,-1,
7037,7017,7027,-1,
7037,7026,7017,-1,
7038,7027,6844,-1,
7038,6844,6845,-1,
7039,6879,7028,-1,
7039,7028,7018,-1,
7039,6880,6879,-1,
7039,7018,7029,-1,
7040,7019,7030,-1,
7040,7029,7019,-1,
7041,7030,7020,-1,
7041,7020,7031,-1,
7042,7031,7021,-1,
7042,7021,7032,-1,
7043,7022,7033,-1,
7043,7032,7022,-1,
7044,7033,7023,-1,
7044,7023,7034,-1,
7045,7034,7024,-1,
7045,7024,7035,-1,
7046,7035,7025,-1,
7046,7025,7036,-1,
7047,7036,7026,-1,
7047,7026,7037,-1,
7048,7027,7038,-1,
7048,7037,7027,-1,
7049,6845,6846,-1,
7049,7038,6845,-1,
7050,6881,6880,-1,
7050,6880,7039,-1,
7050,7039,7029,-1,
7050,7029,7040,-1,
7051,7030,7041,-1,
7051,7040,7030,-1,
7052,7041,7031,-1,
7052,7031,7042,-1,
7053,7042,7032,-1,
7053,7032,7043,-1,
7054,7043,7033,-1,
7054,7033,7044,-1,
7055,7034,7045,-1,
7055,7044,7034,-1,
7056,7045,7035,-1,
7056,7035,7046,-1,
7057,7036,7047,-1,
7057,7046,7036,-1,
7058,7047,7037,-1,
7058,7037,7048,-1,
7059,7048,7038,-1,
7059,7038,7049,-1,
7060,6846,6847,-1,
7060,7049,6846,-1,
7061,7050,7040,-1,
7061,6881,7050,-1,
7061,6882,6881,-1,
7061,7040,7051,-1,
7062,7051,7041,-1,
7062,7041,7052,-1,
7063,7042,7053,-1,
7063,7052,7042,-1,
7064,7043,7054,-1,
7064,7053,7043,-1,
7065,7044,7055,-1,
7065,7054,7044,-1,
7066,7055,7045,-1,
7066,7045,7056,-1,
7067,7046,7057,-1,
7067,7056,7046,-1,
7068,7047,7058,-1,
7068,7057,7047,-1,
7069,7058,7048,-1,
7069,7048,7059,-1,
7070,7059,7049,-1,
7070,7049,7060,-1,
7071,7060,6847,-1,
7071,6847,6848,-1,
7072,6882,7061,-1,
7072,7051,7062,-1,
7072,7061,7051,-1,
7072,6883,6882,-1,
7073,7062,7052,-1,
7073,7052,7063,-1,
7074,7063,7053,-1,
7074,7053,7064,-1,
7075,7054,7065,-1,
7075,7064,7054,-1,
7076,7065,7055,-1,
7076,7055,7066,-1,
7077,7066,7056,-1,
7077,7056,7067,-1,
7078,7057,7068,-1,
7078,7067,7057,-1,
7079,7068,7058,-1,
7079,7058,7069,-1,
7080,7059,7070,-1,
7080,7069,7059,-1,
7081,7070,7060,-1,
7081,7060,7071,-1,
7082,6848,6849,-1,
7082,7071,6848,-1,
7083,7062,7073,-1,
7083,6884,6883,-1,
7083,7072,7062,-1,
7083,6883,7072,-1,
7084,7073,7063,-1,
7084,7063,7074,-1,
7085,7064,7075,-1,
7085,7074,7064,-1,
7086,7075,7065,-1,
7086,7065,7076,-1,
7087,7076,7066,-1,
7087,7066,7077,-1,
7088,7077,7067,-1,
7088,7067,7078,-1,
7089,7078,7068,-1,
7089,7068,7079,-1,
7090,7079,7069,-1,
7090,7069,7080,-1,
7091,7080,7070,-1,
7091,7070,7081,-1,
7092,7071,7082,-1,
7092,7081,7071,-1,
7093,6849,6850,-1,
7093,7082,6849,-1,
7094,6885,6884,-1,
7094,6884,7083,-1,
7094,7083,7073,-1,
7094,7073,7084,-1,
7095,7084,7074,-1,
7095,7074,7085,-1,
7096,7075,7086,-1,
7096,7085,7075,-1,
7097,7076,7087,-1,
7097,7086,7076,-1,
7098,7077,7088,-1,
7098,7087,7077,-1,
7099,7078,7089,-1,
7099,7088,7078,-1,
7100,7079,7090,-1,
7100,7089,7079,-1,
7101,7080,7091,-1,
7101,7090,7080,-1,
7102,7091,7081,-1,
7102,7081,7092,-1,
7103,7082,7093,-1,
7103,7092,7082,-1,
7104,6850,6851,-1,
7104,7093,6850,-1,
7105,6885,7094,-1,
7105,7084,7095,-1,
7105,6886,6885,-1,
7105,7094,7084,-1,
7106,7095,7085,-1,
7106,7085,7096,-1,
7107,7096,7086,-1,
7107,7086,7097,-1,
7108,7097,7087,-1,
7108,7087,7098,-1,
7109,7098,7088,-1,
7109,7088,7099,-1,
7110,7099,7089,-1,
7110,7089,7100,-1,
7111,7090,7101,-1,
7111,7100,7090,-1,
7112,7101,7091,-1,
7112,7091,7102,-1,
7113,7092,7103,-1,
7113,7102,7092,-1,
7114,7093,7104,-1,
7114,7103,7093,-1,
7115,6851,6852,-1,
7115,7104,6851,-1,
7116,7095,7106,-1,
7116,6887,6886,-1,
7116,6886,7105,-1,
7116,7105,7095,-1,
7117,7096,7107,-1,
7117,7106,7096,-1,
7118,7107,7097,-1,
7118,7097,7108,-1,
7119,7108,7098,-1,
7119,7098,7109,-1,
7120,7099,7110,-1,
7120,7109,7099,-1,
7121,7110,7100,-1,
7121,7100,7111,-1,
7122,7111,7101,-1,
7122,7101,7112,-1,
7123,7102,7113,-1,
7123,7112,7102,-1,
7124,7113,7103,-1,
7124,7103,7114,-1,
7125,7104,7115,-1,
7125,7114,7104,-1,
7126,6852,6853,-1,
7126,7115,6852,-1,
7127,6887,7116,-1,
7127,6888,6887,-1,
7127,7116,7106,-1,
7127,7106,7117,-1,
7128,7107,7118,-1,
7128,7117,7107,-1,
7129,7108,7119,-1,
7129,7118,7108,-1,
7130,7119,7109,-1,
7130,7109,7120,-1,
7131,7120,7110,-1,
7131,7110,7121,-1,
7132,7121,7111,-1,
7132,7111,7122,-1,
7133,7122,7112,-1,
7133,7112,7123,-1,
7134,7123,7113,-1,
7134,7113,7124,-1,
7135,7114,7125,-1,
7135,7124,7114,-1,
7136,7125,7115,-1,
7136,7115,7126,-1,
7137,6853,6854,-1,
7137,7126,6853,-1,
7138,7127,7117,-1,
7138,7117,7128,-1,
7138,6888,7127,-1,
7138,6889,6888,-1,
7139,7128,7118,-1,
7139,7118,7129,-1,
7140,7119,7130,-1,
7140,7129,7119,-1,
7141,7120,7131,-1,
7141,7130,7120,-1,
7142,7121,7132,-1,
7142,7131,7121,-1,
7143,7132,7122,-1,
7143,7122,7133,-1,
7144,7123,7134,-1,
7144,7133,7123,-1,
7145,7134,7124,-1,
7145,7124,7135,-1,
7146,7125,7136,-1,
7146,7135,7125,-1,
7147,7136,7126,-1,
7147,7126,7137,-1,
7148,7137,6854,-1,
7148,6854,6855,-1,
7149,7138,7128,-1,
7149,7128,7139,-1,
7149,6889,7138,-1,
7149,6890,6889,-1,
7150,7129,7140,-1,
7150,7139,7129,-1,
7151,7140,7130,-1,
7151,7130,7141,-1,
7152,7141,7131,-1,
7152,7131,7142,-1,
7153,7142,7132,-1,
7153,7132,7143,-1,
7154,7143,7133,-1,
7154,7133,7144,-1,
7155,7134,7145,-1,
7155,7144,7134,-1,
7156,7145,7135,-1,
7156,7135,7146,-1,
7157,7146,7136,-1,
7157,7136,7147,-1,
7158,7137,7148,-1,
7158,7147,7137,-1,
7159,6855,6856,-1,
7159,7148,6855,-1,
7160,7139,7150,-1,
7160,7149,7139,-1,
7160,6891,6890,-1,
7160,6890,7149,-1,
7161,7150,7140,-1,
7161,7140,7151,-1,
7162,7151,7141,-1,
7162,7141,7152,-1,
7163,7152,7142,-1,
7163,7142,7153,-1,
7164,7153,7143,-1,
7164,7143,7154,-1,
7165,7144,7155,-1,
7165,7154,7144,-1,
7166,7145,7156,-1,
7166,7155,7145,-1,
7167,7146,7157,-1,
7167,7156,7146,-1,
7168,7147,7158,-1,
7168,7157,7147,-1,
7169,7158,7148,-1,
7169,7148,7159,-1,
7170,7169,7159,-1,
7170,6856,6857,-1,
7170,7159,6856,-1,
7171,6891,7160,-1,
7171,7150,7161,-1,
7171,6892,6891,-1,
7171,7160,7150,-1,
7172,7151,7162,-1,
7172,7161,7151,-1,
7173,7152,7163,-1,
7173,7162,7152,-1,
7174,7153,7164,-1,
7174,7163,7153,-1,
7175,7154,7165,-1,
7175,7164,7154,-1,
7176,7165,7155,-1,
7176,7155,7166,-1,
7177,7156,7167,-1,
7177,7166,7156,-1,
7178,7167,7157,-1,
7178,7157,7168,-1,
7179,7168,7158,-1,
7179,7158,7169,-1,
7180,7169,7170,-1,
7181,6857,6858,-1,
7181,7170,6857,-1,
7182,7171,7161,-1,
7182,6892,7171,-1,
7182,7161,7172,-1,
7182,6893,6892,-1,
7183,7172,7162,-1,
7183,7162,7173,-1,
7184,7173,7163,-1,
7184,7163,7174,-1,
7185,7164,7175,-1,
7185,7174,7164,-1,
7186,7175,7165,-1,
7186,7165,7176,-1,
7187,7176,7166,-1,
7187,7166,7177,-1,
7188,7167,7178,-1,
7188,7177,7167,-1,
7189,7168,7179,-1,
7189,7178,7168,-1,
7190,7179,7169,-1,
7190,7169,7180,-1,
7191,7180,7170,-1,
7191,7170,7181,-1,
7191,7190,7180,-1,
7192,7191,7181,-1,
7192,6858,6859,-1,
7192,7181,6858,-1,
7193,7172,7183,-1,
7193,6894,6893,-1,
7193,7182,7172,-1,
7193,6893,7182,-1,
7194,7183,7173,-1,
7194,7173,7184,-1,
7195,7174,7185,-1,
7195,7184,7174,-1,
7195,7194,7184,-1,
7196,7185,7175,-1,
7196,7175,7186,-1,
7197,7186,7176,-1,
7197,7176,7187,-1,
7198,7187,7177,-1,
7198,7177,7188,-1,
7199,7178,7189,-1,
7199,7188,7178,-1,
7200,7179,7190,-1,
7200,7189,7179,-1,
7201,7190,7191,-1,
7202,7191,7192,-1,
7203,7192,6859,-1,
7203,6859,6860,-1,
7204,6895,6894,-1,
7204,7183,7194,-1,
7204,6894,7193,-1,
7204,7193,7183,-1,
7205,7204,7194,-1,
7205,7194,7195,-1,
7206,7195,7185,-1,
7206,7185,7196,-1,
7207,7196,7186,-1,
7207,7186,7197,-1,
7207,7206,7196,-1,
7208,7197,7187,-1,
7208,7187,7198,-1,
7209,7198,7188,-1,
7209,7188,7199,-1,
7210,7199,7189,-1,
7210,7189,7200,-1,
7211,7200,7190,-1,
7211,7190,7201,-1,
7212,7201,7191,-1,
7212,7211,7201,-1,
7212,7191,7202,-1,
7213,7192,7203,-1,
7213,7202,7192,-1,
7214,7203,6860,-1,
7214,6860,6861,-1,
7215,6895,7204,-1,
7215,7204,7205,-1,
7215,6896,6895,-1,
7216,7205,7195,-1,
7216,7195,7206,-1,
7217,7206,7207,-1,
7218,7207,7197,-1,
7218,7197,7208,-1,
7219,7208,7198,-1,
7219,7198,7209,-1,
7220,7209,7199,-1,
7220,7199,7210,-1,
7221,7200,7211,-1,
7221,7210,7200,-1,
7222,7211,7212,-1,
7223,7202,7213,-1,
7223,7212,7202,-1,
7224,7213,7203,-1,
7224,7203,7214,-1,
7225,6861,6862,-1,
7225,7214,6861,-1,
7226,7205,7216,-1,
7226,6897,6896,-1,
7226,7215,7205,-1,
7226,6896,7215,-1,
7227,7216,7206,-1,
7227,7206,7217,-1,
7227,7226,7216,-1,
7228,7217,7207,-1,
7228,7207,7218,-1,
7229,7218,7208,-1,
7229,7208,7219,-1,
7230,7219,7209,-1,
7230,7209,7220,-1,
7231,7220,7210,-1,
7231,7210,7221,-1,
7232,7221,7211,-1,
7232,7211,7222,-1,
7233,7212,7223,-1,
7233,7222,7212,-1,
7234,7233,7223,-1,
7234,7213,7224,-1,
7234,7223,7213,-1,
7235,7214,7225,-1,
7235,7224,7214,-1,
7235,7234,7224,-1,
7236,7225,6862,-1,
7236,6862,6863,-1,
7237,6898,6897,-1,
7237,6897,7226,-1,
7237,7226,7227,-1,
7238,7217,7228,-1,
7238,7227,7217,-1,
7239,7228,7218,-1,
7239,7218,7229,-1,
7240,7219,7230,-1,
7240,7239,7229,-1,
7240,7229,7219,-1,
7241,7230,7220,-1,
7241,7220,7231,-1,
7242,7221,7232,-1,
7242,7231,7221,-1,
7243,7232,7222,-1,
7243,7222,7233,-1,
7244,7233,7234,-1,
7245,7234,7235,-1,
7246,7225,7236,-1,
7246,7235,7225,-1,
7247,6863,6864,-1,
7247,7236,6863,-1,
7248,6898,7237,-1,
7248,7227,7238,-1,
7248,6899,6898,-1,
7248,7237,7227,-1,
6912,7238,7228,-1,
6912,7228,7239,-1,
6914,7239,7240,-1,
6918,7230,7241,-1,
6918,7240,7230,-1,
6921,7241,7231,-1,
6921,7231,7242,-1,
6924,7242,7232,-1,
6924,7232,7243,-1,
6927,7243,7233,-1,
6927,7233,7244,-1,
6930,7244,7234,-1,
6930,6927,7244,-1,
6930,7234,7245,-1,
6933,7245,7235,-1,
6933,7235,7246,-1,
7249,7236,7247,-1,
7249,7246,7236,-1,
7250,7247,6864,-1,
7250,6864,6865,-1,
7250,6865,6866,-1,
7250,6866,6878,-1,
6911,7238,6912,-1,
6911,6900,6899,-1,
6911,7248,7238,-1,
6911,6899,7248,-1,
6916,6912,7239,-1,
6916,7239,6914,-1,
6915,6914,7240,-1,
6915,7240,6918,-1,
6919,6918,7241,-1,
6919,7241,6921,-1,
6922,7242,6924,-1,
6922,6921,7242,-1,
6925,6924,7243,-1,
6925,7243,6927,-1,
6928,6927,6930,-1,
6931,6930,7245,-1,
6931,7245,6933,-1,
6934,6933,7246,-1,
6934,7246,7249,-1,
6936,7250,6878,-1,
6936,6878,6877,-1,
6936,7247,7250,-1,
6936,6934,7249,-1,
6936,7249,7247,-1,
6910,6912,6916,-1,
6910,6901,6900,-1,
7254,7253,7265,-1,
7254,7265,7276,-1,
7255,7276,7275,-1,
7255,7254,7276,-1,
7256,7275,7274,-1,
7256,7255,7275,-1,
7257,7274,7273,-1,
7257,7256,7274,-1,
7258,7273,7272,-1,
7258,7257,7273,-1,
7259,7272,7271,-1,
7259,7258,7272,-1,
7260,7271,7270,-1,
7260,7259,7271,-1,
7261,7270,7269,-1,
7261,7260,7270,-1,
7262,7269,7268,-1,
7262,7261,7269,-1,
7263,7268,7267,-1,
7263,7262,7268,-1,
7264,7267,7266,-1,
7264,7263,7267,-1,
7252,7266,7251,-1,
7252,7264,7266,-1,
7312,7278,7277,-1,
7312,7277,7310,-1,
7313,7310,7309,-1,
7313,7312,7310,-1,
7314,7309,7308,-1,
7314,7313,7309,-1,
7315,7308,7307,-1,
7315,7314,7308,-1,
7316,7307,7306,-1,
7316,7315,7307,-1,
7317,7306,7305,-1,
7317,7316,7306,-1,
7318,7305,7304,-1,
7318,7317,7305,-1,
7319,7318,7304,-1,
7319,7304,7303,-1,
7320,7319,7303,-1,
7320,7303,7302,-1,
7321,7320,7302,-1,
7321,7302,7301,-1,
7322,7321,7301,-1,
7322,7301,7300,-1,
7323,7322,7300,-1,
7323,7300,7299,-1,
7324,7299,7298,-1,
7324,7323,7299,-1,
7325,7298,7297,-1,
7325,7324,7298,-1,
7326,7297,7296,-1,
7326,7325,7297,-1,
7327,7296,7295,-1,
7327,7326,7296,-1,
7328,7295,7294,-1,
7328,7327,7295,-1,
7329,7294,7293,-1,
7329,7328,7294,-1,
7330,7293,7292,-1,
7330,7329,7293,-1,
7331,7292,7291,-1,
7331,7330,7292,-1,
7332,7291,7290,-1,
7332,7331,7291,-1,
7333,7290,7289,-1,
7333,7332,7290,-1,
7334,7289,7288,-1,
7334,7333,7289,-1,
7335,7288,7287,-1,
7335,7334,7288,-1,
7336,7287,7286,-1,
7336,7335,7287,-1,
7337,7286,7285,-1,
7337,7336,7286,-1,
7338,7285,7284,-1,
7338,7337,7285,-1,
7339,7284,7283,-1,
7339,7338,7284,-1,
7340,7283,7282,-1,
7340,7339,7283,-1,
7341,7282,7281,-1,
7341,7340,7282,-1,
7342,7281,7280,-1,
7342,7341,7281,-1,
7311,7280,7279,-1,
7311,7342,7280,-1,
7378,7344,7343,-1,
7378,7343,7376,-1,
7379,7376,7375,-1,
7379,7378,7376,-1,
7380,7375,7374,-1,
7380,7379,7375,-1,
7381,7374,7373,-1,
7381,7380,7374,-1,
7382,7373,7372,-1,
7382,7381,7373,-1,
7383,7372,7371,-1,
7383,7382,7372,-1,
7384,7371,7370,-1,
7384,7383,7371,-1,
7385,7384,7370,-1,
7385,7370,7369,-1,
7386,7385,7369,-1,
7386,7369,7368,-1,
7387,7386,7368,-1,
7387,7368,7367,-1,
7388,7387,7367,-1,
7388,7367,7366,-1,
7389,7388,7366,-1,
7389,7366,7365,-1,
7390,7365,7364,-1,
7390,7389,7365,-1,
7391,7364,7363,-1,
7391,7390,7364,-1,
7392,7363,7362,-1,
7392,7391,7363,-1,
7393,7362,7361,-1,
7393,7392,7362,-1,
7394,7361,7360,-1,
7394,7393,7361,-1,
7395,7360,7359,-1,
7395,7394,7360,-1,
7396,7359,7358,-1,
7396,7395,7359,-1,
7397,7358,7357,-1,
7397,7396,7358,-1,
7398,7357,7356,-1,
7398,7397,7357,-1,
7399,7356,7355,-1,
7399,7398,7356,-1,
7400,7355,7354,-1,
7400,7399,7355,-1,
7401,7354,7353,-1,
7401,7400,7354,-1,
7402,7353,7352,-1,
7402,7401,7353,-1,
7403,7352,7351,-1,
7403,7402,7352,-1,
7404,7351,7350,-1,
7404,7403,7351,-1,
7405,7350,7349,-1,
7405,7404,7350,-1,
7406,7349,7348,-1,
7406,7405,7349,-1,
7407,7348,7347,-1,
7407,7406,7348,-1,
7408,7347,7346,-1,
7408,7407,7347,-1,
7377,7346,7345,-1,
7377,7408,7346,-1,
7410,7409,7411,-1,
7424,7411,7412,-1,
7424,7410,7411,-1,
7425,7412,7413,-1,
7425,7424,7412,-1,
7426,7413,7414,-1,
7426,7425,7413,-1,
7427,7414,7415,-1,
7427,7426,7414,-1,
7428,7415,7416,-1,
7428,7427,7415,-1,
7429,7416,7417,-1,
7429,7428,7416,-1,
7430,7417,7418,-1,
7430,7429,7417,-1,
7431,7418,7419,-1,
7431,7430,7418,-1,
7432,7419,7420,-1,
7432,7431,7419,-1,
7433,7420,7421,-1,
7433,7432,7420,-1,
7434,7421,7422,-1,
7434,7433,7421,-1,
7423,7434,7422,-1,
7523,7524,7525,-1,
7526,7525,7527,-1,
7526,7527,7528,-1,
7529,7528,7530,-1,
7529,7530,7531,-1,
7532,7531,7533,-1,
7532,7533,7534,-1,
7522,7481,7480,-1,
7535,7436,7437,-1,
7535,7536,7436,-1,
7535,7534,7537,-1,
7535,7537,7536,-1,
7538,7456,7457,-1,
7538,7539,7540,-1,
7538,7540,7541,-1,
7538,7457,7539,-1,
7542,7541,7543,-1,
7542,7543,7544,-1,
7545,7546,7547,-1,
7545,7544,7546,-1,
7548,7547,7549,-1,
7548,7549,7550,-1,
7551,7552,7523,-1,
7551,7550,7552,-1,
7553,7523,7525,-1,
7553,7525,7526,-1,
7554,7526,7528,-1,
7554,7528,7529,-1,
7555,7529,7531,-1,
7555,7531,7532,-1,
7555,7554,7529,-1,
7556,7437,7438,-1,
7556,7535,7437,-1,
7556,7534,7535,-1,
7556,7532,7534,-1,
7557,7455,7456,-1,
7557,7456,7538,-1,
7557,7538,7541,-1,
7557,7541,7542,-1,
7558,7542,7544,-1,
7558,7544,7545,-1,
7559,7545,7547,-1,
7559,7547,7548,-1,
7560,7548,7550,-1,
7560,7550,7551,-1,
7561,7523,7553,-1,
7561,7551,7523,-1,
7562,7526,7554,-1,
7562,7553,7526,-1,
7563,7554,7555,-1,
7564,7438,7439,-1,
7564,7555,7532,-1,
7564,7556,7438,-1,
7564,7532,7556,-1,
7565,7454,7455,-1,
7565,7455,7557,-1,
7565,7557,7542,-1,
7565,7542,7558,-1,
7566,7558,7545,-1,
7566,7545,7559,-1,
7567,7566,7559,-1,
7567,7548,7560,-1,
7567,7559,7548,-1,
7568,7560,7551,-1,
7568,7551,7561,-1,
7569,7561,7553,-1,
7569,7553,7562,-1,
7570,7562,7554,-1,
7570,7554,7563,-1,
7571,7439,7440,-1,
7571,7564,7439,-1,
7571,7563,7555,-1,
7571,7555,7564,-1,
7572,7565,7558,-1,
7572,7453,7454,-1,
7572,7454,7565,-1,
7572,7558,7566,-1,
7573,7566,7567,-1,
7574,7567,7560,-1,
7574,7560,7568,-1,
7575,7568,7561,-1,
7575,7574,7568,-1,
7575,7561,7569,-1,
7576,7569,7562,-1,
7576,7562,7570,-1,
7577,7440,7441,-1,
7577,7571,7440,-1,
7577,7570,7563,-1,
7577,7563,7571,-1,
7578,7572,7566,-1,
7578,7452,7453,-1,
7578,7453,7572,-1,
7578,7566,7573,-1,
7579,7567,7574,-1,
7579,7573,7567,-1,
7580,7574,7575,-1,
7581,7575,7569,-1,
7581,7569,7576,-1,
7582,7441,7442,-1,
7582,7570,7577,-1,
7582,7577,7441,-1,
7582,7576,7570,-1,
7583,7451,7452,-1,
7583,7452,7578,-1,
7583,7578,7573,-1,
7583,7573,7579,-1,
7584,7574,7580,-1,
7584,7579,7574,-1,
7585,7580,7575,-1,
7585,7575,7581,-1,
7586,7442,7443,-1,
7586,7582,7442,-1,
7586,7576,7582,-1,
7586,7581,7576,-1,
7587,7450,7451,-1,
7587,7451,7583,-1,
7587,7583,7579,-1,
7587,7579,7584,-1,
7588,7584,7580,-1,
7588,7580,7585,-1,
7589,7443,7444,-1,
7589,7586,7443,-1,
7589,7585,7581,-1,
7589,7581,7586,-1,
7589,7588,7585,-1,
7590,7449,7450,-1,
7590,7450,7587,-1,
7590,7584,7588,-1,
7590,7587,7584,-1,
7591,7444,7445,-1,
7591,7588,7589,-1,
7591,7589,7444,-1,
7592,7445,7446,-1,
7592,7448,7449,-1,
7592,7449,7590,-1,
7592,7446,7448,-1,
7592,7591,7445,-1,
7592,7590,7588,-1,
7592,7588,7591,-1,
7447,7448,7446,-1,
7593,7481,7522,-1,
7594,7481,7593,-1,
7594,7482,7481,-1,
7595,7593,7522,-1,
7595,7522,7521,-1,
7596,7483,7482,-1,
7596,7482,7594,-1,
7597,7593,7595,-1,
7597,7594,7593,-1,
7598,7595,7521,-1,
7598,7521,7520,-1,
7599,7484,7483,-1,
7599,7483,7596,-1,
7600,7596,7594,-1,
7600,7594,7597,-1,
7601,7595,7598,-1,
7601,7597,7595,-1,
7602,7598,7520,-1,
7602,7520,7519,-1,
7603,7485,7484,-1,
7603,7484,7599,-1,
7604,7599,7596,-1,
7604,7596,7600,-1,
7605,7600,7597,-1,
7605,7597,7601,-1,
7606,7601,7598,-1,
7606,7598,7602,-1,
7607,7519,7518,-1,
7607,7602,7519,-1,
7608,7485,7603,-1,
7608,7486,7485,-1,
7609,7603,7599,-1,
7609,7599,7604,-1,
7610,7600,7605,-1,
7610,7604,7600,-1,
7611,7601,7606,-1,
7611,7605,7601,-1,
7612,7602,7607,-1,
7612,7606,7602,-1,
7613,7607,7518,-1,
7613,7518,7517,-1,
7614,7486,7608,-1,
7614,7487,7486,-1,
7615,7603,7609,-1,
7615,7608,7603,-1,
7616,7604,7610,-1,
7616,7609,7604,-1,
7617,7610,7605,-1,
7617,7605,7611,-1,
7618,7611,7606,-1,
7618,7606,7612,-1,
7619,7607,7613,-1,
7619,7612,7607,-1,
7620,7613,7517,-1,
7620,7517,7516,-1,
7621,7488,7487,-1,
7621,7487,7614,-1,
7622,7614,7608,-1,
7622,7608,7615,-1,
7623,7615,7609,-1,
7623,7609,7616,-1,
7624,7610,7617,-1,
7624,7616,7610,-1,
7625,7617,7611,-1,
7625,7611,7618,-1,
7626,7618,7612,-1,
7626,7612,7619,-1,
7627,7619,7613,-1,
7627,7613,7620,-1,
7628,7620,7516,-1,
7628,7516,7515,-1,
7629,7488,7621,-1,
7629,7489,7488,-1,
7630,7614,7622,-1,
7630,7621,7614,-1,
7631,7622,7615,-1,
7631,7615,7623,-1,
7632,7623,7616,-1,
7632,7616,7624,-1,
7633,7624,7617,-1,
7633,7617,7625,-1,
7634,7618,7626,-1,
7634,7625,7618,-1,
7635,7619,7627,-1,
7635,7626,7619,-1,
7636,7627,7620,-1,
7636,7620,7628,-1,
7637,7628,7515,-1,
7637,7515,7514,-1,
7638,7490,7489,-1,
7638,7489,7629,-1,
7639,7629,7621,-1,
7639,7621,7630,-1,
7640,7630,7622,-1,
7640,7622,7631,-1,
7641,7631,7623,-1,
7641,7623,7632,-1,
7642,7632,7624,-1,
7642,7624,7633,-1,
7643,7625,7634,-1,
7643,7633,7625,-1,
7644,7634,7626,-1,
7644,7626,7635,-1,
7645,7635,7627,-1,
7645,7627,7636,-1,
7646,7636,7628,-1,
7646,7628,7637,-1,
7647,7637,7514,-1,
7647,7514,7513,-1,
7648,7490,7638,-1,
7648,7478,7479,-1,
7648,7491,7490,-1,
7648,7479,7491,-1,
7649,7629,7639,-1,
7649,7638,7629,-1,
7650,7639,7630,-1,
7650,7630,7640,-1,
7651,7640,7631,-1,
7651,7631,7641,-1,
7652,7641,7632,-1,
7652,7632,7642,-1,
7653,7642,7633,-1,
7653,7633,7643,-1,
7654,7643,7634,-1,
7654,7634,7644,-1,
7655,7635,7645,-1,
7655,7644,7635,-1,
7656,7636,7646,-1,
7656,7645,7636,-1,
7657,7646,7637,-1,
7657,7637,7647,-1,
7658,7647,7513,-1,
7658,7513,7512,-1,
7659,7478,7648,-1,
7659,7477,7478,-1,
7659,7648,7638,-1,
7659,7638,7649,-1,
7660,7639,7650,-1,
7660,7649,7639,-1,
7661,7640,7651,-1,
7661,7650,7640,-1,
7662,7641,7652,-1,
7662,7651,7641,-1,
7663,7642,7653,-1,
7663,7652,7642,-1,
7664,7643,7654,-1,
7664,7653,7643,-1,
7665,7644,7655,-1,
7665,7654,7644,-1,
7666,7645,7656,-1,
7666,7655,7645,-1,
7667,7656,7646,-1,
7667,7646,7657,-1,
7668,7657,7647,-1,
7668,7647,7658,-1,
7669,7658,7512,-1,
7669,7512,7511,-1,
7670,7476,7477,-1,
7670,7477,7659,-1,
7670,7659,7649,-1,
7670,7649,7660,-1,
7671,7660,7650,-1,
7671,7650,7661,-1,
7672,7651,7662,-1,
7672,7661,7651,-1,
7673,7662,7652,-1,
7673,7652,7663,-1,
7674,7663,7653,-1,
7674,7653,7664,-1,
7675,7664,7654,-1,
7675,7654,7665,-1,
7676,7665,7655,-1,
7676,7655,7666,-1,
7677,7666,7656,-1,
7677,7656,7667,-1,
7678,7657,7668,-1,
7678,7667,7657,-1,
7679,7668,7658,-1,
7679,7658,7669,-1,
7680,7669,7511,-1,
7680,7511,7510,-1,
7681,7670,7660,-1,
7681,7476,7670,-1,
7681,7475,7476,-1,
7681,7660,7671,-1,
7682,7671,7661,-1,
7682,7661,7672,-1,
7683,7672,7662,-1,
7683,7662,7673,-1,
7684,7673,7663,-1,
7684,7663,7674,-1,
7685,7674,7664,-1,
7685,7664,7675,-1,
7686,7675,7665,-1,
7686,7665,7676,-1,
7687,7666,7677,-1,
7687,7676,7666,-1,
7688,7677,7667,-1,
7688,7667,7678,-1,
7689,7668,7679,-1,
7689,7678,7668,-1,
7690,7669,7680,-1,
7690,7679,7669,-1,
7691,7680,7510,-1,
7691,7510,7509,-1,
7692,7671,7682,-1,
7692,7475,7681,-1,
7692,7474,7475,-1,
7692,7681,7671,-1,
7693,7672,7683,-1,
7693,7682,7672,-1,
7694,7673,7684,-1,
7694,7683,7673,-1,
7695,7684,7674,-1,
7695,7674,7685,-1,
7696,7685,7675,-1,
7696,7675,7686,-1,
7697,7686,7676,-1,
7697,7676,7687,-1,
7698,7687,7677,-1,
7698,7677,7688,-1,
7699,7688,7678,-1,
7699,7678,7689,-1,
7700,7689,7679,-1,
7700,7679,7690,-1,
7701,7680,7691,-1,
7701,7690,7680,-1,
7702,7691,7509,-1,
7702,7509,7508,-1,
7703,7692,7682,-1,
7703,7473,7474,-1,
7703,7474,7692,-1,
7703,7682,7693,-1,
7704,7683,7694,-1,
7704,7693,7683,-1,
7705,7694,7684,-1,
7705,7684,7695,-1,
7706,7695,7685,-1,
7706,7685,7696,-1,
7707,7686,7697,-1,
7707,7696,7686,-1,
7708,7697,7687,-1,
7708,7687,7698,-1,
7709,7688,7699,-1,
7709,7698,7688,-1,
7710,7699,7689,-1,
7710,7689,7700,-1,
7711,7700,7690,-1,
7711,7690,7701,-1,
7712,7701,7691,-1,
7712,7691,7702,-1,
7713,7508,7507,-1,
7713,7702,7508,-1,
7714,7693,7704,-1,
7714,7472,7473,-1,
7714,7473,7703,-1,
7714,7703,7693,-1,
7715,7704,7694,-1,
7715,7694,7705,-1,
7716,7705,7695,-1,
7716,7695,7706,-1,
7717,7706,7696,-1,
7717,7696,7707,-1,
7718,7707,7697,-1,
7718,7697,7708,-1,
7719,7708,7698,-1,
7719,7698,7709,-1,
7720,7699,7710,-1,
7720,7709,7699,-1,
7721,7700,7711,-1,
7721,7710,7700,-1,
7722,7701,7712,-1,
7722,7711,7701,-1,
7723,7702,7713,-1,
7723,7712,7702,-1,
7724,7713,7507,-1,
7724,7507,7506,-1,
7725,7472,7714,-1,
7725,7471,7472,-1,
7725,7714,7704,-1,
7725,7704,7715,-1,
7726,7705,7716,-1,
7726,7715,7705,-1,
7727,7706,7717,-1,
7727,7716,7706,-1,
7728,7717,7707,-1,
7728,7707,7718,-1,
7729,7718,7708,-1,
7729,7708,7719,-1,
7730,7719,7709,-1,
7730,7709,7720,-1,
7731,7720,7710,-1,
7731,7710,7721,-1,
7732,7711,7722,-1,
7732,7721,7711,-1,
7733,7722,7712,-1,
7733,7712,7723,-1,
7734,7723,7713,-1,
7734,7713,7724,-1,
7735,7724,7506,-1,
7735,7506,7505,-1,
7736,7470,7471,-1,
7736,7471,7725,-1,
7736,7725,7715,-1,
7736,7715,7726,-1,
7737,7716,7727,-1,
7737,7726,7716,-1,
7738,7727,7717,-1,
7738,7717,7728,-1,
7739,7718,7729,-1,
7739,7728,7718,-1,
7740,7729,7719,-1,
7740,7719,7730,-1,
7741,7720,7731,-1,
7741,7730,7720,-1,
7742,7731,7721,-1,
7742,7721,7732,-1,
7743,7722,7733,-1,
7743,7732,7722,-1,
7744,7723,7734,-1,
7744,7733,7723,-1,
7745,7734,7724,-1,
7745,7724,7735,-1,
7746,7505,7504,-1,
7746,7735,7505,-1,
7747,7726,7737,-1,
7747,7469,7470,-1,
7747,7470,7736,-1,
7747,7736,7726,-1,
7748,7737,7727,-1,
7748,7727,7738,-1,
7749,7728,7739,-1,
7749,7738,7728,-1,
7750,7739,7729,-1,
7750,7729,7740,-1,
7751,7740,7730,-1,
7751,7730,7741,-1,
7752,7741,7731,-1,
7752,7731,7742,-1,
7753,7742,7732,-1,
7753,7732,7743,-1,
7754,7743,7733,-1,
7754,7733,7744,-1,
7755,7744,7734,-1,
7755,7734,7745,-1,
7756,7735,7746,-1,
7756,7745,7735,-1,
7757,7746,7504,-1,
7757,7504,7503,-1,
7758,7468,7469,-1,
7758,7737,7748,-1,
7758,7469,7747,-1,
7758,7747,7737,-1,
7759,7748,7738,-1,
7759,7738,7749,-1,
7760,7749,7739,-1,
7760,7739,7750,-1,
7761,7750,7740,-1,
7761,7740,7751,-1,
7762,7751,7741,-1,
7762,7741,7752,-1,
7763,7752,7742,-1,
7763,7742,7753,-1,
7764,7753,7743,-1,
7764,7743,7754,-1,
7765,7754,7744,-1,
7765,7744,7755,-1,
7766,7745,7756,-1,
7766,7755,7745,-1,
7767,7746,7757,-1,
7767,7756,7746,-1,
7768,7757,7503,-1,
7768,7503,7502,-1,
7769,7467,7468,-1,
7769,7468,7758,-1,
7769,7748,7759,-1,
7769,7758,7748,-1,
7770,7759,7749,-1,
7770,7749,7760,-1,
7771,7760,7750,-1,
7771,7750,7761,-1,
7772,7751,7762,-1,
7772,7761,7751,-1,
7773,7752,7763,-1,
7773,7762,7752,-1,
7774,7773,7763,-1,
7774,7763,7753,-1,
7774,7753,7764,-1,
7775,7764,7754,-1,
7775,7754,7765,-1,
7776,7755,7766,-1,
7776,7765,7755,-1,
7777,7766,7756,-1,
7777,7756,7767,-1,
7778,7767,7757,-1,
7778,7757,7768,-1,
7779,7502,7501,-1,
7779,7768,7502,-1,
7780,7466,7467,-1,
7780,7467,7769,-1,
7780,7769,7759,-1,
7780,7759,7770,-1,
7781,7760,7771,-1,
7781,7770,7760,-1,
7782,7771,7761,-1,
7782,7761,7772,-1,
7783,7772,7762,-1,
7783,7762,7773,-1,
7784,7773,7774,-1,
7785,7774,7764,-1,
7785,7764,7775,-1,
7786,7775,7765,-1,
7786,7765,7776,-1,
7787,7766,7777,-1,
7787,7776,7766,-1,
7788,7777,7767,-1,
7788,7767,7778,-1,
7789,7778,7768,-1,
7789,7768,7779,-1,
7790,7779,7501,-1,
7790,7501,7500,-1,
7791,7466,7780,-1,
7791,7780,7770,-1,
7791,7465,7466,-1,
7791,7770,7781,-1,
7792,7781,7771,-1,
7792,7771,7782,-1,
7793,7772,7783,-1,
7793,7782,7772,-1,
7794,7783,7773,-1,
7794,7773,7784,-1,
7795,7774,7785,-1,
7795,7784,7774,-1,
7796,7785,7775,-1,
7796,7775,7786,-1,
7797,7776,7787,-1,
7797,7786,7776,-1,
7798,7777,7788,-1,
7798,7787,7777,-1,
7799,7788,7778,-1,
7799,7778,7789,-1,
7800,7779,7790,-1,
7800,7789,7779,-1,
7801,7790,7500,-1,
7801,7500,7499,-1,
7802,7464,7465,-1,
7802,7781,7792,-1,
7802,7465,7791,-1,
7802,7791,7781,-1,
7803,7792,7782,-1,
7803,7782,7793,-1,
7804,7793,7783,-1,
7804,7783,7794,-1,
7805,7794,7784,-1,
7805,7784,7795,-1,
7806,7785,7796,-1,
7806,7795,7785,-1,
7807,7796,7786,-1,
7807,7786,7797,-1,
7808,7797,7787,-1,
7808,7787,7798,-1,
7809,7788,7799,-1,
7809,7798,7788,-1,
7810,7799,7789,-1,
7810,7789,7800,-1,
7811,7790,7801,-1,
7811,7800,7790,-1,
7812,7499,7498,-1,
7812,7801,7499,-1,
7813,7463,7464,-1,
7813,7464,7802,-1,
7813,7792,7803,-1,
7813,7802,7792,-1,
7814,7793,7804,-1,
7814,7803,7793,-1,
7815,7804,7794,-1,
7815,7794,7805,-1,
7816,7805,7795,-1,
7816,7795,7806,-1,
7817,7806,7796,-1,
7817,7796,7807,-1,
7818,7797,7808,-1,
7818,7807,7797,-1,
7819,7808,7798,-1,
7819,7798,7809,-1,
7820,7809,7799,-1,
7820,7799,7810,-1,
7821,7800,7811,-1,
7821,7810,7800,-1,
7822,7801,7812,-1,
7822,7811,7801,-1,
7823,7812,7498,-1,
7823,7498,7497,-1,
7824,7463,7813,-1,
7824,7813,7803,-1,
7824,7462,7463,-1,
7824,7803,7814,-1,
7825,7814,7804,-1,
7825,7804,7815,-1,
7826,7805,7816,-1,
7826,7815,7805,-1,
7827,7816,7806,-1,
7827,7806,7817,-1,
7828,7807,7818,-1,
7828,7817,7807,-1,
7829,7818,7808,-1,
7829,7808,7819,-1,
7830,7819,7809,-1,
7830,7809,7820,-1,
7831,7820,7810,-1,
7831,7810,7821,-1,
7832,7821,7811,-1,
7832,7811,7822,-1,
7833,7812,7823,-1,
7833,7822,7812,-1,
7834,7823,7497,-1,
7834,7497,7496,-1,
7835,7814,7825,-1,
7835,7461,7462,-1,
7835,7462,7824,-1,
7835,7824,7814,-1,
7836,7825,7815,-1,
7836,7815,7826,-1,
7837,7816,7827,-1,
7837,7826,7816,-1,
7838,7827,7817,-1,
7838,7817,7828,-1,
7838,7837,7827,-1,
7839,7818,7829,-1,
7839,7828,7818,-1,
7840,7839,7829,-1,
7840,7819,7830,-1,
7840,7829,7819,-1,
7841,7830,7820,-1,
7841,7820,7831,-1,
7842,7831,7821,-1,
7842,7821,7832,-1,
7843,7822,7833,-1,
7843,7832,7822,-1,
7844,7833,7823,-1,
7844,7823,7834,-1,
7845,7496,7495,-1,
7845,7834,7496,-1,
7846,7835,7825,-1,
7846,7460,7461,-1,
7846,7825,7836,-1,
7846,7461,7835,-1,
7847,7836,7826,-1,
7847,7826,7837,-1,
7848,7837,7838,-1,
7849,7838,7828,-1,
7849,7828,7839,-1,
7850,7839,7840,-1,
7851,7830,7841,-1,
7851,7840,7830,-1,
7852,7841,7831,-1,
7852,7831,7842,-1,
7853,7842,7832,-1,
7853,7832,7843,-1,
7854,7843,7833,-1,
7854,7833,7844,-1,
7855,7844,7834,-1,
7855,7834,7845,-1,
7856,7845,7495,-1,
7856,7495,7494,-1,
7857,7459,7460,-1,
7857,7846,7836,-1,
7857,7460,7846,-1,
7857,7836,7847,-1,
7858,7847,7837,-1,
7858,7837,7848,-1,
7859,7838,7849,-1,
7859,7848,7838,-1,
7860,7849,7839,-1,
7860,7839,7850,-1,
7861,7850,7840,-1,
7861,7840,7851,-1,
7862,7851,7841,-1,
7862,7841,7852,-1,
7524,7842,7853,-1,
7524,7852,7842,-1,
7527,7843,7854,-1,
7527,7853,7843,-1,
7530,7844,7855,-1,
7530,7854,7844,-1,
7533,7845,7856,-1,
7533,7855,7845,-1,
7537,7856,7494,-1,
7537,7494,7493,-1,
7863,7457,7458,-1,
7863,7458,7459,-1,
7863,7857,7847,-1,
7863,7847,7858,-1,
7863,7459,7857,-1,
7540,7858,7848,-1,
7540,7848,7859,-1,
7543,7859,7849,-1,
7543,7849,7860,-1,
7543,7540,7859,-1,
7546,7850,7861,-1,
7546,7860,7850,-1,
7549,7861,7851,-1,
7549,7851,7862,-1,
7552,7862,7852,-1,
7552,7852,7524,-1,
7525,7524,7853,-1,
7525,7853,7527,-1,
7528,7527,7854,-1,
7528,7854,7530,-1,
7531,7855,7533,-1,
7531,7530,7855,-1,
7534,7856,7537,-1,
7534,7533,7856,-1,
7536,7435,7436,-1,
7536,7492,7435,-1,
7536,7493,7492,-1,
7536,7537,7493,-1,
7539,7858,7540,-1,
7539,7863,7858,-1,
7539,7457,7863,-1,
7541,7540,7543,-1,
7544,7543,7860,-1,
7544,7860,7546,-1,
7547,7861,7549,-1,
7547,7546,7861,-1,
7550,7549,7862,-1,
7550,7862,7552,-1,
7523,7552,7524,-1,
7879,7864,7865,-1,
7879,7865,7866,-1,
7879,7878,7864,-1,
7880,7866,7867,-1,
7880,7879,7866,-1,
7881,7867,7868,-1,
7881,7880,7867,-1,
7882,7868,7869,-1,
7882,7881,7868,-1,
7883,7869,7870,-1,
7883,7882,7869,-1,
7884,7870,7871,-1,
7884,7883,7870,-1,
7885,7871,7872,-1,
7885,7884,7871,-1,
7886,7872,7873,-1,
7886,7885,7872,-1,
7887,7873,7874,-1,
7887,7886,7873,-1,
7888,7874,7875,-1,
7888,7887,7874,-1,
7889,7875,7876,-1,
7889,7888,7875,-1,
7877,7889,7876,-1,
7978,7979,7980,-1,
7981,7980,7982,-1,
7981,7982,7983,-1,
7984,7983,7985,-1,
7984,7985,7986,-1,
7987,7986,7988,-1,
7987,7988,7989,-1,
7987,7984,7986,-1,
7990,7891,7892,-1,
7977,7936,7935,-1,
7990,7989,7991,-1,
7990,7991,7992,-1,
7990,7987,7989,-1,
7990,7992,7891,-1,
7993,7911,7912,-1,
7993,7994,7995,-1,
7993,7995,7996,-1,
7993,7912,7994,-1,
7997,7998,7999,-1,
7997,7996,7998,-1,
8000,8001,8002,-1,
8000,7999,8001,-1,
8003,8004,8005,-1,
8003,8002,8004,-1,
8006,7979,7978,-1,
8006,8005,7979,-1,
8007,7978,7980,-1,
8007,7980,7981,-1,
8007,8006,7978,-1,
8008,7981,7983,-1,
8008,7983,7984,-1,
8009,7984,7987,-1,
8010,7990,7892,-1,
8010,7892,7893,-1,
8010,7987,7990,-1,
8011,7910,7911,-1,
8011,7993,7996,-1,
8011,7996,7997,-1,
8011,7911,7993,-1,
8012,7997,7999,-1,
8012,7999,8000,-1,
8013,8000,8002,-1,
8013,8002,8003,-1,
8014,8003,8005,-1,
8014,8005,8006,-1,
8015,8006,8007,-1,
8016,7981,8008,-1,
8016,8007,7981,-1,
8017,8008,7984,-1,
8017,7984,8009,-1,
8018,7893,7894,-1,
8018,8009,7987,-1,
8018,7987,8010,-1,
8018,8010,7893,-1,
8019,7909,7910,-1,
8019,7910,8011,-1,
8019,8011,7997,-1,
8019,7997,8012,-1,
8020,8012,8000,-1,
8020,8000,8013,-1,
8021,8013,8003,-1,
8021,8003,8014,-1,
8022,8021,8014,-1,
8022,8014,8006,-1,
8022,8006,8015,-1,
8023,8015,8007,-1,
8023,8007,8016,-1,
8024,8016,8008,-1,
8024,8008,8017,-1,
8025,7894,7895,-1,
8025,8017,8009,-1,
8025,8018,7894,-1,
8025,8009,8018,-1,
8026,8019,8012,-1,
8026,7908,7909,-1,
8026,7909,8019,-1,
8026,8012,8020,-1,
8027,8020,8013,-1,
8027,8013,8021,-1,
8028,8021,8022,-1,
8029,8022,8015,-1,
8029,8015,8023,-1,
8030,8023,8016,-1,
8030,8016,8024,-1,
8031,7895,7896,-1,
8031,8024,8017,-1,
8031,8017,8025,-1,
8031,8025,7895,-1,
8032,7907,7908,-1,
8032,7908,8026,-1,
8032,8026,8020,-1,
8032,8020,8027,-1,
8033,8027,8021,-1,
8033,8021,8028,-1,
8034,8028,8022,-1,
8034,8022,8029,-1,
8035,8029,8023,-1,
8035,8023,8030,-1,
8036,7896,7897,-1,
8036,8031,7896,-1,
8036,8024,8031,-1,
8036,8030,8024,-1,
8037,7906,7907,-1,
8037,7907,8032,-1,
8037,8027,8033,-1,
8037,8032,8027,-1,
8038,8033,8028,-1,
8038,8028,8034,-1,
8039,8029,8035,-1,
8039,8034,8029,-1,
8040,7897,7898,-1,
8040,8036,7897,-1,
8040,8030,8036,-1,
8040,8035,8030,-1,
8041,7906,8037,-1,
8041,7904,7905,-1,
8041,7905,7906,-1,
8041,8037,8033,-1,
8041,8033,8038,-1,
8042,8038,8034,-1,
8042,8034,8039,-1,
8043,7898,7899,-1,
8043,8040,7898,-1,
8043,8039,8035,-1,
8043,8042,8039,-1,
8043,8035,8040,-1,
8044,8041,8038,-1,
8044,8038,8042,-1,
8044,7904,8041,-1,
8045,7899,7900,-1,
8045,8043,7899,-1,
8045,8042,8043,-1,
8046,7900,7901,-1,
8046,7903,7904,-1,
8046,7904,8044,-1,
8046,7901,7903,-1,
8046,8045,7900,-1,
8046,8044,8042,-1,
8046,8042,8045,-1,
7891,7947,7890,-1,
7902,7903,7901,-1,
8047,7936,7977,-1,
8048,7936,8047,-1,
8048,7937,7936,-1,
8049,8047,7977,-1,
8049,7977,7976,-1,
8050,7938,7937,-1,
8050,7937,8048,-1,
8051,8047,8049,-1,
8051,8048,8047,-1,
8052,8049,7976,-1,
8052,7976,7975,-1,
8053,7939,7938,-1,
8053,7938,8050,-1,
8054,8050,8048,-1,
8054,8048,8051,-1,
8055,8049,8052,-1,
8055,8051,8049,-1,
8056,8052,7975,-1,
8056,7975,7974,-1,
8057,7940,7939,-1,
8057,7939,8053,-1,
8058,8053,8050,-1,
8058,8050,8054,-1,
8059,8054,8051,-1,
8059,8051,8055,-1,
8060,8055,8052,-1,
8060,8052,8056,-1,
8061,7974,7973,-1,
8061,8056,7974,-1,
8062,7940,8057,-1,
8062,7941,7940,-1,
8063,8057,8053,-1,
8063,8053,8058,-1,
8064,8054,8059,-1,
8064,8058,8054,-1,
8065,8055,8060,-1,
8065,8059,8055,-1,
8066,8056,8061,-1,
8066,8060,8056,-1,
8067,8061,7973,-1,
8067,7973,7972,-1,
8068,7941,8062,-1,
8068,7942,7941,-1,
8069,8057,8063,-1,
8069,8062,8057,-1,
8070,8058,8064,-1,
8070,8063,8058,-1,
8071,8064,8059,-1,
8071,8059,8065,-1,
8072,8065,8060,-1,
8072,8060,8066,-1,
8073,8061,8067,-1,
8073,8066,8061,-1,
8074,8067,7972,-1,
8074,7972,7971,-1,
8075,7943,7942,-1,
8075,7942,8068,-1,
8076,8068,8062,-1,
8076,8062,8069,-1,
8077,8069,8063,-1,
8077,8063,8070,-1,
8078,8064,8071,-1,
8078,8070,8064,-1,
8079,8071,8065,-1,
8079,8065,8072,-1,
8080,8072,8066,-1,
8080,8066,8073,-1,
8081,8073,8067,-1,
8081,8067,8074,-1,
8082,8074,7971,-1,
8082,7971,7970,-1,
8083,7943,8075,-1,
8083,7944,7943,-1,
8084,8068,8076,-1,
8084,8075,8068,-1,
8085,8076,8069,-1,
8085,8069,8077,-1,
8086,8077,8070,-1,
8086,8070,8078,-1,
8087,8078,8071,-1,
8087,8071,8079,-1,
8088,8072,8080,-1,
8088,8079,8072,-1,
8089,8073,8081,-1,
8089,8080,8073,-1,
8090,8081,8074,-1,
8090,8074,8082,-1,
8091,8082,7970,-1,
8091,7970,7969,-1,
8092,7945,7944,-1,
8092,7944,8083,-1,
8093,8083,8075,-1,
8093,8075,8084,-1,
8094,8084,8076,-1,
8094,8076,8085,-1,
8095,8085,8077,-1,
8095,8077,8086,-1,
8096,8086,8078,-1,
8096,8078,8087,-1,
8097,8079,8088,-1,
8097,8087,8079,-1,
8098,8088,8080,-1,
8098,8080,8089,-1,
8099,8089,8081,-1,
8099,8081,8090,-1,
8100,8090,8082,-1,
8100,8082,8091,-1,
8101,8091,7969,-1,
8101,7969,7968,-1,
8102,7945,8092,-1,
8102,7933,7934,-1,
8102,7946,7945,-1,
8102,7934,7946,-1,
8103,8083,8093,-1,
8103,8092,8083,-1,
8104,8093,8084,-1,
8104,8084,8094,-1,
8105,8094,8085,-1,
8105,8085,8095,-1,
8106,8095,8086,-1,
8106,8086,8096,-1,
8107,8096,8087,-1,
8107,8087,8097,-1,
8108,8097,8088,-1,
8108,8088,8098,-1,
8109,8089,8099,-1,
8109,8098,8089,-1,
8110,8090,8100,-1,
8110,8099,8090,-1,
8111,8100,8091,-1,
8111,8091,8101,-1,
8112,8101,7968,-1,
8112,7968,7967,-1,
8113,7933,8102,-1,
8113,7932,7933,-1,
8113,8102,8092,-1,
8113,8092,8103,-1,
8114,8093,8104,-1,
8114,8103,8093,-1,
8115,8094,8105,-1,
8115,8104,8094,-1,
8116,8095,8106,-1,
8116,8105,8095,-1,
8117,8096,8107,-1,
8117,8106,8096,-1,
8118,8097,8108,-1,
8118,8107,8097,-1,
8119,8098,8109,-1,
8119,8108,8098,-1,
8120,8099,8110,-1,
8120,8109,8099,-1,
8121,8110,8100,-1,
8121,8100,8111,-1,
8122,8111,8101,-1,
8122,8101,8112,-1,
8123,8112,7967,-1,
8123,7967,7966,-1,
8124,7931,7932,-1,
8124,7932,8113,-1,
8124,8113,8103,-1,
8124,8103,8114,-1,
8125,8114,8104,-1,
8125,8104,8115,-1,
8126,8105,8116,-1,
8126,8115,8105,-1,
8127,8116,8106,-1,
8127,8106,8117,-1,
8128,8117,8107,-1,
8128,8107,8118,-1,
8129,8118,8108,-1,
8129,8108,8119,-1,
8130,8119,8109,-1,
8130,8109,8120,-1,
8131,8120,8110,-1,
8131,8110,8121,-1,
8132,8111,8122,-1,
8132,8121,8111,-1,
8133,8122,8112,-1,
8133,8112,8123,-1,
8134,8123,7966,-1,
8134,7966,7965,-1,
8135,8124,8114,-1,
8135,7931,8124,-1,
8135,7930,7931,-1,
8135,8114,8125,-1,
8136,8125,8115,-1,
8136,8115,8126,-1,
8137,8126,8116,-1,
8137,8116,8127,-1,
8138,8127,8117,-1,
8138,8117,8128,-1,
8139,8128,8118,-1,
8139,8118,8129,-1,
8140,8129,8119,-1,
8140,8119,8130,-1,
8141,8120,8131,-1,
8141,8130,8120,-1,
8142,8131,8121,-1,
8142,8121,8132,-1,
8143,8122,8133,-1,
8143,8132,8122,-1,
8144,8123,8134,-1,
8144,8133,8123,-1,
8145,8134,7965,-1,
8145,7965,7964,-1,
8146,8125,8136,-1,
8146,7930,8135,-1,
8146,7929,7930,-1,
8146,8135,8125,-1,
8147,8126,8137,-1,
8147,8136,8126,-1,
8148,8127,8138,-1,
8148,8137,8127,-1,
8149,8138,8128,-1,
8149,8128,8139,-1,
8150,8139,8129,-1,
8150,8129,8140,-1,
8151,8140,8130,-1,
8151,8130,8141,-1,
8152,8141,8131,-1,
8152,8131,8142,-1,
8153,8142,8132,-1,
8153,8132,8143,-1,
8154,8143,8133,-1,
8154,8133,8144,-1,
8155,8134,8145,-1,
8155,8144,8134,-1,
8156,8145,7964,-1,
8156,7964,7963,-1,
8157,8146,8136,-1,
8157,7928,7929,-1,
8157,7929,8146,-1,
8157,8136,8147,-1,
8158,8137,8148,-1,
8158,8147,8137,-1,
8159,8148,8138,-1,
8159,8138,8149,-1,
8160,8149,8139,-1,
8160,8139,8150,-1,
8161,8140,8151,-1,
8161,8150,8140,-1,
8162,8151,8141,-1,
8162,8141,8152,-1,
8163,8142,8153,-1,
8163,8152,8142,-1,
8164,8153,8143,-1,
8164,8143,8154,-1,
8165,8154,8144,-1,
8165,8144,8155,-1,
8166,8155,8145,-1,
8166,8145,8156,-1,
8167,7963,7962,-1,
8167,8156,7963,-1,
8168,8147,8158,-1,
8168,7927,7928,-1,
8168,7928,8157,-1,
8168,8157,8147,-1,
8169,8158,8148,-1,
8169,8148,8159,-1,
8170,8159,8149,-1,
8170,8149,8160,-1,
8171,8160,8150,-1,
8171,8150,8161,-1,
8172,8161,8151,-1,
8172,8151,8162,-1,
8173,8162,8152,-1,
8173,8152,8163,-1,
8174,8153,8164,-1,
8174,8163,8153,-1,
8175,8154,8165,-1,
8175,8164,8154,-1,
8176,8155,8166,-1,
8176,8165,8155,-1,
8177,8156,8167,-1,
8177,8166,8156,-1,
8178,8167,7962,-1,
8178,7962,7961,-1,
8179,7927,8168,-1,
8179,7926,7927,-1,
8179,8168,8158,-1,
8179,8158,8169,-1,
8180,8159,8170,-1,
8180,8169,8159,-1,
8181,8160,8171,-1,
8181,8170,8160,-1,
8182,8171,8161,-1,
8182,8161,8172,-1,
8183,8172,8162,-1,
8183,8162,8173,-1,
8184,8173,8163,-1,
8184,8163,8174,-1,
8185,8174,8164,-1,
8185,8164,8175,-1,
8186,8165,8176,-1,
8186,8175,8165,-1,
8187,8176,8166,-1,
8187,8166,8177,-1,
8188,8177,8167,-1,
8188,8167,8178,-1,
8189,8178,7961,-1,
8189,7961,7960,-1,
8190,7925,7926,-1,
8190,7926,8179,-1,
8190,8179,8169,-1,
8190,8169,8180,-1,
8191,8170,8181,-1,
8191,8180,8170,-1,
8192,8181,8171,-1,
8192,8171,8182,-1,
8193,8172,8183,-1,
8193,8182,8172,-1,
8194,8183,8173,-1,
8194,8173,8184,-1,
8195,8174,8185,-1,
8195,8184,8174,-1,
8196,8185,8175,-1,
8196,8175,8186,-1,
8197,8176,8187,-1,
8197,8186,8176,-1,
8198,8177,8188,-1,
8198,8187,8177,-1,
8199,8188,8178,-1,
8199,8178,8189,-1,
8200,7960,7959,-1,
8200,8189,7960,-1,
8201,8180,8191,-1,
8201,7924,7925,-1,
8201,7925,8190,-1,
8201,8190,8180,-1,
8202,8191,8181,-1,
8202,8181,8192,-1,
8203,8182,8193,-1,
8203,8192,8182,-1,
8204,8193,8183,-1,
8204,8183,8194,-1,
8205,8194,8184,-1,
8205,8184,8195,-1,
8206,8195,8185,-1,
8206,8185,8196,-1,
8207,8196,8186,-1,
8207,8186,8197,-1,
8208,8197,8187,-1,
8208,8187,8198,-1,
8209,8198,8188,-1,
8209,8188,8199,-1,
8210,8189,8200,-1,
8210,8199,8189,-1,
8211,8200,7959,-1,
8211,7959,7958,-1,
8212,7923,7924,-1,
8212,8191,8202,-1,
8212,7924,8201,-1,
8212,8201,8191,-1,
8213,8202,8192,-1,
8213,8192,8203,-1,
8214,8203,8193,-1,
8214,8193,8204,-1,
8215,8204,8194,-1,
8215,8194,8205,-1,
8216,8205,8195,-1,
8216,8195,8206,-1,
8217,8206,8196,-1,
8217,8196,8207,-1,
8218,8207,8197,-1,
8218,8197,8208,-1,
8219,8208,8198,-1,
8219,8198,8209,-1,
8220,8199,8210,-1,
8220,8209,8199,-1,
8221,8200,8211,-1,
8221,8210,8200,-1,
8222,8211,7958,-1,
8222,7958,7957,-1,
8223,7922,7923,-1,
8223,7923,8212,-1,
8223,8202,8213,-1,
8223,8212,8202,-1,
8224,8213,8203,-1,
8224,8203,8214,-1,
8225,8214,8204,-1,
8225,8204,8215,-1,
8226,8205,8216,-1,
8226,8215,8205,-1,
8227,8206,8217,-1,
8227,8216,8206,-1,
8228,8217,8207,-1,
8228,8207,8218,-1,
8229,8218,8208,-1,
8229,8208,8219,-1,
8230,8209,8220,-1,
8230,8219,8209,-1,
8231,8220,8210,-1,
8231,8210,8221,-1,
8232,8221,8211,-1,
8232,8211,8222,-1,
8233,7957,7956,-1,
8233,8222,7957,-1,
8234,7921,7922,-1,
8234,7922,8223,-1,
8234,8223,8213,-1,
8234,8213,8224,-1,
8235,8214,8225,-1,
8235,8224,8214,-1,
8236,8225,8215,-1,
8236,8215,8226,-1,
8237,8226,8216,-1,
8237,8216,8227,-1,
8238,8227,8217,-1,
8238,8217,8228,-1,
8239,8228,8218,-1,
8239,8218,8229,-1,
8240,8229,8219,-1,
8240,8219,8230,-1,
8241,8220,8231,-1,
8241,8230,8220,-1,
8242,8231,8221,-1,
8242,8221,8232,-1,
8243,8232,8222,-1,
8243,8222,8233,-1,
8244,8233,7956,-1,
8244,7956,7955,-1,
8245,7921,8234,-1,
8245,8234,8224,-1,
8245,7920,7921,-1,
8245,8224,8235,-1,
8246,8235,8225,-1,
8246,8225,8236,-1,
8247,8226,8237,-1,
8247,8236,8226,-1,
8248,8237,8227,-1,
8248,8227,8238,-1,
8249,8228,8239,-1,
8249,8238,8228,-1,
8250,8239,8229,-1,
8250,8229,8240,-1,
8251,8230,8241,-1,
8251,8240,8230,-1,
8252,8231,8242,-1,
8252,8241,8231,-1,
8253,8242,8232,-1,
8253,8232,8243,-1,
8254,8233,8244,-1,
8254,8243,8233,-1,
8255,8244,7955,-1,
8255,7955,7954,-1,
8256,7918,7919,-1,
8256,7919,7920,-1,
8256,8235,8246,-1,
8256,7920,8245,-1,
8256,8245,8235,-1,
8257,8246,8236,-1,
8257,8236,8247,-1,
8258,8247,8237,-1,
8258,8237,8248,-1,
8259,8248,8238,-1,
8259,8238,8249,-1,
8260,8249,8239,-1,
8260,8239,8250,-1,
8261,8250,8240,-1,
8261,8240,8251,-1,
8262,8251,8241,-1,
8262,8241,8252,-1,
8263,8242,8253,-1,
8263,8252,8242,-1,
8264,8253,8243,-1,
8264,8243,8254,-1,
8265,8244,8255,-1,
8265,8254,8244,-1,
8266,7954,7953,-1,
8266,8255,7954,-1,
8267,8246,8257,-1,
8267,7918,8256,-1,
8267,8256,8246,-1,
8268,8247,8258,-1,
8268,8257,8247,-1,
8269,8258,8248,-1,
8269,8248,8259,-1,
8270,8259,8249,-1,
8270,8249,8260,-1,
8271,8260,8250,-1,
8271,8250,8261,-1,
8272,8261,8251,-1,
8272,8251,8262,-1,
8273,8262,8252,-1,
8273,8252,8263,-1,
8274,8263,8253,-1,
8274,8253,8264,-1,
8275,8254,8265,-1,
8275,8264,8254,-1,
8276,8255,8266,-1,
8276,8265,8255,-1,
8277,8266,7953,-1,
8277,7953,7952,-1,
8278,7918,8267,-1,
8278,8267,8257,-1,
8278,7917,7918,-1,
8278,8257,8268,-1,
8279,8268,8258,-1,
8279,8258,8269,-1,
8280,8269,8259,-1,
8280,8259,8270,-1,
8281,8270,8260,-1,
8281,8260,8271,-1,
8282,8261,8272,-1,
8282,8271,8261,-1,
8283,8272,8262,-1,
8283,8262,8273,-1,
8284,8273,8263,-1,
8284,8263,8274,-1,
8285,8274,8264,-1,
8285,8264,8275,-1,
8286,8265,8276,-1,
8286,8275,8265,-1,
8287,8276,8266,-1,
8287,8266,8277,-1,
8288,8277,7952,-1,
8288,7952,7951,-1,
8289,8268,8279,-1,
8289,7916,7917,-1,
8289,7917,8278,-1,
8289,8278,8268,-1,
8290,8279,8269,-1,
8290,8269,8280,-1,
8291,8280,8270,-1,
8291,8270,8281,-1,
8292,8281,8271,-1,
8292,8271,8282,-1,
8293,8282,8272,-1,
8293,8272,8283,-1,
8294,8273,8284,-1,
8294,8283,8273,-1,
8295,8274,8285,-1,
8295,8284,8274,-1,
8296,8285,8275,-1,
8296,8275,8286,-1,
8297,8276,8287,-1,
8297,8286,8276,-1,
8298,8287,8277,-1,
8298,8277,8288,-1,
8299,7951,7950,-1,
8299,8288,7951,-1,
8300,7915,7916,-1,
8300,8289,8279,-1,
8300,8279,8290,-1,
8300,7916,8289,-1,
8301,8290,8280,-1,
8301,8280,8291,-1,
8302,8281,8292,-1,
8302,8291,8281,-1,
8303,8282,8293,-1,
8303,8292,8282,-1,
8304,8293,8283,-1,
8304,8283,8294,-1,
8305,8294,8284,-1,
8305,8284,8295,-1,
8306,8295,8285,-1,
8306,8285,8296,-1,
8307,8296,8286,-1,
8307,8286,8297,-1,
8308,8297,8287,-1,
8308,8307,8297,-1,
8308,8287,8298,-1,
8309,8298,8288,-1,
8309,8288,8299,-1,
8309,8308,8298,-1,
8310,8299,7950,-1,
8310,7950,7949,-1,
8311,7915,8300,-1,
8311,7914,7915,-1,
8311,8300,8290,-1,
8311,8290,8301,-1,
8312,8301,8291,-1,
8312,8291,8302,-1,
8313,8292,8303,-1,
8313,8312,8302,-1,
8313,8302,8292,-1,
8314,8303,8293,-1,
8314,8293,8304,-1,
8315,8294,8305,-1,
8315,8304,8294,-1,
8316,8305,8295,-1,
8316,8315,8305,-1,
8316,8295,8306,-1,
8317,8296,8307,-1,
8317,8306,8296,-1,
7982,8307,8308,-1,
7985,8308,8309,-1,
7988,8299,8310,-1,
7988,8309,8299,-1,
7991,8310,7949,-1,
7991,7949,7948,-1,
8318,7913,7914,-1,
8318,8301,8312,-1,
8318,7914,8311,-1,
8318,8311,8301,-1,
7995,8312,8313,-1,
7998,8303,8314,-1,
7998,8313,8303,-1,
8001,8314,8304,-1,
8001,8304,8315,-1,
8001,7998,8314,-1,
8004,8315,8316,-1,
7979,8306,8317,-1,
7979,8316,8306,-1,
7980,7979,8317,-1,
7980,8317,8307,-1,
7980,8307,7982,-1,
7983,7982,8308,-1,
7983,8308,7985,-1,
7986,7985,8309,-1,
7986,8309,7988,-1,
7989,8310,7991,-1,
7989,7988,8310,-1,
7992,7948,7947,-1,
7992,7947,7891,-1,
7992,7991,7948,-1,
7994,7912,7913,-1,
7994,8312,7995,-1,
7994,7913,8318,-1,
7994,8318,8312,-1,
7996,7995,8313,-1,
7996,8313,7998,-1,
7999,7998,8001,-1,
8002,8315,8004,-1,
8002,8001,8315,-1,
8005,8316,7979,-1,
8005,8004,8316,-1,
8321,8333,8344,-1,
8322,8344,8343,-1,
8322,8321,8344,-1,
8323,8343,8342,-1,
8323,8322,8343,-1,
8324,8342,8341,-1,
8324,8323,8342,-1,
8325,8341,8340,-1,
8325,8324,8341,-1,
8326,8340,8339,-1,
8326,8325,8340,-1,
8327,8339,8338,-1,
8327,8326,8339,-1,
8328,8338,8337,-1,
8328,8327,8338,-1,
8329,8337,8336,-1,
8329,8328,8337,-1,
8330,8336,8335,-1,
8330,8329,8336,-1,
8331,8335,8334,-1,
8331,8330,8335,-1,
8332,8334,8319,-1,
8332,8331,8334,-1,
8320,8332,8319,-1,
8380,8346,8345,-1,
8380,8345,8378,-1,
8381,8378,8377,-1,
8381,8380,8378,-1,
8382,8377,8376,-1,
8382,8381,8377,-1,
8383,8376,8375,-1,
8383,8382,8376,-1,
8384,8375,8374,-1,
8384,8383,8375,-1,
8385,8374,8373,-1,
8385,8384,8374,-1,
8386,8373,8372,-1,
8386,8385,8373,-1,
8387,8386,8372,-1,
8387,8372,8371,-1,
8388,8387,8371,-1,
8388,8371,8370,-1,
8389,8388,8370,-1,
8389,8370,8369,-1,
8390,8389,8369,-1,
8390,8369,8368,-1,
8391,8390,8368,-1,
8391,8368,8367,-1,
8392,8367,8366,-1,
8392,8391,8367,-1,
8393,8366,8365,-1,
8393,8392,8366,-1,
8394,8365,8364,-1,
8394,8393,8365,-1,
8395,8364,8363,-1,
8395,8394,8364,-1,
8396,8363,8362,-1,
8396,8395,8363,-1,
8397,8362,8361,-1,
8397,8396,8362,-1,
8398,8361,8360,-1,
8398,8397,8361,-1,
8399,8360,8359,-1,
8399,8398,8360,-1,
8400,8359,8358,-1,
8400,8399,8359,-1,
8401,8358,8357,-1,
8401,8400,8358,-1,
8402,8357,8356,-1,
8402,8401,8357,-1,
8403,8356,8355,-1,
8403,8402,8356,-1,
8404,8355,8354,-1,
8404,8403,8355,-1,
8405,8354,8353,-1,
8405,8404,8354,-1,
8406,8353,8352,-1,
8406,8405,8353,-1,
8407,8352,8351,-1,
8407,8406,8352,-1,
8408,8351,8350,-1,
8408,8407,8351,-1,
8409,8350,8349,-1,
8409,8408,8350,-1,
8410,8349,8348,-1,
8410,8409,8349,-1,
8379,8348,8347,-1,
8379,8410,8348,-1,
8446,8412,8411,-1,
8446,8411,8444,-1,
8447,8444,8443,-1,
8447,8446,8444,-1,
8448,8443,8442,-1,
8448,8447,8443,-1,
8449,8442,8441,-1,
8449,8448,8442,-1,
8450,8441,8440,-1,
8450,8449,8441,-1,
8451,8440,8439,-1,
8451,8450,8440,-1,
8452,8439,8438,-1,
8452,8451,8439,-1,
8453,8452,8438,-1,
8453,8438,8437,-1,
8454,8453,8437,-1,
8454,8437,8436,-1,
8455,8454,8436,-1,
8455,8436,8435,-1,
8456,8455,8435,-1,
8456,8435,8434,-1,
8457,8456,8434,-1,
8457,8434,8433,-1,
8458,8433,8432,-1,
8458,8457,8433,-1,
8459,8432,8431,-1,
8459,8458,8432,-1,
8460,8431,8430,-1,
8460,8459,8431,-1,
8461,8430,8429,-1,
8461,8460,8430,-1,
8462,8429,8428,-1,
8462,8461,8429,-1,
8463,8428,8427,-1,
8463,8462,8428,-1,
8464,8427,8426,-1,
8464,8463,8427,-1,
8465,8426,8425,-1,
8465,8464,8426,-1,
8466,8425,8424,-1,
8466,8465,8425,-1,
8467,8424,8423,-1,
8467,8466,8424,-1,
8468,8423,8422,-1,
8468,8467,8423,-1,
8469,8422,8421,-1,
8469,8468,8422,-1,
8470,8421,8420,-1,
8470,8469,8421,-1,
8471,8420,8419,-1,
8471,8470,8420,-1,
8472,8419,8418,-1,
8472,8471,8419,-1,
8473,8418,8417,-1,
8473,8472,8418,-1,
8474,8417,8416,-1,
8474,8473,8417,-1,
8475,8416,8415,-1,
8475,8474,8416,-1,
8476,8415,8414,-1,
8476,8475,8415,-1,
8445,8414,8413,-1,
8445,8476,8414,-1,
8512,8478,8477,-1,
8512,8477,8510,-1,
8513,8510,8509,-1,
8513,8512,8510,-1,
8514,8509,8508,-1,
8514,8513,8509,-1,
8515,8508,8507,-1,
8515,8514,8508,-1,
8516,8507,8506,-1,
8516,8515,8507,-1,
8517,8506,8505,-1,
8517,8516,8506,-1,
8518,8505,8504,-1,
8518,8517,8505,-1,
8519,8518,8504,-1,
8519,8504,8503,-1,
8520,8519,8503,-1,
8520,8503,8502,-1,
8521,8520,8502,-1,
8521,8502,8501,-1,
8522,8521,8501,-1,
8522,8501,8500,-1,
8523,8522,8500,-1,
8523,8500,8499,-1,
8524,8499,8498,-1,
8524,8523,8499,-1,
8525,8498,8497,-1,
8525,8524,8498,-1,
8526,8497,8496,-1,
8526,8525,8497,-1,
8527,8496,8495,-1,
8527,8526,8496,-1,
8528,8495,8494,-1,
8528,8527,8495,-1,
8529,8494,8493,-1,
8529,8528,8494,-1,
8530,8493,8492,-1,
8530,8529,8493,-1,
8531,8492,8491,-1,
8531,8530,8492,-1,
8532,8491,8490,-1,
8532,8531,8491,-1,
8533,8490,8489,-1,
8533,8532,8490,-1,
8534,8489,8488,-1,
8534,8533,8489,-1,
8535,8488,8487,-1,
8535,8534,8488,-1,
8536,8487,8486,-1,
8536,8535,8487,-1,
8537,8486,8485,-1,
8537,8536,8486,-1,
8538,8485,8484,-1,
8538,8537,8485,-1,
8539,8484,8483,-1,
8539,8538,8484,-1,
8540,8483,8482,-1,
8540,8539,8483,-1,
8541,8482,8481,-1,
8541,8540,8482,-1,
8542,8481,8480,-1,
8542,8541,8481,-1,
8511,8480,8479,-1,
8511,8542,8480,-1,
8543,8595,8596,-1,
8543,8596,8597,-1,
8543,8597,8598,-1,
8543,8598,8599,-1,
8543,8599,8600,-1,
8543,8600,8601,-1,
8543,8601,8602,-1,
8543,8602,8603,-1,
8543,8603,8604,-1,
8543,8604,8605,-1,
8543,8605,8606,-1,
8543,8606,8607,-1,
8543,8607,8608,-1,
8543,8608,8609,-1,
8543,8609,8610,-1,
8579,8580,8581,-1,
8579,8581,8582,-1,
8579,8582,8583,-1,
8579,8583,8584,-1,
8579,8584,8585,-1,
8579,8585,8586,-1,
8579,8586,8587,-1,
8579,8587,8588,-1,
8579,8588,8589,-1,
8579,8589,8590,-1,
8579,8590,8591,-1,
8579,8591,8592,-1,
8579,8592,8593,-1,
8579,8593,8594,-1,
8579,8594,8595,-1,
8579,8595,8543,-1,
8578,8579,8543,-1,
8544,8578,8543,-1,
8547,8544,8545,-1,
8547,8545,8546,-1,
8549,8547,8548,-1,
8550,8544,8547,-1,
8550,8547,8549,-1,
8554,8550,8551,-1,
8554,8551,8552,-1,
8554,8552,8553,-1,
8555,8550,8554,-1,
8557,8555,8556,-1,
8559,8557,8558,-1,
8559,8555,8557,-1,
8562,8559,8560,-1,
8562,8560,8561,-1,
8563,8559,8562,-1,
8566,8563,8564,-1,
8566,8564,8565,-1,
8569,8567,8568,-1,
8571,8566,8567,-1,
8571,8569,8570,-1,
8571,8567,8569,-1,
8572,8566,8571,-1,
8574,8572,8573,-1,
8575,8566,8572,-1,
8575,8572,8574,-1,
8576,8544,8550,-1,
8576,8563,8566,-1,
8576,8550,8555,-1,
8576,8555,8559,-1,
8576,8559,8563,-1,
8576,8566,8575,-1,
8577,8578,8544,-1,
8577,8544,8576,-1,
8613,8611,8612,-1,
8613,8614,8611,-1,
8650,8616,8615,-1,
8650,8615,8648,-1,
8651,8648,8647,-1,
8651,8650,8648,-1,
8652,8647,8646,-1,
8652,8651,8647,-1,
8653,8646,8645,-1,
8653,8652,8646,-1,
8654,8645,8644,-1,
8654,8653,8645,-1,
8655,8644,8643,-1,
8655,8654,8644,-1,
8656,8643,8642,-1,
8656,8655,8643,-1,
8657,8656,8642,-1,
8657,8642,8641,-1,
8658,8657,8641,-1,
8658,8641,8640,-1,
8659,8658,8640,-1,
8659,8640,8639,-1,
8660,8659,8639,-1,
8660,8639,8638,-1,
8661,8660,8638,-1,
8661,8638,8637,-1,
8662,8637,8636,-1,
8662,8661,8637,-1,
8663,8636,8635,-1,
8663,8662,8636,-1,
8664,8635,8634,-1,
8664,8663,8635,-1,
8665,8634,8633,-1,
8665,8664,8634,-1,
8666,8633,8632,-1,
8666,8665,8633,-1,
8667,8632,8631,-1,
8667,8666,8632,-1,
8668,8631,8630,-1,
8668,8667,8631,-1,
8669,8630,8629,-1,
8669,8668,8630,-1,
8670,8629,8628,-1,
8670,8669,8629,-1,
8671,8628,8627,-1,
8671,8670,8628,-1,
8672,8627,8626,-1,
8672,8671,8627,-1,
8673,8626,8625,-1,
8673,8672,8626,-1,
8674,8625,8624,-1,
8674,8673,8625,-1,
8675,8624,8623,-1,
8675,8674,8624,-1,
8676,8623,8622,-1,
8676,8675,8623,-1,
8677,8622,8621,-1,
8677,8676,8622,-1,
8678,8621,8620,-1,
8678,8677,8621,-1,
8679,8620,8619,-1,
8679,8678,8620,-1,
8680,8619,8618,-1,
8680,8679,8619,-1,
8649,8618,8617,-1,
8649,8680,8618,-1,
8683,8696,8695,-1,
8684,8697,8696,-1,
8684,8696,8683,-1,
8685,8698,8697,-1,
8685,8697,8684,-1,
8686,8699,8698,-1,
8686,8698,8685,-1,
8687,8700,8699,-1,
8687,8699,8686,-1,
8688,8701,8700,-1,
8688,8700,8687,-1,
8689,8702,8701,-1,
8689,8701,8688,-1,
8690,8703,8702,-1,
8690,8702,8689,-1,
8691,8704,8703,-1,
8691,8703,8690,-1,
8692,8705,8704,-1,
8692,8704,8691,-1,
8693,8706,8705,-1,
8693,8705,8692,-1,
8694,8681,8706,-1,
8694,8706,8693,-1,
8682,8681,8694,-1,
8743,8742,8741,-1,
8744,8743,8741,-1,
8745,8744,8741,-1,
8746,8745,8741,-1,
8747,8746,8741,-1,
8749,8748,8747,-1,
8750,8747,8741,-1,
8750,8749,8747,-1,
8752,8751,8750,-1,
8752,8750,8741,-1,
8754,8753,8752,-1,
8756,8755,8754,-1,
8756,8754,8752,-1,
8758,8756,8752,-1,
8758,8757,8756,-1,
8758,8752,8741,-1,
8759,8758,8741,-1,
8760,8759,8741,-1,
8762,8761,8760,-1,
8764,8763,8762,-1,
8765,8760,8741,-1,
8765,8762,8760,-1,
8765,8764,8762,-1,
8768,8767,8766,-1,
8769,8768,8766,-1,
8769,8766,8765,-1,
8770,8769,8765,-1,
8772,8771,8770,-1,
8740,8765,8741,-1,
8740,8770,8765,-1,
8740,8772,8770,-1,
8707,8740,8741,-1,
8739,8741,8773,-1,
8739,8773,8774,-1,
8739,8707,8741,-1,
8709,8708,8707,-1,
8737,8739,8738,-1,
8710,8709,8707,-1,
8711,8710,8707,-1,
8712,8711,8707,-1,
8734,8736,8735,-1,
8734,8737,8736,-1,
8734,8739,8737,-1,
8713,8712,8707,-1,
8733,8739,8734,-1,
8714,8713,8707,-1,
8715,8714,8707,-1,
8730,8732,8731,-1,
8730,8733,8732,-1,
8730,8739,8733,-1,
8728,8730,8729,-1,
8718,8717,8716,-1,
8719,8718,8716,-1,
8720,8716,8715,-1,
8720,8719,8716,-1,
8726,8728,8727,-1,
8726,8730,8728,-1,
8721,8720,8715,-1,
8725,8730,8726,-1,
8724,8739,8730,-1,
8724,8730,8725,-1,
8723,8722,8721,-1,
8723,8707,8739,-1,
8723,8715,8707,-1,
8723,8739,8724,-1,
8723,8721,8715,-1,
8787,8789,8788,-1,
8787,8790,8789,-1,
8786,8791,8790,-1,
8786,8790,8787,-1,
8785,8792,8791,-1,
8785,8791,8786,-1,
8784,8793,8792,-1,
8784,8792,8785,-1,
8783,8794,8793,-1,
8783,8793,8784,-1,
8782,8795,8794,-1,
8782,8794,8783,-1,
8781,8796,8795,-1,
8781,8795,8782,-1,
8780,8797,8796,-1,
8780,8796,8781,-1,
8779,8798,8797,-1,
8779,8797,8780,-1,
8778,8799,8798,-1,
8778,8798,8779,-1,
8777,8800,8799,-1,
8777,8799,8778,-1,
8776,8775,8800,-1,
8776,8800,8777,-1,
8836,8802,8801,-1,
8836,8801,8834,-1,
8837,8834,8833,-1,
8837,8836,8834,-1,
8838,8833,8832,-1,
8838,8837,8833,-1,
8839,8832,8831,-1,
8839,8838,8832,-1,
8840,8831,8830,-1,
8840,8839,8831,-1,
8841,8830,8829,-1,
8841,8840,8830,-1,
8842,8829,8828,-1,
8842,8841,8829,-1,
8843,8842,8828,-1,
8843,8828,8827,-1,
8844,8843,8827,-1,
8844,8827,8826,-1,
8845,8844,8826,-1,
8845,8826,8825,-1,
8846,8845,8825,-1,
8846,8825,8824,-1,
8847,8846,8824,-1,
8847,8824,8823,-1,
8848,8823,8822,-1,
8848,8847,8823,-1,
8849,8822,8821,-1,
8849,8848,8822,-1,
8850,8821,8820,-1,
8850,8849,8821,-1,
8851,8820,8819,-1,
8851,8850,8820,-1,
8852,8819,8818,-1,
8852,8851,8819,-1,
8853,8818,8817,-1,
8853,8852,8818,-1,
8854,8817,8816,-1,
8854,8853,8817,-1,
8855,8816,8815,-1,
8855,8854,8816,-1,
8856,8815,8814,-1,
8856,8855,8815,-1,
8857,8814,8813,-1,
8857,8856,8814,-1,
8858,8813,8812,-1,
8858,8857,8813,-1,
8859,8812,8811,-1,
8859,8858,8812,-1,
8860,8811,8810,-1,
8860,8859,8811,-1,
8861,8810,8809,-1,
8861,8860,8810,-1,
8862,8809,8808,-1,
8862,8861,8809,-1,
8863,8808,8807,-1,
8863,8862,8808,-1,
8864,8807,8806,-1,
8864,8863,8807,-1,
8865,8806,8805,-1,
8865,8864,8806,-1,
8866,8805,8804,-1,
8866,8865,8805,-1,
8835,8804,8803,-1,
8835,8866,8804,-1,
8867,8868,8869,-1,
8867,8869,8870,-1,
8867,8870,8871,-1,
8867,8871,8872,-1,
8867,8872,8873,-1,
8867,8873,8874,-1,
8867,8874,8875,-1,
8867,8875,8876,-1,
8867,8876,8877,-1,
8867,8877,8878,-1,
8899,8878,8879,-1,
8899,8879,8880,-1,
8899,8880,8881,-1,
8899,8881,8882,-1,
8899,8882,8883,-1,
8899,8883,8884,-1,
8899,8884,8885,-1,
8899,8885,8886,-1,
8899,8886,8887,-1,
8899,8887,8888,-1,
8899,8888,8889,-1,
8899,8889,8890,-1,
8899,8890,8891,-1,
8899,8891,8892,-1,
8899,8892,8893,-1,
8899,8893,8894,-1,
8899,8894,8895,-1,
8899,8895,8896,-1,
8899,8896,8897,-1,
8899,8897,8898,-1,
8899,8867,8878,-1,
8934,8867,8899,-1,
8900,8867,8934,-1,
8930,8931,8932,-1,
8928,8929,8930,-1,
8927,8928,8930,-1,
8926,8927,8930,-1,
8923,8924,8925,-1,
8923,8925,8926,-1,
8922,8926,8930,-1,
8922,8923,8926,-1,
8919,8920,8921,-1,
8918,8921,8922,-1,
8918,8919,8921,-1,
8917,8918,8922,-1,
8915,8916,8917,-1,
8914,8915,8917,-1,
8912,8913,8914,-1,
8912,8914,8917,-1,
8911,8912,8917,-1,
8907,8908,8909,-1,
8907,8909,8910,-1,
8904,8905,8906,-1,
8904,8906,8907,-1,
8903,8910,8911,-1,
8903,8907,8910,-1,
8903,8904,8907,-1,
8901,8902,8903,-1,
8901,8930,8932,-1,
8901,8922,8930,-1,
8901,8932,8900,-1,
8901,8917,8922,-1,
8901,8911,8917,-1,
8901,8903,8911,-1,
8933,8900,8934,-1,
8933,8901,8900,-1,
8970,8936,8935,-1,
8970,8935,8968,-1,
8971,8968,8967,-1,
8971,8970,8968,-1,
8972,8967,8966,-1,
8972,8971,8967,-1,
8973,8966,8965,-1,
8973,8972,8966,-1,
8974,8965,8964,-1,
8974,8973,8965,-1,
8975,8964,8963,-1,
8975,8974,8964,-1,
8976,8963,8962,-1,
8976,8975,8963,-1,
8977,8976,8962,-1,
8977,8962,8961,-1,
8978,8977,8961,-1,
8978,8961,8960,-1,
8979,8978,8960,-1,
8979,8960,8959,-1,
8980,8979,8959,-1,
8980,8959,8958,-1,
8981,8980,8958,-1,
8981,8958,8957,-1,
8982,8957,8956,-1,
8982,8981,8957,-1,
8983,8956,8955,-1,
8983,8982,8956,-1,
8984,8955,8954,-1,
8984,8983,8955,-1,
8985,8954,8953,-1,
8985,8984,8954,-1,
8986,8953,8952,-1,
8986,8985,8953,-1,
8987,8952,8951,-1,
8987,8986,8952,-1,
8988,8951,8950,-1,
8988,8987,8951,-1,
8989,8950,8949,-1,
8989,8988,8950,-1,
8990,8949,8948,-1,
8990,8989,8949,-1,
8991,8948,8947,-1,
8991,8990,8948,-1,
8992,8947,8946,-1,
8992,8991,8947,-1,
8993,8946,8945,-1,
8993,8992,8946,-1,
8994,8945,8944,-1,
8994,8993,8945,-1,
8995,8944,8943,-1,
8995,8994,8944,-1,
8996,8943,8942,-1,
8996,8995,8943,-1,
8997,8942,8941,-1,
8997,8996,8942,-1,
8998,8941,8940,-1,
8998,8997,8941,-1,
8999,8940,8939,-1,
8999,8998,8940,-1,
9000,8939,8938,-1,
9000,8999,8939,-1,
8969,8938,8937,-1,
8969,9000,8938,-1,
9004,9001,9002,-1,
9004,9003,9001,-1,
9040,9006,9005,-1,
9040,9005,9038,-1,
9041,9038,9037,-1,
9041,9040,9038,-1,
9042,9037,9036,-1,
9042,9041,9037,-1,
9043,9036,9035,-1,
9043,9042,9036,-1,
9044,9035,9034,-1,
9044,9043,9035,-1,
9045,9034,9033,-1,
9045,9044,9034,-1,
9046,9033,9032,-1,
9046,9045,9033,-1,
9047,9046,9032,-1,
9047,9032,9031,-1,
9048,9047,9031,-1,
9048,9031,9030,-1,
9049,9048,9030,-1,
9049,9030,9029,-1,
9050,9049,9029,-1,
9050,9029,9028,-1,
9051,9050,9028,-1,
9051,9028,9027,-1,
9052,9027,9026,-1,
9052,9051,9027,-1,
9053,9026,9025,-1,
9053,9052,9026,-1,
9054,9025,9024,-1,
9054,9053,9025,-1,
9055,9024,9023,-1,
9055,9054,9024,-1,
9056,9023,9022,-1,
9056,9055,9023,-1,
9057,9022,9021,-1,
9057,9056,9022,-1,
9058,9021,9020,-1,
9058,9057,9021,-1,
9059,9020,9019,-1,
9059,9058,9020,-1,
9060,9019,9018,-1,
9060,9059,9019,-1,
9061,9018,9017,-1,
9061,9060,9018,-1,
9062,9017,9016,-1,
9062,9061,9017,-1,
9063,9016,9015,-1,
9063,9062,9016,-1,
9064,9015,9014,-1,
9064,9063,9015,-1,
9065,9014,9013,-1,
9065,9064,9014,-1,
9066,9013,9012,-1,
9066,9065,9013,-1,
9067,9012,9011,-1,
9067,9066,9012,-1,
9068,9011,9010,-1,
9068,9067,9011,-1,
9069,9010,9009,-1,
9069,9068,9010,-1,
9070,9009,9008,-1,
9070,9069,9009,-1,
9039,9008,9007,-1,
9039,9070,9008,-1,
9071,9123,9124,-1,
9071,9124,9125,-1,
9071,9125,9126,-1,
9071,9126,9127,-1,
9071,9127,9128,-1,
9071,9128,9129,-1,
9071,9129,9130,-1,
9071,9130,9131,-1,
9071,9131,9132,-1,
9071,9132,9133,-1,
9071,9133,9134,-1,
9071,9134,9135,-1,
9071,9135,9136,-1,
9071,9136,9137,-1,
9071,9137,9138,-1,
9107,9108,9109,-1,
9107,9109,9110,-1,
9107,9110,9111,-1,
9107,9111,9112,-1,
9107,9112,9113,-1,
9107,9113,9114,-1,
9107,9114,9115,-1,
9107,9115,9116,-1,
9107,9116,9117,-1,
9107,9117,9118,-1,
9107,9118,9119,-1,
9107,9119,9120,-1,
9107,9120,9121,-1,
9107,9121,9122,-1,
9107,9122,9123,-1,
9107,9123,9071,-1,
9106,9107,9071,-1,
9072,9106,9071,-1,
9075,9072,9073,-1,
9075,9073,9074,-1,
9077,9075,9076,-1,
9078,9072,9075,-1,
9078,9075,9077,-1,
9082,9078,9079,-1,
9082,9079,9080,-1,
9082,9080,9081,-1,
9083,9078,9082,-1,
9085,9083,9084,-1,
9087,9085,9086,-1,
9087,9083,9085,-1,
9090,9087,9088,-1,
9090,9088,9089,-1,
9091,9087,9090,-1,
9094,9091,9092,-1,
9094,9092,9093,-1,
9097,9095,9096,-1,
9099,9094,9095,-1,
9099,9097,9098,-1,
9099,9095,9097,-1,
9100,9094,9099,-1,
9102,9100,9101,-1,
9103,9094,9100,-1,
9103,9100,9102,-1,
9104,9072,9078,-1,
9104,9091,9094,-1,
9104,9078,9083,-1,
9104,9083,9087,-1,
9104,9087,9091,-1,
9104,9094,9103,-1,
9105,9106,9072,-1,
9105,9072,9104,-1,
9141,9139,9140,-1,
9141,9142,9139,-1,
9178,9144,9143,-1,
9178,9143,9176,-1,
9179,9176,9175,-1,
9179,9178,9176,-1,
9180,9175,9174,-1,
9180,9179,9175,-1,
9181,9174,9173,-1,
9181,9180,9174,-1,
9182,9173,9172,-1,
9182,9181,9173,-1,
9183,9172,9171,-1,
9183,9182,9172,-1,
9184,9171,9170,-1,
9184,9183,9171,-1,
9185,9184,9170,-1,
9185,9170,9169,-1,
9186,9185,9169,-1,
9186,9169,9168,-1,
9187,9186,9168,-1,
9187,9168,9167,-1,
9188,9187,9167,-1,
9188,9167,9166,-1,
9189,9188,9166,-1,
9189,9166,9165,-1,
9190,9165,9164,-1,
9190,9189,9165,-1,
9191,9164,9163,-1,
9191,9190,9164,-1,
9192,9163,9162,-1,
9192,9191,9163,-1,
9193,9162,9161,-1,
9193,9192,9162,-1,
9194,9161,9160,-1,
9194,9193,9161,-1,
9195,9160,9159,-1,
9195,9194,9160,-1,
9196,9159,9158,-1,
9196,9195,9159,-1,
9197,9158,9157,-1,
9197,9196,9158,-1,
9198,9157,9156,-1,
9198,9197,9157,-1,
9199,9156,9155,-1,
9199,9198,9156,-1,
9200,9155,9154,-1,
9200,9199,9155,-1,
9201,9154,9153,-1,
9201,9200,9154,-1,
9202,9153,9152,-1,
9202,9201,9153,-1,
9203,9152,9151,-1,
9203,9202,9152,-1,
9204,9151,9150,-1,
9204,9203,9151,-1,
9205,9150,9149,-1,
9205,9204,9150,-1,
9206,9149,9148,-1,
9206,9205,9149,-1,
9207,9148,9147,-1,
9207,9206,9148,-1,
9208,9147,9146,-1,
9208,9207,9147,-1,
9177,9146,9145,-1,
9177,9208,9146,-1,
9212,9223,9211,-1,
9212,9224,9223,-1,
9213,9225,9224,-1,
9213,9224,9212,-1,
9214,9226,9225,-1,
9214,9225,9213,-1,
9215,9227,9226,-1,
9215,9226,9214,-1,
9216,9228,9227,-1,
9216,9227,9215,-1,
9217,9229,9228,-1,
9217,9228,9216,-1,
9218,9230,9229,-1,
9218,9229,9217,-1,
9219,9231,9230,-1,
9219,9230,9218,-1,
9220,9232,9231,-1,
9220,9231,9219,-1,
9221,9233,9232,-1,
9221,9232,9220,-1,
9222,9234,9233,-1,
9222,9233,9221,-1,
9210,9209,9234,-1,
9210,9234,9222,-1,
9300,9302,9301,-1,
9298,9300,9299,-1,
9296,9298,9297,-1,
9296,9302,9300,-1,
9296,9300,9298,-1,
9293,9295,9294,-1,
9292,9296,9295,-1,
9292,9302,9296,-1,
9292,9295,9293,-1,
9289,9291,9290,-1,
9288,9291,9289,-1,
9288,9292,9291,-1,
9288,9302,9292,-1,
9286,9288,9287,-1,
9285,9288,9286,-1,
9284,9288,9285,-1,
9283,9288,9284,-1,
9282,9288,9283,-1,
9281,9288,9282,-1,
9279,9281,9280,-1,
9276,9288,9281,-1,
9276,9281,9279,-1,
9276,9278,9277,-1,
9276,9279,9278,-1,
9274,9276,9275,-1,
9273,9276,9274,-1,
9271,9288,9276,-1,
9271,9276,9273,-1,
9271,9273,9272,-1,
9271,9235,9302,-1,
9271,9302,9288,-1,
9270,9235,9271,-1,
9238,9236,9235,-1,
9238,9237,9236,-1,
9238,9235,9270,-1,
9240,9239,9238,-1,
9268,9270,9269,-1,
9241,9240,9238,-1,
9267,9270,9268,-1,
9266,9270,9267,-1,
9243,9242,9241,-1,
9265,9270,9266,-1,
9244,9241,9238,-1,
9244,9243,9241,-1,
9244,9238,9270,-1,
9263,9265,9264,-1,
9263,9270,9265,-1,
9262,9270,9263,-1,
9246,9245,9244,-1,
9261,9270,9262,-1,
9247,9246,9244,-1,
9259,9261,9260,-1,
9259,9270,9261,-1,
9250,9248,9247,-1,
9250,9249,9248,-1,
9250,9247,9244,-1,
9252,9251,9250,-1,
9256,9258,9257,-1,
9256,9259,9258,-1,
9254,9253,9252,-1,
9254,9256,9255,-1,
9254,9244,9270,-1,
9254,9270,9259,-1,
9254,9259,9256,-1,
9254,9250,9244,-1,
9254,9252,9250,-1,
9315,9317,9316,-1,
9315,9318,9317,-1,
9314,9319,9318,-1,
9314,9318,9315,-1,
9313,9320,9319,-1,
9313,9319,9314,-1,
9312,9321,9320,-1,
9312,9320,9313,-1,
9311,9322,9321,-1,
9311,9321,9312,-1,
9310,9323,9322,-1,
9310,9322,9311,-1,
9309,9324,9323,-1,
9309,9323,9310,-1,
9308,9325,9324,-1,
9308,9324,9309,-1,
9307,9326,9325,-1,
9307,9325,9308,-1,
9306,9327,9326,-1,
9306,9326,9307,-1,
9305,9328,9327,-1,
9305,9327,9306,-1,
9304,9303,9328,-1,
9304,9328,9305,-1,
9364,9330,9329,-1,
9364,9329,9362,-1,
9365,9362,9361,-1,
9365,9364,9362,-1,
9366,9361,9360,-1,
9366,9365,9361,-1,
9367,9360,9359,-1,
9367,9366,9360,-1,
9368,9359,9358,-1,
9368,9367,9359,-1,
9369,9358,9357,-1,
9369,9368,9358,-1,
9370,9357,9356,-1,
9370,9369,9357,-1,
9371,9370,9356,-1,
9371,9356,9355,-1,
9372,9371,9355,-1,
9372,9355,9354,-1,
9373,9372,9354,-1,
9373,9354,9353,-1,
9374,9373,9353,-1,
9374,9353,9352,-1,
9375,9374,9352,-1,
9375,9352,9351,-1,
9376,9351,9350,-1,
9376,9375,9351,-1,
9377,9350,9349,-1,
9377,9376,9350,-1,
9378,9349,9348,-1,
9378,9377,9349,-1,
9379,9348,9347,-1,
9379,9378,9348,-1,
9380,9347,9346,-1,
9380,9379,9347,-1,
9381,9346,9345,-1,
9381,9380,9346,-1,
9382,9345,9344,-1,
9382,9381,9345,-1,
9383,9344,9343,-1,
9383,9382,9344,-1,
9384,9343,9342,-1,
9384,9383,9343,-1,
9385,9342,9341,-1,
9385,9384,9342,-1,
9386,9341,9340,-1,
9386,9385,9341,-1,
9387,9340,9339,-1,
9387,9386,9340,-1,
9388,9339,9338,-1,
9388,9387,9339,-1,
9389,9338,9337,-1,
9389,9388,9338,-1,
9390,9337,9336,-1,
9390,9389,9337,-1,
9391,9336,9335,-1,
9391,9390,9336,-1,
9392,9335,9334,-1,
9392,9391,9335,-1,
9393,9334,9333,-1,
9393,9392,9334,-1,
9394,9333,9332,-1,
9394,9393,9333,-1,
9363,9332,9331,-1,
9363,9394,9332,-1,
9395,9396,9397,-1,
9395,9397,9398,-1,
9395,9398,9399,-1,
9395,9399,9400,-1,
9395,9400,9401,-1,
9395,9401,9402,-1,
9395,9402,9403,-1,
9395,9403,9404,-1,
9395,9404,9405,-1,
9395,9405,9406,-1,
9427,9406,9407,-1,
9427,9407,9408,-1,
9427,9408,9409,-1,
9427,9409,9410,-1,
9427,9410,9411,-1,
9427,9411,9412,-1,
9427,9412,9413,-1,
9427,9413,9414,-1,
9427,9414,9415,-1,
9427,9415,9416,-1,
9427,9416,9417,-1,
9427,9417,9418,-1,
9427,9418,9419,-1,
9427,9419,9420,-1,
9427,9420,9421,-1,
9427,9421,9422,-1,
9427,9422,9423,-1,
9427,9423,9424,-1,
9427,9424,9425,-1,
9427,9425,9426,-1,
9427,9395,9406,-1,
9462,9395,9427,-1,
9428,9395,9462,-1,
9458,9459,9460,-1,
9456,9457,9458,-1,
9455,9456,9458,-1,
9454,9455,9458,-1,
9451,9452,9453,-1,
9451,9453,9454,-1,
9450,9454,9458,-1,
9450,9451,9454,-1,
9447,9448,9449,-1,
9446,9449,9450,-1,
9446,9447,9449,-1,
9445,9446,9450,-1,
9443,9444,9445,-1,
9442,9443,9445,-1,
9440,9441,9442,-1,
9440,9442,9445,-1,
9439,9440,9445,-1,
9435,9436,9437,-1,
9435,9437,9438,-1,
9432,9433,9434,-1,
9432,9434,9435,-1,
9431,9438,9439,-1,
9431,9435,9438,-1,
9431,9432,9435,-1,
9429,9430,9431,-1,
9429,9458,9460,-1,
9429,9450,9458,-1,
9429,9460,9428,-1,
9429,9445,9450,-1,
9429,9439,9445,-1,
9429,9431,9439,-1,
9461,9428,9462,-1,
9461,9429,9428,-1,
9498,9464,9463,-1,
9498,9463,9496,-1,
9499,9496,9495,-1,
9499,9498,9496,-1,
9500,9495,9494,-1,
9500,9499,9495,-1,
9501,9494,9493,-1,
9501,9500,9494,-1,
9502,9493,9492,-1,
9502,9501,9493,-1,
9503,9492,9491,-1,
9503,9502,9492,-1,
9504,9491,9490,-1,
9504,9503,9491,-1,
9505,9504,9490,-1,
9505,9490,9489,-1,
9506,9505,9489,-1,
9506,9489,9488,-1,
9507,9506,9488,-1,
9507,9488,9487,-1,
9508,9507,9487,-1,
9508,9487,9486,-1,
9509,9508,9486,-1,
9509,9486,9485,-1,
9510,9485,9484,-1,
9510,9509,9485,-1,
9511,9484,9483,-1,
9511,9510,9484,-1,
9512,9483,9482,-1,
9512,9511,9483,-1,
9513,9482,9481,-1,
9513,9512,9482,-1,
9514,9481,9480,-1,
9514,9513,9481,-1,
9515,9480,9479,-1,
9515,9514,9480,-1,
9516,9479,9478,-1,
9516,9515,9479,-1,
9517,9478,9477,-1,
9517,9516,9478,-1,
9518,9477,9476,-1,
9518,9517,9477,-1,
9519,9476,9475,-1,
9519,9518,9476,-1,
9520,9475,9474,-1,
9520,9519,9475,-1,
9521,9474,9473,-1,
9521,9520,9474,-1,
9522,9473,9472,-1,
9522,9521,9473,-1,
9523,9472,9471,-1,
9523,9522,9472,-1,
9524,9471,9470,-1,
9524,9523,9471,-1,
9525,9470,9469,-1,
9525,9524,9470,-1,
9526,9469,9468,-1,
9526,9525,9469,-1,
9527,9468,9467,-1,
9527,9526,9468,-1,
9528,9467,9466,-1,
9528,9527,9467,-1,
9497,9466,9465,-1,
9497,9528,9466,-1,
9532,9529,9530,-1,
9532,9531,9529,-1,
9620,9534,9533,-1,
9535,9534,9620,-1,
9619,9536,9535,-1,
9619,9535,9620,-1,
9579,9610,9578,-1,
9580,9610,9579,-1,
9577,9564,9563,-1,
9577,9565,9564,-1,
9576,9563,9562,-1,
9576,9577,9563,-1,
9609,9567,9608,-1,
9566,9567,9609,-1,
9621,9587,9588,-1,
9621,9588,9589,-1,
9621,9589,9590,-1,
9621,9590,9591,-1,
9622,9597,9598,-1,
9622,9598,9599,-1,
9622,9599,9600,-1,
9622,9600,9601,-1,
9623,9538,9537,-1,
9623,9539,9538,-1,
9623,9540,9539,-1,
9623,9541,9540,-1,
9624,9537,9536,-1,
9624,9625,9623,-1,
9624,9623,9537,-1,
9624,9618,9617,-1,
9624,9619,9618,-1,
9624,9536,9619,-1,
9626,9623,9625,-1,
9626,9541,9623,-1,
9627,9542,9541,-1,
9627,9626,9625,-1,
9627,9541,9626,-1,
9628,9625,9624,-1,
9628,9624,9617,-1,
9629,9543,9542,-1,
9629,9627,9625,-1,
9629,9542,9627,-1,
9630,9625,9628,-1,
9630,9628,9617,-1,
9630,9617,9616,-1,
9631,9630,9616,-1,
9631,9625,9630,-1,
9631,9616,9615,-1,
9631,9621,9625,-1,
9632,9544,9543,-1,
9632,9545,9544,-1,
9632,9629,9625,-1,
9632,9543,9629,-1,
9633,9545,9632,-1,
9633,9632,9625,-1,
9634,9633,9625,-1,
9634,9546,9545,-1,
9634,9545,9633,-1,
9635,9546,9634,-1,
9635,9634,9625,-1,
9635,9547,9546,-1,
9635,9548,9547,-1,
9635,9549,9548,-1,
9636,9621,9631,-1,
9636,9631,9615,-1,
9636,9614,9613,-1,
9636,9615,9614,-1,
9637,9550,9549,-1,
9637,9551,9550,-1,
9637,9552,9551,-1,
9637,9549,9635,-1,
9638,9552,9637,-1,
9638,9553,9552,-1,
9638,9637,9639,-1,
9640,9553,9638,-1,
9640,9638,9639,-1,
9641,9637,9635,-1,
9641,9639,9637,-1,
9641,9635,9625,-1,
9642,9640,9639,-1,
9642,9554,9553,-1,
9642,9555,9554,-1,
9642,9553,9640,-1,
9643,9642,9639,-1,
9643,9556,9555,-1,
9643,9555,9642,-1,
9644,9643,9639,-1,
9644,9557,9556,-1,
9644,9556,9643,-1,
9645,9641,9625,-1,
9645,9622,9639,-1,
9645,9639,9641,-1,
9645,9625,9621,-1,
9646,9557,9644,-1,
9646,9644,9639,-1,
9647,9557,9646,-1,
9647,9558,9557,-1,
9647,9559,9558,-1,
9647,9560,9559,-1,
9647,9561,9560,-1,
9647,9646,9639,-1,
9648,9621,9591,-1,
9648,9645,9621,-1,
9648,9622,9645,-1,
9648,9591,9592,-1,
9648,9592,9593,-1,
9648,9593,9594,-1,
9648,9594,9595,-1,
9648,9595,9596,-1,
9648,9596,9597,-1,
9648,9597,9622,-1,
9649,9576,9562,-1,
9649,9561,9647,-1,
9649,9562,9561,-1,
9649,9574,9575,-1,
9649,9575,9576,-1,
9649,9647,9639,-1,
9650,9574,9649,-1,
9650,9649,9639,-1,
9651,9574,9650,-1,
9651,9573,9574,-1,
9651,9650,9639,-1,
9652,9651,9639,-1,
9652,9572,9573,-1,
9652,9573,9651,-1,
9652,9639,9622,-1,
9653,9570,9571,-1,
9653,9571,9572,-1,
9653,9652,9622,-1,
9653,9572,9652,-1,
9654,9610,9580,-1,
9654,9580,9581,-1,
9654,9581,9582,-1,
9654,9582,9583,-1,
9654,9636,9613,-1,
9654,9611,9610,-1,
9654,9612,9611,-1,
9654,9613,9612,-1,
9655,9636,9654,-1,
9655,9654,9583,-1,
9656,9621,9636,-1,
9656,9655,9583,-1,
9656,9583,9584,-1,
9656,9584,9585,-1,
9656,9585,9586,-1,
9656,9586,9587,-1,
9656,9636,9655,-1,
9656,9587,9621,-1,
9657,9653,9622,-1,
9657,9601,9602,-1,
9657,9602,9603,-1,
9657,9603,9604,-1,
9657,9604,9605,-1,
9657,9622,9601,-1,
9658,9653,9657,-1,
9658,9657,9605,-1,
9659,9570,9653,-1,
9659,9567,9568,-1,
9659,9568,9569,-1,
9659,9569,9570,-1,
9659,9608,9567,-1,
9659,9605,9606,-1,
9659,9606,9607,-1,
9659,9607,9608,-1,
9659,9658,9605,-1,
9659,9653,9658,-1,
9663,9674,9662,-1,
9663,9675,9674,-1,
9664,9676,9675,-1,
9664,9675,9663,-1,
9665,9677,9676,-1,
9665,9676,9664,-1,
9666,9678,9677,-1,
9666,9677,9665,-1,
9667,9679,9678,-1,
9667,9678,9666,-1,
9668,9680,9679,-1,
9668,9679,9667,-1,
9669,9681,9680,-1,
9669,9680,9668,-1,
9670,9682,9681,-1,
9670,9681,9669,-1,
9671,9683,9682,-1,
9671,9682,9670,-1,
9672,9684,9683,-1,
9672,9683,9671,-1,
9673,9685,9684,-1,
9673,9684,9672,-1,
9661,9660,9685,-1,
9661,9685,9673,-1,
9773,9687,9686,-1,
9688,9687,9773,-1,
9772,9689,9688,-1,
9772,9688,9773,-1,
9732,9763,9731,-1,
9733,9763,9732,-1,
9730,9717,9716,-1,
9730,9718,9717,-1,
9729,9716,9715,-1,
9729,9730,9716,-1,
9762,9720,9761,-1,
9719,9720,9762,-1,
9774,9740,9741,-1,
9774,9741,9742,-1,
9774,9742,9743,-1,
9774,9743,9744,-1,
9775,9750,9751,-1,
9775,9751,9752,-1,
9775,9752,9753,-1,
9775,9753,9754,-1,
9776,9691,9690,-1,
9776,9692,9691,-1,
9776,9693,9692,-1,
9776,9694,9693,-1,
9777,9690,9689,-1,
9777,9778,9776,-1,
9777,9776,9690,-1,
9777,9771,9770,-1,
9777,9772,9771,-1,
9777,9689,9772,-1,
9779,9776,9778,-1,
9779,9694,9776,-1,
9780,9695,9694,-1,
9780,9779,9778,-1,
9780,9694,9779,-1,
9781,9778,9777,-1,
9781,9777,9770,-1,
9782,9696,9695,-1,
9782,9780,9778,-1,
9782,9695,9780,-1,
9783,9778,9781,-1,
9783,9781,9770,-1,
9783,9770,9769,-1,
9784,9783,9769,-1,
9784,9778,9783,-1,
9784,9769,9768,-1,
9784,9774,9778,-1,
9785,9697,9696,-1,
9785,9698,9697,-1,
9785,9782,9778,-1,
9785,9696,9782,-1,
9786,9698,9785,-1,
9786,9785,9778,-1,
9787,9786,9778,-1,
9787,9699,9698,-1,
9787,9698,9786,-1,
9788,9699,9787,-1,
9788,9787,9778,-1,
9788,9700,9699,-1,
9788,9701,9700,-1,
9788,9702,9701,-1,
9789,9774,9784,-1,
9789,9784,9768,-1,
9789,9767,9766,-1,
9789,9768,9767,-1,
9790,9703,9702,-1,
9790,9704,9703,-1,
9790,9705,9704,-1,
9790,9702,9788,-1,
9791,9705,9790,-1,
9791,9706,9705,-1,
9791,9790,9792,-1,
9793,9706,9791,-1,
9793,9791,9792,-1,
9794,9790,9788,-1,
9794,9792,9790,-1,
9794,9788,9778,-1,
9795,9793,9792,-1,
9795,9707,9706,-1,
9795,9708,9707,-1,
9795,9706,9793,-1,
9796,9795,9792,-1,
9796,9709,9708,-1,
9796,9708,9795,-1,
9797,9796,9792,-1,
9797,9710,9709,-1,
9797,9709,9796,-1,
9798,9794,9778,-1,
9798,9775,9792,-1,
9798,9792,9794,-1,
9798,9778,9774,-1,
9799,9710,9797,-1,
9799,9797,9792,-1,
9800,9710,9799,-1,
9800,9711,9710,-1,
9800,9712,9711,-1,
9800,9713,9712,-1,
9800,9714,9713,-1,
9800,9799,9792,-1,
9801,9774,9744,-1,
9801,9798,9774,-1,
9801,9775,9798,-1,
9801,9744,9745,-1,
9801,9745,9746,-1,
9801,9746,9747,-1,
9801,9747,9748,-1,
9801,9748,9749,-1,
9801,9749,9750,-1,
9801,9750,9775,-1,
9802,9729,9715,-1,
9802,9714,9800,-1,
9802,9715,9714,-1,
9802,9727,9728,-1,
9802,9728,9729,-1,
9802,9800,9792,-1,
9803,9727,9802,-1,
9803,9802,9792,-1,
9804,9727,9803,-1,
9804,9726,9727,-1,
9804,9803,9792,-1,
9805,9804,9792,-1,
9805,9725,9726,-1,
9805,9726,9804,-1,
9805,9792,9775,-1,
9806,9723,9724,-1,
9806,9724,9725,-1,
9806,9805,9775,-1,
9806,9725,9805,-1,
9807,9763,9733,-1,
9807,9733,9734,-1,
9807,9734,9735,-1,
9807,9735,9736,-1,
9807,9789,9766,-1,
9807,9764,9763,-1,
9807,9765,9764,-1,
9807,9766,9765,-1,
9808,9789,9807,-1,
9808,9807,9736,-1,
9809,9774,9789,-1,
9809,9808,9736,-1,
9809,9736,9737,-1,
9809,9737,9738,-1,
9809,9738,9739,-1,
9809,9739,9740,-1,
9809,9789,9808,-1,
9809,9740,9774,-1,
9810,9806,9775,-1,
9810,9754,9755,-1,
9810,9755,9756,-1,
9810,9756,9757,-1,
9810,9757,9758,-1,
9810,9775,9754,-1,
9811,9806,9810,-1,
9811,9810,9758,-1,
9812,9723,9806,-1,
9812,9720,9721,-1,
9812,9721,9722,-1,
9812,9722,9723,-1,
9812,9761,9720,-1,
9812,9758,9759,-1,
9812,9759,9760,-1,
9812,9760,9761,-1,
9812,9811,9758,-1,
9812,9806,9811,-1,
9847,9889,9846,-1,
9888,9889,9847,-1,
9844,9857,9845,-1,
9843,9856,9857,-1,
9843,9857,9844,-1,
9842,9856,9843,-1,
9890,9858,9859,-1,
9890,9859,9860,-1,
9815,9899,9816,-1,
9900,9899,9815,-1,
9814,9900,9815,-1,
9813,9900,9814,-1,
9901,9877,9878,-1,
9901,9878,9879,-1,
9901,9879,9880,-1,
9901,9880,9881,-1,
9902,9867,9868,-1,
9902,9868,9869,-1,
9902,9869,9870,-1,
9902,9870,9871,-1,
9903,9850,9851,-1,
9903,9851,9852,-1,
9904,9901,9903,-1,
9904,9852,9853,-1,
9904,9905,9901,-1,
9904,9903,9852,-1,
9906,9905,9904,-1,
9906,9904,9853,-1,
9906,9853,9854,-1,
9907,9906,9854,-1,
9907,9905,9906,-1,
9908,9842,9841,-1,
9908,9854,9855,-1,
9908,9855,9856,-1,
9908,9907,9854,-1,
9908,9856,9842,-1,
9908,9905,9907,-1,
9909,9902,9871,-1,
9909,9871,9872,-1,
9909,9872,9873,-1,
9909,9873,9874,-1,
9909,9874,9875,-1,
9909,9875,9876,-1,
9909,9876,9877,-1,
9909,9877,9901,-1,
9910,9838,9837,-1,
9910,9839,9838,-1,
9910,9840,9839,-1,
9910,9841,9840,-1,
9910,9905,9908,-1,
9910,9908,9841,-1,
9911,9905,9910,-1,
9911,9910,9837,-1,
9912,9913,9902,-1,
9912,9909,9901,-1,
9912,9902,9909,-1,
9912,9901,9905,-1,
9914,9837,9836,-1,
9914,9911,9837,-1,
9914,9905,9911,-1,
9915,9836,9835,-1,
9915,9905,9914,-1,
9915,9914,9836,-1,
9916,9905,9915,-1,
9916,9834,9833,-1,
9916,9835,9834,-1,
9916,9915,9835,-1,
9917,9913,9912,-1,
9917,9912,9905,-1,
9918,9905,9916,-1,
9918,9916,9833,-1,
9919,9905,9918,-1,
9919,9833,9832,-1,
9919,9918,9833,-1,
9920,9830,9829,-1,
9920,9831,9830,-1,
9920,9832,9831,-1,
9920,9917,9905,-1,
9920,9905,9919,-1,
9920,9919,9832,-1,
9921,9894,9893,-1,
9921,9895,9894,-1,
9922,9827,9826,-1,
9922,9828,9827,-1,
9922,9829,9828,-1,
9922,9917,9920,-1,
9922,9913,9917,-1,
9922,9920,9829,-1,
9923,9826,9825,-1,
9923,9922,9826,-1,
9923,9913,9922,-1,
9924,9913,9923,-1,
9924,9923,9825,-1,
9925,9824,9823,-1,
9925,9825,9824,-1,
9925,9913,9924,-1,
9925,9924,9825,-1,
9926,9921,9902,-1,
9926,9902,9913,-1,
9926,9895,9921,-1,
9926,9896,9895,-1,
9927,9896,9926,-1,
9927,9926,9913,-1,
9927,9897,9896,-1,
9928,9925,9823,-1,
9928,9823,9822,-1,
9928,9913,9925,-1,
9929,9897,9927,-1,
9929,9927,9913,-1,
9930,9822,9821,-1,
9930,9913,9928,-1,
9930,9928,9822,-1,
9931,9930,9821,-1,
9931,9913,9930,-1,
9932,9817,9816,-1,
9932,9929,9913,-1,
9932,9816,9899,-1,
9932,9898,9897,-1,
9932,9899,9898,-1,
9932,9897,9929,-1,
9933,9931,9821,-1,
9933,9818,9817,-1,
9933,9819,9818,-1,
9933,9820,9819,-1,
9933,9913,9931,-1,
9933,9821,9820,-1,
9933,9817,9932,-1,
9933,9932,9913,-1,
9934,9850,9903,-1,
9934,9847,9848,-1,
9934,9848,9849,-1,
9934,9849,9850,-1,
9934,9885,9886,-1,
9934,9886,9887,-1,
9934,9887,9888,-1,
9934,9888,9847,-1,
9935,9885,9934,-1,
9935,9934,9903,-1,
9936,9901,9881,-1,
9936,9935,9903,-1,
9936,9903,9901,-1,
9936,9881,9882,-1,
9936,9882,9883,-1,
9936,9883,9884,-1,
9936,9884,9885,-1,
9936,9885,9935,-1,
9937,9902,9921,-1,
9937,9867,9902,-1,
9937,9863,9864,-1,
9937,9864,9865,-1,
9937,9865,9866,-1,
9937,9866,9867,-1,
9938,9863,9937,-1,
9938,9937,9921,-1,
9939,9921,9893,-1,
9939,9863,9938,-1,
9939,9890,9860,-1,
9939,9860,9861,-1,
9939,9861,9862,-1,
9939,9862,9863,-1,
9939,9891,9890,-1,
9939,9892,9891,-1,
9939,9893,9892,-1,
9939,9938,9921,-1,
9943,9954,9942,-1,
9943,9955,9954,-1,
9944,9956,9955,-1,
9944,9955,9943,-1,
9945,9957,9956,-1,
9945,9956,9944,-1,
9946,9958,9957,-1,
9946,9957,9945,-1,
9947,9959,9958,-1,
9947,9958,9946,-1,
9948,9960,9959,-1,
9948,9959,9947,-1,
9949,9961,9960,-1,
9949,9960,9948,-1,
9950,9962,9961,-1,
9950,9961,9949,-1,
9951,9963,9962,-1,
9951,9962,9950,-1,
9952,9964,9963,-1,
9952,9963,9951,-1,
9953,9965,9964,-1,
9953,9964,9952,-1,
9941,9940,9965,-1,
9941,9965,9953,-1,
10000,10042,9999,-1,
10041,10042,10000,-1,
9997,10010,9998,-1,
9996,10009,10010,-1,
9996,10010,9997,-1,
9995,10009,9996,-1,
10043,10011,10012,-1,
10043,10012,10013,-1,
9968,10052,9969,-1,
10053,10052,9968,-1,
9967,10053,9968,-1,
9966,10053,9967,-1,
10054,10030,10031,-1,
10054,10031,10032,-1,
10054,10032,10033,-1,
10054,10033,10034,-1,
10055,10020,10021,-1,
10055,10021,10022,-1,
10055,10022,10023,-1,
10055,10023,10024,-1,
10056,10003,10004,-1,
10056,10004,10005,-1,
10057,10054,10056,-1,
10057,10005,10006,-1,
10057,10058,10054,-1,
10057,10056,10005,-1,
10059,10058,10057,-1,
10059,10057,10006,-1,
10059,10006,10007,-1,
10060,10059,10007,-1,
10060,10058,10059,-1,
10061,9995,9994,-1,
10061,10007,10008,-1,
10061,10008,10009,-1,
10061,10060,10007,-1,
10061,10009,9995,-1,
10061,10058,10060,-1,
10062,10055,10024,-1,
10062,10024,10025,-1,
10062,10025,10026,-1,
10062,10026,10027,-1,
10062,10027,10028,-1,
10062,10028,10029,-1,
10062,10029,10030,-1,
10062,10030,10054,-1,
10063,9991,9990,-1,
10063,9992,9991,-1,
10063,9993,9992,-1,
10063,9994,9993,-1,
10063,10058,10061,-1,
10063,10061,9994,-1,
10064,10058,10063,-1,
10064,10063,9990,-1,
10065,10066,10055,-1,
10065,10062,10054,-1,
10065,10055,10062,-1,
10065,10054,10058,-1,
10067,9990,9989,-1,
10067,10064,9990,-1,
10067,10058,10064,-1,
10068,9989,9988,-1,
10068,10058,10067,-1,
10068,10067,9989,-1,
10069,10058,10068,-1,
10069,9987,9986,-1,
10069,9988,9987,-1,
10069,10068,9988,-1,
10070,10066,10065,-1,
10070,10065,10058,-1,
10071,10058,10069,-1,
10071,10069,9986,-1,
10072,10058,10071,-1,
10072,9986,9985,-1,
10072,10071,9986,-1,
10073,9983,9982,-1,
10073,9984,9983,-1,
10073,9985,9984,-1,
10073,10070,10058,-1,
10073,10058,10072,-1,
10073,10072,9985,-1,
10074,10047,10046,-1,
10074,10048,10047,-1,
10075,9980,9979,-1,
10075,9981,9980,-1,
10075,9982,9981,-1,
10075,10070,10073,-1,
10075,10066,10070,-1,
10075,10073,9982,-1,
10076,9979,9978,-1,
10076,10075,9979,-1,
10076,10066,10075,-1,
10077,10066,10076,-1,
10077,10076,9978,-1,
10078,10077,9978,-1,
10078,9977,9976,-1,
10078,9978,9977,-1,
10078,10066,10077,-1,
10079,10074,10055,-1,
10079,10055,10066,-1,
10079,10048,10074,-1,
10079,10049,10048,-1,
10080,10049,10079,-1,
10080,10079,10066,-1,
10080,10050,10049,-1,
10081,10078,9976,-1,
10081,9976,9975,-1,
10081,10066,10078,-1,
10082,10050,10080,-1,
10082,10080,10066,-1,
10083,10081,9975,-1,
10083,9975,9974,-1,
10083,10066,10081,-1,
10084,10083,9974,-1,
10084,10066,10083,-1,
10085,9970,9969,-1,
10085,10082,10066,-1,
10085,9969,10052,-1,
10085,10051,10050,-1,
10085,10052,10051,-1,
10085,10050,10082,-1,
10086,9971,9970,-1,
10086,9972,9971,-1,
10086,9973,9972,-1,
10086,9974,9973,-1,
10086,10084,9974,-1,
10086,10085,10066,-1,
10086,9970,10085,-1,
10086,10066,10084,-1,
10087,10003,10056,-1,
10087,10000,10001,-1,
10087,10001,10002,-1,
10087,10002,10003,-1,
10087,10038,10039,-1,
10087,10039,10040,-1,
10087,10040,10041,-1,
10087,10041,10000,-1,
10088,10038,10087,-1,
10088,10087,10056,-1,
10089,10054,10034,-1,
10089,10088,10056,-1,
10089,10056,10054,-1,
10089,10034,10035,-1,
10089,10035,10036,-1,
10089,10036,10037,-1,
10089,10037,10038,-1,
10089,10038,10088,-1,
10090,10055,10074,-1,
10090,10020,10055,-1,
10090,10016,10017,-1,
10090,10017,10018,-1,
10090,10018,10019,-1,
10090,10019,10020,-1,
10091,10016,10090,-1,
10091,10090,10074,-1,
10092,10074,10046,-1,
10092,10016,10091,-1,
10092,10043,10013,-1,
10092,10013,10014,-1,
10092,10014,10015,-1,
10092,10015,10016,-1,
10092,10044,10043,-1,
10092,10045,10044,-1,
10092,10046,10045,-1,
10092,10091,10074,-1,
] } }
